region_id	region_x	region_y	world_x0	world_y0	world_x1	world_y1	name	group	classification	evidence	map_present	land_present	terrain_parse_ok	object_parse_ok	placements	travel_object_placements	usage_status	usage_rationale	map_archive	land_archive	osrs	provenance
5771	22	139	1408	8896	1471	8959			SPAWNPK_STATIC_EVIDENCE	CLIENT_HARDCODED_REGION_PATCH;O_BIN_CUSTOM_OBJECT_PLACEMENTS	True	True	True	True	3284	0	CLIENT_HARDCODED_REGION	Exact client applies a region mapping patch; live reachability not proven by this fact alone	1352	1353	False	HARDCODE
5772	22	140	1408	8960	1471	9023			SPAWNPK_STATIC_EVIDENCE	CLIENT_HARDCODED_REGION_PATCH;O_BIN_CUSTOM_OBJECT_PLACEMENTS	True	True	True	True	1577	0	CLIENT_HARDCODED_REGION	Exact client applies a region mapping patch; live reachability not proven by this fact alone	1354	1355	False	HARDCODE
5956	23	68	1472	4352	1535	4415			SPAWNPK_STATIC_EVIDENCE	CLIENT_HARDCODED_REGION_PATCH;O_BIN_CUSTOM_OBJECT_PLACEMENTS	True	True	True	True	1344	0	CLIENT_HARDCODED_REGION	Exact client applies a region mapping patch; live reachability not proven by this fact alone	3528	3529	False	HARDCODE
6234	24	90	1536	5760	1599	5823			CACHE_PRESENT_UNCLASSIFIED		True	True	True	True	0	0	CACHE_ONLY_UNCONFIRMED	Present in current cache/index but no direct SpawnPK usage evidence in this static pass	1974	1975	False	BASE
6473	25	73	1600	4672	1663	4735			CACHE_PRESENT_UNCLASSIFIED		True	True	True	True	0	0	CACHE_ONLY_UNCONFIRMED	Present in current cache/index but no direct SpawnPK usage evidence in this static pass	2032	2033	False	BASE
6475	25	75	1600	4800	1663	4863			CACHE_PRESENT_UNCLASSIFIED		True	True	True	True	1071	0	CACHE_ONLY_UNCONFIRMED	Present in current cache/index but no direct SpawnPK usage evidence in this static pass	1880	1881	False	BASE
6480	25	80	1600	5120	1663	5183			SPAWNPK_STATIC_EVIDENCE	CLIENT_HARDCODED_REGION_PATCH;O_BIN_CUSTOM_OBJECT_PLACEMENTS	True	True	True	True	5625	0	CLIENT_HARDCODED_REGION	Exact client applies a region mapping patch; live reachability not proven by this fact alone	1350	1351	False	HARDCODE
6481	25	81	1600	5184	1663	5247			SPAWNPK_STATIC_EVIDENCE	CLIENT_HARDCODED_REGION_PATCH;O_BIN_CUSTOM_OBJECT_PLACEMENTS	True	True	True	True	4542	0	CLIENT_HARDCODED_REGION	Exact client applies a region mapping patch; live reachability not proven by this fact alone	1348	1349	False	HARDCODE
6483	25	83	1600	5312	1663	5375			CACHE_PRESENT_UNCLASSIFIED		False	False	False	False	0	0	CACHE_ONLY_UNCONFIRMED	Present in current cache/index but no direct SpawnPK usage evidence in this static pass	3662	3663	False	BASE
6487	25	87	1600	5568	1663	5631			CACHE_PRESENT_UNCLASSIFIED		True	True	True	True	4217	0	CACHE_ONLY_UNCONFIRMED	Present in current cache/index but no direct SpawnPK usage evidence in this static pass	2070	2071	False	BASE
6488	25	88	1600	5632	1663	5695			CACHE_PRESENT_UNCLASSIFIED		True	True	True	True	4376	0	CACHE_ONLY_UNCONFIRMED	Present in current cache/index but no direct SpawnPK usage evidence in this static pass	2074	2075	False	BASE
6489	25	89	1600	5696	1663	5759			CACHE_PRESENT_UNCLASSIFIED		True	True	True	True	4299	0	CACHE_ONLY_UNCONFIRMED	Present in current cache/index but no direct SpawnPK usage evidence in this static pass	2072	2073	False	BASE
6722	26	66	1664	4224	1727	4287			CACHE_PRESENT_UNCLASSIFIED		True	True	True	True	0	0	CACHE_ONLY_UNCONFIRMED	Present in current cache/index but no direct SpawnPK usage evidence in this static pass	1846	1847	False	BASE
6725	26	69	1664	4416	1727	4479			CACHE_PRESENT_UNCLASSIFIED		True	True	True	True	0	0	CACHE_ONLY_UNCONFIRMED	Present in current cache/index but no direct SpawnPK usage evidence in this static pass	1550	1551	False	BASE
6726	26	70	1664	4480	1727	4543			CACHE_PRESENT_UNCLASSIFIED		True	True	True	True	0	0	CACHE_ONLY_UNCONFIRMED	Present in current cache/index but no direct SpawnPK usage evidence in this static pass	1552	1553	False	BASE
6731	26	75	1664	4800	1727	4863			CACHE_PRESENT_UNCLASSIFIED		True	True	True	True	0	0	CACHE_ONLY_UNCONFIRMED	Present in current cache/index but no direct SpawnPK usage evidence in this static pass	1882	1883	False	BASE
6738	26	82	1664	5248	1727	5311			CACHE_PRESENT_UNCLASSIFIED		False	False	False	False	0	0	CACHE_ONLY_UNCONFIRMED	Present in current cache/index but no direct SpawnPK usage evidence in this static pass	3609	3610	False	BASE
6741	26	85	1664	5440	1727	5503			CACHE_PRESENT_UNCLASSIFIED		True	True	True	True	0	0	CACHE_ONLY_UNCONFIRMED	Present in current cache/index but no direct SpawnPK usage evidence in this static pass	3530	3531	False	BASE
6743	26	87	1664	5568	1727	5631			CACHE_PRESENT_UNCLASSIFIED		True	True	True	True	4062	0	CACHE_ONLY_UNCONFIRMED	Present in current cache/index but no direct SpawnPK usage evidence in this static pass	2080	2081	False	BASE
6744	26	88	1664	5632	1727	5695			CACHE_PRESENT_UNCLASSIFIED		True	True	True	True	4312	0	CACHE_ONLY_UNCONFIRMED	Present in current cache/index but no direct SpawnPK usage evidence in this static pass	2076	2077	False	BASE
6745	26	89	1664	5696	1727	5759			CACHE_PRESENT_UNCLASSIFIED		True	True	True	True	4289	0	CACHE_ONLY_UNCONFIRMED	Present in current cache/index but no direct SpawnPK usage evidence in this static pass	2068	2069	False	BASE
6810	26	154	1664	9856	1727	9919			SPAWNPK_STATIC_EVIDENCE	CLIENT_HARDCODED_REGION_PATCH	True	True	True	True	4318	0	CLIENT_HARDCODED_REGION	Exact client applies a region mapping patch; live reachability not proven by this fact alone	2700	2701	False	BASE+HARDCODE
6985	27	73	1728	4672	1791	4735			CACHE_PRESENT_UNCLASSIFIED		True	True	True	True	0	0	CACHE_ONLY_UNCONFIRMED	Present in current cache/index but no direct SpawnPK usage evidence in this static pass	1768	1769	False	BASE
6989	27	77	1728	4928	1791	4991			CACHE_PRESENT_UNCLASSIFIED		True	True	True	True	0	0	CACHE_ONLY_UNCONFIRMED	Present in current cache/index but no direct SpawnPK usage evidence in this static pass	1826	1827	False	BASE
6991	27	79	1728	5056	1791	5119			SPAWNPK_STATIC_EVIDENCE	O_BIN_CUSTOM_OBJECT_PLACEMENTS	True	True	True	True	1772	0	CUSTOMIZED_CACHE_ONLY_UNCONFIRMED	Cache region contains object IDs customized by o.bin; this does not by itself prove production reachability	1426	1427	False	BASE
6992	27	80	1728	5120	1791	5183			CACHE_PRESENT_UNCLASSIFIED		True	True	True	True	5224	0	CACHE_ONLY_UNCONFIRMED	Present in current cache/index but no direct SpawnPK usage evidence in this static pass	1320	1321	False	BASE
6993	27	81	1728	5184	1791	5247			CACHE_PRESENT_UNCLASSIFIED		True	True	True	True	4719	0	CACHE_ONLY_UNCONFIRMED	Present in current cache/index but no direct SpawnPK usage evidence in this static pass	1322	1323	False	BASE
6994	27	82	1728	5248	1791	5311			CACHE_PRESENT_UNCLASSIFIED		False	False	False	False	0	0	CACHE_ONLY_UNCONFIRMED	Present in current cache/index but no direct SpawnPK usage evidence in this static pass	3649	3650	False	BASE
6995	27	83	1728	5312	1791	5375			CACHE_PRESENT_UNCLASSIFIED		True	True	True	True	6477	0	CACHE_ONLY_UNCONFIRMED	Present in current cache/index but no direct SpawnPK usage evidence in this static pass	1836	1837	False	BASE
7001	27	89	1728	5696	1791	5759			CACHE_PRESENT_UNCLASSIFIED		True	True	True	True	4621	0	CACHE_ONLY_UNCONFIRMED	Present in current cache/index but no direct SpawnPK usage evidence in this static pass	2078	2079	False	BASE
7234	28	66	1792	4224	1855	4287			CACHE_PRESENT_UNCLASSIFIED		True	True	True	True	0	0	CACHE_ONLY_UNCONFIRMED	Present in current cache/index but no direct SpawnPK usage evidence in this static pass	1850	1851	False	BASE
7236	28	68	1792	4352	1855	4415			CACHE_PRESENT_UNCLASSIFIED		True	True	True	True	5487	0	CACHE_ONLY_UNCONFIRMED	Present in current cache/index but no direct SpawnPK usage evidence in this static pass	1264	1265	False	BASE
7238	28	70	1792	4480	1855	4543			CACHE_PRESENT_UNCLASSIFIED		True	True	True	True	228	0	CACHE_ONLY_UNCONFIRMED	Present in current cache/index but no direct SpawnPK usage evidence in this static pass	1324	1325	False	BASE
7243	28	75	1792	4800	1855	4863			CACHE_PRESENT_UNCLASSIFIED		True	True	True	True	577	0	CACHE_ONLY_UNCONFIRMED	Present in current cache/index but no direct SpawnPK usage evidence in this static pass	1308	1309	False	BASE
7244	28	76	1792	4864	1855	4927			CACHE_PRESENT_UNCLASSIFIED		True	True	True	True	0	0	CACHE_ONLY_UNCONFIRMED	Present in current cache/index but no direct SpawnPK usage evidence in this static pass	1554	1555	False	BASE
7247	28	79	1792	5056	1855	5119			SPAWNPK_STATIC_EVIDENCE	O_BIN_CUSTOM_OBJECT_PLACEMENTS	True	True	True	True	1024	0	CUSTOMIZED_CACHE_ONLY_UNCONFIRMED	Cache region contains object IDs customized by o.bin; this does not by itself prove production reachability	1428	1429	False	BASE
7248	28	80	1792	5120	1855	5183			SPAWNPK_STATIC_EVIDENCE	O_BIN_CUSTOM_OBJECT_PLACEMENTS	True	True	True	True	1088	0	CUSTOMIZED_CACHE_ONLY_UNCONFIRMED	Cache region contains object IDs customized by o.bin; this does not by itself prove production reachability	1824	1825	False	BASE
7249	28	81	1792	5184	1855	5247			CACHE_PRESENT_UNCLASSIFIED		True	True	True	True	506	0	CACHE_ONLY_UNCONFIRMED	Present in current cache/index but no direct SpawnPK usage evidence in this static pass	2188	2189	False	BASE
7250	28	82	1792	5248	1855	5311			CACHE_PRESENT_UNCLASSIFIED		False	False	False	False	0	0	CACHE_ONLY_UNCONFIRMED	Present in current cache/index but no direct SpawnPK usage evidence in this static pass	3643	3644	False	BASE
7490	29	66	1856	4224	1919	4287			CACHE_PRESENT_UNCLASSIFIED		True	True	True	True	0	0	CACHE_ONLY_UNCONFIRMED	Present in current cache/index but no direct SpawnPK usage evidence in this static pass	1848	1849	False	BASE
7492	29	68	1856	4352	1919	4415			CACHE_PRESENT_UNCLASSIFIED		True	True	True	True	3012	0	CACHE_ONLY_UNCONFIRMED	Present in current cache/index but no direct SpawnPK usage evidence in this static pass	1266	1267	False	BASE
7494	29	70	1856	4480	1919	4543			CACHE_PRESENT_UNCLASSIFIED		True	True	True	True	912	0	CACHE_ONLY_UNCONFIRMED	Present in current cache/index but no direct SpawnPK usage evidence in this static pass	1248	1249	False	BASE
7496	29	72	1856	4608	1919	4671			CACHE_PRESENT_UNCLASSIFIED		True	True	True	True	9700	0	CACHE_ONLY_UNCONFIRMED	Present in current cache/index but no direct SpawnPK usage evidence in this static pass	1252	1253	False	BASE
7499	29	75	1856	4800	1919	4863			SPAWNPK_STATIC_EVIDENCE	O_BIN_CUSTOM_OBJECT_PLACEMENTS	True	True	True	True	3347	0	CUSTOMIZED_CACHE_ONLY_UNCONFIRMED	Cache region contains object IDs customized by o.bin; this does not by itself prove production reachability	216	217	False	BASE
7500	29	76	1856	4864	1919	4927			CACHE_PRESENT_UNCLASSIFIED		True	True	True	True	0	0	CACHE_ONLY_UNCONFIRMED	Present in current cache/index but no direct SpawnPK usage evidence in this static pass	1546	1547	False	BASE
7501	29	77	1856	4928	1919	4991			CACHE_PRESENT_UNCLASSIFIED		True	True	True	True	4952	0	CACHE_ONLY_UNCONFIRMED	Present in current cache/index but no direct SpawnPK usage evidence in this static pass	1232	1233	False	BASE
7502	29	78	1856	4992	1919	5055			CACHE_PRESENT_UNCLASSIFIED		True	True	True	True	0	0	CACHE_ONLY_UNCONFIRMED	Present in current cache/index but no direct SpawnPK usage evidence in this static pass	1844	1845	False	BASE
7503	29	79	1856	5056	1919	5119			CACHE_PRESENT_UNCLASSIFIED		True	True	True	True	6240	0	CACHE_ONLY_UNCONFIRMED	Present in current cache/index but no direct SpawnPK usage evidence in this static pass	32	33	False	BASE
7504	29	80	1856	5120	1919	5183			CACHE_PRESENT_UNCLASSIFIED		True	True	True	True	440	0	CACHE_ONLY_UNCONFIRMED	Present in current cache/index but no direct SpawnPK usage evidence in this static pass	4	5	False	BASE
7505	29	81	1856	5184	1919	5247			CACHE_PRESENT_UNCLASSIFIED		True	True	True	True	5347	0	CACHE_ONLY_UNCONFIRMED	Present in current cache/index but no direct SpawnPK usage evidence in this static pass	718	719	False	BASE
7507	29	83	1856	5312	1919	5375			SPAWNPK_STATIC_EVIDENCE	O_BIN_CUSTOM_OBJECT_PLACEMENTS	True	True	True	True	1380	0	CUSTOMIZED_CACHE_ONLY_UNCONFIRMED	Cache region contains object IDs customized by o.bin; this does not by itself prove production reachability	1326	1327	False	BASE
7508	29	84	1856	5376	1919	5439			CACHE_PRESENT_UNCLASSIFIED		True	True	True	True	2408	0	CACHE_ONLY_UNCONFIRMED	Present in current cache/index but no direct SpawnPK usage evidence in this static pass	1584	1585	False	BASE
7509	29	85	1856	5440	1919	5503			CACHE_PRESENT_UNCLASSIFIED		True	True	True	True	1860	0	CACHE_ONLY_UNCONFIRMED	Present in current cache/index but no direct SpawnPK usage evidence in this static pass	1586	1587	False	BASE
7510	29	86	1856	5504	1919	5567			CACHE_PRESENT_UNCLASSIFIED		False	False	False	False	0	0	CACHE_ONLY_UNCONFIRMED	Present in current cache/index but no direct SpawnPK usage evidence in this static pass	3599	3600	False	BASE
7511	29	87	1856	5568	1919	5631			CACHE_PRESENT_UNCLASSIFIED		False	False	False	False	0	0	CACHE_ONLY_UNCONFIRMED	Present in current cache/index but no direct SpawnPK usage evidence in this static pass	3605	3606	False	BASE
7513	29	89	1856	5696	1919	5759			SPAWNPK_STATIC_EVIDENCE	CLIENT_HARDCODED_REGION_PATCH	True	True	True	True	7128	0	CLIENT_HARDCODED_REGION	Exact client applies a region mapping patch; live reachability not proven by this fact alone	2724	2725	False	BASE+HARDCODE
7514	29	90	1856	5760	1919	5823			SPAWNPK_STATIC_EVIDENCE	CLIENT_HARDCODED_REGION_PATCH	True	True	True	True	136	0	CLIENT_HARDCODED_REGION	Exact client applies a region mapping patch; live reachability not proven by this fact alone	2728	2729	False	HARDCODE
7745	30	65	1920	4160	1983	4223			CACHE_PRESENT_UNCLASSIFIED		True	True	True	True	0	0	CACHE_ONLY_UNCONFIRMED	Present in current cache/index but no direct SpawnPK usage evidence in this static pass	1868	1869	False	BASE
7748	30	68	1920	4352	1983	4415			CACHE_PRESENT_UNCLASSIFIED		True	True	True	True	2161	0	CACHE_ONLY_UNCONFIRMED	Present in current cache/index but no direct SpawnPK usage evidence in this static pass	1268	1269	False	BASE
7749	30	69	1920	4416	1983	4479			CACHE_PRESENT_UNCLASSIFIED		True	True	True	True	7827	0	CACHE_ONLY_UNCONFIRMED	Present in current cache/index but no direct SpawnPK usage evidence in this static pass	1418	1419	False	BASE
7752	30	72	1920	4608	1983	4671			CACHE_PRESENT_UNCLASSIFIED		True	True	True	True	2041	0	CACHE_ONLY_UNCONFIRMED	Present in current cache/index but no direct SpawnPK usage evidence in this static pass	1254	1255	False	BASE
7753	30	73	1920	4672	1983	4735			SPAWNPK_STATIC_EVIDENCE	O_BIN_CUSTOM_OBJECT_PLACEMENTS	True	True	True	True	2258	0	CUSTOMIZED_CACHE_ONLY_UNCONFIRMED	Cache region contains object IDs customized by o.bin; this does not by itself prove production reachability	1272	1273	False	BASE
7754	30	74	1920	4736	1983	4799			CACHE_PRESENT_UNCLASSIFIED		True	True	True	True	17	0	CACHE_ONLY_UNCONFIRMED	Present in current cache/index but no direct SpawnPK usage evidence in this static pass	1238	1239	False	BASE
7755	30	75	1920	4800	1983	4863			CACHE_PRESENT_UNCLASSIFIED		True	True	True	True	158	0	CACHE_ONLY_UNCONFIRMED	Present in current cache/index but no direct SpawnPK usage evidence in this static pass	348	349	False	BASE
7756	30	76	1920	4864	1983	4927			CACHE_PRESENT_UNCLASSIFIED		True	True	True	True	0	0	CACHE_ONLY_UNCONFIRMED	Present in current cache/index but no direct SpawnPK usage evidence in this static pass	1580	1581	False	BASE
7757	30	77	1920	4928	1983	4991			CACHE_PRESENT_UNCLASSIFIED		True	True	True	True	1006	0	CACHE_ONLY_UNCONFIRMED	Present in current cache/index but no direct SpawnPK usage evidence in this static pass	1240	1241	False	BASE
7758	30	78	1920	4992	1983	5055			SPAWNPK_STATIC_EVIDENCE	O_BIN_CUSTOM_OBJECT_PLACEMENTS	True	True	True	True	551	0	CUSTOMIZED_CACHE_ONLY_UNCONFIRMED	Cache region contains object IDs customized by o.bin; this does not by itself prove production reachability	1314	1315	False	BASE
7759	30	79	1920	5056	1983	5119			CACHE_PRESENT_UNCLASSIFIED		True	True	True	True	3142	0	CACHE_ONLY_UNCONFIRMED	Present in current cache/index but no direct SpawnPK usage evidence in this static pass	34	35	False	BASE
7760	30	80	1920	5120	1983	5183			SPAWNPK_STATIC_EVIDENCE	O_BIN_CUSTOM_OBJECT_PLACEMENTS	True	True	True	True	3127	0	CUSTOMIZED_CACHE_ONLY_UNCONFIRMED	Cache region contains object IDs customized by o.bin; this does not by itself prove production reachability	1542	1543	False	BASE
7763	30	83	1920	5312	1983	5375			CACHE_PRESENT_UNCLASSIFIED		True	True	True	True	1384	0	CACHE_ONLY_UNCONFIRMED	Present in current cache/index but no direct SpawnPK usage evidence in this static pass	1548	1549	False	BASE
7769	30	89	1920	5696	1983	5759			CACHE_PRESENT_UNCLASSIFIED		False	False	False	False	0	0	CACHE_ONLY_UNCONFIRMED	Present in current cache/index but no direct SpawnPK usage evidence in this static pass	3617	3618	False	BASE
8001	31	65	1984	4160	2047	4223			CACHE_PRESENT_UNCLASSIFIED		True	True	True	True	0	0	CACHE_ONLY_UNCONFIRMED	Present in current cache/index but no direct SpawnPK usage evidence in this static pass	1866	1867	False	BASE
8002	31	66	1984	4224	2047	4287			CACHE_PRESENT_UNCLASSIFIED		True	True	True	True	0	0	CACHE_ONLY_UNCONFIRMED	Present in current cache/index but no direct SpawnPK usage evidence in this static pass	1862	1863	False	BASE
8004	31	68	1984	4352	2047	4415			CACHE_PRESENT_UNCLASSIFIED		False	False	False	False	0	0	CACHE_ONLY_UNCONFIRMED	Present in current cache/index but no direct SpawnPK usage evidence in this static pass	3641	3642	False	BASE
8005	31	69	1984	4416	2047	4479			SPAWNPK_STATIC_EVIDENCE	O_BIN_CUSTOM_OBJECT_PLACEMENTS	True	True	True	True	3279	0	CUSTOMIZED_CACHE_ONLY_UNCONFIRMED	Cache region contains object IDs customized by o.bin; this does not by itself prove production reachability	1292	1293	False	BASE
8006	31	70	1984	4480	2047	4543			CACHE_PRESENT_UNCLASSIFIED		True	True	True	True	2032	0	CACHE_ONLY_UNCONFIRMED	Present in current cache/index but no direct SpawnPK usage evidence in this static pass	1214	1215	False	BASE
8008	31	72	1984	4608	2047	4671			SPAWNPK_STATIC_EVIDENCE	O_BIN_CUSTOM_OBJECT_PLACEMENTS	True	True	True	True	3499	0	CUSTOMIZED_CACHE_ONLY_UNCONFIRMED	Cache region contains object IDs customized by o.bin; this does not by itself prove production reachability	1230	1231	False	BASE
8009	31	73	1984	4672	2047	4735			CACHE_PRESENT_UNCLASSIFIED		True	True	True	True	1974	0	CACHE_ONLY_UNCONFIRMED	Present in current cache/index but no direct SpawnPK usage evidence in this static pass	966	967	False	BASE
8010	31	74	1984	4736	2047	4799			CACHE_PRESENT_UNCLASSIFIED		True	True	True	True	338	0	CACHE_ONLY_UNCONFIRMED	Present in current cache/index but no direct SpawnPK usage evidence in this static pass	902	903	False	BASE
8011	31	75	1984	4800	2047	4863			SPAWNPK_STATIC_EVIDENCE	O_BIN_CUSTOM_OBJECT_PLACEMENTS	True	True	True	True	4334	0	CUSTOMIZED_CACHE_ONLY_UNCONFIRMED	Cache region contains object IDs customized by o.bin; this does not by itself prove production reachability	36	37	False	BASE
8012	31	76	1984	4864	2047	4927			SPAWNPK_STATIC_EVIDENCE	O_BIN_CUSTOM_OBJECT_PLACEMENTS	True	True	True	True	3299	0	CUSTOMIZED_CACHE_ONLY_UNCONFIRMED	Cache region contains object IDs customized by o.bin; this does not by itself prove production reachability	1246	1247	False	BASE
8013	31	77	1984	4928	2047	4991			CACHE_PRESENT_UNCLASSIFIED		True	True	True	True	0	0	CACHE_ONLY_UNCONFIRMED	Present in current cache/index but no direct SpawnPK usage evidence in this static pass	1572	1573	False	BASE
8014	31	78	1984	4992	2047	5055			CACHE_PRESENT_UNCLASSIFIED		True	True	True	True	498	0	CACHE_ONLY_UNCONFIRMED	Present in current cache/index but no direct SpawnPK usage evidence in this static pass	1342	1343	False	BASE
8015	31	79	1984	5056	2047	5119			CACHE_PRESENT_UNCLASSIFIED		True	True	True	True	768	0	CACHE_ONLY_UNCONFIRMED	Present in current cache/index but no direct SpawnPK usage evidence in this static pass	38	39	False	BASE
8017	31	81	1984	5184	2047	5247			SPAWNPK_STATIC_EVIDENCE	O_BIN_CUSTOM_OBJECT_PLACEMENTS	True	True	True	True	3892	0	CUSTOMIZED_CACHE_ONLY_UNCONFIRMED	Cache region contains object IDs customized by o.bin; this does not by itself prove production reachability	734	735	False	BASE
8019	31	83	1984	5312	2047	5375			CACHE_PRESENT_UNCLASSIFIED		True	True	True	True	0	0	CACHE_ONLY_UNCONFIRMED	Present in current cache/index but no direct SpawnPK usage evidence in this static pass	3343	3344	False	BASE
8020	31	84	1984	5376	2047	5439			SPAWNPK_STATIC_EVIDENCE	O_BIN_CUSTOM_OBJECT_PLACEMENTS	True	True	True	True	4387	0	CUSTOMIZED_CACHE_ONLY_UNCONFIRMED	Cache region contains object IDs customized by o.bin; this does not by itself prove production reachability	2054	2055	False	BASE
8021	31	85	1984	5440	2047	5503			CACHE_PRESENT_UNCLASSIFIED		True	True	True	True	0	0	CACHE_ONLY_UNCONFIRMED	Present in current cache/index but no direct SpawnPK usage evidence in this static pass	3345	3346	False	BASE
8022	31	86	1984	5504	2047	5567			CACHE_PRESENT_UNCLASSIFIED		True	True	True	True	0	0	CACHE_ONLY_UNCONFIRMED	Present in current cache/index but no direct SpawnPK usage evidence in this static pass	1872	1873	False	BASE
8025	31	89	1984	5696	2047	5759			CACHE_PRESENT_UNCLASSIFIED		False	False	False	False	0	0	CACHE_ONLY_UNCONFIRMED	Present in current cache/index but no direct SpawnPK usage evidence in this static pass	3666	3667	False	BASE
8240	32	48	2048	3072	2111	3135			CACHE_PRESENT_UNCLASSIFIED		True	True	True	True	0	0	CACHE_ONLY_UNCONFIRMED	Present in current cache/index but no direct SpawnPK usage evidence in this static pass	1596	1597	False	BASE
8241	32	49	2048	3136	2111	3199			CACHE_PRESENT_UNCLASSIFIED		True	True	True	True	0	0	CACHE_ONLY_UNCONFIRMED	Present in current cache/index but no direct SpawnPK usage evidence in this static pass	1598	1599	False	BASE
8242	32	50	2048	3200	2111	3263			CACHE_PRESENT_UNCLASSIFIED		True	True	True	True	0	0	CACHE_ONLY_UNCONFIRMED	Present in current cache/index but no direct SpawnPK usage evidence in this static pass	1600	1601	False	BASE
8243	32	51	2048	3264	2111	3327			CACHE_PRESENT_UNCLASSIFIED		True	True	True	True	0	0	CACHE_ONLY_UNCONFIRMED	Present in current cache/index but no direct SpawnPK usage evidence in this static pass	1602	1603	False	BASE
8249	32	57	2048	3648	2111	3711			CACHE_PRESENT_UNCLASSIFIED		True	True	True	True	0	0	CACHE_ONLY_UNCONFIRMED	Present in current cache/index but no direct SpawnPK usage evidence in this static pass	1442	1443	False	BASE
8250	32	58	2048	3712	2111	3775			CACHE_PRESENT_UNCLASSIFIED		True	True	True	True	0	0	CACHE_ONLY_UNCONFIRMED	Present in current cache/index but no direct SpawnPK usage evidence in this static pass	1444	1445	False	BASE
8251	32	59	2048	3776	2111	3839			CACHE_PRESENT_UNCLASSIFIED		True	True	True	True	0	0	CACHE_ONLY_UNCONFIRMED	Present in current cache/index but no direct SpawnPK usage evidence in this static pass	1446	1447	False	BASE
8252	32	60	2048	3840	2111	3903			SPAWNPK_STATIC_EVIDENCE	O_BIN_CUSTOM_OBJECT_PLACEMENTS	True	True	True	True	1787	0	CUSTOMIZED_CACHE_ONLY_UNCONFIRMED	Cache region contains object IDs customized by o.bin; this does not by itself prove production reachability	1430	1431	False	BASE
8253	32	61	2048	3904	2111	3967			CACHE_PRESENT_UNCLASSIFIED		True	True	True	True	2432	0	CACHE_ONLY_UNCONFIRMED	Present in current cache/index but no direct SpawnPK usage evidence in this static pass	1432	1433	False	BASE
8254	32	62	2048	3968	2111	4031			CACHE_PRESENT_UNCLASSIFIED		True	True	True	True	0	0	CACHE_ONLY_UNCONFIRMED	Present in current cache/index but no direct SpawnPK usage evidence in this static pass	1604	1605	False	BASE
8255	32	63	2048	4032	2111	4095			CACHE_PRESENT_UNCLASSIFIED		True	True	True	True	0	0	CACHE_ONLY_UNCONFIRMED	Present in current cache/index but no direct SpawnPK usage evidence in this static pass	1606	1607	False	BASE
8256	32	64	2048	4096	2111	4159			CACHE_PRESENT_UNCLASSIFIED		True	True	True	True	0	0	CACHE_ONLY_UNCONFIRMED	Present in current cache/index but no direct SpawnPK usage evidence in this static pass	1608	1609	False	BASE
8260	32	68	2048	4352	2111	4415			CACHE_PRESENT_UNCLASSIFIED		False	False	False	False	0	0	CACHE_ONLY_UNCONFIRMED	Present in current cache/index but no direct SpawnPK usage evidence in this static pass	3631	3632	False	BASE
8261	32	69	2048	4416	2111	4479			SPAWNPK_STATIC_EVIDENCE	O_BIN_CUSTOM_OBJECT_PLACEMENTS	True	True	True	True	1185	0	CUSTOMIZED_CACHE_ONLY_UNCONFIRMED	Cache region contains object IDs customized by o.bin; this does not by itself prove production reachability	1298	1299	False	BASE
8262	32	70	2048	4480	2111	4543			CACHE_PRESENT_UNCLASSIFIED		True	True	True	True	289	0	CACHE_ONLY_UNCONFIRMED	Present in current cache/index but no direct SpawnPK usage evidence in this static pass	514	515	False	BASE
8263	32	71	2048	4544	2111	4607			CACHE_PRESENT_UNCLASSIFIED		True	True	True	True	1088	0	CACHE_ONLY_UNCONFIRMED	Present in current cache/index but no direct SpawnPK usage evidence in this static pass	516	517	False	BASE
8264	32	72	2048	4608	2111	4671			CACHE_PRESENT_UNCLASSIFIED		True	True	True	True	1088	0	CACHE_ONLY_UNCONFIRMED	Present in current cache/index but no direct SpawnPK usage evidence in this static pass	518	519	False	BASE
8265	32	73	2048	4672	2111	4735			CACHE_PRESENT_UNCLASSIFIED		True	True	True	True	1088	0	CACHE_ONLY_UNCONFIRMED	Present in current cache/index but no direct SpawnPK usage evidence in this static pass	520	521	False	BASE
8266	32	74	2048	4736	2111	4799			CACHE_PRESENT_UNCLASSIFIED		True	True	True	True	289	0	CACHE_ONLY_UNCONFIRMED	Present in current cache/index but no direct SpawnPK usage evidence in this static pass	522	523	False	BASE
8267	32	75	2048	4800	2111	4863			SPAWNPK_STATIC_EVIDENCE	O_BIN_CUSTOM_OBJECT_PLACEMENTS	True	True	True	True	944	0	CUSTOMIZED_CACHE_ONLY_UNCONFIRMED	Cache region contains object IDs customized by o.bin; this does not by itself prove production reachability	1412	1413	False	BASE
8269	32	77	2048	4928	2111	4991			CACHE_PRESENT_UNCLASSIFIED		True	True	True	True	803	0	CACHE_ONLY_UNCONFIRMED	Present in current cache/index but no direct SpawnPK usage evidence in this static pass	1142	1143	False	BASE
8270	32	78	2048	4992	2111	5055			SPAWNPK_STATIC_EVIDENCE	O_BIN_CUSTOM_OBJECT_PLACEMENTS	True	True	True	True	574	0	CUSTOMIZED_CACHE_ONLY_UNCONFIRMED	Cache region contains object IDs customized by o.bin; this does not by itself prove production reachability	1344	1345	False	BASE
8271	32	79	2048	5056	2111	5119			SPAWNPK_STATIC_EVIDENCE	O_BIN_CUSTOM_OBJECT_PLACEMENTS	True	True	True	True	3357	0	CUSTOMIZED_CACHE_ONLY_UNCONFIRMED	Cache region contains object IDs customized by o.bin; this does not by itself prove production reachability	50	51	False	BASE
8272	32	80	2048	5120	2111	5183			CACHE_PRESENT_UNCLASSIFIED		True	True	True	True	0	0	CACHE_ONLY_UNCONFIRMED	Present in current cache/index but no direct SpawnPK usage evidence in this static pass	3327	3328	False	BASE
8280	32	88	2048	5632	2111	5695			CACHE_PRESENT_UNCLASSIFIED		True	True	True	True	0	0	CACHE_ONLY_UNCONFIRMED	Present in current cache/index but no direct SpawnPK usage evidence in this static pass	2102	2103	False	BASE
8282	32	90	2048	5760	2111	5823			CACHE_PRESENT_UNCLASSIFIED		False	False	False	False	0	0	CACHE_ONLY_UNCONFIRMED	Present in current cache/index but no direct SpawnPK usage evidence in this static pass	3670	3671	False	BASE
8496	33	48	2112	3072	2175	3135			CACHE_PRESENT_UNCLASSIFIED		True	True	True	True	182	0	CACHE_ONLY_UNCONFIRMED	Present in current cache/index but no direct SpawnPK usage evidence in this static pass	930	931	False	BASE
8497	33	49	2112	3136	2175	3199			CACHE_PRESENT_UNCLASSIFIED		True	True	True	True	157	0	CACHE_ONLY_UNCONFIRMED	Present in current cache/index but no direct SpawnPK usage evidence in this static pass	932	933	False	BASE
8498	33	50	2112	3200	2175	3263			CACHE_PRESENT_UNCLASSIFIED		True	True	True	True	192	0	CACHE_ONLY_UNCONFIRMED	Present in current cache/index but no direct SpawnPK usage evidence in this static pass	934	935	False	BASE
8499	33	51	2112	3264	2175	3327			CACHE_PRESENT_UNCLASSIFIED		True	True	True	True	91	0	CACHE_ONLY_UNCONFIRMED	Present in current cache/index but no direct SpawnPK usage evidence in this static pass	936	937	False	BASE
8505	33	57	2112	3648	2175	3711			CACHE_PRESENT_UNCLASSIFIED		True	True	True	True	0	0	CACHE_ONLY_UNCONFIRMED	Present in current cache/index but no direct SpawnPK usage evidence in this static pass	1448	1449	False	BASE
8506	33	58	2112	3712	2175	3775			CACHE_PRESENT_UNCLASSIFIED		True	True	True	True	0	0	CACHE_ONLY_UNCONFIRMED	Present in current cache/index but no direct SpawnPK usage evidence in this static pass	1450	1451	False	BASE
8507	33	59	2112	3776	2175	3839			CACHE_PRESENT_UNCLASSIFIED		True	True	True	True	0	0	CACHE_ONLY_UNCONFIRMED	Present in current cache/index but no direct SpawnPK usage evidence in this static pass	1452	1453	False	BASE
8508	33	60	2112	3840	2175	3903			SPAWNPK_STATIC_EVIDENCE	O_BIN_CUSTOM_OBJECT_PLACEMENTS	True	True	True	True	1765	0	CUSTOMIZED_CACHE_ONLY_UNCONFIRMED	Cache region contains object IDs customized by o.bin; this does not by itself prove production reachability	1434	1435	False	BASE
8509	33	61	2112	3904	2175	3967			CACHE_PRESENT_UNCLASSIFIED		True	True	True	True	921	0	CACHE_ONLY_UNCONFIRMED	Present in current cache/index but no direct SpawnPK usage evidence in this static pass	1436	1437	False	BASE
8510	33	62	2112	3968	2175	4031			CACHE_PRESENT_UNCLASSIFIED		True	True	True	True	0	0	CACHE_ONLY_UNCONFIRMED	Present in current cache/index but no direct SpawnPK usage evidence in this static pass	1610	1611	False	BASE
8511	33	63	2112	4032	2175	4095			CACHE_PRESENT_UNCLASSIFIED		True	True	True	True	0	0	CACHE_ONLY_UNCONFIRMED	Present in current cache/index but no direct SpawnPK usage evidence in this static pass	1612	1613	False	BASE
8512	33	64	2112	4096	2175	4159			CACHE_PRESENT_UNCLASSIFIED		True	True	True	True	0	0	CACHE_ONLY_UNCONFIRMED	Present in current cache/index but no direct SpawnPK usage evidence in this static pass	1614	1615	False	BASE
8513	33	65	2112	4160	2175	4223			SPAWNPK_STATIC_EVIDENCE	O_BIN_CUSTOM_OBJECT_PLACEMENTS	True	True	True	True	1745	0	CUSTOMIZED_CACHE_ONLY_UNCONFIRMED	Cache region contains object IDs customized by o.bin; this does not by itself prove production reachability	1906	1907	False	BASE
8514	33	66	2112	4224	2175	4287			SPAWNPK_STATIC_EVIDENCE	O_BIN_CUSTOM_OBJECT_PLACEMENTS	True	True	True	True	983	0	CUSTOMIZED_CACHE_ONLY_UNCONFIRMED	Cache region contains object IDs customized by o.bin; this does not by itself prove production reachability	1896	1897	False	BASE
8515	33	67	2112	4288	2175	4351			SPAWNPK_STATIC_EVIDENCE	O_BIN_CUSTOM_OBJECT_PLACEMENTS	True	True	True	True	1546	0	CUSTOMIZED_CACHE_ONLY_UNCONFIRMED	Cache region contains object IDs customized by o.bin; this does not by itself prove production reachability	1908	1909	False	BASE
8518	33	70	2112	4480	2175	4543			CACHE_PRESENT_UNCLASSIFIED		True	True	True	True	1090	0	CACHE_ONLY_UNCONFIRMED	Present in current cache/index but no direct SpawnPK usage evidence in this static pass	186	187	False	BASE
8519	33	71	2112	4544	2175	4607			SPAWNPK_STATIC_EVIDENCE	O_BIN_CUSTOM_OBJECT_PLACEMENTS	True	True	True	True	2113	0	CUSTOMIZED_CACHE_ONLY_UNCONFIRMED	Cache region contains object IDs customized by o.bin; this does not by itself prove production reachability	188	189	False	BASE
8520	33	72	2112	4608	2175	4671			CACHE_PRESENT_UNCLASSIFIED		True	True	True	True	1976	0	CACHE_ONLY_UNCONFIRMED	Present in current cache/index but no direct SpawnPK usage evidence in this static pass	190	191	False	BASE
8523	33	75	2112	4800	2175	4863			CACHE_PRESENT_UNCLASSIFIED		True	True	True	True	204	0	CACHE_ONLY_UNCONFIRMED	Present in current cache/index but no direct SpawnPK usage evidence in this static pass	196	197	False	BASE
8524	33	76	2112	4864	2175	4927			SPAWNPK_STATIC_EVIDENCE	O_BIN_CUSTOM_OBJECT_PLACEMENTS	True	True	True	True	1336	0	CUSTOMIZED_CACHE_ONLY_UNCONFIRMED	Cache region contains object IDs customized by o.bin; this does not by itself prove production reachability	198	199	False	BASE
8525	33	77	2112	4928	2175	4991			CACHE_PRESENT_UNCLASSIFIED		True	True	True	True	611	0	CACHE_ONLY_UNCONFIRMED	Present in current cache/index but no direct SpawnPK usage evidence in this static pass	1482	1483	False	BASE
8526	33	78	2112	4992	2175	5055			SPAWNPK_STATIC_EVIDENCE	O_BIN_CUSTOM_OBJECT_PLACEMENTS	True	True	True	True	531	0	CUSTOMIZED_CACHE_ONLY_UNCONFIRMED	Cache region contains object IDs customized by o.bin; this does not by itself prove production reachability	1346	1347	False	BASE
8527	33	79	2112	5056	2175	5119			CACHE_PRESENT_UNCLASSIFIED		True	True	True	True	3609	0	CACHE_ONLY_UNCONFIRMED	Present in current cache/index but no direct SpawnPK usage evidence in this static pass	1260	1261	False	BASE
8528	33	80	2112	5120	2175	5183			CACHE_PRESENT_UNCLASSIFIED		True	True	True	True	732	0	CACHE_ONLY_UNCONFIRMED	Present in current cache/index but no direct SpawnPK usage evidence in this static pass	1262	1263	False	BASE
8529	33	81	2112	5184	2175	5247			CACHE_PRESENT_UNCLASSIFIED		True	True	True	True	0	0	CACHE_ONLY_UNCONFIRMED	Present in current cache/index but no direct SpawnPK usage evidence in this static pass	3114	3115	False	BASE
8530	33	82	2112	5248	2175	5311			SPAWNPK_STATIC_EVIDENCE	O_BIN_CUSTOM_OBJECT_PLACEMENTS	True	True	True	True	3874	0	CUSTOMIZED_CACHE_ONLY_UNCONFIRMED	Cache region contains object IDs customized by o.bin; this does not by itself prove production reachability	778	779	False	BASE
8532	33	84	2112	5376	2175	5439			CACHE_PRESENT_UNCLASSIFIED		True	True	True	True	3158	0	CACHE_ONLY_UNCONFIRMED	Present in current cache/index but no direct SpawnPK usage evidence in this static pass	2058	2059	False	BASE
8534	33	86	2112	5504	2175	5567			CACHE_PRESENT_UNCLASSIFIED		True	True	True	True	0	0	CACHE_ONLY_UNCONFIRMED	Present in current cache/index but no direct SpawnPK usage evidence in this static pass	1828	1829	False	BASE
8751	34	47	2176	3008	2239	3071			SPAWNPK_STATIC_EVIDENCE	CLIENT_HARDCODED_REGION_PATCH;O_BIN_CUSTOM_OBJECT_PLACEMENTS	True	True	True	True	415	0	CLIENT_HARDCODED_REGION	Exact client applies a region mapping patch; live reachability not proven by this fact alone	1946	1947	False	BASE+HARDCODE
8752	34	48	2176	3072	2239	3135			SPAWNPK_STATIC_EVIDENCE	CLIENT_HARDCODED_REGION_PATCH;O_BIN_CUSTOM_OBJECT_PLACEMENTS	True	True	True	True	929	0	CLIENT_HARDCODED_REGION	Exact client applies a region mapping patch; live reachability not proven by this fact alone	938	939	False	BASE+HARDCODE
8753	34	49	2176	3136	2239	3199			CACHE_PRESENT_UNCLASSIFIED		True	True	True	True	1968	0	CACHE_ONLY_UNCONFIRMED	Present in current cache/index but no direct SpawnPK usage evidence in this static pass	940	941	False	BASE
8754	34	50	2176	3200	2239	3263			CACHE_PRESENT_UNCLASSIFIED		True	True	True	True	1805	0	CACHE_ONLY_UNCONFIRMED	Present in current cache/index but no direct SpawnPK usage evidence in this static pass	942	943	False	BASE
8755	34	51	2176	3264	2239	3327			CACHE_PRESENT_UNCLASSIFIED		True	True	True	True	1182	0	CACHE_ONLY_UNCONFIRMED	Present in current cache/index but no direct SpawnPK usage evidence in this static pass	944	945	False	BASE
8761	34	57	2176	3648	2239	3711			CACHE_PRESENT_UNCLASSIFIED		True	True	True	True	0	0	CACHE_ONLY_UNCONFIRMED	Present in current cache/index but no direct SpawnPK usage evidence in this static pass	1454	1455	False	BASE
8762	34	58	2176	3712	2239	3775			CACHE_PRESENT_UNCLASSIFIED		True	True	True	True	0	0	CACHE_ONLY_UNCONFIRMED	Present in current cache/index but no direct SpawnPK usage evidence in this static pass	1456	1457	False	BASE
8763	34	59	2176	3776	2239	3839			CACHE_PRESENT_UNCLASSIFIED		True	True	True	True	1354	0	CACHE_ONLY_UNCONFIRMED	Present in current cache/index but no direct SpawnPK usage evidence in this static pass	1438	1439	False	BASE
8764	34	60	2176	3840	2239	3903			CACHE_PRESENT_UNCLASSIFIED		True	True	True	True	0	0	CACHE_ONLY_UNCONFIRMED	Present in current cache/index but no direct SpawnPK usage evidence in this static pass	1458	1459	False	BASE
8767	34	63	2176	4032	2239	4095			CACHE_PRESENT_UNCLASSIFIED		True	True	True	True	0	0	CACHE_ONLY_UNCONFIRMED	Present in current cache/index but no direct SpawnPK usage evidence in this static pass	1618	1619	False	BASE
8768	34	64	2176	4096	2239	4159			CACHE_PRESENT_UNCLASSIFIED		True	True	True	True	0	0	CACHE_ONLY_UNCONFIRMED	Present in current cache/index but no direct SpawnPK usage evidence in this static pass	1620	1621	False	BASE
8769	34	65	2176	4160	2239	4223			CACHE_PRESENT_UNCLASSIFIED		True	True	True	True	857	0	CACHE_ONLY_UNCONFIRMED	Present in current cache/index but no direct SpawnPK usage evidence in this static pass	1900	1901	False	BASE
8770	34	66	2176	4224	2239	4287			SPAWNPK_STATIC_EVIDENCE	O_BIN_CUSTOM_OBJECT_PLACEMENTS	True	True	True	True	1713	0	CUSTOMIZED_CACHE_ONLY_UNCONFIRMED	Cache region contains object IDs customized by o.bin; this does not by itself prove production reachability	1898	1899	False	BASE
8771	34	67	2176	4288	2239	4351			SPAWNPK_STATIC_EVIDENCE	O_BIN_CUSTOM_OBJECT_PLACEMENTS	True	True	True	True	844	0	CUSTOMIZED_CACHE_ONLY_UNCONFIRMED	Cache region contains object IDs customized by o.bin; this does not by itself prove production reachability	1902	1903	False	BASE
8774	34	70	2176	4480	2239	4543			CACHE_PRESENT_UNCLASSIFIED		True	True	True	True	289	0	CACHE_ONLY_UNCONFIRMED	Present in current cache/index but no direct SpawnPK usage evidence in this static pass	722	723	False	BASE
8775	34	71	2176	4544	2239	4607			CACHE_PRESENT_UNCLASSIFIED		True	True	True	True	1093	0	CACHE_ONLY_UNCONFIRMED	Present in current cache/index but no direct SpawnPK usage evidence in this static pass	724	725	False	BASE
8776	34	72	2176	4608	2239	4671			CACHE_PRESENT_UNCLASSIFIED		True	True	True	True	1088	0	CACHE_ONLY_UNCONFIRMED	Present in current cache/index but no direct SpawnPK usage evidence in this static pass	726	727	False	BASE
8777	34	73	2176	4672	2239	4735			CACHE_PRESENT_UNCLASSIFIED		True	True	True	True	1088	0	CACHE_ONLY_UNCONFIRMED	Present in current cache/index but no direct SpawnPK usage evidence in this static pass	728	729	False	BASE
8778	34	74	2176	4736	2239	4799			CACHE_PRESENT_UNCLASSIFIED		True	True	True	True	289	0	CACHE_ONLY_UNCONFIRMED	Present in current cache/index but no direct SpawnPK usage evidence in this static pass	730	731	False	BASE
8779	34	75	2176	4800	2239	4863			CACHE_PRESENT_UNCLASSIFIED		True	True	True	True	2449	0	CACHE_ONLY_UNCONFIRMED	Present in current cache/index but no direct SpawnPK usage evidence in this static pass	732	733	False	BASE
8781	34	77	2176	4928	2239	4991			SPAWNPK_STATIC_EVIDENCE	O_BIN_CUSTOM_OBJECT_PLACEMENTS	True	True	True	True	3553	0	CUSTOMIZED_CACHE_ONLY_UNCONFIRMED	Cache region contains object IDs customized by o.bin; this does not by itself prove production reachability	1006	1007	False	BASE
8782	34	78	2176	4992	2239	5055			SPAWNPK_STATIC_EVIDENCE	O_BIN_CUSTOM_OBJECT_PLACEMENTS	True	True	True	True	4542	0	CUSTOMIZED_CACHE_ONLY_UNCONFIRMED	Cache region contains object IDs customized by o.bin; this does not by itself prove production reachability	1348	1349	False	BASE
8783	34	79	2176	5056	2239	5119			CACHE_PRESENT_UNCLASSIFIED		True	True	True	True	0	0	CACHE_ONLY_UNCONFIRMED	Present in current cache/index but no direct SpawnPK usage evidence in this static pass	3126	3127	False	BASE
8784	34	80	2176	5120	2239	5183			CACHE_PRESENT_UNCLASSIFIED		True	True	True	True	0	0	CACHE_ONLY_UNCONFIRMED	Present in current cache/index but no direct SpawnPK usage evidence in this static pass	2933	2934	False	BASE
8785	34	81	2176	5184	2239	5247			CACHE_PRESENT_UNCLASSIFIED		True	True	True	True	0	0	CACHE_ONLY_UNCONFIRMED	Present in current cache/index but no direct SpawnPK usage evidence in this static pass	3023	3024	False	BASE
8787	34	83	2176	5312	2239	5375			CACHE_PRESENT_UNCLASSIFIED		True	True	True	True	389	0	CACHE_ONLY_UNCONFIRMED	Present in current cache/index but no direct SpawnPK usage evidence in this static pass	2002	2003	False	BASE
8790	34	86	2176	5504	2239	5567			SPAWNPK_STATIC_EVIDENCE	O_BIN_CUSTOM_OBJECT_PLACEMENTS;STATIC_TRAVEL_OBJECT_PLACEMENTS	True	True	True	True	1548	1	CUSTOMIZED_CACHE_ONLY_UNCONFIRMED	Cache region contains object IDs customized by o.bin; this does not by itself prove production reachability	1876	1877	False	BASE
9007	35	47	2240	3008	2303	3071			SPAWNPK_STATIC_EVIDENCE	CLIENT_HARDCODED_REGION_PATCH;O_BIN_CUSTOM_OBJECT_PLACEMENTS	True	True	True	True	76	0	CLIENT_HARDCODED_REGION	Exact client applies a region mapping patch; live reachability not proven by this fact alone	1938	1939	False	BASE+HARDCODE
9008	35	48	2240	3072	2303	3135			SPAWNPK_STATIC_EVIDENCE	CLIENT_HARDCODED_REGION_PATCH;O_BIN_CUSTOM_OBJECT_PLACEMENTS	True	True	True	True	607	0	CLIENT_HARDCODED_REGION	Exact client applies a region mapping patch; live reachability not proven by this fact alone	946	947	False	BASE+HARDCODE
9009	35	49	2240	3136	2303	3199			SPAWNPK_STATIC_EVIDENCE	O_BIN_CUSTOM_OBJECT_PLACEMENTS	True	True	True	True	1842	0	CUSTOMIZED_CACHE_ONLY_UNCONFIRMED	Cache region contains object IDs customized by o.bin; this does not by itself prove production reachability	948	949	False	BASE
9010	35	50	2240	3200	2303	3263			CACHE_PRESENT_UNCLASSIFIED		True	True	True	True	1936	0	CACHE_ONLY_UNCONFIRMED	Present in current cache/index but no direct SpawnPK usage evidence in this static pass	950	951	False	BASE
9011	35	51	2240	3264	2303	3327			CACHE_PRESENT_UNCLASSIFIED		True	True	True	True	1187	0	CACHE_ONLY_UNCONFIRMED	Present in current cache/index but no direct SpawnPK usage evidence in this static pass	952	953	False	BASE
9012	35	52	2240	3328	2303	3391			CACHE_PRESENT_UNCLASSIFIED		True	True	True	True	957	0	CACHE_ONLY_UNCONFIRMED	Present in current cache/index but no direct SpawnPK usage evidence in this static pass	954	955	False	BASE
9017	35	57	2240	3648	2303	3711			CACHE_PRESENT_UNCLASSIFIED		True	True	True	True	0	0	CACHE_ONLY_UNCONFIRMED	Present in current cache/index but no direct SpawnPK usage evidence in this static pass	1372	1373	False	BASE
9018	35	58	2240	3712	2303	3775			CACHE_PRESENT_UNCLASSIFIED		True	True	True	True	0	0	CACHE_ONLY_UNCONFIRMED	Present in current cache/index but no direct SpawnPK usage evidence in this static pass	1374	1375	False	BASE
9019	35	59	2240	3776	2303	3839			CACHE_PRESENT_UNCLASSIFIED		True	True	True	True	0	0	CACHE_ONLY_UNCONFIRMED	Present in current cache/index but no direct SpawnPK usage evidence in this static pass	1462	1463	False	BASE
9020	35	60	2240	3840	2303	3903			CACHE_PRESENT_UNCLASSIFIED		True	True	True	True	0	0	CACHE_ONLY_UNCONFIRMED	Present in current cache/index but no direct SpawnPK usage evidence in this static pass	1464	1465	False	BASE
9021	35	61	2240	3904	2303	3967			CACHE_PRESENT_UNCLASSIFIED		True	True	True	True	0	0	CACHE_ONLY_UNCONFIRMED	Present in current cache/index but no direct SpawnPK usage evidence in this static pass	1466	1467	False	BASE
9022	35	62	2240	3968	2303	4031			CACHE_PRESENT_UNCLASSIFIED		True	True	True	True	0	0	CACHE_ONLY_UNCONFIRMED	Present in current cache/index but no direct SpawnPK usage evidence in this static pass	1622	1623	False	BASE
9023	35	63	2240	4032	2303	4095			SPAWNPK_STATIC_EVIDENCE	CLIENT_HARDCODED_REGION_PATCH	True	True	True	True	1242	0	CLIENT_HARDCODED_REGION	Exact client applies a region mapping patch; live reachability not proven by this fact alone	1624	1625	False	BASE+HARDCODE
9024	35	64	2240	4096	2303	4159			CACHE_PRESENT_UNCLASSIFIED		True	True	True	True	0	0	CACHE_ONLY_UNCONFIRMED	Present in current cache/index but no direct SpawnPK usage evidence in this static pass	1626	1627	False	BASE
9025	35	65	2240	4160	2303	4223			CACHE_PRESENT_UNCLASSIFIED		True	True	True	True	851	0	CACHE_ONLY_UNCONFIRMED	Present in current cache/index but no direct SpawnPK usage evidence in this static pass	1894	1895	False	BASE
9026	35	66	2240	4224	2303	4287			SPAWNPK_STATIC_EVIDENCE	O_BIN_CUSTOM_OBJECT_PLACEMENTS	True	True	True	True	1837	0	CUSTOMIZED_CACHE_ONLY_UNCONFIRMED	Cache region contains object IDs customized by o.bin; this does not by itself prove production reachability	1888	1889	False	BASE
9027	35	67	2240	4288	2303	4351			SPAWNPK_STATIC_EVIDENCE	O_BIN_CUSTOM_OBJECT_PLACEMENTS	True	True	True	True	470	0	CUSTOMIZED_CACHE_ONLY_UNCONFIRMED	Cache region contains object IDs customized by o.bin; this does not by itself prove production reachability	1904	1905	False	BASE
9032	35	72	2240	4608	2303	4671			SPAWNPK_STATIC_EVIDENCE	O_BIN_CUSTOM_OBJECT_PLACEMENTS	True	True	True	True	10144	0	CUSTOMIZED_CACHE_ONLY_UNCONFIRMED	Cache region contains object IDs customized by o.bin; this does not by itself prove production reachability	2811	2812	False	BASE
9033	35	73	2240	4672	2303	4735			SPAWNPK_STATIC_EVIDENCE	O_BIN_CUSTOM_OBJECT_PLACEMENTS	True	True	True	True	3274	0	CUSTOMIZED_CACHE_ONLY_UNCONFIRMED	Cache region contains object IDs customized by o.bin; this does not by itself prove production reachability	1204	1205	False	BASE
9034	35	74	2240	4736	2303	4799			SPAWNPK_STATIC_EVIDENCE	O_BIN_CUSTOM_OBJECT_PLACEMENTS	True	True	True	True	1100	0	CUSTOMIZED_CACHE_ONLY_UNCONFIRMED	Cache region contains object IDs customized by o.bin; this does not by itself prove production reachability	906	907	False	BASE
9035	35	75	2240	4800	2303	4863			SPAWNPK_STATIC_EVIDENCE	O_BIN_CUSTOM_OBJECT_PLACEMENTS	True	True	True	True	2616	0	CUSTOMIZED_CACHE_ONLY_UNCONFIRMED	Cache region contains object IDs customized by o.bin; this does not by itself prove production reachability	344	345	False	BASE
9038	35	78	2240	4992	2303	5055			SPAWNPK_STATIC_EVIDENCE	O_BIN_CUSTOM_OBJECT_PLACEMENTS	True	True	True	True	5625	0	CUSTOMIZED_CACHE_ONLY_UNCONFIRMED	Cache region contains object IDs customized by o.bin; this does not by itself prove production reachability	1350	1351	False	BASE
9044	35	84	2240	5376	2303	5439			CACHE_PRESENT_UNCLASSIFIED		True	True	True	True	1423	0	CACHE_ONLY_UNCONFIRMED	Present in current cache/index but no direct SpawnPK usage evidence in this static pass	2060	2061	False	BASE
9045	35	85	2240	5440	2303	5503			CACHE_PRESENT_UNCLASSIFIED		True	True	True	True	0	0	CACHE_ONLY_UNCONFIRMED	Present in current cache/index but no direct SpawnPK usage evidence in this static pass	2869	2870	False	BASE
9046	35	86	2240	5504	2303	5567			CACHE_PRESENT_UNCLASSIFIED		True	True	True	True	0	0	CACHE_ONLY_UNCONFIRMED	Present in current cache/index but no direct SpawnPK usage evidence in this static pass	1830	1831	False	BASE
9048	35	88	2240	5632	2303	5695			SPAWNPK_STATIC_EVIDENCE	O_BIN_CUSTOM_OBJECT_PLACEMENTS	True	True	True	True	147	0	CUSTOMIZED_CACHE_ONLY_UNCONFIRMED	Cache region contains object IDs customized by o.bin; this does not by itself prove production reachability	3465	3466	False	BASE
9049	35	89	2240	5696	2303	5759			SPAWNPK_STATIC_EVIDENCE	O_BIN_CUSTOM_OBJECT_PLACEMENTS	True	True	True	True	986	0	CUSTOMIZED_CACHE_ONLY_UNCONFIRMED	Cache region contains object IDs customized by o.bin; this does not by itself prove production reachability	3471	3472	False	BASE
9050	35	90	2240	5760	2303	5823			CACHE_PRESENT_UNCLASSIFIED		True	True	True	True	906	0	CACHE_ONLY_UNCONFIRMED	Present in current cache/index but no direct SpawnPK usage evidence in this static pass	3443	3444	False	BASE
9113	35	153	2240	9792	2303	9855			CACHE_PRESENT_UNCLASSIFIED		True	True	True	True	0	0	CACHE_ONLY_UNCONFIRMED	Present in current cache/index but no direct SpawnPK usage evidence in this static pass	3054	3055	False	BASE
9114	35	154	2240	9856	2303	9919			CACHE_PRESENT_UNCLASSIFIED		True	True	True	True	0	0	CACHE_ONLY_UNCONFIRMED	Present in current cache/index but no direct SpawnPK usage evidence in this static pass	3191	3192	False	BASE
9262	36	46	2304	2944	2367	3007			CACHE_PRESENT_UNCLASSIFIED		True	True	True	True	0	0	CACHE_ONLY_UNCONFIRMED	Present in current cache/index but no direct SpawnPK usage evidence in this static pass	1484	1485	False	BASE
9263	36	47	2304	3008	2367	3071			SPAWNPK_STATIC_EVIDENCE	CLIENT_HARDCODED_REGION_PATCH;O_BIN_CUSTOM_OBJECT_PLACEMENTS	True	True	True	True	798	0	CLIENT_HARDCODED_REGION	Exact client applies a region mapping patch; live reachability not proven by this fact alone	1210	1211	False	BASE+HARDCODE
9264	36	48	2304	3072	2367	3135			SPAWNPK_STATIC_EVIDENCE	CLIENT_HARDCODED_REGION_PATCH;O_BIN_CUSTOM_OBJECT_PLACEMENTS	True	True	True	True	663	0	CLIENT_HARDCODED_REGION	Exact client applies a region mapping patch; live reachability not proven by this fact alone	956	957	False	BASE+HARDCODE
9265	36	49	2304	3136	2367	3199			CACHE_PRESENT_UNCLASSIFIED		True	True	True	True	2635	0	CACHE_ONLY_UNCONFIRMED	Present in current cache/index but no direct SpawnPK usage evidence in this static pass	958	959	False	BASE
9266	36	50	2304	3200	2367	3263			CACHE_PRESENT_UNCLASSIFIED		True	True	True	True	1091	0	CACHE_ONLY_UNCONFIRMED	Present in current cache/index but no direct SpawnPK usage evidence in this static pass	960	961	False	BASE
9267	36	51	2304	3264	2367	3327			SPAWNPK_STATIC_EVIDENCE	O_BIN_CUSTOM_OBJECT_PLACEMENTS	True	True	True	True	1163	0	CUSTOMIZED_CACHE_ONLY_UNCONFIRMED	Cache region contains object IDs customized by o.bin; this does not by itself prove production reachability	962	963	False	BASE
9268	36	52	2304	3328	2367	3391			SPAWNPK_STATIC_EVIDENCE	O_BIN_CUSTOM_OBJECT_PLACEMENTS	True	True	True	True	354	0	CUSTOMIZED_CACHE_ONLY_UNCONFIRMED	Cache region contains object IDs customized by o.bin; this does not by itself prove production reachability	6	7	False	BASE
9269	36	53	2304	3392	2367	3455			SPAWNPK_STATIC_EVIDENCE	O_BIN_CUSTOM_OBJECT_PLACEMENTS	True	True	True	True	264	0	CUSTOMIZED_CACHE_ONLY_UNCONFIRMED	Cache region contains object IDs customized by o.bin; this does not by itself prove production reachability	10	11	False	BASE
9270	36	54	2304	3456	2367	3519			CACHE_PRESENT_UNCLASSIFIED		True	True	True	True	97	0	CACHE_ONLY_UNCONFIRMED	Present in current cache/index but no direct SpawnPK usage evidence in this static pass	14	15	False	BASE
9271	36	55	2304	3520	2367	3583			SPAWNPK_STATIC_EVIDENCE	O_BIN_CUSTOM_OBJECT_PLACEMENTS	True	True	True	True	3672	0	CUSTOMIZED_CACHE_ONLY_UNCONFIRMED	Cache region contains object IDs customized by o.bin; this does not by itself prove production reachability	1384	1385	False	BASE
9272	36	56	2304	3584	2367	3647			SPAWNPK_STATIC_EVIDENCE	O_BIN_CUSTOM_OBJECT_PLACEMENTS	True	True	True	True	3352	0	CUSTOMIZED_CACHE_ONLY_UNCONFIRMED	Cache region contains object IDs customized by o.bin; this does not by itself prove production reachability	1388	1389	False	BASE
9273	36	57	2304	3648	2367	3711			CACHE_PRESENT_UNCLASSIFIED		True	True	True	True	1566	0	CACHE_ONLY_UNCONFIRMED	Present in current cache/index but no direct SpawnPK usage evidence in this static pass	1386	1387	False	BASE
9274	36	58	2304	3712	2367	3775			CACHE_PRESENT_UNCLASSIFIED		True	True	True	True	0	0	CACHE_ONLY_UNCONFIRMED	Present in current cache/index but no direct SpawnPK usage evidence in this static pass	1376	1377	False	BASE
9275	36	59	2304	3776	2367	3839			CACHE_PRESENT_UNCLASSIFIED		True	True	True	True	1974	0	CACHE_ONLY_UNCONFIRMED	Present in current cache/index but no direct SpawnPK usage evidence in this static pass	1754	1755	False	BASE
9276	36	60	2304	3840	2367	3903			CACHE_PRESENT_UNCLASSIFIED		True	True	True	True	742	0	CACHE_ONLY_UNCONFIRMED	Present in current cache/index but no direct SpawnPK usage evidence in this static pass	1756	1757	False	BASE
9277	36	61	2304	3904	2367	3967			CACHE_PRESENT_UNCLASSIFIED		True	True	True	True	0	0	CACHE_ONLY_UNCONFIRMED	Present in current cache/index but no direct SpawnPK usage evidence in this static pass	1730	1731	False	BASE
9278	36	62	2304	3968	2367	4031			CACHE_PRESENT_UNCLASSIFIED		True	True	True	True	0	0	CACHE_ONLY_UNCONFIRMED	Present in current cache/index but no direct SpawnPK usage evidence in this static pass	1628	1629	False	BASE
9279	36	63	2304	4032	2367	4095			CACHE_PRESENT_UNCLASSIFIED		True	True	True	True	0	0	CACHE_ONLY_UNCONFIRMED	Present in current cache/index but no direct SpawnPK usage evidence in this static pass	1630	1631	False	BASE
9280	36	64	2304	4096	2367	4159			CACHE_PRESENT_UNCLASSIFIED		True	True	True	True	0	0	CACHE_ONLY_UNCONFIRMED	Present in current cache/index but no direct SpawnPK usage evidence in this static pass	1632	1633	False	BASE
9285	36	69	2304	4416	2367	4479			CACHE_PRESENT_UNCLASSIFIED		True	True	True	True	3677	0	CACHE_ONLY_UNCONFIRMED	Present in current cache/index but no direct SpawnPK usage evidence in this static pass	1414	1415	False	BASE
9287	36	71	2304	4544	2367	4607			CACHE_PRESENT_UNCLASSIFIED		True	True	True	True	1814	0	CACHE_ONLY_UNCONFIRMED	Present in current cache/index but no direct SpawnPK usage evidence in this static pass	964	965	False	BASE
9288	36	72	2304	4608	2367	4671			SPAWNPK_STATIC_EVIDENCE	O_BIN_CUSTOM_OBJECT_PLACEMENTS	True	True	True	True	336	0	CUSTOMIZED_CACHE_ONLY_UNCONFIRMED	Cache region contains object IDs customized by o.bin; this does not by itself prove production reachability	26	27	False	BASE
9289	36	73	2304	4672	2367	4735			CACHE_PRESENT_UNCLASSIFIED		True	True	True	True	768	0	CACHE_ONLY_UNCONFIRMED	Present in current cache/index but no direct SpawnPK usage evidence in this static pass	28	29	False	BASE
9290	36	74	2304	4736	2367	4799			CACHE_PRESENT_UNCLASSIFIED		True	True	True	True	194	0	CACHE_ONLY_UNCONFIRMED	Present in current cache/index but no direct SpawnPK usage evidence in this static pass	30	31	False	BASE
9293	36	77	2304	4928	2367	4991			CACHE_PRESENT_UNCLASSIFIED		True	True	True	True	1403	0	CACHE_ONLY_UNCONFIRMED	Present in current cache/index but no direct SpawnPK usage evidence in this static pass	1144	1145	False	BASE
9294	36	78	2304	4992	2367	5055			SPAWNPK_STATIC_EVIDENCE	O_BIN_CUSTOM_OBJECT_PLACEMENTS	True	True	True	True	3284	0	CUSTOMIZED_CACHE_ONLY_UNCONFIRMED	Cache region contains object IDs customized by o.bin; this does not by itself prove production reachability	1352	1353	False	BASE
9295	36	79	2304	5056	2367	5119			SPAWNPK_STATIC_EVIDENCE	O_BIN_CUSTOM_OBJECT_PLACEMENTS	True	True	True	True	4728	0	CUSTOMIZED_CACHE_ONLY_UNCONFIRMED	Cache region contains object IDs customized by o.bin; this does not by itself prove production reachability	1540	1541	False	BASE
9297	36	81	2304	5184	2367	5247			CACHE_PRESENT_UNCLASSIFIED		True	True	True	True	3571	0	CACHE_ONLY_UNCONFIRMED	Present in current cache/index but no direct SpawnPK usage evidence in this static pass	802	803	False	BASE
9300	36	84	2304	5376	2367	5439			SPAWNPK_STATIC_EVIDENCE	O_BIN_CUSTOM_OBJECT_PLACEMENTS	True	True	True	True	3366	0	CUSTOMIZED_CACHE_ONLY_UNCONFIRMED	Cache region contains object IDs customized by o.bin; this does not by itself prove production reachability	1864	1865	False	BASE
9304	36	88	2304	5632	2367	5695			CACHE_PRESENT_UNCLASSIFIED		True	True	True	True	11685	0	CACHE_ONLY_UNCONFIRMED	Present in current cache/index but no direct SpawnPK usage evidence in this static pass	3473	3474	False	BASE
9305	36	89	2304	5696	2367	5759			CACHE_PRESENT_UNCLASSIFIED		True	True	True	True	0	0	CACHE_ONLY_UNCONFIRMED	Present in current cache/index but no direct SpawnPK usage evidence in this static pass	3457	3458	False	BASE
9306	36	90	2304	5760	2367	5823			SPAWNPK_STATIC_EVIDENCE	O_BIN_CUSTOM_OBJECT_PLACEMENTS	True	True	True	True	2201	0	CUSTOMIZED_CACHE_ONLY_UNCONFIRMED	Cache region contains object IDs customized by o.bin; this does not by itself prove production reachability	3447	3448	False	BASE
9362	36	146	2304	9344	2367	9407			CACHE_PRESENT_UNCLASSIFIED		True	True	True	True	0	0	CACHE_ONLY_UNCONFIRMED	Present in current cache/index but no direct SpawnPK usage evidence in this static pass	1842	1843	False	BASE
9364	36	148	2304	9472	2367	9535			CACHE_PRESENT_UNCLASSIFIED		True	True	True	True	768	0	CACHE_ONLY_UNCONFIRMED	Present in current cache/index but no direct SpawnPK usage evidence in this static pass	414	415	False	BASE
9365	36	149	2304	9536	2367	9599			CACHE_PRESENT_UNCLASSIFIED		True	True	True	True	420	0	CACHE_ONLY_UNCONFIRMED	Present in current cache/index but no direct SpawnPK usage evidence in this static pass	418	419	False	BASE
9366	36	150	2304	9600	2367	9663			SPAWNPK_STATIC_EVIDENCE	O_BIN_CUSTOM_OBJECT_PLACEMENTS	True	True	True	True	3900	0	CUSTOMIZED_CACHE_ONLY_UNCONFIRMED	Cache region contains object IDs customized by o.bin; this does not by itself prove production reachability	426	427	False	BASE
9368	36	152	2304	9728	2367	9791			CACHE_PRESENT_UNCLASSIFIED		True	True	True	True	0	0	CACHE_ONLY_UNCONFIRMED	Present in current cache/index but no direct SpawnPK usage evidence in this static pass	432	433	False	BASE
9369	36	153	2304	9792	2367	9855			SPAWNPK_STATIC_EVIDENCE	O_BIN_CUSTOM_OBJECT_PLACEMENTS	True	True	True	True	3181	0	CUSTOMIZED_CACHE_ONLY_UNCONFIRMED	Cache region contains object IDs customized by o.bin; this does not by itself prove production reachability	436	437	False	BASE
9370	36	154	2304	9856	2367	9919			CACHE_PRESENT_UNCLASSIFIED		True	True	True	True	2934	0	CACHE_ONLY_UNCONFIRMED	Present in current cache/index but no direct SpawnPK usage evidence in this static pass	440	441	False	BASE
9371	36	155	2304	9920	2367	9983			CACHE_PRESENT_UNCLASSIFIED		True	True	True	True	384	0	CACHE_ONLY_UNCONFIRMED	Present in current cache/index but no direct SpawnPK usage evidence in this static pass	3245	3246	False	BASE
9372	36	156	2304	9984	2367	10047			CACHE_PRESENT_UNCLASSIFIED		True	True	True	True	454	0	CACHE_ONLY_UNCONFIRMED	Present in current cache/index but no direct SpawnPK usage evidence in this static pass	2004	2005	False	BASE
9377	36	161	2304	10304	2367	10367			SPAWNPK_STATIC_EVIDENCE	CLIENT_HARDCODED_REGION_PATCH	True	True	True	True	0	0	CLIENT_HARDCODED_REGION	Exact client applies a region mapping patch; live reachability not proven by this fact alone	1440	1441	False	BASE+HARDCODE
9518	37	46	2368	2944	2431	3007			CACHE_PRESENT_UNCLASSIFIED		True	True	True	True	0	0	CACHE_ONLY_UNCONFIRMED	Present in current cache/index but no direct SpawnPK usage evidence in this static pass	1486	1487	False	BASE
9519	37	47	2368	3008	2431	3071			SPAWNPK_STATIC_EVIDENCE	O_BIN_CUSTOM_OBJECT_PLACEMENTS	True	True	True	True	1456	0	CUSTOMIZED_CACHE_ONLY_UNCONFIRMED	Cache region contains object IDs customized by o.bin; this does not by itself prove production reachability	1058	1059	False	BASE
9521	37	49	2368	3136	2431	3199			SPAWNPK_STATIC_EVIDENCE	O_BIN_CUSTOM_OBJECT_PLACEMENTS	True	True	True	True	676	0	CUSTOMIZED_CACHE_ONLY_UNCONFIRMED	Cache region contains object IDs customized by o.bin; this does not by itself prove production reachability	482	483	False	BASE
9522	37	50	2368	3200	2431	3263			CACHE_PRESENT_UNCLASSIFIED		True	True	True	True	723	0	CACHE_ONLY_UNCONFIRMED	Present in current cache/index but no direct SpawnPK usage evidence in this static pass	484	485	False	BASE
9523	37	51	2368	3264	2431	3327			CACHE_PRESENT_UNCLASSIFIED		True	True	True	True	953	0	CACHE_ONLY_UNCONFIRMED	Present in current cache/index but no direct SpawnPK usage evidence in this static pass	486	487	False	BASE
9524	37	52	2368	3328	2431	3391			SPAWNPK_STATIC_EVIDENCE	O_BIN_CUSTOM_OBJECT_PLACEMENTS	True	True	True	True	1849	0	CUSTOMIZED_CACHE_ONLY_UNCONFIRMED	Cache region contains object IDs customized by o.bin; this does not by itself prove production reachability	488	489	False	BASE
9525	37	53	2368	3392	2431	3455			SPAWNPK_STATIC_EVIDENCE	O_BIN_CUSTOM_OBJECT_PLACEMENTS	True	True	True	True	2475	0	CUSTOMIZED_CACHE_ONLY_UNCONFIRMED	Cache region contains object IDs customized by o.bin; this does not by itself prove production reachability	492	493	False	BASE
9526	37	54	2368	3456	2431	3519			SPAWNPK_STATIC_EVIDENCE	O_BIN_CUSTOM_OBJECT_PLACEMENTS	True	True	True	True	2436	0	CUSTOMIZED_CACHE_ONLY_UNCONFIRMED	Cache region contains object IDs customized by o.bin; this does not by itself prove production reachability	494	495	False	BASE
9527	37	55	2368	3520	2431	3583			SPAWNPK_STATIC_EVIDENCE	O_BIN_CUSTOM_OBJECT_PLACEMENTS	True	True	True	True	1061	0	CUSTOMIZED_CACHE_ONLY_UNCONFIRMED	Cache region contains object IDs customized by o.bin; this does not by itself prove production reachability	496	497	False	BASE
9528	37	56	2368	3584	2431	3647			SPAWNPK_STATIC_EVIDENCE	O_BIN_CUSTOM_OBJECT_PLACEMENTS	True	True	True	True	923	0	CUSTOMIZED_CACHE_ONLY_UNCONFIRMED	Cache region contains object IDs customized by o.bin; this does not by itself prove production reachability	1382	1383	False	BASE
9530	37	58	2368	3712	2431	3775			CACHE_PRESENT_UNCLASSIFIED		True	True	True	True	0	0	CACHE_ONLY_UNCONFIRMED	Present in current cache/index but no direct SpawnPK usage evidence in this static pass	1380	1381	False	BASE
9531	37	59	2368	3776	2431	3839			CACHE_PRESENT_UNCLASSIFIED		True	True	True	True	1946	0	CACHE_ONLY_UNCONFIRMED	Present in current cache/index but no direct SpawnPK usage evidence in this static pass	1762	1763	False	BASE
9532	37	60	2368	3840	2431	3903			CACHE_PRESENT_UNCLASSIFIED		True	True	True	True	788	0	CACHE_ONLY_UNCONFIRMED	Present in current cache/index but no direct SpawnPK usage evidence in this static pass	1764	1765	False	BASE
9533	37	61	2368	3904	2431	3967			CACHE_PRESENT_UNCLASSIFIED		True	True	True	True	0	0	CACHE_ONLY_UNCONFIRMED	Present in current cache/index but no direct SpawnPK usage evidence in this static pass	1732	1733	False	BASE
9534	37	62	2368	3968	2431	4031			CACHE_PRESENT_UNCLASSIFIED		True	True	True	True	0	0	CACHE_ONLY_UNCONFIRMED	Present in current cache/index but no direct SpawnPK usage evidence in this static pass	1634	1635	False	BASE
9535	37	63	2368	4032	2431	4095			CACHE_PRESENT_UNCLASSIFIED		True	True	True	True	0	0	CACHE_ONLY_UNCONFIRMED	Present in current cache/index but no direct SpawnPK usage evidence in this static pass	1636	1637	False	BASE
9536	37	64	2368	4096	2431	4159			CACHE_PRESENT_UNCLASSIFIED		True	True	True	True	0	0	CACHE_ONLY_UNCONFIRMED	Present in current cache/index but no direct SpawnPK usage evidence in this static pass	1638	1639	False	BASE
9538	37	66	2368	4224	2431	4287			SPAWNPK_STATIC_EVIDENCE	O_BIN_CUSTOM_OBJECT_PLACEMENTS;STATIC_TRAVEL_OBJECT_PLACEMENTS	True	True	True	True	1613	1	CUSTOMIZED_CACHE_ONLY_UNCONFIRMED	Cache region contains object IDs customized by o.bin; this does not by itself prove production reachability	1884	1885	False	BASE
9539	37	67	2368	4288	2431	4351			SPAWNPK_STATIC_EVIDENCE	O_BIN_CUSTOM_OBJECT_PLACEMENTS	True	True	True	True	539	0	CUSTOMIZED_CACHE_ONLY_UNCONFIRMED	Cache region contains object IDs customized by o.bin; this does not by itself prove production reachability	1890	1891	False	BASE
9540	37	68	2368	4352	2431	4415			SPAWNPK_STATIC_EVIDENCE	O_BIN_CUSTOM_OBJECT_PLACEMENTS	True	True	True	True	3189	0	CUSTOMIZED_CACHE_ONLY_UNCONFIRMED	Cache region contains object IDs customized by o.bin; this does not by itself prove production reachability	1132	1133	False	BASE
9541	37	69	2368	4416	2431	4479			SPAWNPK_STATIC_EVIDENCE	O_BIN_CUSTOM_OBJECT_PLACEMENTS	True	True	True	True	3750	0	CUSTOMIZED_CACHE_ONLY_UNCONFIRMED	Cache region contains object IDs customized by o.bin; this does not by itself prove production reachability	1134	1135	False	BASE
9543	37	71	2368	4544	2431	4607			CACHE_PRESENT_UNCLASSIFIED		True	True	True	True	0	0	CACHE_ONLY_UNCONFIRMED	Present in current cache/index but no direct SpawnPK usage evidence in this static pass	3118	3119	False	BASE
9544	37	72	2368	4608	2431	4671			CACHE_PRESENT_UNCLASSIFIED		True	True	True	True	0	0	CACHE_ONLY_UNCONFIRMED	Present in current cache/index but no direct SpawnPK usage evidence in this static pass	1524	1525	False	BASE
9545	37	73	2368	4672	2431	4735			SPAWNPK_STATIC_EVIDENCE	O_BIN_CUSTOM_OBJECT_PLACEMENTS	True	True	True	True	2938	0	CUSTOMIZED_CACHE_ONLY_UNCONFIRMED	Cache region contains object IDs customized by o.bin; this does not by itself prove production reachability	508	509	False	BASE
9546	37	74	2368	4736	2431	4799			CACHE_PRESENT_UNCLASSIFIED		True	True	True	True	768	0	CACHE_ONLY_UNCONFIRMED	Present in current cache/index but no direct SpawnPK usage evidence in this static pass	510	511	False	BASE
9547	37	75	2368	4800	2431	4863			SPAWNPK_STATIC_EVIDENCE	O_BIN_CUSTOM_OBJECT_PLACEMENTS	True	True	True	True	1453	0	CUSTOMIZED_CACHE_ONLY_UNCONFIRMED	Cache region contains object IDs customized by o.bin; this does not by itself prove production reachability	512	513	False	BASE
9549	37	77	2368	4928	2431	4991			CACHE_PRESENT_UNCLASSIFIED		True	True	True	True	1393	0	CACHE_ONLY_UNCONFIRMED	Present in current cache/index but no direct SpawnPK usage evidence in this static pass	1146	1147	False	BASE
9550	37	78	2368	4992	2431	5055			SPAWNPK_STATIC_EVIDENCE	O_BIN_CUSTOM_OBJECT_PLACEMENTS	True	True	True	True	1577	0	CUSTOMIZED_CACHE_ONLY_UNCONFIRMED	Cache region contains object IDs customized by o.bin; this does not by itself prove production reachability	1354	1355	False	BASE
9551	37	79	2368	5056	2431	5119			SPAWNPK_STATIC_EVIDENCE	O_BIN_CUSTOM_OBJECT_PLACEMENTS	True	True	True	True	5962	0	CUSTOMIZED_CACHE_ONLY_UNCONFIRMED	Cache region contains object IDs customized by o.bin; this does not by itself prove production reachability	1250	1251	False	BASE
9552	37	80	2368	5120	2431	5183			SPAWNPK_STATIC_EVIDENCE	O_BIN_CUSTOM_OBJECT_PLACEMENTS	True	True	True	True	7370	0	CUSTOMIZED_CACHE_ONLY_UNCONFIRMED	Cache region contains object IDs customized by o.bin; this does not by itself prove production reachability	1242	1243	False	BASE
9553	37	81	2368	5184	2431	5247			SPAWNPK_STATIC_EVIDENCE	O_BIN_CUSTOM_OBJECT_PLACEMENTS	True	True	True	True	1419	0	CUSTOMIZED_CACHE_ONLY_UNCONFIRMED	Cache region contains object IDs customized by o.bin; this does not by itself prove production reachability	2096	2097	False	BASE
9556	37	84	2368	5376	2431	5439			SPAWNPK_STATIC_EVIDENCE	O_BIN_CUSTOM_OBJECT_PLACEMENTS	True	True	True	True	1991	0	CUSTOMIZED_CACHE_ONLY_UNCONFIRMED	Cache region contains object IDs customized by o.bin; this does not by itself prove production reachability	2064	2065	False	BASE
9558	37	86	2368	5504	2431	5567			CACHE_PRESENT_UNCLASSIFIED		True	True	True	True	0	0	CACHE_ONLY_UNCONFIRMED	Present in current cache/index but no direct SpawnPK usage evidence in this static pass	1818	1819	False	BASE
9560	37	88	2368	5632	2431	5695			SPAWNPK_STATIC_EVIDENCE	O_BIN_CUSTOM_OBJECT_PLACEMENTS	True	True	True	True	500	0	CUSTOMIZED_CACHE_ONLY_UNCONFIRMED	Cache region contains object IDs customized by o.bin; this does not by itself prove production reachability	3461	3462	False	BASE
9561	37	89	2368	5696	2431	5759			CACHE_PRESENT_UNCLASSIFIED		True	True	True	True	461	0	CACHE_ONLY_UNCONFIRMED	Present in current cache/index but no direct SpawnPK usage evidence in this static pass	3451	3452	False	BASE
9562	37	90	2368	5760	2431	5823			CACHE_PRESENT_UNCLASSIFIED		True	True	True	True	585	0	CACHE_ONLY_UNCONFIRMED	Present in current cache/index but no direct SpawnPK usage evidence in this static pass	3469	3470	False	BASE
9620	37	148	2368	9472	2431	9535			SPAWNPK_STATIC_EVIDENCE	O_BIN_CUSTOM_OBJECT_PLACEMENTS	True	True	True	True	4790	0	CUSTOMIZED_CACHE_ONLY_UNCONFIRMED	Cache region contains object IDs customized by o.bin; this does not by itself prove production reachability	52	53	False	BASE
9621	37	149	2368	9536	2431	9599			CACHE_PRESENT_UNCLASSIFIED		True	True	True	True	1698	0	CACHE_ONLY_UNCONFIRMED	Present in current cache/index but no direct SpawnPK usage evidence in this static pass	54	55	False	BASE
9622	37	150	2368	9600	2431	9663			SPAWNPK_STATIC_EVIDENCE	O_BIN_CUSTOM_OBJECT_PLACEMENTS	True	True	True	True	4595	0	CUSTOMIZED_CACHE_ONLY_UNCONFIRMED	Cache region contains object IDs customized by o.bin; this does not by itself prove production reachability	56	57	False	BASE
9623	37	151	2368	9664	2431	9727			SPAWNPK_STATIC_EVIDENCE	O_BIN_CUSTOM_OBJECT_PLACEMENTS	True	True	True	True	4550	0	CUSTOMIZED_CACHE_ONLY_UNCONFIRMED	Cache region contains object IDs customized by o.bin; this does not by itself prove production reachability	58	59	False	BASE
9624	37	152	2368	9728	2431	9791			CACHE_PRESENT_UNCLASSIFIED		True	True	True	True	193	0	CACHE_ONLY_UNCONFIRMED	Present in current cache/index but no direct SpawnPK usage evidence in this static pass	60	61	False	BASE
9625	37	153	2368	9792	2431	9855			SPAWNPK_STATIC_EVIDENCE	O_BIN_CUSTOM_OBJECT_PLACEMENTS	True	True	True	True	2942	0	CUSTOMIZED_CACHE_ONLY_UNCONFIRMED	Cache region contains object IDs customized by o.bin; this does not by itself prove production reachability	62	63	False	BASE
9626	37	154	2368	9856	2431	9919			SPAWNPK_STATIC_EVIDENCE	O_BIN_CUSTOM_OBJECT_PLACEMENTS	True	True	True	True	4565	0	CUSTOMIZED_CACHE_ONLY_UNCONFIRMED	Cache region contains object IDs customized by o.bin; this does not by itself prove production reachability	64	65	False	BASE
9631	37	159	2368	10176	2431	10239			CACHE_PRESENT_UNCLASSIFIED		True	True	True	True	2030	0	CACHE_ONLY_UNCONFIRMED	Present in current cache/index but no direct SpawnPK usage evidence in this static pass	1758	1759	False	BASE
9632	37	160	2368	10240	2431	10303			CACHE_PRESENT_UNCLASSIFIED		True	True	True	True	3961	0	CACHE_ONLY_UNCONFIRMED	Present in current cache/index but no direct SpawnPK usage evidence in this static pass	1760	1761	False	BASE
9772	38	44	2432	2816	2495	2879			CACHE_PRESENT_UNCLASSIFIED		True	True	True	True	2702	0	CACHE_ONLY_UNCONFIRMED	Present in current cache/index but no direct SpawnPK usage evidence in this static pass	2026	2027	False	BASE
9773	38	45	2432	2880	2495	2943			CACHE_PRESENT_UNCLASSIFIED		True	True	True	True	1382	0	CACHE_ONLY_UNCONFIRMED	Present in current cache/index but no direct SpawnPK usage evidence in this static pass	2024	2025	False	BASE
9774	38	46	2432	2944	2495	3007			SPAWNPK_STATIC_EVIDENCE	O_BIN_CUSTOM_OBJECT_PLACEMENTS	True	True	True	True	279	0	CUSTOMIZED_CACHE_ONLY_UNCONFIRMED	Cache region contains object IDs customized by o.bin; this does not by itself prove production reachability	146	147	False	BASE
9775	38	47	2432	3008	2495	3071			SPAWNPK_STATIC_EVIDENCE	O_BIN_CUSTOM_OBJECT_PLACEMENTS	True	True	True	True	1738	0	CUSTOMIZED_CACHE_ONLY_UNCONFIRMED	Cache region contains object IDs customized by o.bin; this does not by itself prove production reachability	148	149	False	BASE
9776	38	48	2432	3072	2495	3135			SPAWNPK_STATIC_EVIDENCE	O_BIN_CUSTOM_OBJECT_PLACEMENTS	True	True	True	True	2313	0	CUSTOMIZED_CACHE_ONLY_UNCONFIRMED	Cache region contains object IDs customized by o.bin; this does not by itself prove production reachability	150	151	False	BASE
9777	38	49	2432	3136	2495	3199			SPAWNPK_STATIC_EVIDENCE	O_BIN_CUSTOM_OBJECT_PLACEMENTS	True	True	True	True	2378	0	CUSTOMIZED_CACHE_ONLY_UNCONFIRMED	Cache region contains object IDs customized by o.bin; this does not by itself prove production reachability	152	153	False	BASE
9778	38	50	2432	3200	2495	3263			SPAWNPK_STATIC_EVIDENCE	O_BIN_CUSTOM_OBJECT_PLACEMENTS	True	True	True	True	1661	0	CUSTOMIZED_CACHE_ONLY_UNCONFIRMED	Cache region contains object IDs customized by o.bin; this does not by itself prove production reachability	154	155	False	BASE
9779	38	51	2432	3264	2495	3327			SPAWNPK_STATIC_EVIDENCE	O_BIN_CUSTOM_OBJECT_PLACEMENTS	True	True	True	True	2559	0	CUSTOMIZED_CACHE_ONLY_UNCONFIRMED	Cache region contains object IDs customized by o.bin; this does not by itself prove production reachability	156	157	False	BASE
9780	38	52	2432	3328	2495	3391			SPAWNPK_STATIC_EVIDENCE	O_BIN_CUSTOM_OBJECT_PLACEMENTS	True	True	True	True	2107	0	CUSTOMIZED_CACHE_ONLY_UNCONFIRMED	Cache region contains object IDs customized by o.bin; this does not by itself prove production reachability	158	159	False	BASE
9781	38	53	2432	3392	2495	3455			SPAWNPK_STATIC_EVIDENCE	O_BIN_CUSTOM_OBJECT_PLACEMENTS	True	True	True	True	2312	0	CUSTOMIZED_CACHE_ONLY_UNCONFIRMED	Cache region contains object IDs customized by o.bin; this does not by itself prove production reachability	162	163	False	BASE
9782	38	54	2432	3456	2495	3519			SPAWNPK_STATIC_EVIDENCE	O_BIN_CUSTOM_OBJECT_PLACEMENTS	True	True	True	True	3910	0	CUSTOMIZED_CACHE_ONLY_UNCONFIRMED	Cache region contains object IDs customized by o.bin; this does not by itself prove production reachability	164	165	False	BASE
9783	38	55	2432	3520	2495	3583			SPAWNPK_STATIC_EVIDENCE	O_BIN_CUSTOM_OBJECT_PLACEMENTS	True	True	True	True	327	0	CUSTOMIZED_CACHE_ONLY_UNCONFIRMED	Cache region contains object IDs customized by o.bin; this does not by itself prove production reachability	166	167	False	BASE
9784	38	56	2432	3584	2495	3647			CACHE_PRESENT_UNCLASSIFIED		True	True	True	True	0	0	CACHE_ONLY_UNCONFIRMED	Present in current cache/index but no direct SpawnPK usage evidence in this static pass	1000	1001	False	BASE
9785	38	57	2432	3648	2495	3711			CACHE_PRESENT_UNCLASSIFIED		True	True	True	True	0	0	CACHE_ONLY_UNCONFIRMED	Present in current cache/index but no direct SpawnPK usage evidence in this static pass	1002	1003	False	BASE
9786	38	58	2432	3712	2495	3775			CACHE_PRESENT_UNCLASSIFIED		True	True	True	True	0	0	CACHE_ONLY_UNCONFIRMED	Present in current cache/index but no direct SpawnPK usage evidence in this static pass	1066	1067	False	BASE
9787	38	59	2432	3776	2495	3839			CACHE_PRESENT_UNCLASSIFIED		True	True	True	True	1	0	CACHE_ONLY_UNCONFIRMED	Present in current cache/index but no direct SpawnPK usage evidence in this static pass	1008	1009	False	BASE
9788	38	60	2432	3840	2495	3903			CACHE_PRESENT_UNCLASSIFIED		True	True	True	True	1	0	CACHE_ONLY_UNCONFIRMED	Present in current cache/index but no direct SpawnPK usage evidence in this static pass	1010	1011	False	BASE
9789	38	61	2432	3904	2495	3967			CACHE_PRESENT_UNCLASSIFIED		True	True	True	True	0	0	CACHE_ONLY_UNCONFIRMED	Present in current cache/index but no direct SpawnPK usage evidence in this static pass	1012	1013	False	BASE
9790	38	62	2432	3968	2495	4031			CACHE_PRESENT_UNCLASSIFIED		True	True	True	True	0	0	CACHE_ONLY_UNCONFIRMED	Present in current cache/index but no direct SpawnPK usage evidence in this static pass	1640	1641	False	BASE
9791	38	63	2432	4032	2495	4095			CACHE_PRESENT_UNCLASSIFIED		True	True	True	True	0	0	CACHE_ONLY_UNCONFIRMED	Present in current cache/index but no direct SpawnPK usage evidence in this static pass	1642	1643	False	BASE
9792	38	64	2432	4096	2495	4159			CACHE_PRESENT_UNCLASSIFIED		True	True	True	True	0	0	CACHE_ONLY_UNCONFIRMED	Present in current cache/index but no direct SpawnPK usage evidence in this static pass	1644	1645	False	BASE
9794	38	66	2432	4224	2495	4287			CACHE_PRESENT_UNCLASSIFIED		True	True	True	True	0	0	CACHE_ONLY_UNCONFIRMED	Present in current cache/index but no direct SpawnPK usage evidence in this static pass	1886	1887	False	BASE
9796	38	68	2432	4352	2495	4415			SPAWNPK_STATIC_EVIDENCE	O_BIN_CUSTOM_OBJECT_PLACEMENTS	True	True	True	True	4100	0	CUSTOMIZED_CACHE_ONLY_UNCONFIRMED	Cache region contains object IDs customized by o.bin; this does not by itself prove production reachability	1332	1333	False	BASE
9797	38	69	2432	4416	2495	4479			SPAWNPK_STATIC_EVIDENCE	O_BIN_CUSTOM_OBJECT_PLACEMENTS	True	True	True	True	4379	0	CUSTOMIZED_CACHE_ONLY_UNCONFIRMED	Cache region contains object IDs customized by o.bin; this does not by itself prove production reachability	1136	1137	False	BASE
9799	38	71	2432	4544	2495	4607			SPAWNPK_STATIC_EVIDENCE	O_BIN_CUSTOM_OBJECT_PLACEMENTS	True	True	True	True	531	0	CUSTOMIZED_CACHE_ONLY_UNCONFIRMED	Cache region contains object IDs customized by o.bin; this does not by itself prove production reachability	992	993	False	BASE
9800	38	72	2432	4608	2495	4671			CACHE_PRESENT_UNCLASSIFIED		True	True	True	True	392	0	CACHE_ONLY_UNCONFIRMED	Present in current cache/index but no direct SpawnPK usage evidence in this static pass	1480	1481	False	BASE
9801	38	73	2432	4672	2495	4735			CACHE_PRESENT_UNCLASSIFIED		True	True	True	True	1856	0	CACHE_ONLY_UNCONFIRMED	Present in current cache/index but no direct SpawnPK usage evidence in this static pass	180	181	False	BASE
9802	38	74	2432	4736	2495	4799			SPAWNPK_STATIC_EVIDENCE	O_BIN_CUSTOM_OBJECT_PLACEMENTS	True	True	True	True	700	0	CUSTOMIZED_CACHE_ONLY_UNCONFIRMED	Cache region contains object IDs customized by o.bin; this does not by itself prove production reachability	182	183	False	BASE
9803	38	75	2432	4800	2495	4863			CACHE_PRESENT_UNCLASSIFIED		True	True	True	True	3751	0	CACHE_ONLY_UNCONFIRMED	Present in current cache/index but no direct SpawnPK usage evidence in this static pass	918	919	False	BASE
9804	38	76	2432	4864	2495	4927			CACHE_PRESENT_UNCLASSIFIED		True	True	True	True	3220	0	CACHE_ONLY_UNCONFIRMED	Present in current cache/index but no direct SpawnPK usage evidence in this static pass	2084	2085	False	BASE
9805	38	77	2432	4928	2495	4991			CACHE_PRESENT_UNCLASSIFIED		True	True	True	True	3975	0	CACHE_ONLY_UNCONFIRMED	Present in current cache/index but no direct SpawnPK usage evidence in this static pass	1226	1227	False	BASE
9806	38	78	2432	4992	2495	5055			SPAWNPK_STATIC_EVIDENCE	O_BIN_CUSTOM_OBJECT_PLACEMENTS	True	True	True	True	409	0	CUSTOMIZED_CACHE_ONLY_UNCONFIRMED	Cache region contains object IDs customized by o.bin; this does not by itself prove production reachability	1794	1795	False	BASE
9808	38	80	2432	5120	2495	5183			SPAWNPK_STATIC_EVIDENCE	O_BIN_CUSTOM_OBJECT_PLACEMENTS	True	True	True	True	6368	0	CUSTOMIZED_CACHE_ONLY_UNCONFIRMED	Cache region contains object IDs customized by o.bin; this does not by itself prove production reachability	1244	1245	False	BASE
9809	38	81	2432	5184	2495	5247			SPAWNPK_STATIC_EVIDENCE	O_BIN_CUSTOM_OBJECT_PLACEMENTS	True	True	True	True	1310	0	CUSTOMIZED_CACHE_ONLY_UNCONFIRMED	Cache region contains object IDs customized by o.bin; this does not by itself prove production reachability	2098	2099	False	BASE
9810	38	82	2432	5248	2495	5311			SPAWNPK_STATIC_EVIDENCE	O_BIN_CUSTOM_OBJECT_PLACEMENTS	True	True	True	True	2545	0	CUSTOMIZED_CACHE_ONLY_UNCONFIRMED	Cache region contains object IDs customized by o.bin; this does not by itself prove production reachability	1364	1365	False	BASE
9811	38	83	2432	5312	2495	5375			SPAWNPK_STATIC_EVIDENCE	O_BIN_CUSTOM_OBJECT_PLACEMENTS	True	True	True	True	1300	0	CUSTOMIZED_CACHE_ONLY_UNCONFIRMED	Cache region contains object IDs customized by o.bin; this does not by itself prove production reachability	1804	1805	False	BASE
9812	38	84	2432	5376	2495	5439			SPAWNPK_STATIC_EVIDENCE	O_BIN_CUSTOM_OBJECT_PLACEMENTS	True	True	True	True	1773	0	CUSTOMIZED_CACHE_ONLY_UNCONFIRMED	Cache region contains object IDs customized by o.bin; this does not by itself prove production reachability	1820	1821	False	BASE
9814	38	86	2432	5504	2495	5567			CACHE_PRESENT_UNCLASSIFIED		True	True	True	True	0	0	CACHE_ONLY_UNCONFIRMED	Present in current cache/index but no direct SpawnPK usage evidence in this static pass	1808	1809	False	BASE
9874	38	146	2432	9344	2495	9407			SPAWNPK_STATIC_EVIDENCE	O_BIN_CUSTOM_OBJECT_PLACEMENTS	True	True	True	True	1804	0	CUSTOMIZED_CACHE_ONLY_UNCONFIRMED	Cache region contains object IDs customized by o.bin; this does not by itself prove production reachability	558	559	False	BASE
9875	38	147	2432	9408	2495	9471			SPAWNPK_STATIC_EVIDENCE	O_BIN_CUSTOM_OBJECT_PLACEMENTS	True	True	True	True	6525	0	CUSTOMIZED_CACHE_ONLY_UNCONFIRMED	Cache region contains object IDs customized by o.bin; this does not by itself prove production reachability	560	561	False	BASE
9876	38	148	2432	9472	2495	9535			CACHE_PRESENT_UNCLASSIFIED		True	True	True	True	922	0	CACHE_ONLY_UNCONFIRMED	Present in current cache/index but no direct SpawnPK usage evidence in this static pass	562	563	False	BASE
9877	38	149	2432	9536	2495	9599			CACHE_PRESENT_UNCLASSIFIED		True	True	True	True	501	0	CACHE_ONLY_UNCONFIRMED	Present in current cache/index but no direct SpawnPK usage evidence in this static pass	564	565	False	BASE
9878	38	150	2432	9600	2495	9663			CACHE_PRESENT_UNCLASSIFIED		True	True	True	True	4142	0	CACHE_ONLY_UNCONFIRMED	Present in current cache/index but no direct SpawnPK usage evidence in this static pass	566	567	False	BASE
9879	38	151	2432	9664	2495	9727			SPAWNPK_STATIC_EVIDENCE	O_BIN_CUSTOM_OBJECT_PLACEMENTS	True	True	True	True	4932	0	CUSTOMIZED_CACHE_ONLY_UNCONFIRMED	Cache region contains object IDs customized by o.bin; this does not by itself prove production reachability	568	569	False	BASE
9880	38	152	2432	9728	2495	9791			CACHE_PRESENT_UNCLASSIFIED		True	True	True	True	726	0	CACHE_ONLY_UNCONFIRMED	Present in current cache/index but no direct SpawnPK usage evidence in this static pass	570	571	False	BASE
9881	38	153	2432	9792	2495	9855			CACHE_PRESENT_UNCLASSIFIED		True	True	True	True	602	0	CACHE_ONLY_UNCONFIRMED	Present in current cache/index but no direct SpawnPK usage evidence in this static pass	572	573	False	BASE
9882	38	154	2432	9856	2495	9919			SPAWNPK_STATIC_EVIDENCE	O_BIN_CUSTOM_OBJECT_PLACEMENTS	True	True	True	True	3527	0	CUSTOMIZED_CACHE_ONLY_UNCONFIRMED	Cache region contains object IDs customized by o.bin; this does not by itself prove production reachability	574	575	False	BASE
9883	38	155	2432	9920	2495	9983			CACHE_PRESENT_UNCLASSIFIED		True	True	True	True	896	0	CACHE_ONLY_UNCONFIRMED	Present in current cache/index but no direct SpawnPK usage evidence in this static pass	576	577	False	BASE
9886	38	158	2432	10112	2495	10175			CACHE_PRESENT_UNCLASSIFIED		True	True	True	True	1774	0	CACHE_ONLY_UNCONFIRMED	Present in current cache/index but no direct SpawnPK usage evidence in this static pass	1236	1237	False	BASE
10023	39	39	2496	2496	2559	2559			CACHE_PRESENT_UNCLASSIFIED		True	True	True	True	0	0	CACHE_ONLY_UNCONFIRMED	Present in current cache/index but no direct SpawnPK usage evidence in this static pass	1646	1647	False	BASE
10024	39	40	2496	2560	2559	2623			CACHE_PRESENT_UNCLASSIFIED		True	True	True	True	0	0	CACHE_ONLY_UNCONFIRMED	Present in current cache/index but no direct SpawnPK usage evidence in this static pass	1648	1649	False	BASE
10025	39	41	2496	2624	2559	2687			CACHE_PRESENT_UNCLASSIFIED		True	True	True	True	0	0	CACHE_ONLY_UNCONFIRMED	Present in current cache/index but no direct SpawnPK usage evidence in this static pass	1650	1651	False	BASE
10026	39	42	2496	2688	2559	2751			CACHE_PRESENT_UNCLASSIFIED		True	True	True	True	0	0	CACHE_ONLY_UNCONFIRMED	Present in current cache/index but no direct SpawnPK usage evidence in this static pass	1652	1653	False	BASE
10027	39	43	2496	2752	2559	2815			CACHE_PRESENT_UNCLASSIFIED		True	True	True	True	0	0	CACHE_ONLY_UNCONFIRMED	Present in current cache/index but no direct SpawnPK usage evidence in this static pass	1654	1655	False	BASE
10028	39	44	2496	2816	2559	2879			CACHE_PRESENT_UNCLASSIFIED		True	True	True	True	3909	0	CACHE_ONLY_UNCONFIRMED	Present in current cache/index but no direct SpawnPK usage evidence in this static pass	2022	2023	False	BASE
10029	39	45	2496	2880	2559	2943			CACHE_PRESENT_UNCLASSIFIED		True	True	True	True	2373	0	CACHE_ONLY_UNCONFIRMED	Present in current cache/index but no direct SpawnPK usage evidence in this static pass	1558	1559	False	BASE
10030	39	46	2496	2944	2559	3007			SPAWNPK_STATIC_EVIDENCE	O_BIN_CUSTOM_OBJECT_PLACEMENTS	True	True	True	True	1593	0	CUSTOMIZED_CACHE_ONLY_UNCONFIRMED	Cache region contains object IDs customized by o.bin; this does not by itself prove production reachability	666	667	False	BASE
10031	39	47	2496	3008	2559	3071			SPAWNPK_STATIC_EVIDENCE	O_BIN_CUSTOM_OBJECT_PLACEMENTS	True	True	True	True	2270	0	CUSTOMIZED_CACHE_ONLY_UNCONFIRMED	Cache region contains object IDs customized by o.bin; this does not by itself prove production reachability	668	669	False	BASE
10032	39	48	2496	3072	2559	3135			SPAWNPK_STATIC_EVIDENCE	O_BIN_CUSTOM_OBJECT_PLACEMENTS	True	True	True	True	2814	0	CUSTOMIZED_CACHE_ONLY_UNCONFIRMED	Cache region contains object IDs customized by o.bin; this does not by itself prove production reachability	670	671	False	BASE
10033	39	49	2496	3136	2559	3199			SPAWNPK_STATIC_EVIDENCE	O_BIN_CUSTOM_OBJECT_PLACEMENTS	True	True	True	True	2344	0	CUSTOMIZED_CACHE_ONLY_UNCONFIRMED	Cache region contains object IDs customized by o.bin; this does not by itself prove production reachability	672	673	False	BASE
10034	39	50	2496	3200	2559	3263			SPAWNPK_STATIC_EVIDENCE	O_BIN_CUSTOM_OBJECT_PLACEMENTS	True	True	True	True	1583	0	CUSTOMIZED_CACHE_ONLY_UNCONFIRMED	Cache region contains object IDs customized by o.bin; this does not by itself prove production reachability	674	675	False	BASE
10035	39	51	2496	3264	2559	3327			SPAWNPK_STATIC_EVIDENCE	O_BIN_CUSTOM_OBJECT_PLACEMENTS	True	True	True	True	4225	0	CUSTOMIZED_CACHE_ONLY_UNCONFIRMED	Cache region contains object IDs customized by o.bin; this does not by itself prove production reachability	676	677	False	BASE
10036	39	52	2496	3328	2559	3391			SPAWNPK_STATIC_EVIDENCE	O_BIN_CUSTOM_OBJECT_PLACEMENTS	True	True	True	True	2372	0	CUSTOMIZED_CACHE_ONLY_UNCONFIRMED	Cache region contains object IDs customized by o.bin; this does not by itself prove production reachability	678	679	False	BASE
10037	39	53	2496	3392	2559	3455			SPAWNPK_STATIC_EVIDENCE	O_BIN_CUSTOM_OBJECT_PLACEMENTS	True	True	True	True	1983	0	CUSTOMIZED_CACHE_ONLY_UNCONFIRMED	Cache region contains object IDs customized by o.bin; this does not by itself prove production reachability	680	681	False	BASE
10038	39	54	2496	3456	2559	3519			SPAWNPK_STATIC_EVIDENCE	O_BIN_CUSTOM_OBJECT_PLACEMENTS	True	True	True	True	1928	0	CUSTOMIZED_CACHE_ONLY_UNCONFIRMED	Cache region contains object IDs customized by o.bin; this does not by itself prove production reachability	682	683	False	BASE
10039	39	55	2496	3520	2559	3583			SPAWNPK_STATIC_EVIDENCE	O_BIN_CUSTOM_OBJECT_PLACEMENTS	True	True	True	True	1919	0	CUSTOMIZED_CACHE_ONLY_UNCONFIRMED	Cache region contains object IDs customized by o.bin; this does not by itself prove production reachability	686	687	False	BASE
10040	39	56	2496	3584	2559	3647			SPAWNPK_STATIC_EVIDENCE	O_BIN_CUSTOM_OBJECT_PLACEMENTS	True	True	True	True	503	0	CUSTOMIZED_CACHE_ONLY_UNCONFIRMED	Cache region contains object IDs customized by o.bin; this does not by itself prove production reachability	996	997	False	BASE
10041	39	57	2496	3648	2559	3711			CACHE_PRESENT_UNCLASSIFIED		True	True	True	True	0	0	CACHE_ONLY_UNCONFIRMED	Present in current cache/index but no direct SpawnPK usage evidence in this static pass	1004	1005	False	BASE
10042	39	58	2496	3712	2559	3775			CACHE_PRESENT_UNCLASSIFIED		True	True	True	True	1029	0	CACHE_ONLY_UNCONFIRMED	Present in current cache/index but no direct SpawnPK usage evidence in this static pass	1068	1069	False	BASE
10043	39	59	2496	3776	2559	3839			CACHE_PRESENT_UNCLASSIFIED		True	True	True	True	95	0	CACHE_ONLY_UNCONFIRMED	Present in current cache/index but no direct SpawnPK usage evidence in this static pass	1014	1015	False	BASE
10044	39	60	2496	3840	2559	3903			SPAWNPK_STATIC_EVIDENCE	O_BIN_CUSTOM_OBJECT_PLACEMENTS	True	True	True	True	3425	0	CUSTOMIZED_CACHE_ONLY_UNCONFIRMED	Cache region contains object IDs customized by o.bin; this does not by itself prove production reachability	1016	1017	False	BASE
10045	39	61	2496	3904	2559	3967			CACHE_PRESENT_UNCLASSIFIED		True	True	True	True	0	0	CACHE_ONLY_UNCONFIRMED	Present in current cache/index but no direct SpawnPK usage evidence in this static pass	1018	1019	False	BASE
10046	39	62	2496	3968	2559	4031			CACHE_PRESENT_UNCLASSIFIED		True	True	True	True	0	0	CACHE_ONLY_UNCONFIRMED	Present in current cache/index but no direct SpawnPK usage evidence in this static pass	1656	1657	False	BASE
10047	39	63	2496	4032	2559	4095			CACHE_PRESENT_UNCLASSIFIED		True	True	True	True	0	0	CACHE_ONLY_UNCONFIRMED	Present in current cache/index but no direct SpawnPK usage evidence in this static pass	1658	1659	False	BASE
10048	39	64	2496	4096	2559	4159			CACHE_PRESENT_UNCLASSIFIED		True	True	True	True	0	0	CACHE_ONLY_UNCONFIRMED	Present in current cache/index but no direct SpawnPK usage evidence in this static pass	1660	1661	False	BASE
10055	39	71	2496	4544	2559	4607			CACHE_PRESENT_UNCLASSIFIED		True	True	True	True	1697	0	CACHE_ONLY_UNCONFIRMED	Present in current cache/index but no direct SpawnPK usage evidence in this static pass	924	925	False	BASE
10056	39	72	2496	4608	2559	4671			CACHE_PRESENT_UNCLASSIFIED		True	True	True	True	1483	0	CACHE_ONLY_UNCONFIRMED	Present in current cache/index but no direct SpawnPK usage evidence in this static pass	704	705	False	BASE
10057	39	73	2496	4672	2559	4735		mage_bank	SPAWNPK_STATIC_EVIDENCE	M_BIN_EXPLICIT_REGION;NAMED_OR_GROUPED	True	True	True	True	3140	0	CLIENT_EXPLICIT_CUSTOM_REGION	Explicit configs/m.bin region; static existence is proven, live use may still vary by content lifecycle	708	709	False	BASE+M_BIN
10058	39	74	2496	4736	2559	4799			CACHE_PRESENT_UNCLASSIFIED		True	True	True	True	1176	0	CACHE_ONLY_UNCONFIRMED	Present in current cache/index but no direct SpawnPK usage evidence in this static pass	712	713	False	BASE
10059	39	75	2496	4800	2559	4863			CACHE_PRESENT_UNCLASSIFIED		True	True	True	True	2296	0	CACHE_ONLY_UNCONFIRMED	Present in current cache/index but no direct SpawnPK usage evidence in this static pass	716	717	False	BASE
10061	39	77	2496	4928	2559	4991			CACHE_PRESENT_UNCLASSIFIED		True	True	True	True	1339	0	CACHE_ONLY_UNCONFIRMED	Present in current cache/index but no direct SpawnPK usage evidence in this static pass	1148	1149	False	BASE
10062	39	78	2496	4992	2559	5055			CACHE_PRESENT_UNCLASSIFIED		True	True	True	True	6739	0	CACHE_ONLY_UNCONFIRMED	Present in current cache/index but no direct SpawnPK usage evidence in this static pass	3463	3464	False	BASE
10064	39	80	2496	5120	2559	5183			CACHE_PRESENT_UNCLASSIFIED		True	True	True	True	0	0	CACHE_ONLY_UNCONFIRMED	Present in current cache/index but no direct SpawnPK usage evidence in this static pass	2094	2095	False	BASE
10065	39	81	2496	5184	2559	5247			SPAWNPK_STATIC_EVIDENCE	O_BIN_CUSTOM_OBJECT_PLACEMENTS	True	True	True	True	3076	0	CUSTOMIZED_CACHE_ONLY_UNCONFIRMED	Cache region contains object IDs customized by o.bin; this does not by itself prove production reachability	2100	2101	False	BASE
10066	39	82	2496	5248	2559	5311			CACHE_PRESENT_UNCLASSIFIED		True	True	True	True	5090	0	CACHE_ONLY_UNCONFIRMED	Present in current cache/index but no direct SpawnPK usage evidence in this static pass	1366	1367	False	BASE
10068	39	84	2496	5376	2559	5439			CACHE_PRESENT_UNCLASSIFIED		True	True	True	True	2492	0	CACHE_ONLY_UNCONFIRMED	Present in current cache/index but no direct SpawnPK usage evidence in this static pass	2056	2057	False	BASE
10069	39	85	2496	5440	2559	5503			CACHE_PRESENT_UNCLASSIFIED		True	True	True	True	6	0	CACHE_ONLY_UNCONFIRMED	Present in current cache/index but no direct SpawnPK usage evidence in this static pass	2899	2900	False	BASE
10070	39	86	2496	5504	2559	5567			CACHE_PRESENT_UNCLASSIFIED		True	True	True	True	0	0	CACHE_ONLY_UNCONFIRMED	Present in current cache/index but no direct SpawnPK usage evidence in this static pass	1810	1811	False	BASE
10071	39	87	2496	5568	2559	5631			CACHE_PRESENT_UNCLASSIFIED		True	True	True	True	0	0	CACHE_ONLY_UNCONFIRMED	Present in current cache/index but no direct SpawnPK usage evidence in this static pass	1816	1817	False	BASE
10073	39	89	2496	5696	2559	5759			CACHE_PRESENT_UNCLASSIFIED		False	False	False	False	0	0	CACHE_ONLY_UNCONFIRMED	Present in current cache/index but no direct SpawnPK usage evidence in this static pass	3627	3628	False	BASE
10074	39	90	2496	5760	2559	5823			CACHE_PRESENT_UNCLASSIFIED		False	False	False	False	0	0	CACHE_ONLY_UNCONFIRMED	Present in current cache/index but no direct SpawnPK usage evidence in this static pass	3655	3656	False	BASE
10075	39	91	2496	5824	2559	5887			CACHE_PRESENT_UNCLASSIFIED		False	False	False	False	0	0	CACHE_ONLY_UNCONFIRMED	Present in current cache/index but no direct SpawnPK usage evidence in this static pass	3653	3654	False	BASE
10129	39	145	2496	9280	2559	9343			CACHE_PRESENT_UNCLASSIFIED		True	True	True	True	0	0	CACHE_ONLY_UNCONFIRMED	Present in current cache/index but no direct SpawnPK usage evidence in this static pass	1574	1575	False	BASE
10130	39	146	2496	9344	2559	9407			CACHE_PRESENT_UNCLASSIFIED		True	True	True	True	0	0	CACHE_ONLY_UNCONFIRMED	Present in current cache/index but no direct SpawnPK usage evidence in this static pass	3219	3220	False	BASE
10131	39	147	2496	9408	2559	9471			SPAWNPK_STATIC_EVIDENCE	O_BIN_CUSTOM_OBJECT_PLACEMENTS	True	True	True	True	2914	0	CUSTOMIZED_CACHE_ONLY_UNCONFIRMED	Cache region contains object IDs customized by o.bin; this does not by itself prove production reachability	220	221	False	BASE
10132	39	148	2496	9472	2559	9535			CACHE_PRESENT_UNCLASSIFIED		True	True	True	True	1192	0	CACHE_ONLY_UNCONFIRMED	Present in current cache/index but no direct SpawnPK usage evidence in this static pass	222	223	False	BASE
10133	39	149	2496	9536	2559	9599			SPAWNPK_STATIC_EVIDENCE	O_BIN_CUSTOM_OBJECT_PLACEMENTS	True	True	True	True	3583	0	CUSTOMIZED_CACHE_ONLY_UNCONFIRMED	Cache region contains object IDs customized by o.bin; this does not by itself prove production reachability	224	225	False	BASE
10134	39	150	2496	9600	2559	9663			SPAWNPK_STATIC_EVIDENCE	O_BIN_CUSTOM_OBJECT_PLACEMENTS	True	True	True	True	416	0	CUSTOMIZED_CACHE_ONLY_UNCONFIRMED	Cache region contains object IDs customized by o.bin; this does not by itself prove production reachability	226	227	False	BASE
10135	39	151	2496	9664	2559	9727			SPAWNPK_STATIC_EVIDENCE	O_BIN_CUSTOM_OBJECT_PLACEMENTS	True	True	True	True	857	0	CUSTOMIZED_CACHE_ONLY_UNCONFIRMED	Cache region contains object IDs customized by o.bin; this does not by itself prove production reachability	228	229	False	BASE
10136	39	152	2496	9728	2559	9791			CACHE_PRESENT_UNCLASSIFIED		True	True	True	True	396	0	CACHE_ONLY_UNCONFIRMED	Present in current cache/index but no direct SpawnPK usage evidence in this static pass	230	231	False	BASE
10137	39	153	2496	9792	2559	9855			SPAWNPK_STATIC_EVIDENCE	O_BIN_CUSTOM_OBJECT_PLACEMENTS	True	True	True	True	2309	0	CUSTOMIZED_CACHE_ONLY_UNCONFIRMED	Cache region contains object IDs customized by o.bin; this does not by itself prove production reachability	232	233	False	BASE
10138	39	154	2496	9856	2559	9919			SPAWNPK_STATIC_EVIDENCE	O_BIN_CUSTOM_OBJECT_PLACEMENTS	True	True	True	True	3209	0	CUSTOMIZED_CACHE_ONLY_UNCONFIRMED	Cache region contains object IDs customized by o.bin; this does not by itself prove production reachability	234	235	False	BASE
10139	39	155	2496	9920	2559	9983			SPAWNPK_STATIC_EVIDENCE	O_BIN_CUSTOM_OBJECT_PLACEMENTS	True	True	True	True	779	0	CUSTOMIZED_CACHE_ONLY_UNCONFIRMED	Cache region contains object IDs customized by o.bin; this does not by itself prove production reachability	236	237	False	BASE
10140	39	156	2496	9984	2559	10047			CACHE_PRESENT_UNCLASSIFIED		True	True	True	True	1483	0	CACHE_ONLY_UNCONFIRMED	Present in current cache/index but no direct SpawnPK usage evidence in this static pass	994	995	False	BASE
10142	39	158	2496	10112	2559	10175			CACHE_PRESENT_UNCLASSIFIED		True	True	True	True	2083	0	CACHE_ONLY_UNCONFIRMED	Present in current cache/index but no direct SpawnPK usage evidence in this static pass	1234	1235	False	BASE
10144	39	160	2496	10240	2559	10303			CACHE_PRESENT_UNCLASSIFIED		True	True	True	True	5741	0	CACHE_ONLY_UNCONFIRMED	Present in current cache/index but no direct SpawnPK usage evidence in this static pass	12	13	False	BASE
10279	40	39	2560	2496	2623	2559			CACHE_PRESENT_UNCLASSIFIED		True	True	True	True	0	0	CACHE_ONLY_UNCONFIRMED	Present in current cache/index but no direct SpawnPK usage evidence in this static pass	1662	1663	False	BASE
10280	40	40	2560	2560	2623	2623			CACHE_PRESENT_UNCLASSIFIED		True	True	True	True	0	0	CACHE_ONLY_UNCONFIRMED	Present in current cache/index but no direct SpawnPK usage evidence in this static pass	1468	1469	False	BASE
10281	40	41	2560	2624	2623	2687			CACHE_PRESENT_UNCLASSIFIED		True	True	True	True	0	0	CACHE_ONLY_UNCONFIRMED	Present in current cache/index but no direct SpawnPK usage evidence in this static pass	1470	1471	False	BASE
10282	40	42	2560	2688	2623	2751			CACHE_PRESENT_UNCLASSIFIED		True	True	True	True	0	0	CACHE_ONLY_UNCONFIRMED	Present in current cache/index but no direct SpawnPK usage evidence in this static pass	1472	1473	False	BASE
10283	40	43	2560	2752	2623	2815			CACHE_PRESENT_UNCLASSIFIED		True	True	True	True	0	0	CACHE_ONLY_UNCONFIRMED	Present in current cache/index but no direct SpawnPK usage evidence in this static pass	1488	1489	False	BASE
10284	40	44	2560	2816	2623	2879			CACHE_PRESENT_UNCLASSIFIED		True	True	True	True	3132	0	CACHE_ONLY_UNCONFIRMED	Present in current cache/index but no direct SpawnPK usage evidence in this static pass	2020	2021	False	BASE
10285	40	45	2560	2880	2623	2943			CACHE_PRESENT_UNCLASSIFIED		True	True	True	True	1889	0	CACHE_ONLY_UNCONFIRMED	Present in current cache/index but no direct SpawnPK usage evidence in this static pass	1560	1561	False	BASE
10286	40	46	2560	2944	2623	3007			SPAWNPK_STATIC_EVIDENCE	O_BIN_CUSTOM_OBJECT_PLACEMENTS	True	True	True	True	1305	0	CUSTOMIZED_CACHE_ONLY_UNCONFIRMED	Cache region contains object IDs customized by o.bin; this does not by itself prove production reachability	784	785	False	BASE
10287	40	47	2560	3008	2623	3071			SPAWNPK_STATIC_EVIDENCE	O_BIN_CUSTOM_OBJECT_PLACEMENTS	True	True	True	True	1137	0	CUSTOMIZED_CACHE_ONLY_UNCONFIRMED	Cache region contains object IDs customized by o.bin; this does not by itself prove production reachability	790	791	False	BASE
10288	40	48	2560	3072	2623	3135			SPAWNPK_STATIC_EVIDENCE	O_BIN_CUSTOM_OBJECT_PLACEMENTS	True	True	True	True	4438	0	CUSTOMIZED_CACHE_ONLY_UNCONFIRMED	Cache region contains object IDs customized by o.bin; this does not by itself prove production reachability	796	797	False	BASE
10289	40	49	2560	3136	2623	3199			SPAWNPK_STATIC_EVIDENCE	O_BIN_CUSTOM_OBJECT_PLACEMENTS	True	True	True	True	4027	0	CUSTOMIZED_CACHE_ONLY_UNCONFIRMED	Cache region contains object IDs customized by o.bin; this does not by itself prove production reachability	800	801	False	BASE
10290	40	50	2560	3200	2623	3263			SPAWNPK_STATIC_EVIDENCE	O_BIN_CUSTOM_OBJECT_PLACEMENTS	True	True	True	True	2744	0	CUSTOMIZED_CACHE_ONLY_UNCONFIRMED	Cache region contains object IDs customized by o.bin; this does not by itself prove production reachability	806	807	False	BASE
10291	40	51	2560	3264	2623	3327			SPAWNPK_STATIC_EVIDENCE	O_BIN_CUSTOM_OBJECT_PLACEMENTS	True	True	True	True	5370	0	CUSTOMIZED_CACHE_ONLY_UNCONFIRMED	Cache region contains object IDs customized by o.bin; this does not by itself prove production reachability	808	809	False	BASE
10292	40	52	2560	3328	2623	3391			SPAWNPK_STATIC_EVIDENCE	O_BIN_CUSTOM_OBJECT_PLACEMENTS	True	True	True	True	3299	0	CUSTOMIZED_CACHE_ONLY_UNCONFIRMED	Cache region contains object IDs customized by o.bin; this does not by itself prove production reachability	810	811	False	BASE
10293	40	53	2560	3392	2623	3455			SPAWNPK_STATIC_EVIDENCE	O_BIN_CUSTOM_OBJECT_PLACEMENTS	True	True	True	True	2336	0	CUSTOMIZED_CACHE_ONLY_UNCONFIRMED	Cache region contains object IDs customized by o.bin; this does not by itself prove production reachability	812	813	False	BASE
10294	40	54	2560	3456	2623	3519			SPAWNPK_STATIC_EVIDENCE	O_BIN_CUSTOM_OBJECT_PLACEMENTS	True	True	True	True	1684	0	CUSTOMIZED_CACHE_ONLY_UNCONFIRMED	Cache region contains object IDs customized by o.bin; this does not by itself prove production reachability	814	815	False	BASE
10295	40	55	2560	3520	2623	3583			CACHE_PRESENT_UNCLASSIFIED		True	True	True	True	0	0	CACHE_ONLY_UNCONFIRMED	Present in current cache/index but no direct SpawnPK usage evidence in this static pass	0	1	False	BASE
10296	40	56	2560	3584	2623	3647			SPAWNPK_STATIC_EVIDENCE	O_BIN_CUSTOM_OBJECT_PLACEMENTS	True	True	True	True	776	0	CUSTOMIZED_CACHE_ONLY_UNCONFIRMED	Cache region contains object IDs customized by o.bin; this does not by itself prove production reachability	972	973	False	BASE
10297	40	57	2560	3648	2623	3711			CACHE_PRESENT_UNCLASSIFIED		True	True	True	True	450	0	CACHE_ONLY_UNCONFIRMED	Present in current cache/index but no direct SpawnPK usage evidence in this static pass	986	987	False	BASE
10298	40	58	2560	3712	2623	3775			CACHE_PRESENT_UNCLASSIFIED		True	True	True	True	0	0	CACHE_ONLY_UNCONFIRMED	Present in current cache/index but no direct SpawnPK usage evidence in this static pass	988	989	False	BASE
10299	40	59	2560	3776	2623	3839			CACHE_PRESENT_UNCLASSIFIED		True	True	True	True	0	0	CACHE_ONLY_UNCONFIRMED	Present in current cache/index but no direct SpawnPK usage evidence in this static pass	1020	1021	False	BASE
10300	40	60	2560	3840	2623	3903			SPAWNPK_STATIC_EVIDENCE	O_BIN_CUSTOM_OBJECT_PLACEMENTS	True	True	True	True	2565	0	CUSTOMIZED_CACHE_ONLY_UNCONFIRMED	Cache region contains object IDs customized by o.bin; this does not by itself prove production reachability	1022	1023	False	BASE
10301	40	61	2560	3904	2623	3967			CACHE_PRESENT_UNCLASSIFIED		True	True	True	True	78	0	CACHE_ONLY_UNCONFIRMED	Present in current cache/index but no direct SpawnPK usage evidence in this static pass	1024	1025	False	BASE
10302	40	62	2560	3968	2623	4031			CACHE_PRESENT_UNCLASSIFIED		True	True	True	True	0	0	CACHE_ONLY_UNCONFIRMED	Present in current cache/index but no direct SpawnPK usage evidence in this static pass	1742	1743	False	BASE
10304	40	64	2560	4096	2623	4159			CACHE_PRESENT_UNCLASSIFIED		True	True	True	True	0	0	CACHE_ONLY_UNCONFIRMED	Present in current cache/index but no direct SpawnPK usage evidence in this static pass	1750	1751	False	BASE
10305	40	65	2560	4160	2623	4223			SPAWNPK_STATIC_EVIDENCE	O_BIN_CUSTOM_OBJECT_PLACEMENTS	True	True	True	True	853	0	CUSTOMIZED_CACHE_ONLY_UNCONFIRMED	Cache region contains object IDs customized by o.bin; this does not by itself prove production reachability	1912	1913	False	BASE
10307	40	67	2560	4288	2623	4351			CACHE_PRESENT_UNCLASSIFIED		True	True	True	True	0	0	CACHE_ONLY_UNCONFIRMED	Present in current cache/index but no direct SpawnPK usage evidence in this static pass	1832	1833	False	BASE
10309	40	69	2560	4416	2623	4479			SPAWNPK_STATIC_EVIDENCE	O_BIN_CUSTOM_OBJECT_PLACEMENTS	True	True	True	True	3582	0	CUSTOMIZED_CACHE_ONLY_UNCONFIRMED	Cache region contains object IDs customized by o.bin; this does not by itself prove production reachability	1122	1123	False	BASE
10310	40	70	2560	4480	2623	4543			SPAWNPK_STATIC_EVIDENCE	O_BIN_CUSTOM_OBJECT_PLACEMENTS	True	True	True	True	4732	0	CUSTOMIZED_CACHE_ONLY_UNCONFIRMED	Cache region contains object IDs customized by o.bin; this does not by itself prove production reachability	1052	1053	False	BASE
10311	40	71	2560	4544	2623	4607			CACHE_PRESENT_UNCLASSIFIED		True	True	True	True	1294	0	CACHE_ONLY_UNCONFIRMED	Present in current cache/index but no direct SpawnPK usage evidence in this static pass	1032	1033	False	BASE
10312	40	72	2560	4608	2623	4671			SPAWNPK_STATIC_EVIDENCE	O_BIN_CUSTOM_OBJECT_PLACEMENTS	True	True	True	True	20	0	CUSTOMIZED_CACHE_ONLY_UNCONFIRMED	Cache region contains object IDs customized by o.bin; this does not by itself prove production reachability	16	17	False	BASE
10313	40	73	2560	4672	2623	4735			CACHE_PRESENT_UNCLASSIFIED		True	True	True	True	0	0	CACHE_ONLY_UNCONFIRMED	Present in current cache/index but no direct SpawnPK usage evidence in this static pass	18	19	False	BASE
10314	40	74	2560	4736	2623	4799			CACHE_PRESENT_UNCLASSIFIED		True	True	True	True	1487	0	CACHE_ONLY_UNCONFIRMED	Present in current cache/index but no direct SpawnPK usage evidence in this static pass	20	21	False	BASE
10315	40	75	2560	4800	2623	4863			SPAWNPK_STATIC_EVIDENCE	O_BIN_CUSTOM_OBJECT_PLACEMENTS	True	True	True	True	1558	0	CUSTOMIZED_CACHE_ONLY_UNCONFIRMED	Cache region contains object IDs customized by o.bin; this does not by itself prove production reachability	22	23	False	BASE
10317	40	77	2560	4928	2623	4991			CACHE_PRESENT_UNCLASSIFIED		True	True	True	True	1331	0	CACHE_ONLY_UNCONFIRMED	Present in current cache/index but no direct SpawnPK usage evidence in this static pass	1150	1151	False	BASE
10318	40	78	2560	4992	2623	5055			SPAWNPK_STATIC_EVIDENCE	O_BIN_CUSTOM_OBJECT_PLACEMENTS	True	True	True	True	573	0	CUSTOMIZED_CACHE_ONLY_UNCONFIRMED	Cache region contains object IDs customized by o.bin; this does not by itself prove production reachability	3385	3386	False	BASE
10321	40	81	2560	5184	2623	5247			CACHE_PRESENT_UNCLASSIFIED		True	True	True	True	704	0	CACHE_ONLY_UNCONFIRMED	Present in current cache/index but no direct SpawnPK usage evidence in this static pass	48	49	False	BASE
10322	40	82	2560	5248	2623	5311			SPAWNPK_STATIC_EVIDENCE	O_BIN_CUSTOM_OBJECT_PLACEMENTS	True	True	True	True	2909	0	CUSTOMIZED_CACHE_ONLY_UNCONFIRMED	Cache region contains object IDs customized by o.bin; this does not by itself prove production reachability	1588	1589	False	BASE
10324	40	84	2560	5376	2623	5439			CACHE_PRESENT_UNCLASSIFIED		True	True	True	True	486	0	CACHE_ONLY_UNCONFIRMED	Present in current cache/index but no direct SpawnPK usage evidence in this static pass	2062	2063	False	BASE
10326	40	86	2560	5504	2623	5567			CACHE_PRESENT_UNCLASSIFIED		True	True	True	True	0	0	CACHE_ONLY_UNCONFIRMED	Present in current cache/index but no direct SpawnPK usage evidence in this static pass	2028	2029	False	BASE
10329	40	89	2560	5696	2623	5759			CACHE_PRESENT_UNCLASSIFIED		False	False	False	False	0	0	CACHE_ONLY_UNCONFIRMED	Present in current cache/index but no direct SpawnPK usage evidence in this static pass	3625	3626	False	BASE
10330	40	90	2560	5760	2623	5823			CACHE_PRESENT_UNCLASSIFIED		False	False	False	False	0	0	CACHE_ONLY_UNCONFIRMED	Present in current cache/index but no direct SpawnPK usage evidence in this static pass	3629	3630	False	BASE
10331	40	91	2560	5824	2623	5887			CACHE_PRESENT_UNCLASSIFIED		False	False	False	False	0	0	CACHE_ONLY_UNCONFIRMED	Present in current cache/index but no direct SpawnPK usage evidence in this static pass	3639	3640	False	BASE
10386	40	146	2560	9344	2623	9407			CACHE_PRESENT_UNCLASSIFIED		True	True	True	True	114	0	CACHE_ONLY_UNCONFIRMED	Present in current cache/index but no direct SpawnPK usage evidence in this static pass	3019	3020	False	BASE
10387	40	147	2560	9408	2623	9471			SPAWNPK_STATIC_EVIDENCE	O_BIN_CUSTOM_OBJECT_PLACEMENTS	True	True	True	True	3318	0	CUSTOMIZED_CACHE_ONLY_UNCONFIRMED	Cache region contains object IDs customized by o.bin; this does not by itself prove production reachability	324	325	False	BASE
10388	40	148	2560	9472	2623	9535			SPAWNPK_STATIC_EVIDENCE	O_BIN_CUSTOM_OBJECT_PLACEMENTS	True	True	True	True	4253	0	CUSTOMIZED_CACHE_ONLY_UNCONFIRMED	Cache region contains object IDs customized by o.bin; this does not by itself prove production reachability	328	329	False	BASE
10389	40	149	2560	9536	2623	9599			SPAWNPK_STATIC_EVIDENCE	O_BIN_CUSTOM_OBJECT_PLACEMENTS	True	True	True	True	2012	0	CUSTOMIZED_CACHE_ONLY_UNCONFIRMED	Cache region contains object IDs customized by o.bin; this does not by itself prove production reachability	332	333	False	BASE
10390	40	150	2560	9600	2623	9663			SPAWNPK_STATIC_EVIDENCE	O_BIN_CUSTOM_OBJECT_PLACEMENTS	True	True	True	True	2662	0	CUSTOMIZED_CACHE_ONLY_UNCONFIRMED	Cache region contains object IDs customized by o.bin; this does not by itself prove production reachability	334	335	False	BASE
10391	40	151	2560	9664	2623	9727			SPAWNPK_STATIC_EVIDENCE	O_BIN_CUSTOM_OBJECT_PLACEMENTS	True	True	True	True	1256	0	CUSTOMIZED_CACHE_ONLY_UNCONFIRMED	Cache region contains object IDs customized by o.bin; this does not by itself prove production reachability	336	337	False	BASE
10392	40	152	2560	9728	2623	9791			SPAWNPK_STATIC_EVIDENCE	O_BIN_CUSTOM_OBJECT_PLACEMENTS	True	True	True	True	1840	0	CUSTOMIZED_CACHE_ONLY_UNCONFIRMED	Cache region contains object IDs customized by o.bin; this does not by itself prove production reachability	338	339	False	BASE
10393	40	153	2560	9792	2623	9855			SPAWNPK_STATIC_EVIDENCE	O_BIN_CUSTOM_OBJECT_PLACEMENTS	True	True	True	True	4057	0	CUSTOMIZED_CACHE_ONLY_UNCONFIRMED	Cache region contains object IDs customized by o.bin; this does not by itself prove production reachability	340	341	False	BASE
10394	40	154	2560	9856	2623	9919			SPAWNPK_STATIC_EVIDENCE	O_BIN_CUSTOM_OBJECT_PLACEMENTS	True	True	True	True	3833	0	CUSTOMIZED_CACHE_ONLY_UNCONFIRMED	Cache region contains object IDs customized by o.bin; this does not by itself prove production reachability	342	343	False	BASE
10395	40	155	2560	9920	2623	9983			CACHE_PRESENT_UNCLASSIFIED		True	True	True	True	986	0	CACHE_ONLY_UNCONFIRMED	Present in current cache/index but no direct SpawnPK usage evidence in this static pass	2871	2872	False	BASE
10396	40	156	2560	9984	2623	10047			CACHE_PRESENT_UNCLASSIFIED		True	True	True	True	1152	0	CACHE_ONLY_UNCONFIRMED	Present in current cache/index but no direct SpawnPK usage evidence in this static pass	3243	3244	False	BASE
10400	40	160	2560	10240	2623	10303			CACHE_PRESENT_UNCLASSIFIED		True	True	True	True	5159	0	CACHE_ONLY_UNCONFIRMED	Present in current cache/index but no direct SpawnPK usage evidence in this static pass	24	25	False	BASE
10535	41	39	2624	2496	2687	2559			CACHE_PRESENT_UNCLASSIFIED		True	True	True	True	0	0	CACHE_ONLY_UNCONFIRMED	Present in current cache/index but no direct SpawnPK usage evidence in this static pass	1664	1665	False	BASE
10536	41	40	2624	2560	2687	2623			CACHE_PRESENT_UNCLASSIFIED		True	True	True	True	1079	0	CACHE_ONLY_UNCONFIRMED	Present in current cache/index but no direct SpawnPK usage evidence in this static pass	1368	1369	False	BASE
10537	41	41	2624	2624	2687	2687			CACHE_PRESENT_UNCLASSIFIED		True	True	True	True	915	0	CACHE_ONLY_UNCONFIRMED	Present in current cache/index but no direct SpawnPK usage evidence in this static pass	1370	1371	False	BASE
10538	41	42	2624	2688	2687	2751			CACHE_PRESENT_UNCLASSIFIED		True	True	True	True	0	0	CACHE_ONLY_UNCONFIRMED	Present in current cache/index but no direct SpawnPK usage evidence in this static pass	804	805	False	BASE
10539	41	43	2624	2752	2687	2815			CACHE_PRESENT_UNCLASSIFIED		True	True	True	True	0	0	CACHE_ONLY_UNCONFIRMED	Present in current cache/index but no direct SpawnPK usage evidence in this static pass	878	879	False	BASE
10540	41	44	2624	2816	2687	2879			CACHE_PRESENT_UNCLASSIFIED		True	True	True	True	121	0	CACHE_ONLY_UNCONFIRMED	Present in current cache/index but no direct SpawnPK usage evidence in this static pass	1562	1563	False	BASE
10541	41	45	2624	2880	2687	2943			CACHE_PRESENT_UNCLASSIFIED		True	True	True	True	0	0	CACHE_ONLY_UNCONFIRMED	Present in current cache/index but no direct SpawnPK usage evidence in this static pass	1564	1565	False	BASE
10542	41	46	2624	2944	2687	3007			CACHE_PRESENT_UNCLASSIFIED		True	True	True	True	400	0	CACHE_ONLY_UNCONFIRMED	Present in current cache/index but no direct SpawnPK usage evidence in this static pass	450	451	False	BASE
10543	41	47	2624	3008	2687	3071			CACHE_PRESENT_UNCLASSIFIED		True	True	True	True	0	0	CACHE_ONLY_UNCONFIRMED	Present in current cache/index but no direct SpawnPK usage evidence in this static pass	454	455	False	BASE
10544	41	48	2624	3072	2687	3135			SPAWNPK_STATIC_EVIDENCE	O_BIN_CUSTOM_OBJECT_PLACEMENTS	True	True	True	True	773	0	CUSTOMIZED_CACHE_ONLY_UNCONFIRMED	Cache region contains object IDs customized by o.bin; this does not by itself prove production reachability	458	459	False	BASE
10545	41	49	2624	3136	2687	3199			SPAWNPK_STATIC_EVIDENCE	O_BIN_CUSTOM_OBJECT_PLACEMENTS	True	True	True	True	1941	0	CUSTOMIZED_CACHE_ONLY_UNCONFIRMED	Cache region contains object IDs customized by o.bin; this does not by itself prove production reachability	460	461	False	BASE
10546	41	50	2624	3200	2687	3263			SPAWNPK_STATIC_EVIDENCE	O_BIN_CUSTOM_OBJECT_PLACEMENTS	True	True	True	True	1132	0	CUSTOMIZED_CACHE_ONLY_UNCONFIRMED	Cache region contains object IDs customized by o.bin; this does not by itself prove production reachability	466	467	False	BASE
10547	41	51	2624	3264	2687	3327			SPAWNPK_STATIC_EVIDENCE	O_BIN_CUSTOM_OBJECT_PLACEMENTS	True	True	True	True	4636	0	CUSTOMIZED_CACHE_ONLY_UNCONFIRMED	Cache region contains object IDs customized by o.bin; this does not by itself prove production reachability	468	469	False	BASE
10548	41	52	2624	3328	2687	3391			SPAWNPK_STATIC_EVIDENCE	O_BIN_CUSTOM_OBJECT_PLACEMENTS	True	True	True	True	3476	0	CUSTOMIZED_CACHE_ONLY_UNCONFIRMED	Cache region contains object IDs customized by o.bin; this does not by itself prove production reachability	470	471	False	BASE
10549	41	53	2624	3392	2687	3455			SPAWNPK_STATIC_EVIDENCE	O_BIN_CUSTOM_OBJECT_PLACEMENTS	True	True	True	True	3248	0	CUSTOMIZED_CACHE_ONLY_UNCONFIRMED	Cache region contains object IDs customized by o.bin; this does not by itself prove production reachability	472	473	False	BASE
10550	41	54	2624	3456	2687	3519			SPAWNPK_STATIC_EVIDENCE	O_BIN_CUSTOM_OBJECT_PLACEMENTS	True	True	True	True	2513	0	CUSTOMIZED_CACHE_ONLY_UNCONFIRMED	Cache region contains object IDs customized by o.bin; this does not by itself prove production reachability	474	475	False	BASE
10551	41	55	2624	3520	2687	3583			SPAWNPK_STATIC_EVIDENCE	O_BIN_CUSTOM_OBJECT_PLACEMENTS	True	True	True	True	1449	0	CUSTOMIZED_CACHE_ONLY_UNCONFIRMED	Cache region contains object IDs customized by o.bin; this does not by itself prove production reachability	476	477	False	BASE
10552	41	56	2624	3584	2687	3647			SPAWNPK_STATIC_EVIDENCE	O_BIN_CUSTOM_OBJECT_PLACEMENTS	True	True	True	True	1557	0	CUSTOMIZED_CACHE_ONLY_UNCONFIRMED	Cache region contains object IDs customized by o.bin; this does not by itself prove production reachability	478	479	False	BASE
10553	41	57	2624	3648	2687	3711			SPAWNPK_STATIC_EVIDENCE	O_BIN_CUSTOM_OBJECT_PLACEMENTS	True	True	True	True	4388	0	CUSTOMIZED_CACHE_ONLY_UNCONFIRMED	Cache region contains object IDs customized by o.bin; this does not by itself prove production reachability	974	975	False	BASE
10554	41	58	2624	3712	2687	3775			CACHE_PRESENT_UNCLASSIFIED		True	True	True	True	200	0	CACHE_ONLY_UNCONFIRMED	Present in current cache/index but no direct SpawnPK usage evidence in this static pass	990	991	False	BASE
10555	41	59	2624	3776	2687	3839			CACHE_PRESENT_UNCLASSIFIED		True	True	True	True	0	0	CACHE_ONLY_UNCONFIRMED	Present in current cache/index but no direct SpawnPK usage evidence in this static pass	1026	1027	False	BASE
10556	41	60	2624	3840	2687	3903			CACHE_PRESENT_UNCLASSIFIED		True	True	True	True	0	0	CACHE_ONLY_UNCONFIRMED	Present in current cache/index but no direct SpawnPK usage evidence in this static pass	1028	1029	False	BASE
10557	41	61	2624	3904	2687	3967			CACHE_PRESENT_UNCLASSIFIED		True	True	True	True	0	0	CACHE_ONLY_UNCONFIRMED	Present in current cache/index but no direct SpawnPK usage evidence in this static pass	1030	1031	False	BASE
10558	41	62	2624	3968	2687	4031			CACHE_PRESENT_UNCLASSIFIED		True	True	True	True	2503	0	CACHE_ONLY_UNCONFIRMED	Present in current cache/index but no direct SpawnPK usage evidence in this static pass	1736	1737	False	BASE
10559	41	63	2624	4032	2687	4095			CACHE_PRESENT_UNCLASSIFIED		True	True	True	True	3279	0	CACHE_ONLY_UNCONFIRMED	Present in current cache/index but no direct SpawnPK usage evidence in this static pass	1738	1739	False	BASE
10560	41	64	2624	4096	2687	4159			CACHE_PRESENT_UNCLASSIFIED		True	True	True	True	0	0	CACHE_ONLY_UNCONFIRMED	Present in current cache/index but no direct SpawnPK usage evidence in this static pass	1740	1741	False	BASE
10564	41	68	2624	4352	2687	4415			CACHE_PRESENT_UNCLASSIFIED		True	True	True	True	0	0	CACHE_ONLY_UNCONFIRMED	Present in current cache/index but no direct SpawnPK usage evidence in this static pass	3509	3510	False	BASE
10566	41	70	2624	4480	2687	4543			SPAWNPK_STATIC_EVIDENCE	O_BIN_CUSTOM_OBJECT_PLACEMENTS	True	True	True	True	4545	0	CUSTOMIZED_CACHE_ONLY_UNCONFIRMED	Cache region contains object IDs customized by o.bin; this does not by itself prove production reachability	1054	1055	False	BASE
10567	41	71	2624	4544	2687	4607			CACHE_PRESENT_UNCLASSIFIED		True	True	True	True	6009	0	CACHE_ONLY_UNCONFIRMED	Present in current cache/index but no direct SpawnPK usage evidence in this static pass	1056	1057	False	BASE
10568	41	72	2624	4608	2687	4671			CACHE_PRESENT_UNCLASSIFIED		True	True	True	True	0	0	CACHE_ONLY_UNCONFIRMED	Present in current cache/index but no direct SpawnPK usage evidence in this static pass	498	499	False	BASE
10569	41	73	2624	4672	2687	4735			SPAWNPK_STATIC_EVIDENCE	O_BIN_CUSTOM_OBJECT_PLACEMENTS	True	True	True	True	2408	0	CUSTOMIZED_CACHE_ONLY_UNCONFIRMED	Cache region contains object IDs customized by o.bin; this does not by itself prove production reachability	500	501	False	BASE
10570	41	74	2624	4736	2687	4799			CACHE_PRESENT_UNCLASSIFIED		True	True	True	True	0	0	CACHE_ONLY_UNCONFIRMED	Present in current cache/index but no direct SpawnPK usage evidence in this static pass	502	503	False	BASE
10571	41	75	2624	4800	2687	4863			SPAWNPK_STATIC_EVIDENCE	O_BIN_CUSTOM_OBJECT_PLACEMENTS	True	True	True	True	4416	0	CUSTOMIZED_CACHE_ONLY_UNCONFIRMED	Cache region contains object IDs customized by o.bin; this does not by itself prove production reachability	504	505	False	BASE
10572	41	76	2624	4864	2687	4927			CACHE_PRESENT_UNCLASSIFIED		True	True	True	True	1997	0	CACHE_ONLY_UNCONFIRMED	Present in current cache/index but no direct SpawnPK usage evidence in this static pass	2046	2047	False	BASE
10574	41	78	2624	4992	2687	5055			CACHE_PRESENT_UNCLASSIFIED		True	True	True	True	0	0	CACHE_ONLY_UNCONFIRMED	Present in current cache/index but no direct SpawnPK usage evidence in this static pass	3383	3384	False	BASE
10575	41	79	2624	5056	2687	5119			SPAWNPK_STATIC_EVIDENCE	O_BIN_CUSTOM_OBJECT_PLACEMENTS	True	True	True	True	3486	0	CUSTOMIZED_CACHE_ONLY_UNCONFIRMED	Cache region contains object IDs customized by o.bin; this does not by itself prove production reachability	1166	1167	False	BASE
10577	41	81	2624	5184	2687	5247			CACHE_PRESENT_UNCLASSIFIED		True	True	True	True	2659	0	CACHE_ONLY_UNCONFIRMED	Present in current cache/index but no direct SpawnPK usage evidence in this static pass	1316	1317	False	BASE
10578	41	82	2624	5248	2687	5311			SPAWNPK_STATIC_EVIDENCE	O_BIN_CUSTOM_OBJECT_PLACEMENTS	True	True	True	True	1623	0	CUSTOMIZED_CACHE_ONLY_UNCONFIRMED	Cache region contains object IDs customized by o.bin; this does not by itself prove production reachability	1892	1893	False	BASE
10579	41	83	2624	5312	2687	5375			CACHE_PRESENT_UNCLASSIFIED		False	False	False	False	0	0	CACHE_ONLY_UNCONFIRMED	Present in current cache/index but no direct SpawnPK usage evidence in this static pass	3565	3566	False	BASE
10583	41	87	2624	5568	2687	5631			CACHE_PRESENT_UNCLASSIFIED		True	True	True	True	0	0	CACHE_ONLY_UNCONFIRMED	Present in current cache/index but no direct SpawnPK usage evidence in this static pass	1976	1977	False	BASE
10638	41	142	2624	9088	2687	9151			CACHE_PRESENT_UNCLASSIFIED		True	True	True	True	320	0	CACHE_ONLY_UNCONFIRMED	Present in current cache/index but no direct SpawnPK usage evidence in this static pass	2913	2914	False	BASE
10639	41	143	2624	9152	2687	9215			CACHE_PRESENT_UNCLASSIFIED		True	True	True	True	768	0	CACHE_ONLY_UNCONFIRMED	Present in current cache/index but no direct SpawnPK usage evidence in this static pass	3285	3286	False	BASE
10640	41	144	2624	9216	2687	9279			CACHE_PRESENT_UNCLASSIFIED		True	True	True	True	0	0	CACHE_ONLY_UNCONFIRMED	Present in current cache/index but no direct SpawnPK usage evidence in this static pass	3056	3057	False	BASE
10642	41	146	2624	9344	2687	9407			SPAWNPK_STATIC_EVIDENCE	O_BIN_CUSTOM_OBJECT_PLACEMENTS	True	True	True	True	2215	0	CUSTOMIZED_CACHE_ONLY_UNCONFIRMED	Cache region contains object IDs customized by o.bin; this does not by itself prove production reachability	762	763	False	BASE
10644	41	148	2624	9472	2687	9535			SPAWNPK_STATIC_EVIDENCE	O_BIN_CUSTOM_OBJECT_PLACEMENTS	True	True	True	True	4403	0	CUSTOMIZED_CACHE_ONLY_UNCONFIRMED	Cache region contains object IDs customized by o.bin; this does not by itself prove production reachability	1106	1107	False	BASE
10645	41	149	2624	9536	2687	9599			SPAWNPK_STATIC_EVIDENCE	O_BIN_CUSTOM_OBJECT_PLACEMENTS	True	True	True	True	4448	0	CUSTOMIZED_CACHE_ONLY_UNCONFIRMED	Cache region contains object IDs customized by o.bin; this does not by itself prove production reachability	770	771	False	BASE
10646	41	150	2624	9600	2687	9663			SPAWNPK_STATIC_EVIDENCE	O_BIN_CUSTOM_OBJECT_PLACEMENTS	True	True	True	True	1509	0	CUSTOMIZED_CACHE_ONLY_UNCONFIRMED	Cache region contains object IDs customized by o.bin; this does not by itself prove production reachability	1274	1275	False	BASE
10647	41	151	2624	9664	2687	9727			SPAWNPK_STATIC_EVIDENCE	O_BIN_CUSTOM_OBJECT_PLACEMENTS	True	True	True	True	3926	0	CUSTOMIZED_CACHE_ONLY_UNCONFIRMED	Cache region contains object IDs customized by o.bin; this does not by itself prove production reachability	780	781	False	BASE
10648	41	152	2624	9728	2687	9791			SPAWNPK_STATIC_EVIDENCE	O_BIN_CUSTOM_OBJECT_PLACEMENTS	True	True	True	True	1956	0	CUSTOMIZED_CACHE_ONLY_UNCONFIRMED	Cache region contains object IDs customized by o.bin; this does not by itself prove production reachability	786	787	False	BASE
10649	41	153	2624	9792	2687	9855			SPAWNPK_STATIC_EVIDENCE	O_BIN_CUSTOM_OBJECT_PLACEMENTS	True	True	True	True	3574	0	CUSTOMIZED_CACHE_ONLY_UNCONFIRMED	Cache region contains object IDs customized by o.bin; this does not by itself prove production reachability	792	793	False	BASE
10650	41	154	2624	9856	2687	9919			SPAWNPK_STATIC_EVIDENCE	O_BIN_CUSTOM_OBJECT_PLACEMENTS	True	True	True	True	4110	0	CUSTOMIZED_CACHE_ONLY_UNCONFIRMED	Cache region contains object IDs customized by o.bin; this does not by itself prove production reachability	798	799	False	BASE
10652	41	156	2624	9984	2687	10047			SPAWNPK_STATIC_EVIDENCE	O_BIN_CUSTOM_OBJECT_PLACEMENTS	True	True	True	True	3120	0	CUSTOMIZED_CACHE_ONLY_UNCONFIRMED	Cache region contains object IDs customized by o.bin; this does not by itself prove production reachability	982	983	False	BASE
10653	41	157	2624	10048	2687	10111			SPAWNPK_STATIC_EVIDENCE	O_BIN_CUSTOM_OBJECT_PLACEMENTS	True	True	True	True	3934	0	CUSTOMIZED_CACHE_ONLY_UNCONFIRMED	Cache region contains object IDs customized by o.bin; this does not by itself prove production reachability	984	985	False	BASE
10658	41	162	2624	10368	2687	10431			CACHE_PRESENT_UNCLASSIFIED		True	True	True	True	0	0	CACHE_ONLY_UNCONFIRMED	Present in current cache/index but no direct SpawnPK usage evidence in this static pass	1734	1735	False	BASE
10791	42	39	2688	2496	2751	2559			CACHE_PRESENT_UNCLASSIFIED		True	True	True	True	0	0	CACHE_ONLY_UNCONFIRMED	Present in current cache/index but no direct SpawnPK usage evidence in this static pass	1666	1667	False	BASE
10792	42	40	2688	2560	2751	2623			CACHE_PRESENT_UNCLASSIFIED		True	True	True	True	0	0	CACHE_ONLY_UNCONFIRMED	Present in current cache/index but no direct SpawnPK usage evidence in this static pass	1474	1475	False	BASE
10793	42	41	2688	2624	2751	2687			CACHE_PRESENT_UNCLASSIFIED		True	True	True	True	0	0	CACHE_ONLY_UNCONFIRMED	Present in current cache/index but no direct SpawnPK usage evidence in this static pass	884	885	False	BASE
10794	42	42	2688	2688	2751	2751			CACHE_PRESENT_UNCLASSIFIED		True	True	True	True	1608	0	CACHE_ONLY_UNCONFIRMED	Present in current cache/index but no direct SpawnPK usage evidence in this static pass	1038	1039	False	BASE
10795	42	43	2688	2752	2751	2815			CACHE_PRESENT_UNCLASSIFIED		True	True	True	True	1938	0	CACHE_ONLY_UNCONFIRMED	Present in current cache/index but no direct SpawnPK usage evidence in this static pass	1040	1041	False	BASE
10796	42	44	2688	2816	2751	2879			CACHE_PRESENT_UNCLASSIFIED		True	True	True	True	0	0	CACHE_ONLY_UNCONFIRMED	Present in current cache/index but no direct SpawnPK usage evidence in this static pass	826	827	False	BASE
10797	42	45	2688	2880	2751	2943			CACHE_PRESENT_UNCLASSIFIED		True	True	True	True	0	0	CACHE_ONLY_UNCONFIRMED	Present in current cache/index but no direct SpawnPK usage evidence in this static pass	828	829	False	BASE
10798	42	46	2688	2944	2751	3007			CACHE_PRESENT_UNCLASSIFIED		True	True	True	True	0	0	CACHE_ONLY_UNCONFIRMED	Present in current cache/index but no direct SpawnPK usage evidence in this static pass	830	831	False	BASE
10799	42	47	2688	3008	2751	3071			CACHE_PRESENT_UNCLASSIFIED		True	True	True	True	0	0	CACHE_ONLY_UNCONFIRMED	Present in current cache/index but no direct SpawnPK usage evidence in this static pass	832	833	False	BASE
10800	42	48	2688	3072	2751	3135			CACHE_PRESENT_UNCLASSIFIED		True	True	True	True	0	0	CACHE_ONLY_UNCONFIRMED	Present in current cache/index but no direct SpawnPK usage evidence in this static pass	834	835	False	BASE
10801	42	49	2688	3136	2751	3199			CACHE_PRESENT_UNCLASSIFIED		True	True	True	True	992	0	CACHE_ONLY_UNCONFIRMED	Present in current cache/index but no direct SpawnPK usage evidence in this static pass	124	125	False	BASE
10802	42	50	2688	3200	2751	3263			CACHE_PRESENT_UNCLASSIFIED		True	True	True	True	703	0	CACHE_ONLY_UNCONFIRMED	Present in current cache/index but no direct SpawnPK usage evidence in this static pass	130	131	False	BASE
10803	42	51	2688	3264	2751	3327			SPAWNPK_STATIC_EVIDENCE	O_BIN_CUSTOM_OBJECT_PLACEMENTS	True	True	True	True	621	0	CUSTOMIZED_CACHE_ONLY_UNCONFIRMED	Cache region contains object IDs customized by o.bin; this does not by itself prove production reachability	132	133	False	BASE
10804	42	52	2688	3328	2751	3391			SPAWNPK_STATIC_EVIDENCE	O_BIN_CUSTOM_OBJECT_PLACEMENTS	True	True	True	True	2673	0	CUSTOMIZED_CACHE_ONLY_UNCONFIRMED	Cache region contains object IDs customized by o.bin; this does not by itself prove production reachability	134	135	False	BASE
10805	42	53	2688	3392	2751	3455			SPAWNPK_STATIC_EVIDENCE	O_BIN_CUSTOM_OBJECT_PLACEMENTS	True	True	True	True	1934	0	CUSTOMIZED_CACHE_ONLY_UNCONFIRMED	Cache region contains object IDs customized by o.bin; this does not by itself prove production reachability	136	137	False	BASE
10806	42	54	2688	3456	2751	3519			SPAWNPK_STATIC_EVIDENCE	O_BIN_CUSTOM_OBJECT_PLACEMENTS	True	True	True	True	4872	0	CUSTOMIZED_CACHE_ONLY_UNCONFIRMED	Cache region contains object IDs customized by o.bin; this does not by itself prove production reachability	138	139	False	BASE
10807	42	55	2688	3520	2751	3583			SPAWNPK_STATIC_EVIDENCE	O_BIN_CUSTOM_OBJECT_PLACEMENTS	True	True	True	True	2333	0	CUSTOMIZED_CACHE_ONLY_UNCONFIRMED	Cache region contains object IDs customized by o.bin; this does not by itself prove production reachability	140	141	False	BASE
10808	42	56	2688	3584	2751	3647			SPAWNPK_STATIC_EVIDENCE	O_BIN_CUSTOM_OBJECT_PLACEMENTS	True	True	True	True	1426	0	CUSTOMIZED_CACHE_ONLY_UNCONFIRMED	Cache region contains object IDs customized by o.bin; this does not by itself prove production reachability	142	143	False	BASE
10809	42	57	2688	3648	2751	3711			SPAWNPK_STATIC_EVIDENCE	O_BIN_CUSTOM_OBJECT_PLACEMENTS	True	True	True	True	1290	0	CUSTOMIZED_CACHE_ONLY_UNCONFIRMED	Cache region contains object IDs customized by o.bin; this does not by itself prove production reachability	976	977	False	BASE
10810	42	58	2688	3712	2751	3775			CACHE_PRESENT_UNCLASSIFIED		True	True	True	True	571	0	CACHE_ONLY_UNCONFIRMED	Present in current cache/index but no direct SpawnPK usage evidence in this static pass	978	979	False	BASE
10811	42	59	2688	3776	2751	3839			CACHE_PRESENT_UNCLASSIFIED		True	True	True	True	2567	0	CACHE_ONLY_UNCONFIRMED	Present in current cache/index but no direct SpawnPK usage evidence in this static pass	1098	1099	False	BASE
10812	42	60	2688	3840	2751	3903			CACHE_PRESENT_UNCLASSIFIED		True	True	True	True	0	0	CACHE_ONLY_UNCONFIRMED	Present in current cache/index but no direct SpawnPK usage evidence in this static pass	1100	1101	False	BASE
10813	42	61	2688	3904	2751	3967			CACHE_PRESENT_UNCLASSIFIED		True	True	True	True	0	0	CACHE_ONLY_UNCONFIRMED	Present in current cache/index but no direct SpawnPK usage evidence in this static pass	1476	1477	False	BASE
10814	42	62	2688	3968	2751	4031			CACHE_PRESENT_UNCLASSIFIED		True	True	True	True	0	0	CACHE_ONLY_UNCONFIRMED	Present in current cache/index but no direct SpawnPK usage evidence in this static pass	1746	1747	False	BASE
10815	42	63	2688	4032	2751	4095			CACHE_PRESENT_UNCLASSIFIED		True	True	True	True	0	0	CACHE_ONLY_UNCONFIRMED	Present in current cache/index but no direct SpawnPK usage evidence in this static pass	1748	1749	False	BASE
10816	42	64	2688	4096	2751	4159			CACHE_PRESENT_UNCLASSIFIED		True	True	True	True	0	0	CACHE_ONLY_UNCONFIRMED	Present in current cache/index but no direct SpawnPK usage evidence in this static pass	1752	1753	False	BASE
10819	42	67	2688	4288	2751	4351			CACHE_PRESENT_UNCLASSIFIED		False	False	False	False	0	0	CACHE_ONLY_UNCONFIRMED	Present in current cache/index but no direct SpawnPK usage evidence in this static pass	3583	3584	False	BASE
10820	42	68	2688	4352	2751	4415			CACHE_PRESENT_UNCLASSIFIED		False	False	False	False	0	0	CACHE_ONLY_UNCONFIRMED	Present in current cache/index but no direct SpawnPK usage evidence in this static pass	3587	3588	False	BASE
10821	42	69	2688	4416	2751	4479			CACHE_PRESENT_UNCLASSIFIED		True	True	True	True	3729	0	CACHE_ONLY_UNCONFIRMED	Present in current cache/index but no direct SpawnPK usage evidence in this static pass	1070	1071	False	BASE
10822	42	70	2688	4480	2751	4543			CACHE_PRESENT_UNCLASSIFIED		True	True	True	True	4090	0	CACHE_ONLY_UNCONFIRMED	Present in current cache/index but no direct SpawnPK usage evidence in this static pass	1072	1073	False	BASE
10823	42	71	2688	4544	2751	4607			CACHE_PRESENT_UNCLASSIFIED		True	True	True	True	1732	0	CACHE_ONLY_UNCONFIRMED	Present in current cache/index but no direct SpawnPK usage evidence in this static pass	1074	1075	False	BASE
10824	42	72	2688	4608	2751	4671			CACHE_PRESENT_UNCLASSIFIED		True	True	True	True	0	0	CACHE_ONLY_UNCONFIRMED	Present in current cache/index but no direct SpawnPK usage evidence in this static pass	168	169	False	BASE
10825	42	73	2688	4672	2751	4735			CACHE_PRESENT_UNCLASSIFIED		True	True	True	True	0	0	CACHE_ONLY_UNCONFIRMED	Present in current cache/index but no direct SpawnPK usage evidence in this static pass	170	171	False	BASE
10826	42	74	2688	4736	2751	4799			CACHE_PRESENT_UNCLASSIFIED		True	True	True	True	0	0	CACHE_ONLY_UNCONFIRMED	Present in current cache/index but no direct SpawnPK usage evidence in this static pass	172	173	False	BASE
10827	42	75	2688	4800	2751	4863			CACHE_PRESENT_UNCLASSIFIED		True	True	True	True	780	0	CACHE_ONLY_UNCONFIRMED	Present in current cache/index but no direct SpawnPK usage evidence in this static pass	174	175	False	BASE
10828	42	76	2688	4864	2751	4927			CACHE_PRESENT_UNCLASSIFIED		True	True	True	True	1032	0	CACHE_ONLY_UNCONFIRMED	Present in current cache/index but no direct SpawnPK usage evidence in this static pass	1158	1159	False	BASE
10830	42	78	2688	4992	2751	5055			CACHE_PRESENT_UNCLASSIFIED		True	True	True	True	0	0	CACHE_ONLY_UNCONFIRMED	Present in current cache/index but no direct SpawnPK usage evidence in this static pass	3425	3426	False	BASE
10831	42	79	2688	5056	2751	5119			SPAWNPK_STATIC_EVIDENCE	O_BIN_CUSTOM_OBJECT_PLACEMENTS	True	True	True	True	3189	0	CUSTOMIZED_CACHE_ONLY_UNCONFIRMED	Cache region contains object IDs customized by o.bin; this does not by itself prove production reachability	1168	1169	False	BASE
10832	42	80	2688	5120	2751	5183			CACHE_PRESENT_UNCLASSIFIED		True	True	True	True	0	0	CACHE_ONLY_UNCONFIRMED	Present in current cache/index but no direct SpawnPK usage evidence in this static pass	3144	3145	False	BASE
10833	42	81	2688	5184	2751	5247			CACHE_PRESENT_UNCLASSIFIED		True	True	True	True	10073	0	CACHE_ONLY_UNCONFIRMED	Present in current cache/index but no direct SpawnPK usage evidence in this static pass	1796	1797	False	BASE
10834	42	82	2688	5248	2751	5311			CACHE_PRESENT_UNCLASSIFIED		True	True	True	True	0	0	CACHE_ONLY_UNCONFIRMED	Present in current cache/index but no direct SpawnPK usage evidence in this static pass	1798	1799	False	BASE
10835	42	83	2688	5312	2751	5375			SPAWNPK_STATIC_EVIDENCE	O_BIN_CUSTOM_OBJECT_PLACEMENTS	True	True	True	True	7827	0	CUSTOMIZED_CACHE_ONLY_UNCONFIRMED	Cache region contains object IDs customized by o.bin; this does not by itself prove production reachability	1800	1801	False	BASE
10836	42	84	2688	5376	2751	5439			CACHE_PRESENT_UNCLASSIFIED		False	False	False	False	0	0	CACHE_ONLY_UNCONFIRMED	Present in current cache/index but no direct SpawnPK usage evidence in this static pass	3569	3570	False	BASE
10838	42	86	2688	5504	2751	5567			CACHE_PRESENT_UNCLASSIFIED		False	False	False	False	0	0	CACHE_ONLY_UNCONFIRMED	Present in current cache/index but no direct SpawnPK usage evidence in this static pass	3551	3552	False	BASE
10839	42	87	2688	5568	2751	5631			CACHE_PRESENT_UNCLASSIFIED		False	False	False	False	0	0	CACHE_ONLY_UNCONFIRMED	Present in current cache/index but no direct SpawnPK usage evidence in this static pass	3571	3572	False	BASE
10840	42	88	2688	5632	2751	5695			SPAWNPK_STATIC_EVIDENCE	O_BIN_CUSTOM_OBJECT_PLACEMENTS;STATIC_TRAVEL_OBJECT_PLACEMENTS	True	True	True	True	817	1	CUSTOMIZED_CACHE_ONLY_UNCONFIRMED	Cache region contains object IDs customized by o.bin; this does not by itself prove production reachability	1932	1933	False	BASE
10841	42	89	2688	5696	2751	5759			CACHE_PRESENT_UNCLASSIFIED		True	True	True	True	4237	0	CACHE_ONLY_UNCONFIRMED	Present in current cache/index but no direct SpawnPK usage evidence in this static pass	1950	1951	False	BASE
10842	42	90	2688	5760	2751	5823			CACHE_PRESENT_UNCLASSIFIED		True	True	True	True	4010	0	CACHE_ONLY_UNCONFIRMED	Present in current cache/index but no direct SpawnPK usage evidence in this static pass	1934	1935	False	BASE
10893	42	141	2688	9024	2751	9087			CACHE_PRESENT_UNCLASSIFIED		True	True	True	True	384	0	CACHE_ONLY_UNCONFIRMED	Present in current cache/index but no direct SpawnPK usage evidence in this static pass	3078	3079	False	BASE
10894	42	142	2688	9088	2751	9151			SPAWNPK_STATIC_EVIDENCE	O_BIN_CUSTOM_OBJECT_PLACEMENTS	True	True	True	True	5244	0	CUSTOMIZED_CACHE_ONLY_UNCONFIRMED	Cache region contains object IDs customized by o.bin; this does not by itself prove production reachability	1034	1035	False	BASE
10895	42	143	2688	9152	2751	9215			CACHE_PRESENT_UNCLASSIFIED		True	True	True	True	6873	0	CACHE_ONLY_UNCONFIRMED	Present in current cache/index but no direct SpawnPK usage evidence in this static pass	1036	1037	False	BASE
10896	42	144	2688	9216	2751	9279			CACHE_PRESENT_UNCLASSIFIED		True	True	True	True	0	0	CACHE_ONLY_UNCONFIRMED	Present in current cache/index but no direct SpawnPK usage evidence in this static pass	2931	2932	False	BASE
10897	42	145	2688	9280	2751	9343			CACHE_PRESENT_UNCLASSIFIED		True	True	True	True	0	0	CACHE_ONLY_UNCONFIRMED	Present in current cache/index but no direct SpawnPK usage evidence in this static pass	2847	2848	False	BASE
10898	42	146	2688	9344	2751	9407			CACHE_PRESENT_UNCLASSIFIED		True	True	True	True	1329	0	CACHE_ONLY_UNCONFIRMED	Present in current cache/index but no direct SpawnPK usage evidence in this static pass	3132	3133	False	BASE
10899	42	147	2688	9408	2751	9471			CACHE_PRESENT_UNCLASSIFIED		True	True	True	True	2703	0	CACHE_ONLY_UNCONFIRMED	Present in current cache/index but no direct SpawnPK usage evidence in this static pass	1108	1109	False	BASE
10900	42	148	2688	9472	2751	9535			SPAWNPK_STATIC_EVIDENCE	O_BIN_CUSTOM_OBJECT_PLACEMENTS	True	True	True	True	3585	0	CUSTOMIZED_CACHE_ONLY_UNCONFIRMED	Cache region contains object IDs customized by o.bin; this does not by itself prove production reachability	890	891	False	BASE
10901	42	149	2688	9536	2751	9599			SPAWNPK_STATIC_EVIDENCE	O_BIN_CUSTOM_OBJECT_PLACEMENTS	True	True	True	True	1880	0	CUSTOMIZED_CACHE_ONLY_UNCONFIRMED	Cache region contains object IDs customized by o.bin; this does not by itself prove production reachability	892	893	False	BASE
10902	42	150	2688	9600	2751	9663			CACHE_PRESENT_UNCLASSIFIED		True	True	True	True	47	0	CACHE_ONLY_UNCONFIRMED	Present in current cache/index but no direct SpawnPK usage evidence in this static pass	894	895	False	BASE
10903	42	151	2688	9664	2751	9727			SPAWNPK_STATIC_EVIDENCE	O_BIN_CUSTOM_OBJECT_PLACEMENTS	True	True	True	True	3466	0	CUSTOMIZED_CACHE_ONLY_UNCONFIRMED	Cache region contains object IDs customized by o.bin; this does not by itself prove production reachability	368	369	False	BASE
10904	42	152	2688	9728	2751	9791			SPAWNPK_STATIC_EVIDENCE	O_BIN_CUSTOM_OBJECT_PLACEMENTS	True	True	True	True	3676	0	CUSTOMIZED_CACHE_ONLY_UNCONFIRMED	Cache region contains object IDs customized by o.bin; this does not by itself prove production reachability	372	373	False	BASE
10905	42	153	2688	9792	2751	9855			SPAWNPK_STATIC_EVIDENCE	O_BIN_CUSTOM_OBJECT_PLACEMENTS	True	True	True	True	3288	0	CUSTOMIZED_CACHE_ONLY_UNCONFIRMED	Cache region contains object IDs customized by o.bin; this does not by itself prove production reachability	376	377	False	BASE
10906	42	154	2688	9856	2751	9919			SPAWNPK_STATIC_EVIDENCE	O_BIN_CUSTOM_OBJECT_PLACEMENTS	True	True	True	True	3818	0	CUSTOMIZED_CACHE_ONLY_UNCONFIRMED	Cache region contains object IDs customized by o.bin; this does not by itself prove production reachability	816	817	False	BASE
10907	42	155	2688	9920	2751	9983			CACHE_PRESENT_UNCLASSIFIED		True	True	True	True	960	0	CACHE_ONLY_UNCONFIRMED	Present in current cache/index but no direct SpawnPK usage evidence in this static pass	1544	1545	False	BASE
10908	42	156	2688	9984	2751	10047			CACHE_PRESENT_UNCLASSIFIED		True	True	True	True	4306	0	CACHE_ONLY_UNCONFIRMED	Present in current cache/index but no direct SpawnPK usage evidence in this static pass	1110	1111	False	BASE
10909	42	157	2688	10048	2751	10111			CACHE_PRESENT_UNCLASSIFIED		True	True	True	True	4096	0	CACHE_ONLY_UNCONFIRMED	Present in current cache/index but no direct SpawnPK usage evidence in this static pass	3281	3282	False	BASE
10910	42	158	2688	10112	2751	10175			CACHE_PRESENT_UNCLASSIFIED		True	True	True	True	2806	0	CACHE_ONLY_UNCONFIRMED	Present in current cache/index but no direct SpawnPK usage evidence in this static pass	1806	1807	False	BASE
10911	42	159	2688	10176	2751	10239			CACHE_PRESENT_UNCLASSIFIED		True	True	True	True	0	0	CACHE_ONLY_UNCONFIRMED	Present in current cache/index but no direct SpawnPK usage evidence in this static pass	1576	1577	False	BASE
11047	43	39	2752	2496	2815	2559			CACHE_PRESENT_UNCLASSIFIED		True	True	True	True	0	0	CACHE_ONLY_UNCONFIRMED	Present in current cache/index but no direct SpawnPK usage evidence in this static pass	1668	1669	False	BASE
11048	43	40	2752	2560	2815	2623			CACHE_PRESENT_UNCLASSIFIED		True	True	True	True	0	0	CACHE_ONLY_UNCONFIRMED	Present in current cache/index but no direct SpawnPK usage evidence in this static pass	1490	1491	False	BASE
11049	43	41	2752	2624	2815	2687			CACHE_PRESENT_UNCLASSIFIED		True	True	True	True	0	0	CACHE_ONLY_UNCONFIRMED	Present in current cache/index but no direct SpawnPK usage evidence in this static pass	926	927	False	BASE
11050	43	42	2752	2688	2815	2751			SPAWNPK_STATIC_EVIDENCE	O_BIN_CUSTOM_OBJECT_PLACEMENTS	True	True	True	True	1515	0	CUSTOMIZED_CACHE_ONLY_UNCONFIRMED	Cache region contains object IDs customized by o.bin; this does not by itself prove production reachability	1046	1047	False	BASE
11051	43	43	2752	2752	2815	2815			SPAWNPK_STATIC_EVIDENCE	O_BIN_CUSTOM_OBJECT_PLACEMENTS	True	True	True	True	4057	0	CUSTOMIZED_CACHE_ONLY_UNCONFIRMED	Cache region contains object IDs customized by o.bin; this does not by itself prove production reachability	1048	1049	False	BASE
11052	43	44	2752	2816	2815	2879			CACHE_PRESENT_UNCLASSIFIED		True	True	True	True	0	0	CACHE_ONLY_UNCONFIRMED	Present in current cache/index but no direct SpawnPK usage evidence in this static pass	854	855	False	BASE
11053	43	45	2752	2880	2815	2943			CACHE_PRESENT_UNCLASSIFIED		True	True	True	True	1936	0	CACHE_ONLY_UNCONFIRMED	Present in current cache/index but no direct SpawnPK usage evidence in this static pass	630	631	False	BASE
11054	43	46	2752	2944	2815	3007			CACHE_PRESENT_UNCLASSIFIED		True	True	True	True	1304	0	CACHE_ONLY_UNCONFIRMED	Present in current cache/index but no direct SpawnPK usage evidence in this static pass	634	635	False	BASE
11055	43	47	2752	3008	2815	3071			CACHE_PRESENT_UNCLASSIFIED		True	True	True	True	2324	0	CACHE_ONLY_UNCONFIRMED	Present in current cache/index but no direct SpawnPK usage evidence in this static pass	638	639	False	BASE
11056	43	48	2752	3072	2815	3135			CACHE_PRESENT_UNCLASSIFIED		True	True	True	True	2498	0	CACHE_ONLY_UNCONFIRMED	Present in current cache/index but no direct SpawnPK usage evidence in this static pass	642	643	False	BASE
11057	43	49	2752	3136	2815	3199			SPAWNPK_STATIC_EVIDENCE	O_BIN_CUSTOM_OBJECT_PLACEMENTS	True	True	True	True	3624	0	CUSTOMIZED_CACHE_ONLY_UNCONFIRMED	Cache region contains object IDs customized by o.bin; this does not by itself prove production reachability	644	645	False	BASE
11058	43	50	2752	3200	2815	3263			SPAWNPK_STATIC_EVIDENCE	O_BIN_CUSTOM_OBJECT_PLACEMENTS	True	True	True	True	691	0	CUSTOMIZED_CACHE_ONLY_UNCONFIRMED	Cache region contains object IDs customized by o.bin; this does not by itself prove production reachability	650	651	False	BASE
11059	43	51	2752	3264	2815	3327			CACHE_PRESENT_UNCLASSIFIED		True	True	True	True	1384	0	CACHE_ONLY_UNCONFIRMED	Present in current cache/index but no direct SpawnPK usage evidence in this static pass	652	653	False	BASE
11060	43	52	2752	3328	2815	3391			SPAWNPK_STATIC_EVIDENCE	O_BIN_CUSTOM_OBJECT_PLACEMENTS	True	True	True	True	498	0	CUSTOMIZED_CACHE_ONLY_UNCONFIRMED	Cache region contains object IDs customized by o.bin; this does not by itself prove production reachability	654	655	False	BASE
11061	43	53	2752	3392	2815	3455			SPAWNPK_STATIC_EVIDENCE	O_BIN_CUSTOM_OBJECT_PLACEMENTS	True	True	True	True	2550	0	CUSTOMIZED_CACHE_ONLY_UNCONFIRMED	Cache region contains object IDs customized by o.bin; this does not by itself prove production reachability	656	657	False	BASE
11062	43	54	2752	3456	2815	3519			SPAWNPK_STATIC_EVIDENCE	O_BIN_CUSTOM_OBJECT_PLACEMENTS	True	True	True	True	3268	0	CUSTOMIZED_CACHE_ONLY_UNCONFIRMED	Cache region contains object IDs customized by o.bin; this does not by itself prove production reachability	658	659	False	BASE
11063	43	55	2752	3520	2815	3583			CACHE_PRESENT_UNCLASSIFIED		True	True	True	True	476	0	CACHE_ONLY_UNCONFIRMED	Present in current cache/index but no direct SpawnPK usage evidence in this static pass	660	661	False	BASE
11064	43	56	2752	3584	2815	3647			SPAWNPK_STATIC_EVIDENCE	O_BIN_CUSTOM_OBJECT_PLACEMENTS	True	True	True	True	1568	0	CUSTOMIZED_CACHE_ONLY_UNCONFIRMED	Cache region contains object IDs customized by o.bin; this does not by itself prove production reachability	662	663	False	BASE
11065	43	57	2752	3648	2815	3711			SPAWNPK_STATIC_EVIDENCE	O_BIN_CUSTOM_OBJECT_PLACEMENTS	True	True	True	True	1522	0	CUSTOMIZED_CACHE_ONLY_UNCONFIRMED	Cache region contains object IDs customized by o.bin; this does not by itself prove production reachability	980	981	False	BASE
11066	43	58	2752	3712	2815	3775			CACHE_PRESENT_UNCLASSIFIED		True	True	True	True	519	0	CACHE_ONLY_UNCONFIRMED	Present in current cache/index but no direct SpawnPK usage evidence in this static pass	1090	1091	False	BASE
11067	43	59	2752	3776	2815	3839			CACHE_PRESENT_UNCLASSIFIED		True	True	True	True	464	0	CACHE_ONLY_UNCONFIRMED	Present in current cache/index but no direct SpawnPK usage evidence in this static pass	1092	1093	False	BASE
11068	43	60	2752	3840	2815	3903			CACHE_PRESENT_UNCLASSIFIED		True	True	True	True	304	0	CACHE_ONLY_UNCONFIRMED	Present in current cache/index but no direct SpawnPK usage evidence in this static pass	1094	1095	False	BASE
11069	43	61	2752	3904	2815	3967			CACHE_PRESENT_UNCLASSIFIED		True	True	True	True	0	0	CACHE_ONLY_UNCONFIRMED	Present in current cache/index but no direct SpawnPK usage evidence in this static pass	1478	1479	False	BASE
11070	43	62	2752	3968	2815	4031			CACHE_PRESENT_UNCLASSIFIED		True	True	True	True	0	0	CACHE_ONLY_UNCONFIRMED	Present in current cache/index but no direct SpawnPK usage evidence in this static pass	1670	1671	False	BASE
11071	43	63	2752	4032	2815	4095			CACHE_PRESENT_UNCLASSIFIED		True	True	True	True	0	0	CACHE_ONLY_UNCONFIRMED	Present in current cache/index but no direct SpawnPK usage evidence in this static pass	1672	1673	False	BASE
11072	43	64	2752	4096	2815	4159			CACHE_PRESENT_UNCLASSIFIED		True	True	True	True	0	0	CACHE_ONLY_UNCONFIRMED	Present in current cache/index but no direct SpawnPK usage evidence in this static pass	1674	1675	False	BASE
11074	43	66	2752	4224	2815	4287			SPAWNPK_STATIC_EVIDENCE	O_BIN_CUSTOM_OBJECT_PLACEMENTS	True	True	True	True	365	0	CUSTOMIZED_CACHE_ONLY_UNCONFIRMED	Cache region contains object IDs customized by o.bin; this does not by itself prove production reachability	1910	1911	False	BASE
11075	43	67	2752	4288	2815	4351			CACHE_PRESENT_UNCLASSIFIED		True	True	True	True	0	0	CACHE_ONLY_UNCONFIRMED	Present in current cache/index but no direct SpawnPK usage evidence in this static pass	3511	3512	False	BASE
11076	43	68	2752	4352	2815	4415			CACHE_PRESENT_UNCLASSIFIED		True	True	True	True	0	0	CACHE_ONLY_UNCONFIRMED	Present in current cache/index but no direct SpawnPK usage evidence in this static pass	3513	3514	False	BASE
11077	43	69	2752	4416	2815	4479			CACHE_PRESENT_UNCLASSIFIED		True	True	True	True	4019	0	CACHE_ONLY_UNCONFIRMED	Present in current cache/index but no direct SpawnPK usage evidence in this static pass	1076	1077	False	BASE
11078	43	70	2752	4480	2815	4543			SPAWNPK_STATIC_EVIDENCE	O_BIN_CUSTOM_OBJECT_PLACEMENTS	True	True	True	True	3923	0	CUSTOMIZED_CACHE_ONLY_UNCONFIRMED	Cache region contains object IDs customized by o.bin; this does not by itself prove production reachability	1078	1079	False	BASE
11079	43	71	2752	4544	2815	4607			CACHE_PRESENT_UNCLASSIFIED		True	True	True	True	4141	0	CACHE_ONLY_UNCONFIRMED	Present in current cache/index but no direct SpawnPK usage evidence in this static pass	1080	1081	False	BASE
11080	43	72	2752	4608	2815	4671			CACHE_PRESENT_UNCLASSIFIED		True	True	True	True	0	0	CACHE_ONLY_UNCONFIRMED	Present in current cache/index but no direct SpawnPK usage evidence in this static pass	692	693	False	BASE
11081	43	73	2752	4672	2815	4735			SPAWNPK_STATIC_EVIDENCE	O_BIN_CUSTOM_OBJECT_PLACEMENTS	True	True	True	True	1653	0	CUSTOMIZED_CACHE_ONLY_UNCONFIRMED	Cache region contains object IDs customized by o.bin; this does not by itself prove production reachability	694	695	False	BASE
11082	43	74	2752	4736	2815	4799			CACHE_PRESENT_UNCLASSIFIED		True	True	True	True	0	0	CACHE_ONLY_UNCONFIRMED	Present in current cache/index but no direct SpawnPK usage evidence in this static pass	696	697	False	BASE
11083	43	75	2752	4800	2815	4863			CACHE_PRESENT_UNCLASSIFIED		True	True	True	True	615	0	CACHE_ONLY_UNCONFIRMED	Present in current cache/index but no direct SpawnPK usage evidence in this static pass	698	699	False	BASE
11085	43	77	2752	4928	2815	4991			CACHE_PRESENT_UNCLASSIFIED		True	True	True	True	2096	0	CACHE_ONLY_UNCONFIRMED	Present in current cache/index but no direct SpawnPK usage evidence in this static pass	1170	1171	False	BASE
11088	43	80	2752	5120	2815	5183			CACHE_PRESENT_UNCLASSIFIED		True	True	True	True	0	0	CACHE_ONLY_UNCONFIRMED	Present in current cache/index but no direct SpawnPK usage evidence in this static pass	1590	1591	False	BASE
11090	43	82	2752	5248	2815	5311			CACHE_PRESENT_UNCLASSIFIED		False	False	False	False	0	0	CACHE_ONLY_UNCONFIRMED	Present in current cache/index but no direct SpawnPK usage evidence in this static pass	3567	3568	False	BASE
11091	43	83	2752	5312	2815	5375			CACHE_PRESENT_UNCLASSIFIED		False	False	False	False	0	0	CACHE_ONLY_UNCONFIRMED	Present in current cache/index but no direct SpawnPK usage evidence in this static pass	3563	3564	False	BASE
11093	43	85	2752	5440	2815	5503			SPAWNPK_STATIC_EVIDENCE	O_BIN_CUSTOM_OBJECT_PLACEMENTS	True	True	True	True	2722	0	CUSTOMIZED_CACHE_ONLY_UNCONFIRMED	Cache region contains object IDs customized by o.bin; this does not by itself prove production reachability	2066	2067	False	BASE
11094	43	86	2752	5504	2815	5567			CACHE_PRESENT_UNCLASSIFIED		False	False	False	False	0	0	CACHE_ONLY_UNCONFIRMED	Present in current cache/index but no direct SpawnPK usage evidence in this static pass	3545	3546	False	BASE
11095	43	87	2752	5568	2815	5631			CACHE_PRESENT_UNCLASSIFIED		False	False	False	False	0	0	CACHE_ONLY_UNCONFIRMED	Present in current cache/index but no direct SpawnPK usage evidence in this static pass	3579	3580	False	BASE
11096	43	88	2752	5632	2815	5695			CACHE_PRESENT_UNCLASSIFIED		True	True	True	True	4175	0	CACHE_ONLY_UNCONFIRMED	Present in current cache/index but no direct SpawnPK usage evidence in this static pass	1942	1943	False	BASE
11097	43	89	2752	5696	2815	5759			CACHE_PRESENT_UNCLASSIFIED		True	True	True	True	4156	0	CACHE_ONLY_UNCONFIRMED	Present in current cache/index but no direct SpawnPK usage evidence in this static pass	1970	1971	False	BASE
11098	43	90	2752	5760	2815	5823			CACHE_PRESENT_UNCLASSIFIED		True	True	True	True	4236	0	CACHE_ONLY_UNCONFIRMED	Present in current cache/index but no direct SpawnPK usage evidence in this static pass	1972	1973	False	BASE
11149	43	141	2752	9024	2815	9087			CACHE_PRESENT_UNCLASSIFIED		True	True	True	True	384	0	CACHE_ONLY_UNCONFIRMED	Present in current cache/index but no direct SpawnPK usage evidence in this static pass	2875	2876	False	BASE
11150	43	142	2752	9088	2815	9151			SPAWNPK_STATIC_EVIDENCE	O_BIN_CUSTOM_OBJECT_PLACEMENTS	True	True	True	True	6065	0	CUSTOMIZED_CACHE_ONLY_UNCONFIRMED	Cache region contains object IDs customized by o.bin; this does not by itself prove production reachability	1042	1043	False	BASE
11151	43	143	2752	9152	2815	9215			SPAWNPK_STATIC_EVIDENCE	O_BIN_CUSTOM_OBJECT_PLACEMENTS	True	True	True	True	6101	0	CUSTOMIZED_CACHE_ONLY_UNCONFIRMED	Cache region contains object IDs customized by o.bin; this does not by itself prove production reachability	1044	1045	False	BASE
11152	43	144	2752	9216	2815	9279			CACHE_PRESENT_UNCLASSIFIED		True	True	True	True	0	0	CACHE_ONLY_UNCONFIRMED	Present in current cache/index but no direct SpawnPK usage evidence in this static pass	3084	3085	False	BASE
11153	43	145	2752	9280	2815	9343			SPAWNPK_STATIC_EVIDENCE	O_BIN_CUSTOM_OBJECT_PLACEMENTS	True	True	True	True	4061	0	CUSTOMIZED_CACHE_ONLY_UNCONFIRMED	Cache region contains object IDs customized by o.bin; this does not by itself prove production reachability	40	41	False	BASE
11154	43	146	2752	9344	2815	9407			CACHE_PRESENT_UNCLASSIFIED		True	True	True	True	1752	0	CACHE_ONLY_UNCONFIRMED	Present in current cache/index but no direct SpawnPK usage evidence in this static pass	42	43	False	BASE
11155	43	147	2752	9408	2815	9471			CACHE_PRESENT_UNCLASSIFIED		True	True	True	True	4096	0	CACHE_ONLY_UNCONFIRMED	Present in current cache/index but no direct SpawnPK usage evidence in this static pass	3301	3302	False	BASE
11156	43	148	2752	9472	2815	9535			SPAWNPK_STATIC_EVIDENCE	O_BIN_CUSTOM_OBJECT_PLACEMENTS	True	True	True	True	110	0	CUSTOMIZED_CACHE_ONLY_UNCONFIRMED	Cache region contains object IDs customized by o.bin; this does not by itself prove production reachability	896	897	False	BASE
11157	43	149	2752	9536	2815	9599			SPAWNPK_STATIC_EVIDENCE	O_BIN_CUSTOM_OBJECT_PLACEMENTS	True	True	True	True	3633	0	CUSTOMIZED_CACHE_ONLY_UNCONFIRMED	Cache region contains object IDs customized by o.bin; this does not by itself prove production reachability	898	899	False	BASE
11158	43	150	2752	9600	2815	9663			SPAWNPK_STATIC_EVIDENCE	O_BIN_CUSTOM_OBJECT_PLACEMENTS	True	True	True	True	184	0	CUSTOMIZED_CACHE_ONLY_UNCONFIRMED	Cache region contains object IDs customized by o.bin; this does not by itself prove production reachability	900	901	False	BASE
11161	43	153	2752	9792	2815	9855			SPAWNPK_STATIC_EVIDENCE	O_BIN_CUSTOM_OBJECT_PLACEMENTS	True	True	True	True	462	0	CUSTOMIZED_CACHE_ONLY_UNCONFIRMED	Cache region contains object IDs customized by o.bin; this does not by itself prove production reachability	44	45	False	BASE
11162	43	154	2752	9856	2815	9919			CACHE_PRESENT_UNCLASSIFIED		True	True	True	True	1602	0	CACHE_ONLY_UNCONFIRMED	Present in current cache/index but no direct SpawnPK usage evidence in this static pass	46	47	False	BASE
11163	43	155	2752	9920	2815	9983			SPAWNPK_STATIC_EVIDENCE	O_BIN_CUSTOM_OBJECT_PLACEMENTS	True	True	True	True	4173	0	CUSTOMIZED_CACHE_ONLY_UNCONFIRMED	Cache region contains object IDs customized by o.bin; this does not by itself prove production reachability	2809	2810	False	BASE
11164	43	156	2752	9984	2815	10047			CACHE_PRESENT_UNCLASSIFIED		True	True	True	True	4345	0	CACHE_ONLY_UNCONFIRMED	Present in current cache/index but no direct SpawnPK usage evidence in this static pass	1112	1113	False	BASE
11165	43	157	2752	10048	2815	10111			CACHE_PRESENT_UNCLASSIFIED		True	True	True	True	3478	0	CACHE_ONLY_UNCONFIRMED	Present in current cache/index but no direct SpawnPK usage evidence in this static pass	1114	1115	False	BASE
11166	43	158	2752	10112	2815	10175		vintage_dungeon_exit	SPAWNPK_STATIC_EVIDENCE	M_BIN_EXPLICIT_REGION;O_BIN_CUSTOM_OBJECT_PLACEMENTS;STATIC_TRAVEL_OBJECT_PLACEMENTS;NAMED_OR_GROUPED	True	True	True	True	2720	1	CLIENT_EXPLICIT_CUSTOM_REGION	Explicit configs/m.bin region; static existence is proven, live use may still vary by content lifecycle	1086	1087	False	BASE+M_BIN
11167	43	159	2752	10176	2815	10239			CACHE_PRESENT_UNCLASSIFIED		True	True	True	True	3392	0	CACHE_ONLY_UNCONFIRMED	Present in current cache/index but no direct SpawnPK usage evidence in this static pass	1088	1089	False	BASE
11303	44	39	2816	2496	2879	2559			CACHE_PRESENT_UNCLASSIFIED		True	True	True	True	0	0	CACHE_ONLY_UNCONFIRMED	Present in current cache/index but no direct SpawnPK usage evidence in this static pass	1676	1677	False	BASE
11304	44	40	2816	2560	2879	2623			CACHE_PRESENT_UNCLASSIFIED		True	True	True	True	0	0	CACHE_ONLY_UNCONFIRMED	Present in current cache/index but no direct SpawnPK usage evidence in this static pass	1492	1493	False	BASE
11305	44	41	2816	2624	2879	2687			CACHE_PRESENT_UNCLASSIFIED		True	True	True	True	0	0	CACHE_ONLY_UNCONFIRMED	Present in current cache/index but no direct SpawnPK usage evidence in this static pass	928	929	False	BASE
11306	44	42	2816	2688	2879	2751			CACHE_PRESENT_UNCLASSIFIED		True	True	True	True	87	0	CACHE_ONLY_UNCONFIRMED	Present in current cache/index but no direct SpawnPK usage evidence in this static pass	1060	1061	False	BASE
11307	44	43	2816	2752	2879	2815			CACHE_PRESENT_UNCLASSIFIED		True	True	True	True	0	0	CACHE_ONLY_UNCONFIRMED	Present in current cache/index but no direct SpawnPK usage evidence in this static pass	1062	1063	False	BASE
11308	44	44	2816	2816	2879	2879			CACHE_PRESENT_UNCLASSIFIED		True	True	True	True	0	0	CACHE_ONLY_UNCONFIRMED	Present in current cache/index but no direct SpawnPK usage evidence in this static pass	838	839	False	BASE
11309	44	45	2816	2880	2879	2943			CACHE_PRESENT_UNCLASSIFIED		True	True	True	True	2559	0	CACHE_ONLY_UNCONFIRMED	Present in current cache/index but no direct SpawnPK usage evidence in this static pass	272	273	False	BASE
11310	44	46	2816	2944	2879	3007			CACHE_PRESENT_UNCLASSIFIED		True	True	True	True	4361	0	CACHE_ONLY_UNCONFIRMED	Present in current cache/index but no direct SpawnPK usage evidence in this static pass	276	277	False	BASE
11311	44	47	2816	3008	2879	3071			CACHE_PRESENT_UNCLASSIFIED		True	True	True	True	3099	0	CACHE_ONLY_UNCONFIRMED	Present in current cache/index but no direct SpawnPK usage evidence in this static pass	280	281	False	BASE
11312	44	48	2816	3072	2879	3135			CACHE_PRESENT_UNCLASSIFIED		True	True	True	True	2309	0	CACHE_ONLY_UNCONFIRMED	Present in current cache/index but no direct SpawnPK usage evidence in this static pass	284	285	False	BASE
11313	44	49	2816	3136	2879	3199			SPAWNPK_STATIC_EVIDENCE	O_BIN_CUSTOM_OBJECT_PLACEMENTS	True	True	True	True	1204	0	CUSTOMIZED_CACHE_ONLY_UNCONFIRMED	Cache region contains object IDs customized by o.bin; this does not by itself prove production reachability	286	287	False	BASE
11314	44	50	2816	3200	2879	3263			SPAWNPK_STATIC_EVIDENCE	O_BIN_CUSTOM_OBJECT_PLACEMENTS	True	True	True	True	677	0	CUSTOMIZED_CACHE_ONLY_UNCONFIRMED	Cache region contains object IDs customized by o.bin; this does not by itself prove production reachability	292	293	False	BASE
11315	44	51	2816	3264	2879	3327			CACHE_PRESENT_UNCLASSIFIED		True	True	True	True	564	0	CACHE_ONLY_UNCONFIRMED	Present in current cache/index but no direct SpawnPK usage evidence in this static pass	294	295	False	BASE
11316	44	52	2816	3328	2879	3391			SPAWNPK_STATIC_EVIDENCE	O_BIN_CUSTOM_OBJECT_PLACEMENTS	True	True	True	True	2796	0	CUSTOMIZED_CACHE_ONLY_UNCONFIRMED	Cache region contains object IDs customized by o.bin; this does not by itself prove production reachability	296	297	False	BASE
11317	44	53	2816	3392	2879	3455			SPAWNPK_STATIC_EVIDENCE	O_BIN_CUSTOM_OBJECT_PLACEMENTS	True	True	True	True	1365	0	CUSTOMIZED_CACHE_ONLY_UNCONFIRMED	Cache region contains object IDs customized by o.bin; this does not by itself prove production reachability	298	299	False	BASE
11318	44	54	2816	3456	2879	3519			CACHE_PRESENT_UNCLASSIFIED		True	True	True	True	1766	0	CACHE_ONLY_UNCONFIRMED	Present in current cache/index but no direct SpawnPK usage evidence in this static pass	300	301	False	BASE
11319	44	55	2816	3520	2879	3583			SPAWNPK_STATIC_EVIDENCE	O_BIN_CUSTOM_OBJECT_PLACEMENTS	True	True	True	True	4370	0	CUSTOMIZED_CACHE_ONLY_UNCONFIRMED	Cache region contains object IDs customized by o.bin; this does not by itself prove production reachability	302	303	False	BASE
11320	44	56	2816	3584	2879	3647			SPAWNPK_STATIC_EVIDENCE	O_BIN_CUSTOM_OBJECT_PLACEMENTS	True	True	True	True	2426	0	CUSTOMIZED_CACHE_ONLY_UNCONFIRMED	Cache region contains object IDs customized by o.bin; this does not by itself prove production reachability	908	909	False	BASE
11321	44	57	2816	3648	2879	3711			SPAWNPK_STATIC_EVIDENCE	O_BIN_CUSTOM_OBJECT_PLACEMENTS	True	True	True	True	2244	0	CUSTOMIZED_CACHE_ONLY_UNCONFIRMED	Cache region contains object IDs customized by o.bin; this does not by itself prove production reachability	912	913	False	BASE
11322	44	58	2816	3712	2879	3775			CACHE_PRESENT_UNCLASSIFIED		True	True	True	True	954	0	CACHE_ONLY_UNCONFIRMED	Present in current cache/index but no direct SpawnPK usage evidence in this static pass	1096	1097	False	BASE
11323	44	59	2816	3776	2879	3839			CACHE_PRESENT_UNCLASSIFIED		True	True	True	True	2662	0	CACHE_ONLY_UNCONFIRMED	Present in current cache/index but no direct SpawnPK usage evidence in this static pass	1172	1173	False	BASE
11326	44	62	2816	3968	2879	4031			CACHE_PRESENT_UNCLASSIFIED		True	True	True	True	0	0	CACHE_ONLY_UNCONFIRMED	Present in current cache/index but no direct SpawnPK usage evidence in this static pass	1678	1679	False	BASE
11327	44	63	2816	4032	2879	4095			CACHE_PRESENT_UNCLASSIFIED		True	True	True	True	0	0	CACHE_ONLY_UNCONFIRMED	Present in current cache/index but no direct SpawnPK usage evidence in this static pass	1680	1681	False	BASE
11328	44	64	2816	4096	2879	4159			CACHE_PRESENT_UNCLASSIFIED		True	True	True	True	0	0	CACHE_ONLY_UNCONFIRMED	Present in current cache/index but no direct SpawnPK usage evidence in this static pass	1682	1683	False	BASE
11329	44	65	2816	4160	2879	4223			CACHE_PRESENT_UNCLASSIFIED		True	True	True	True	0	0	CACHE_ONLY_UNCONFIRMED	Present in current cache/index but no direct SpawnPK usage evidence in this static pass	3495	3496	False	BASE
11331	44	67	2816	4288	2879	4351			CACHE_PRESENT_UNCLASSIFIED		True	True	True	True	0	0	CACHE_ONLY_UNCONFIRMED	Present in current cache/index but no direct SpawnPK usage evidence in this static pass	3505	3506	False	BASE
11332	44	68	2816	4352	2879	4415			CACHE_PRESENT_UNCLASSIFIED		True	True	True	True	0	0	CACHE_ONLY_UNCONFIRMED	Present in current cache/index but no direct SpawnPK usage evidence in this static pass	3491	3492	False	BASE
11335	44	71	2816	4544	2879	4607			SPAWNPK_STATIC_EVIDENCE	O_BIN_CUSTOM_OBJECT_PLACEMENTS	True	True	True	True	420	0	CUSTOMIZED_CACHE_ONLY_UNCONFIRMED	Cache region contains object IDs customized by o.bin; this does not by itself prove production reachability	1340	1341	False	BASE
11339	44	75	2816	4800	2879	4863			SPAWNPK_STATIC_EVIDENCE	O_BIN_CUSTOM_OBJECT_PLACEMENTS	True	True	True	True	1589	0	CUSTOMIZED_CACHE_ONLY_UNCONFIRMED	Cache region contains object IDs customized by o.bin; this does not by itself prove production reachability	330	331	False	BASE
11341	44	77	2816	4928	2879	4991			CACHE_PRESENT_UNCLASSIFIED		True	True	True	True	1353	0	CACHE_ONLY_UNCONFIRMED	Present in current cache/index but no direct SpawnPK usage evidence in this static pass	1174	1175	False	BASE
11343	44	79	2816	5056	2879	5119			SPAWNPK_STATIC_EVIDENCE	O_BIN_CUSTOM_OBJECT_PLACEMENTS	True	True	True	True	3503	0	CUSTOMIZED_CACHE_ONLY_UNCONFIRMED	Cache region contains object IDs customized by o.bin; this does not by itself prove production reachability	1276	1277	False	BASE
11347	44	83	2816	5312	2879	5375			SPAWNPK_STATIC_EVIDENCE	O_BIN_CUSTOM_OBJECT_PLACEMENTS	True	True	True	True	2649	0	CUSTOMIZED_CACHE_ONLY_UNCONFIRMED	Cache region contains object IDs customized by o.bin; this does not by itself prove production reachability	1852	1853	False	BASE
11350	44	86	2816	5504	2879	5567			CACHE_PRESENT_UNCLASSIFIED		False	False	False	False	0	0	CACHE_ONLY_UNCONFIRMED	Present in current cache/index but no direct SpawnPK usage evidence in this static pass	3559	3560	False	BASE
11351	44	87	2816	5568	2879	5631			CACHE_PRESENT_UNCLASSIFIED		False	False	False	False	0	0	CACHE_ONLY_UNCONFIRMED	Present in current cache/index but no direct SpawnPK usage evidence in this static pass	3575	3576	False	BASE
11352	44	88	2816	5632	2879	5695			CACHE_PRESENT_UNCLASSIFIED		True	True	True	True	3443	0	CACHE_ONLY_UNCONFIRMED	Present in current cache/index but no direct SpawnPK usage evidence in this static pass	1928	1929	False	BASE
11353	44	89	2816	5696	2879	5759			CACHE_PRESENT_UNCLASSIFIED		True	True	True	True	4173	0	CACHE_ONLY_UNCONFIRMED	Present in current cache/index but no direct SpawnPK usage evidence in this static pass	1962	1963	False	BASE
11354	44	90	2816	5760	2879	5823			SPAWNPK_STATIC_EVIDENCE	O_BIN_CUSTOM_OBJECT_PLACEMENTS	True	True	True	True	76	0	CUSTOMIZED_CACHE_ONLY_UNCONFIRMED	Cache region contains object IDs customized by o.bin; this does not by itself prove production reachability	1938	1939	False	BASE
11356	44	92	2816	5888	2879	5951			CACHE_PRESENT_UNCLASSIFIED		False	False	False	False	0	0	CACHE_ONLY_UNCONFIRMED	Present in current cache/index but no direct SpawnPK usage evidence in this static pass	3557	3558	False	BASE
11406	44	142	2816	9088	2879	9151			CACHE_PRESENT_UNCLASSIFIED		True	True	True	True	384	0	CACHE_ONLY_UNCONFIRMED	Present in current cache/index but no direct SpawnPK usage evidence in this static pass	3477	3478	False	BASE
11409	44	145	2816	9280	2879	9343			CACHE_PRESENT_UNCLASSIFIED		True	True	True	True	768	0	CACHE_ONLY_UNCONFIRMED	Present in current cache/index but no direct SpawnPK usage evidence in this static pass	538	539	False	BASE
11410	44	146	2816	9344	2879	9407			CACHE_PRESENT_UNCLASSIFIED		True	True	True	True	0	0	CACHE_ONLY_UNCONFIRMED	Present in current cache/index but no direct SpawnPK usage evidence in this static pass	1822	1823	False	BASE
11412	44	148	2816	9472	2879	9535			SPAWNPK_STATIC_EVIDENCE	O_BIN_CUSTOM_OBJECT_PLACEMENTS	True	True	True	True	3947	0	CUSTOMIZED_CACHE_ONLY_UNCONFIRMED	Cache region contains object IDs customized by o.bin; this does not by itself prove production reachability	542	543	False	BASE
11413	44	149	2816	9536	2879	9599			SPAWNPK_STATIC_EVIDENCE	O_BIN_CUSTOM_OBJECT_PLACEMENTS	True	True	True	True	3866	0	CUSTOMIZED_CACHE_ONLY_UNCONFIRMED	Cache region contains object IDs customized by o.bin; this does not by itself prove production reachability	544	545	False	BASE
11414	44	150	2816	9600	2879	9663			SPAWNPK_STATIC_EVIDENCE	O_BIN_CUSTOM_OBJECT_PLACEMENTS	True	True	True	True	4266	0	CUSTOMIZED_CACHE_ONLY_UNCONFIRMED	Cache region contains object IDs customized by o.bin; this does not by itself prove production reachability	546	547	False	BASE
11415	44	151	2816	9664	2879	9727			CACHE_PRESENT_UNCLASSIFIED		True	True	True	True	588	0	CACHE_ONLY_UNCONFIRMED	Present in current cache/index but no direct SpawnPK usage evidence in this static pass	548	549	False	BASE
11416	44	152	2816	9728	2879	9791			SPAWNPK_STATIC_EVIDENCE	O_BIN_CUSTOM_OBJECT_PLACEMENTS	True	True	True	True	3838	0	CUSTOMIZED_CACHE_ONLY_UNCONFIRMED	Cache region contains object IDs customized by o.bin; this does not by itself prove production reachability	550	551	False	BASE
11417	44	153	2816	9792	2879	9855			SPAWNPK_STATIC_EVIDENCE	O_BIN_CUSTOM_OBJECT_PLACEMENTS	True	True	True	True	4288	0	CUSTOMIZED_CACHE_ONLY_UNCONFIRMED	Cache region contains object IDs customized by o.bin; this does not by itself prove production reachability	552	553	False	BASE
11418	44	154	2816	9856	2879	9919			SPAWNPK_STATIC_EVIDENCE	O_BIN_CUSTOM_OBJECT_PLACEMENTS	True	True	True	True	4161	0	CUSTOMIZED_CACHE_ONLY_UNCONFIRMED	Cache region contains object IDs customized by o.bin; this does not by itself prove production reachability	554	555	False	BASE
11419	44	155	2816	9920	2879	9983			CACHE_PRESENT_UNCLASSIFIED		True	True	True	True	3981	0	CACHE_ONLY_UNCONFIRMED	Present in current cache/index but no direct SpawnPK usage evidence in this static pass	556	557	False	BASE
11420	44	156	2816	9984	2879	10047			CACHE_PRESENT_UNCLASSIFIED		True	True	True	True	415	0	CACHE_ONLY_UNCONFIRMED	Present in current cache/index but no direct SpawnPK usage evidence in this static pass	2749	2750	False	BASE
11421	44	157	2816	10048	2879	10111			CACHE_PRESENT_UNCLASSIFIED		True	True	True	True	5911	0	CACHE_ONLY_UNCONFIRMED	Present in current cache/index but no direct SpawnPK usage evidence in this static pass	910	911	False	BASE
11422	44	158	2816	10112	2879	10175			CACHE_PRESENT_UNCLASSIFIED		True	True	True	True	2456	0	CACHE_ONLY_UNCONFIRMED	Present in current cache/index but no direct SpawnPK usage evidence in this static pass	968	969	False	BASE
11423	44	159	2816	10176	2879	10239			SPAWNPK_STATIC_EVIDENCE	O_BIN_CUSTOM_OBJECT_PLACEMENTS	True	True	True	True	4254	0	CUSTOMIZED_CACHE_ONLY_UNCONFIRMED	Cache region contains object IDs customized by o.bin; this does not by itself prove production reachability	1152	1153	False	BASE
11424	44	160	2816	10240	2879	10303			CACHE_PRESENT_UNCLASSIFIED		True	True	True	True	0	0	CACHE_ONLY_UNCONFIRMED	Present in current cache/index but no direct SpawnPK usage evidence in this static pass	2751	2752	False	BASE
11559	45	39	2880	2496	2943	2559			CACHE_PRESENT_UNCLASSIFIED		True	True	True	True	0	0	CACHE_ONLY_UNCONFIRMED	Present in current cache/index but no direct SpawnPK usage evidence in this static pass	1684	1685	False	BASE
11560	45	40	2880	2560	2943	2623			CACHE_PRESENT_UNCLASSIFIED		True	True	True	True	0	0	CACHE_ONLY_UNCONFIRMED	Present in current cache/index but no direct SpawnPK usage evidence in this static pass	1494	1495	False	BASE
11561	45	41	2880	2624	2943	2687			CACHE_PRESENT_UNCLASSIFIED		True	True	True	True	0	0	CACHE_ONLY_UNCONFIRMED	Present in current cache/index but no direct SpawnPK usage evidence in this static pass	998	999	False	BASE
11562	45	42	2880	2688	2943	2751			CACHE_PRESENT_UNCLASSIFIED		True	True	True	True	919	0	CACHE_ONLY_UNCONFIRMED	Present in current cache/index but no direct SpawnPK usage evidence in this static pass	1050	1051	False	BASE
11563	45	43	2880	2752	2943	2815			CACHE_PRESENT_UNCLASSIFIED		True	True	True	True	0	0	CACHE_ONLY_UNCONFIRMED	Present in current cache/index but no direct SpawnPK usage evidence in this static pass	1064	1065	False	BASE
11564	45	44	2880	2816	2943	2879			CACHE_PRESENT_UNCLASSIFIED		True	True	True	True	0	0	CACHE_ONLY_UNCONFIRMED	Present in current cache/index but no direct SpawnPK usage evidence in this static pass	858	859	False	BASE
11565	45	45	2880	2880	2943	2943			CACHE_PRESENT_UNCLASSIFIED		True	True	True	True	2368	0	CACHE_ONLY_UNCONFIRMED	Present in current cache/index but no direct SpawnPK usage evidence in this static pass	750	751	False	BASE
11566	45	46	2880	2944	2943	3007			SPAWNPK_STATIC_EVIDENCE	O_BIN_CUSTOM_OBJECT_PLACEMENTS	True	True	True	True	2609	0	CUSTOMIZED_CACHE_ONLY_UNCONFIRMED	Cache region contains object IDs customized by o.bin; this does not by itself prove production reachability	752	753	False	BASE
11567	45	47	2880	3008	2943	3071			CACHE_PRESENT_UNCLASSIFIED		True	True	True	True	2963	0	CACHE_ONLY_UNCONFIRMED	Present in current cache/index but no direct SpawnPK usage evidence in this static pass	754	755	False	BASE
11568	45	48	2880	3072	2943	3135			CACHE_PRESENT_UNCLASSIFIED		True	True	True	True	1700	0	CACHE_ONLY_UNCONFIRMED	Present in current cache/index but no direct SpawnPK usage evidence in this static pass	756	757	False	BASE
11569	45	49	2880	3136	2943	3199			SPAWNPK_STATIC_EVIDENCE	O_BIN_CUSTOM_OBJECT_PLACEMENTS	True	True	True	True	1853	0	CUSTOMIZED_CACHE_ONLY_UNCONFIRMED	Cache region contains object IDs customized by o.bin; this does not by itself prove production reachability	758	759	False	BASE
11570	45	50	2880	3200	2943	3263			SPAWNPK_STATIC_EVIDENCE	O_BIN_CUSTOM_OBJECT_PLACEMENTS	True	True	True	True	2832	0	CUSTOMIZED_CACHE_ONLY_UNCONFIRMED	Cache region contains object IDs customized by o.bin; this does not by itself prove production reachability	760	761	False	BASE
11571	45	51	2880	3264	2943	3327			SPAWNPK_STATIC_EVIDENCE	O_BIN_CUSTOM_OBJECT_PLACEMENTS	True	True	True	True	2366	0	CUSTOMIZED_CACHE_ONLY_UNCONFIRMED	Cache region contains object IDs customized by o.bin; this does not by itself prove production reachability	764	765	False	BASE
11572	45	52	2880	3328	2943	3391			SPAWNPK_STATIC_EVIDENCE	O_BIN_CUSTOM_OBJECT_PLACEMENTS	True	True	True	True	2925	0	CUSTOMIZED_CACHE_ONLY_UNCONFIRMED	Cache region contains object IDs customized by o.bin; this does not by itself prove production reachability	766	767	False	BASE
11573	45	53	2880	3392	2943	3455			SPAWNPK_STATIC_EVIDENCE	O_BIN_CUSTOM_OBJECT_PLACEMENTS	True	True	True	True	2849	0	CUSTOMIZED_CACHE_ONLY_UNCONFIRMED	Cache region contains object IDs customized by o.bin; this does not by itself prove production reachability	768	769	False	BASE
11574	45	54	2880	3456	2943	3519			SPAWNPK_STATIC_EVIDENCE	O_BIN_CUSTOM_OBJECT_PLACEMENTS	True	True	True	True	2943	0	CUSTOMIZED_CACHE_ONLY_UNCONFIRMED	Cache region contains object IDs customized by o.bin; this does not by itself prove production reachability	772	773	False	BASE
11575	45	55	2880	3520	2943	3583			SPAWNPK_STATIC_EVIDENCE	O_BIN_CUSTOM_OBJECT_PLACEMENTS	True	True	True	True	3529	0	CUSTOMIZED_CACHE_ONLY_UNCONFIRMED	Cache region contains object IDs customized by o.bin; this does not by itself prove production reachability	774	775	False	BASE
11576	45	56	2880	3584	2943	3647			CACHE_PRESENT_UNCLASSIFIED		True	True	True	True	1770	0	CACHE_ONLY_UNCONFIRMED	Present in current cache/index but no direct SpawnPK usage evidence in this static pass	776	777	False	BASE
11577	45	57	2880	3648	2943	3711			CACHE_PRESENT_UNCLASSIFIED		True	True	True	True	1824	0	CACHE_ONLY_UNCONFIRMED	Present in current cache/index but no direct SpawnPK usage evidence in this static pass	782	783	False	BASE
11578	45	58	2880	3712	2943	3775			CACHE_PRESENT_UNCLASSIFIED		True	True	True	True	723	0	CACHE_ONLY_UNCONFIRMED	Present in current cache/index but no direct SpawnPK usage evidence in this static pass	788	789	False	BASE
11579	45	59	2880	3776	2943	3839			CACHE_PRESENT_UNCLASSIFIED		True	True	True	True	66	0	CACHE_ONLY_UNCONFIRMED	Present in current cache/index but no direct SpawnPK usage evidence in this static pass	794	795	False	BASE
11582	45	62	2880	3968	2943	4031			CACHE_PRESENT_UNCLASSIFIED		True	True	True	True	0	0	CACHE_ONLY_UNCONFIRMED	Present in current cache/index but no direct SpawnPK usage evidence in this static pass	860	861	False	BASE
11583	45	63	2880	4032	2943	4095			CACHE_PRESENT_UNCLASSIFIED		True	True	True	True	0	0	CACHE_ONLY_UNCONFIRMED	Present in current cache/index but no direct SpawnPK usage evidence in this static pass	1686	1687	False	BASE
11584	45	64	2880	4096	2943	4159			CACHE_PRESENT_UNCLASSIFIED		True	True	True	True	0	0	CACHE_ONLY_UNCONFIRMED	Present in current cache/index but no direct SpawnPK usage evidence in this static pass	1688	1689	False	BASE
11585	45	65	2880	4160	2943	4223			CACHE_PRESENT_UNCLASSIFIED		True	True	True	True	0	0	CACHE_ONLY_UNCONFIRMED	Present in current cache/index but no direct SpawnPK usage evidence in this static pass	3507	3508	False	BASE
11586	45	66	2880	4224	2943	4287			CACHE_PRESENT_UNCLASSIFIED		True	True	True	True	0	0	CACHE_ONLY_UNCONFIRMED	Present in current cache/index but no direct SpawnPK usage evidence in this static pass	3483	3484	False	BASE
11587	45	67	2880	4288	2943	4351			CACHE_PRESENT_UNCLASSIFIED		True	True	True	True	0	0	CACHE_ONLY_UNCONFIRMED	Present in current cache/index but no direct SpawnPK usage evidence in this static pass	3485	3486	False	BASE
11588	45	68	2880	4352	2943	4415			CACHE_PRESENT_UNCLASSIFIED		True	True	True	True	0	0	CACHE_ONLY_UNCONFIRMED	Present in current cache/index but no direct SpawnPK usage evidence in this static pass	3493	3494	False	BASE
11589	45	69	2880	4416	2943	4479			CACHE_PRESENT_UNCLASSIFIED		True	True	True	True	664	0	CACHE_ONLY_UNCONFIRMED	Present in current cache/index but no direct SpawnPK usage evidence in this static pass	1270	1271	False	BASE
11591	45	71	2880	4544	2943	4607			CACHE_PRESENT_UNCLASSIFIED		True	True	True	True	3943	0	CACHE_ONLY_UNCONFIRMED	Present in current cache/index but no direct SpawnPK usage evidence in this static pass	904	905	False	BASE
11593	45	73	2880	4672	2943	4735			SPAWNPK_STATIC_EVIDENCE	O_BIN_CUSTOM_OBJECT_PLACEMENTS	True	True	True	True	2822	0	CUSTOMIZED_CACHE_ONLY_UNCONFIRMED	Cache region contains object IDs customized by o.bin; this does not by itself prove production reachability	2	3	False	BASE
11594	45	74	2880	4736	2943	4799			CACHE_PRESENT_UNCLASSIFIED		True	True	True	True	0	0	CACHE_ONLY_UNCONFIRMED	Present in current cache/index but no direct SpawnPK usage evidence in this static pass	2657	2658	False	BASE
11595	45	75	2880	4800	2943	4863			SPAWNPK_STATIC_EVIDENCE	O_BIN_CUSTOM_OBJECT_PLACEMENTS	True	True	True	True	4640	0	CUSTOMIZED_CACHE_ONLY_UNCONFIRMED	Cache region contains object IDs customized by o.bin; this does not by itself prove production reachability	8	9	False	BASE
11597	45	77	2880	4928	2943	4991			CACHE_PRESENT_UNCLASSIFIED		True	True	True	True	728	0	CACHE_ONLY_UNCONFIRMED	Present in current cache/index but no direct SpawnPK usage evidence in this static pass	1176	1177	False	BASE
11599	45	79	2880	5056	2943	5119			CACHE_PRESENT_UNCLASSIFIED		True	True	True	True	710	0	CACHE_ONLY_UNCONFIRMED	Present in current cache/index but no direct SpawnPK usage evidence in this static pass	1278	1279	False	BASE
11601	45	81	2880	5184	2943	5247		nex_lair	SPAWNPK_STATIC_EVIDENCE	M_BIN_EXPLICIT_REGION;CLIENT_HARDCODED_REGION_PATCH;NAMED_OR_GROUPED	True	True	True	True	6533	0	CLIENT_EXPLICIT_CUSTOM_REGION	Explicit configs/m.bin region; static existence is proven, live use may still vary by content lifecycle	3474	3475	False	BASE+M_BIN+HARDCODE
11603	45	83	2880	5312	2943	5375			CACHE_PRESENT_UNCLASSIFIED		True	True	True	True	4209	0	CACHE_ONLY_UNCONFIRMED	Present in current cache/index but no direct SpawnPK usage evidence in this static pass	1858	1859	False	BASE
11605	45	85	2880	5440	2943	5503			CACHE_PRESENT_UNCLASSIFIED		True	True	True	True	3309	0	CACHE_ONLY_UNCONFIRMED	Present in current cache/index but no direct SpawnPK usage evidence in this static pass	1766	1767	False	BASE
11606	45	86	2880	5504	2943	5567			CACHE_PRESENT_UNCLASSIFIED		False	False	False	False	0	0	CACHE_ONLY_UNCONFIRMED	Present in current cache/index but no direct SpawnPK usage evidence in this static pass	3547	3548	False	BASE
11608	45	88	2880	5632	2943	5695			CACHE_PRESENT_UNCLASSIFIED		False	False	False	False	0	0	CACHE_ONLY_UNCONFIRMED	Present in current cache/index but no direct SpawnPK usage evidence in this static pass	3553	3554	False	BASE
11609	45	89	2880	5696	2943	5759			CACHE_PRESENT_UNCLASSIFIED		False	False	False	False	0	0	CACHE_ONLY_UNCONFIRMED	Present in current cache/index but no direct SpawnPK usage evidence in this static pass	3647	3648	False	BASE
11612	45	92	2880	5888	2943	5951			CACHE_PRESENT_UNCLASSIFIED		False	False	False	False	0	0	CACHE_ONLY_UNCONFIRMED	Present in current cache/index but no direct SpawnPK usage evidence in this static pass	3543	3544	False	BASE
11664	45	144	2880	9216	2943	9279			SPAWNPK_STATIC_EVIDENCE	O_BIN_CUSTOM_OBJECT_PLACEMENTS	True	True	True	True	741	0	CUSTOMIZED_CACHE_ONLY_UNCONFIRMED	Cache region contains object IDs customized by o.bin; this does not by itself prove production reachability	2712	2713	False	BASE
11665	45	145	2880	9280	2943	9343			SPAWNPK_STATIC_EVIDENCE	O_BIN_CUSTOM_OBJECT_PLACEMENTS	True	True	True	True	3563	0	CUSTOMIZED_CACHE_ONLY_UNCONFIRMED	Cache region contains object IDs customized by o.bin; this does not by itself prove production reachability	200	201	False	BASE
11666	45	146	2880	9344	2943	9407			SPAWNPK_STATIC_EVIDENCE	O_BIN_CUSTOM_OBJECT_PLACEMENTS	True	True	True	True	2667	0	CUSTOMIZED_CACHE_ONLY_UNCONFIRMED	Cache region contains object IDs customized by o.bin; this does not by itself prove production reachability	202	203	False	BASE
11667	45	147	2880	9408	2943	9471			CACHE_PRESENT_UNCLASSIFIED		True	True	True	True	0	0	CACHE_ONLY_UNCONFIRMED	Present in current cache/index but no direct SpawnPK usage evidence in this static pass	2663	2664	False	BASE
11668	45	148	2880	9472	2943	9535			SPAWNPK_STATIC_EVIDENCE	O_BIN_CUSTOM_OBJECT_PLACEMENTS	True	True	True	True	5038	0	CUSTOMIZED_CACHE_ONLY_UNCONFIRMED	Cache region contains object IDs customized by o.bin; this does not by itself prove production reachability	204	205	False	BASE
11669	45	149	2880	9536	2943	9599			CACHE_PRESENT_UNCLASSIFIED		True	True	True	True	0	0	CACHE_ONLY_UNCONFIRMED	Present in current cache/index but no direct SpawnPK usage evidence in this static pass	2763	2764	False	BASE
11670	45	150	2880	9600	2943	9663			SPAWNPK_STATIC_EVIDENCE	O_BIN_CUSTOM_OBJECT_PLACEMENTS	True	True	True	True	421	0	CUSTOMIZED_CACHE_ONLY_UNCONFIRMED	Cache region contains object IDs customized by o.bin; this does not by itself prove production reachability	206	207	False	BASE
11671	45	151	2880	9664	2943	9727			SPAWNPK_STATIC_EVIDENCE	O_BIN_CUSTOM_OBJECT_PLACEMENTS	True	True	True	True	3309	0	CUSTOMIZED_CACHE_ONLY_UNCONFIRMED	Cache region contains object IDs customized by o.bin; this does not by itself prove production reachability	208	209	False	BASE
11672	45	152	2880	9728	2943	9791			SPAWNPK_STATIC_EVIDENCE	O_BIN_CUSTOM_OBJECT_PLACEMENTS	True	True	True	True	3983	0	CUSTOMIZED_CACHE_ONLY_UNCONFIRMED	Cache region contains object IDs customized by o.bin; this does not by itself prove production reachability	210	211	False	BASE
11673	45	153	2880	9792	2943	9855			SPAWNPK_STATIC_EVIDENCE	O_BIN_CUSTOM_OBJECT_PLACEMENTS	True	True	True	True	3609	0	CUSTOMIZED_CACHE_ONLY_UNCONFIRMED	Cache region contains object IDs customized by o.bin; this does not by itself prove production reachability	212	213	False	BASE
11674	45	154	2880	9856	2943	9919			SPAWNPK_STATIC_EVIDENCE	O_BIN_CUSTOM_OBJECT_PLACEMENTS	True	True	True	True	4227	0	CUSTOMIZED_CACHE_ONLY_UNCONFIRMED	Cache region contains object IDs customized by o.bin; this does not by itself prove production reachability	214	215	False	BASE
11675	45	155	2880	9920	2943	9983			CACHE_PRESENT_UNCLASSIFIED		True	True	True	True	2415	0	CACHE_ONLY_UNCONFIRMED	Present in current cache/index but no direct SpawnPK usage evidence in this static pass	218	219	False	BASE
11676	45	156	2880	9984	2943	10047			CACHE_PRESENT_UNCLASSIFIED		True	True	True	True	1714	0	CACHE_ONLY_UNCONFIRMED	Present in current cache/index but no direct SpawnPK usage evidence in this static pass	914	915	False	BASE
11677	45	157	2880	10048	2943	10111			SPAWNPK_STATIC_EVIDENCE	O_BIN_CUSTOM_OBJECT_PLACEMENTS	True	True	True	True	3985	0	CUSTOMIZED_CACHE_ONLY_UNCONFIRMED	Cache region contains object IDs customized by o.bin; this does not by itself prove production reachability	916	917	False	BASE
11678	45	158	2880	10112	2943	10175			SPAWNPK_STATIC_EVIDENCE	O_BIN_CUSTOM_OBJECT_PLACEMENTS	True	True	True	True	1669	0	CUSTOMIZED_CACHE_ONLY_UNCONFIRMED	Cache region contains object IDs customized by o.bin; this does not by itself prove production reachability	1154	1155	False	BASE
11679	45	159	2880	10176	2943	10239			SPAWNPK_STATIC_EVIDENCE	O_BIN_CUSTOM_OBJECT_PLACEMENTS	True	True	True	True	4447	0	CUSTOMIZED_CACHE_ONLY_UNCONFIRMED	Cache region contains object IDs customized by o.bin; this does not by itself prove production reachability	1156	1157	False	BASE
11680	45	160	2880	10240	2943	10303			CACHE_PRESENT_UNCLASSIFIED		True	True	True	True	0	0	CACHE_ONLY_UNCONFIRMED	Present in current cache/index but no direct SpawnPK usage evidence in this static pass	2647	2648	False	BASE
11815	46	39	2944	2496	3007	2559			CACHE_PRESENT_UNCLASSIFIED		True	True	True	True	0	0	CACHE_ONLY_UNCONFIRMED	Present in current cache/index but no direct SpawnPK usage evidence in this static pass	1690	1691	False	BASE
11816	46	40	2944	2560	3007	2623			CACHE_PRESENT_UNCLASSIFIED		True	True	True	True	0	0	CACHE_ONLY_UNCONFIRMED	Present in current cache/index but no direct SpawnPK usage evidence in this static pass	1496	1497	False	BASE
11817	46	41	2944	2624	3007	2687			CACHE_PRESENT_UNCLASSIFIED		True	True	True	True	0	0	CACHE_ONLY_UNCONFIRMED	Present in current cache/index but no direct SpawnPK usage evidence in this static pass	1498	1499	False	BASE
11818	46	42	2944	2688	3007	2751			CACHE_PRESENT_UNCLASSIFIED		True	True	True	True	0	0	CACHE_ONLY_UNCONFIRMED	Present in current cache/index but no direct SpawnPK usage evidence in this static pass	1318	1319	False	BASE
11819	46	43	2944	2752	3007	2815			CACHE_PRESENT_UNCLASSIFIED		True	True	True	True	0	0	CACHE_ONLY_UNCONFIRMED	Present in current cache/index but no direct SpawnPK usage evidence in this static pass	1500	1501	False	BASE
11820	46	44	2944	2816	3007	2879			CACHE_PRESENT_UNCLASSIFIED		True	True	True	True	0	0	CACHE_ONLY_UNCONFIRMED	Present in current cache/index but no direct SpawnPK usage evidence in this static pass	842	843	False	BASE
11821	46	45	2944	2880	3007	2943			CACHE_PRESENT_UNCLASSIFIED		True	True	True	True	410	0	CACHE_ONLY_UNCONFIRMED	Present in current cache/index but no direct SpawnPK usage evidence in this static pass	396	397	False	BASE
11822	46	46	2944	2944	3007	3007			CACHE_PRESENT_UNCLASSIFIED		True	True	True	True	215	0	CACHE_ONLY_UNCONFIRMED	Present in current cache/index but no direct SpawnPK usage evidence in this static pass	400	401	False	BASE
11823	46	47	2944	3008	3007	3071			CACHE_PRESENT_UNCLASSIFIED		True	True	True	True	1290	0	CACHE_ONLY_UNCONFIRMED	Present in current cache/index but no direct SpawnPK usage evidence in this static pass	406	407	False	BASE
11824	46	48	2944	3072	3007	3135			CACHE_PRESENT_UNCLASSIFIED		True	True	True	True	148	0	CACHE_ONLY_UNCONFIRMED	Present in current cache/index but no direct SpawnPK usage evidence in this static pass	412	413	False	BASE
11825	46	49	2944	3136	3007	3199			SPAWNPK_STATIC_EVIDENCE	O_BIN_CUSTOM_OBJECT_PLACEMENTS	True	True	True	True	1606	0	CUSTOMIZED_CACHE_ONLY_UNCONFIRMED	Cache region contains object IDs customized by o.bin; this does not by itself prove production reachability	416	417	False	BASE
11826	46	50	2944	3200	3007	3263			SPAWNPK_STATIC_EVIDENCE	O_BIN_CUSTOM_OBJECT_PLACEMENTS	True	True	True	True	3906	0	CUSTOMIZED_CACHE_ONLY_UNCONFIRMED	Cache region contains object IDs customized by o.bin; this does not by itself prove production reachability	424	425	False	BASE
11827	46	51	2944	3264	3007	3327			SPAWNPK_STATIC_EVIDENCE	O_BIN_CUSTOM_OBJECT_PLACEMENTS	True	True	True	True	2801	0	CUSTOMIZED_CACHE_ONLY_UNCONFIRMED	Cache region contains object IDs customized by o.bin; this does not by itself prove production reachability	428	429	False	BASE
11828	46	52	2944	3328	3007	3391			SPAWNPK_STATIC_EVIDENCE	O_BIN_CUSTOM_OBJECT_PLACEMENTS	True	True	True	True	5932	0	CUSTOMIZED_CACHE_ONLY_UNCONFIRMED	Cache region contains object IDs customized by o.bin; this does not by itself prove production reachability	430	431	False	BASE
11829	46	53	2944	3392	3007	3455			SPAWNPK_STATIC_EVIDENCE	O_BIN_CUSTOM_OBJECT_PLACEMENTS	True	True	True	True	3531	0	CUSTOMIZED_CACHE_ONLY_UNCONFIRMED	Cache region contains object IDs customized by o.bin; this does not by itself prove production reachability	434	435	False	BASE
11830	46	54	2944	3456	3007	3519			SPAWNPK_STATIC_EVIDENCE	O_BIN_CUSTOM_OBJECT_PLACEMENTS	True	True	True	True	1626	0	CUSTOMIZED_CACHE_ONLY_UNCONFIRMED	Cache region contains object IDs customized by o.bin; this does not by itself prove production reachability	438	439	False	BASE
11831	46	55	2944	3520	3007	3583			SPAWNPK_STATIC_EVIDENCE	O_BIN_CUSTOM_OBJECT_PLACEMENTS	True	True	True	True	1514	0	CUSTOMIZED_CACHE_ONLY_UNCONFIRMED	Cache region contains object IDs customized by o.bin; this does not by itself prove production reachability	442	443	False	BASE
11832	46	56	2944	3584	3007	3647			CACHE_PRESENT_UNCLASSIFIED		True	True	True	True	2398	0	CACHE_ONLY_UNCONFIRMED	Present in current cache/index but no direct SpawnPK usage evidence in this static pass	444	445	False	BASE
11833	46	57	2944	3648	3007	3711			SPAWNPK_STATIC_EVIDENCE	O_BIN_CUSTOM_OBJECT_PLACEMENTS	True	True	True	True	2902	0	CUSTOMIZED_CACHE_ONLY_UNCONFIRMED	Cache region contains object IDs customized by o.bin; this does not by itself prove production reachability	448	449	False	BASE
11834	46	58	2944	3712	3007	3775			CACHE_PRESENT_UNCLASSIFIED		True	True	True	True	2544	0	CACHE_ONLY_UNCONFIRMED	Present in current cache/index but no direct SpawnPK usage evidence in this static pass	452	453	False	BASE
11835	46	59	2944	3776	3007	3839			SPAWNPK_STATIC_EVIDENCE	O_BIN_CUSTOM_OBJECT_PLACEMENTS	True	True	True	True	2958	0	CUSTOMIZED_CACHE_ONLY_UNCONFIRMED	Cache region contains object IDs customized by o.bin; this does not by itself prove production reachability	456	457	False	BASE
11836	46	60	2944	3840	3007	3903			CACHE_PRESENT_UNCLASSIFIED		True	True	True	True	2319	0	CACHE_ONLY_UNCONFIRMED	Present in current cache/index but no direct SpawnPK usage evidence in this static pass	462	463	False	BASE
11837	46	61	2944	3904	3007	3967			CACHE_PRESENT_UNCLASSIFIED		True	True	True	True	2438	0	CACHE_ONLY_UNCONFIRMED	Present in current cache/index but no direct SpawnPK usage evidence in this static pass	464	465	False	BASE
11838	46	62	2944	3968	3007	4031			CACHE_PRESENT_UNCLASSIFIED		True	True	True	True	0	0	CACHE_ONLY_UNCONFIRMED	Present in current cache/index but no direct SpawnPK usage evidence in this static pass	846	847	False	BASE
11839	46	63	2944	4032	3007	4095			CACHE_PRESENT_UNCLASSIFIED		True	True	True	True	0	0	CACHE_ONLY_UNCONFIRMED	Present in current cache/index but no direct SpawnPK usage evidence in this static pass	1692	1693	False	BASE
11840	46	64	2944	4096	3007	4159			CACHE_PRESENT_UNCLASSIFIED		True	True	True	True	0	0	CACHE_ONLY_UNCONFIRMED	Present in current cache/index but no direct SpawnPK usage evidence in this static pass	1694	1695	False	BASE
11841	46	65	2944	4160	3007	4223			CACHE_PRESENT_UNCLASSIFIED		True	True	True	True	0	0	CACHE_ONLY_UNCONFIRMED	Present in current cache/index but no direct SpawnPK usage evidence in this static pass	3497	3498	False	BASE
11842	46	66	2944	4224	3007	4287			CACHE_PRESENT_UNCLASSIFIED		True	True	True	True	0	0	CACHE_ONLY_UNCONFIRMED	Present in current cache/index but no direct SpawnPK usage evidence in this static pass	3501	3502	False	BASE
11843	46	67	2944	4288	3007	4351			CACHE_PRESENT_UNCLASSIFIED		True	True	True	True	1365	0	CACHE_ONLY_UNCONFIRMED	Present in current cache/index but no direct SpawnPK usage evidence in this static pass	3499	3500	False	BASE
11844	46	68	2944	4352	3007	4415			CACHE_PRESENT_UNCLASSIFIED		True	True	True	True	0	0	CACHE_ONLY_UNCONFIRMED	Present in current cache/index but no direct SpawnPK usage evidence in this static pass	3503	3504	False	BASE
11851	46	75	2944	4800	3007	4863			CACHE_PRESENT_UNCLASSIFIED		True	True	True	True	0	0	CACHE_ONLY_UNCONFIRMED	Present in current cache/index but no direct SpawnPK usage evidence in this static pass	490	491	False	BASE
11854	46	78	2944	4992	3007	5055			CACHE_PRESENT_UNCLASSIFIED		True	True	True	True	5617	0	CACHE_ONLY_UNCONFIRMED	Present in current cache/index but no direct SpawnPK usage evidence in this static pass	1216	1217	False	BASE
11855	46	79	2944	5056	3007	5119			CACHE_PRESENT_UNCLASSIFIED		True	True	True	True	5768	0	CACHE_ONLY_UNCONFIRMED	Present in current cache/index but no direct SpawnPK usage evidence in this static pass	1218	1219	False	BASE
11862	46	86	2944	5504	3007	5567			CACHE_PRESENT_UNCLASSIFIED		False	False	False	False	0	0	CACHE_ONLY_UNCONFIRMED	Present in current cache/index but no direct SpawnPK usage evidence in this static pass	3555	3556	False	BASE
11863	46	87	2944	5568	3007	5631			CACHE_PRESENT_UNCLASSIFIED		False	False	False	False	0	0	CACHE_ONLY_UNCONFIRMED	Present in current cache/index but no direct SpawnPK usage evidence in this static pass	3573	3574	False	BASE
11864	46	88	2944	5632	3007	5695			SPAWNPK_STATIC_EVIDENCE	O_BIN_CUSTOM_OBJECT_PLACEMENTS	True	True	True	True	415	0	CUSTOMIZED_CACHE_ONLY_UNCONFIRMED	Cache region contains object IDs customized by o.bin; this does not by itself prove production reachability	1946	1947	False	BASE
11865	46	89	2944	5696	3007	5759			CACHE_PRESENT_UNCLASSIFIED		True	True	True	True	4235	0	CACHE_ONLY_UNCONFIRMED	Present in current cache/index but no direct SpawnPK usage evidence in this static pass	1922	1923	False	BASE
11866	46	90	2944	5760	3007	5823			CACHE_PRESENT_UNCLASSIFIED		True	True	True	True	4010	0	CACHE_ONLY_UNCONFIRMED	Present in current cache/index but no direct SpawnPK usage evidence in this static pass	1960	1961	False	BASE
11877	46	101	2944	6464	3007	6527			SPAWNPK_STATIC_EVIDENCE	CLIENT_HARDCODED_REGION_PATCH	True	True	True	True	602	0	CLIENT_HARDCODED_REGION	Exact client applies a region mapping patch; live reachability not proven by this fact alone	3526	3527	False	HARDCODE
11920	46	144	2944	9216	3007	9279			CACHE_PRESENT_UNCLASSIFIED		True	True	True	True	4318	0	CACHE_ONLY_UNCONFIRMED	Present in current cache/index but no direct SpawnPK usage evidence in this static pass	2701	2702	False	BASE
11921	46	145	2944	9280	3007	9343			CACHE_PRESENT_UNCLASSIFIED		True	True	True	True	0	0	CACHE_ONLY_UNCONFIRMED	Present in current cache/index but no direct SpawnPK usage evidence in this static pass	2673	2674	False	BASE
11922	46	146	2944	9344	3007	9407			CACHE_PRESENT_UNCLASSIFIED		True	True	True	True	0	0	CACHE_ONLY_UNCONFIRMED	Present in current cache/index but no direct SpawnPK usage evidence in this static pass	2683	2684	False	BASE
11924	46	148	2944	9472	3007	9535			CACHE_PRESENT_UNCLASSIFIED		True	True	True	True	3631	0	CACHE_ONLY_UNCONFIRMED	Present in current cache/index but no direct SpawnPK usage evidence in this static pass	1328	1329	False	BASE
11925	46	149	2944	9536	3007	9599			SPAWNPK_STATIC_EVIDENCE	O_BIN_CUSTOM_OBJECT_PLACEMENTS	True	True	True	True	3924	0	CUSTOMIZED_CACHE_ONLY_UNCONFIRMED	Cache region contains object IDs customized by o.bin; this does not by itself prove production reachability	700	701	False	BASE
11926	46	150	2944	9600	3007	9663			SPAWNPK_STATIC_EVIDENCE	O_BIN_CUSTOM_OBJECT_PLACEMENTS	True	True	True	True	2544	0	CUSTOMIZED_CACHE_ONLY_UNCONFIRMED	Cache region contains object IDs customized by o.bin; this does not by itself prove production reachability	702	703	False	BASE
11928	46	152	2944	9728	3007	9791			SPAWNPK_STATIC_EVIDENCE	O_BIN_CUSTOM_OBJECT_PLACEMENTS	True	True	True	True	1797	0	CUSTOMIZED_CACHE_ONLY_UNCONFIRMED	Cache region contains object IDs customized by o.bin; this does not by itself prove production reachability	706	707	False	BASE
11929	46	153	2944	9792	3007	9855			SPAWNPK_STATIC_EVIDENCE	O_BIN_CUSTOM_OBJECT_PLACEMENTS	True	True	True	True	3921	0	CUSTOMIZED_CACHE_ONLY_UNCONFIRMED	Cache region contains object IDs customized by o.bin; this does not by itself prove production reachability	710	711	False	BASE
11930	46	154	2944	9856	3007	9919			CACHE_PRESENT_UNCLASSIFIED		True	True	True	True	784	0	CACHE_ONLY_UNCONFIRMED	Present in current cache/index but no direct SpawnPK usage evidence in this static pass	714	715	False	BASE
11934	46	158	2944	10112	3007	10175			CACHE_PRESENT_UNCLASSIFIED		True	True	True	True	0	0	CACHE_ONLY_UNCONFIRMED	Present in current cache/index but no direct SpawnPK usage evidence in this static pass	1812	1813	False	BASE
11935	46	159	2944	10176	3007	10239			CACHE_PRESENT_UNCLASSIFIED		True	True	True	True	0	0	CACHE_ONLY_UNCONFIRMED	Present in current cache/index but no direct SpawnPK usage evidence in this static pass	1814	1815	False	BASE
11937	46	161	2944	10304	3007	10367			SPAWNPK_STATIC_EVIDENCE	O_BIN_CUSTOM_OBJECT_PLACEMENTS	True	True	True	True	733	0	CUSTOMIZED_CACHE_ONLY_UNCONFIRMED	Cache region contains object IDs customized by o.bin; this does not by itself prove production reachability	720	721	False	BASE
12071	47	39	3008	2496	3071	2559			CACHE_PRESENT_UNCLASSIFIED		True	True	True	True	0	0	CACHE_ONLY_UNCONFIRMED	Present in current cache/index but no direct SpawnPK usage evidence in this static pass	1696	1697	False	BASE
12072	47	40	3008	2560	3071	2623			CACHE_PRESENT_UNCLASSIFIED		True	True	True	True	0	0	CACHE_ONLY_UNCONFIRMED	Present in current cache/index but no direct SpawnPK usage evidence in this static pass	1502	1503	False	BASE
12073	47	41	3008	2624	3071	2687			CACHE_PRESENT_UNCLASSIFIED		True	True	True	True	0	0	CACHE_ONLY_UNCONFIRMED	Present in current cache/index but no direct SpawnPK usage evidence in this static pass	1504	1505	False	BASE
12074	47	42	3008	2688	3071	2751			CACHE_PRESENT_UNCLASSIFIED		True	True	True	True	0	0	CACHE_ONLY_UNCONFIRMED	Present in current cache/index but no direct SpawnPK usage evidence in this static pass	1506	1507	False	BASE
12075	47	43	3008	2752	3071	2815			CACHE_PRESENT_UNCLASSIFIED		True	True	True	True	0	0	CACHE_ONLY_UNCONFIRMED	Present in current cache/index but no direct SpawnPK usage evidence in this static pass	1508	1509	False	BASE
12076	47	44	3008	2816	3071	2879			CACHE_PRESENT_UNCLASSIFIED		True	True	True	True	0	0	CACHE_ONLY_UNCONFIRMED	Present in current cache/index but no direct SpawnPK usage evidence in this static pass	818	819	False	BASE
12077	47	45	3008	2880	3071	2943			CACHE_PRESENT_UNCLASSIFIED		True	True	True	True	0	0	CACHE_ONLY_UNCONFIRMED	Present in current cache/index but no direct SpawnPK usage evidence in this static pass	820	821	False	BASE
12078	47	46	3008	2944	3071	3007			CACHE_PRESENT_UNCLASSIFIED		True	True	True	True	0	0	CACHE_ONLY_UNCONFIRMED	Present in current cache/index but no direct SpawnPK usage evidence in this static pass	822	823	False	BASE
12079	47	47	3008	3008	3071	3071			CACHE_PRESENT_UNCLASSIFIED		True	True	True	True	150	0	CACHE_ONLY_UNCONFIRMED	Present in current cache/index but no direct SpawnPK usage evidence in this static pass	92	93	False	BASE
12080	47	48	3008	3072	3071	3135			CACHE_PRESENT_UNCLASSIFIED		True	True	True	True	470	0	CACHE_ONLY_UNCONFIRMED	Present in current cache/index but no direct SpawnPK usage evidence in this static pass	96	97	False	BASE
12081	47	49	3008	3136	3071	3199			SPAWNPK_STATIC_EVIDENCE	O_BIN_CUSTOM_OBJECT_PLACEMENTS	True	True	True	True	1374	0	CUSTOMIZED_CACHE_ONLY_UNCONFIRMED	Cache region contains object IDs customized by o.bin; this does not by itself prove production reachability	98	99	False	BASE
12082	47	50	3008	3200	3071	3263			SPAWNPK_STATIC_EVIDENCE	O_BIN_CUSTOM_OBJECT_PLACEMENTS	True	True	True	True	4630	0	CUSTOMIZED_CACHE_ONLY_UNCONFIRMED	Cache region contains object IDs customized by o.bin; this does not by itself prove production reachability	104	105	False	BASE
12083	47	51	3008	3264	3071	3327			SPAWNPK_STATIC_EVIDENCE	O_BIN_CUSTOM_OBJECT_PLACEMENTS	True	True	True	True	3391	0	CUSTOMIZED_CACHE_ONLY_UNCONFIRMED	Cache region contains object IDs customized by o.bin; this does not by itself prove production reachability	106	107	False	BASE
12084	47	52	3008	3328	3071	3391			SPAWNPK_STATIC_EVIDENCE	O_BIN_CUSTOM_OBJECT_PLACEMENTS	True	True	True	True	5792	0	CUSTOMIZED_CACHE_ONLY_UNCONFIRMED	Cache region contains object IDs customized by o.bin; this does not by itself prove production reachability	108	109	False	BASE
12085	47	53	3008	3392	3071	3455			SPAWNPK_STATIC_EVIDENCE	O_BIN_CUSTOM_OBJECT_PLACEMENTS	True	True	True	True	3472	0	CUSTOMIZED_CACHE_ONLY_UNCONFIRMED	Cache region contains object IDs customized by o.bin; this does not by itself prove production reachability	110	111	False	BASE
12086	47	54	3008	3456	3071	3519			SPAWNPK_STATIC_EVIDENCE	O_BIN_CUSTOM_OBJECT_PLACEMENTS	True	True	True	True	2557	0	CUSTOMIZED_CACHE_ONLY_UNCONFIRMED	Cache region contains object IDs customized by o.bin; this does not by itself prove production reachability	112	113	False	BASE
12087	47	55	3008	3520	3071	3583			SPAWNPK_STATIC_EVIDENCE	O_BIN_CUSTOM_OBJECT_PLACEMENTS	True	True	True	True	1354	0	CUSTOMIZED_CACHE_ONLY_UNCONFIRMED	Cache region contains object IDs customized by o.bin; this does not by itself prove production reachability	114	115	False	BASE
12088	47	56	3008	3584	3071	3647			SPAWNPK_STATIC_EVIDENCE	O_BIN_CUSTOM_OBJECT_PLACEMENTS	True	True	True	True	3090	0	CUSTOMIZED_CACHE_ONLY_UNCONFIRMED	Cache region contains object IDs customized by o.bin; this does not by itself prove production reachability	116	117	False	BASE
12089	47	57	3008	3648	3071	3711			SPAWNPK_STATIC_EVIDENCE	O_BIN_CUSTOM_OBJECT_PLACEMENTS	True	True	True	True	3198	0	CUSTOMIZED_CACHE_ONLY_UNCONFIRMED	Cache region contains object IDs customized by o.bin; this does not by itself prove production reachability	118	119	False	BASE
12090	47	58	3008	3712	3071	3775			CACHE_PRESENT_UNCLASSIFIED		True	True	True	True	2533	0	CACHE_ONLY_UNCONFIRMED	Present in current cache/index but no direct SpawnPK usage evidence in this static pass	120	121	False	BASE
12091	47	59	3008	3776	3071	3839			SPAWNPK_STATIC_EVIDENCE	O_BIN_CUSTOM_OBJECT_PLACEMENTS	True	True	True	True	2652	0	CUSTOMIZED_CACHE_ONLY_UNCONFIRMED	Cache region contains object IDs customized by o.bin; this does not by itself prove production reachability	122	123	False	BASE
12092	47	60	3008	3840	3071	3903			SPAWNPK_STATIC_EVIDENCE	O_BIN_CUSTOM_OBJECT_PLACEMENTS	True	True	True	True	3255	0	CUSTOMIZED_CACHE_ONLY_UNCONFIRMED	Cache region contains object IDs customized by o.bin; this does not by itself prove production reachability	126	127	False	BASE
12093	47	61	3008	3904	3071	3967			SPAWNPK_STATIC_EVIDENCE	O_BIN_CUSTOM_OBJECT_PLACEMENTS	True	True	True	True	2865	0	CUSTOMIZED_CACHE_ONLY_UNCONFIRMED	Cache region contains object IDs customized by o.bin; this does not by itself prove production reachability	128	129	False	BASE
12094	47	62	3008	3968	3071	4031			CACHE_PRESENT_UNCLASSIFIED		True	True	True	True	0	0	CACHE_ONLY_UNCONFIRMED	Present in current cache/index but no direct SpawnPK usage evidence in this static pass	836	837	False	BASE
12095	47	63	3008	4032	3071	4095			CACHE_PRESENT_UNCLASSIFIED		True	True	True	True	0	0	CACHE_ONLY_UNCONFIRMED	Present in current cache/index but no direct SpawnPK usage evidence in this static pass	1698	1699	False	BASE
12096	47	64	3008	4096	3071	4159			CACHE_PRESENT_UNCLASSIFIED		True	True	True	True	0	0	CACHE_ONLY_UNCONFIRMED	Present in current cache/index but no direct SpawnPK usage evidence in this static pass	1700	1701	False	BASE
12097	47	65	3008	4160	3071	4223			CACHE_PRESENT_UNCLASSIFIED		True	True	True	True	0	0	CACHE_ONLY_UNCONFIRMED	Present in current cache/index but no direct SpawnPK usage evidence in this static pass	3487	3488	False	BASE
12100	47	68	3008	4352	3071	4415			CACHE_PRESENT_UNCLASSIFIED		True	True	True	True	2507	0	CACHE_ONLY_UNCONFIRMED	Present in current cache/index but no direct SpawnPK usage evidence in this static pass	1770	1771	False	BASE
12102	47	70	3008	4480	3071	4543			CACHE_PRESENT_UNCLASSIFIED		True	True	True	True	0	0	CACHE_ONLY_UNCONFIRMED	Present in current cache/index but no direct SpawnPK usage evidence in this static pass	1416	1417	False	BASE
12105	47	73	3008	4672	3071	4735			CACHE_PRESENT_UNCLASSIFIED		True	True	True	True	653	0	CACHE_ONLY_UNCONFIRMED	Present in current cache/index but no direct SpawnPK usage evidence in this static pass	1300	1301	False	BASE
12106	47	74	3008	4736	3071	4799			CACHE_PRESENT_UNCLASSIFIED		True	True	True	True	960	0	CACHE_ONLY_UNCONFIRMED	Present in current cache/index but no direct SpawnPK usage evidence in this static pass	2643	2644	False	BASE
12107	47	75	3008	4800	3071	4863			CACHE_PRESENT_UNCLASSIFIED		True	True	True	True	3522	0	CACHE_ONLY_UNCONFIRMED	Present in current cache/index but no direct SpawnPK usage evidence in this static pass	160	161	False	BASE
12108	47	76	3008	4864	3071	4927			CACHE_PRESENT_UNCLASSIFIED		True	True	True	True	3266	0	CACHE_ONLY_UNCONFIRMED	Present in current cache/index but no direct SpawnPK usage evidence in this static pass	1408	1409	False	BASE
12109	47	77	3008	4928	3071	4991			SPAWNPK_STATIC_EVIDENCE	O_BIN_CUSTOM_OBJECT_PLACEMENTS	True	True	True	True	2246	0	CUSTOMIZED_CACHE_ONLY_UNCONFIRMED	Cache region contains object IDs customized by o.bin; this does not by itself prove production reachability	1220	1221	False	BASE
12110	47	78	3008	4992	3071	5055			SPAWNPK_STATIC_EVIDENCE	O_BIN_CUSTOM_OBJECT_PLACEMENTS	True	True	True	True	5028	0	CUSTOMIZED_CACHE_ONLY_UNCONFIRMED	Cache region contains object IDs customized by o.bin; this does not by itself prove production reachability	1222	1223	False	BASE
12111	47	79	3008	5056	3071	5119			CACHE_PRESENT_UNCLASSIFIED		True	True	True	True	5383	0	CACHE_ONLY_UNCONFIRMED	Present in current cache/index but no direct SpawnPK usage evidence in this static pass	1224	1225	False	BASE
12113	47	81	3008	5184	3071	5247			CACHE_PRESENT_UNCLASSIFIED		True	True	True	True	3196	0	CACHE_ONLY_UNCONFIRMED	Present in current cache/index but no direct SpawnPK usage evidence in this static pass	1360	1361	False	BASE
12115	47	83	3008	5312	3071	5375			CACHE_PRESENT_UNCLASSIFIED		True	True	True	True	0	0	CACHE_ONLY_UNCONFIRMED	Present in current cache/index but no direct SpawnPK usage evidence in this static pass	1410	1411	False	BASE
12117	47	85	3008	5440	3071	5503			CACHE_PRESENT_UNCLASSIFIED		True	True	True	True	1413	0	CACHE_ONLY_UNCONFIRMED	Present in current cache/index but no direct SpawnPK usage evidence in this static pass	1330	1331	False	BASE
12118	47	86	3008	5504	3071	5567			CACHE_PRESENT_UNCLASSIFIED		False	False	False	False	0	0	CACHE_ONLY_UNCONFIRMED	Present in current cache/index but no direct SpawnPK usage evidence in this static pass	3539	3540	False	BASE
12119	47	87	3008	5568	3071	5631			CACHE_PRESENT_UNCLASSIFIED		False	False	False	False	0	0	CACHE_ONLY_UNCONFIRMED	Present in current cache/index but no direct SpawnPK usage evidence in this static pass	3577	3578	False	BASE
12120	47	88	3008	5632	3071	5695			CACHE_PRESENT_UNCLASSIFIED		True	True	True	True	4175	0	CACHE_ONLY_UNCONFIRMED	Present in current cache/index but no direct SpawnPK usage evidence in this static pass	1964	1965	False	BASE
12121	47	89	3008	5696	3071	5759			CACHE_PRESENT_UNCLASSIFIED		True	True	True	True	4156	0	CACHE_ONLY_UNCONFIRMED	Present in current cache/index but no direct SpawnPK usage evidence in this static pass	1948	1949	False	BASE
12122	47	90	3008	5760	3071	5823			CACHE_PRESENT_UNCLASSIFIED		True	True	True	True	4236	0	CACHE_ONLY_UNCONFIRMED	Present in current cache/index but no direct SpawnPK usage evidence in this static pass	1966	1967	False	BASE
12180	47	148	3008	9472	3071	9535			CACHE_PRESENT_UNCLASSIFIED		True	True	True	True	987	0	CACHE_ONLY_UNCONFIRMED	Present in current cache/index but no direct SpawnPK usage evidence in this static pass	304	305	False	BASE
12181	47	149	3008	9536	3071	9599			SPAWNPK_STATIC_EVIDENCE	O_BIN_CUSTOM_OBJECT_PLACEMENTS	True	True	True	True	3575	0	CUSTOMIZED_CACHE_ONLY_UNCONFIRMED	Cache region contains object IDs customized by o.bin; this does not by itself prove production reachability	306	307	False	BASE
12182	47	150	3008	9600	3071	9663			CACHE_PRESENT_UNCLASSIFIED		True	True	True	True	733	0	CACHE_ONLY_UNCONFIRMED	Present in current cache/index but no direct SpawnPK usage evidence in this static pass	308	309	False	BASE
12184	47	152	3008	9728	3071	9791			SPAWNPK_STATIC_EVIDENCE	O_BIN_CUSTOM_OBJECT_PLACEMENTS	True	True	True	True	3794	0	CUSTOMIZED_CACHE_ONLY_UNCONFIRMED	Cache region contains object IDs customized by o.bin; this does not by itself prove production reachability	310	311	False	BASE
12185	47	153	3008	9792	3071	9855			SPAWNPK_STATIC_EVIDENCE	O_BIN_CUSTOM_OBJECT_PLACEMENTS	True	True	True	True	3089	0	CUSTOMIZED_CACHE_ONLY_UNCONFIRMED	Cache region contains object IDs customized by o.bin; this does not by itself prove production reachability	312	313	False	BASE
12186	47	154	3008	9856	3071	9919			CACHE_PRESENT_UNCLASSIFIED		False	False	False	False	0	0	CACHE_ONLY_UNCONFIRMED	Present in current cache/index but no direct SpawnPK usage evidence in this static pass	3601	3602	False	BASE
12187	47	155	3008	9920	3071	9983			CACHE_PRESENT_UNCLASSIFIED		True	True	True	True	0	0	CACHE_ONLY_UNCONFIRMED	Present in current cache/index but no direct SpawnPK usage evidence in this static pass	314	315	False	BASE
12188	47	156	3008	9984	3071	10047			CACHE_PRESENT_UNCLASSIFIED		False	False	False	False	0	0	CACHE_ONLY_UNCONFIRMED	Present in current cache/index but no direct SpawnPK usage evidence in this static pass	3645	3646	False	BASE
12189	47	157	3008	10048	3071	10111			CACHE_PRESENT_UNCLASSIFIED		False	False	False	False	0	0	CACHE_ONLY_UNCONFIRMED	Present in current cache/index but no direct SpawnPK usage evidence in this static pass	3637	3638	False	BASE
12192	47	160	3008	10240	3071	10303			SPAWNPK_STATIC_EVIDENCE	O_BIN_CUSTOM_OBJECT_PLACEMENTS	True	True	True	True	2392	0	CUSTOMIZED_CACHE_ONLY_UNCONFIRMED	Cache region contains object IDs customized by o.bin; this does not by itself prove production reachability	316	317	False	BASE
12193	47	161	3008	10304	3071	10367			SPAWNPK_STATIC_EVIDENCE	O_BIN_CUSTOM_OBJECT_PLACEMENTS	True	True	True	True	3049	0	CUSTOMIZED_CACHE_ONLY_UNCONFIRMED	Cache region contains object IDs customized by o.bin; this does not by itself prove production reachability	318	319	False	BASE
12333	48	45	3072	2880	3135	2943			CACHE_PRESENT_UNCLASSIFIED		True	True	True	True	0	0	CACHE_ONLY_UNCONFIRMED	Present in current cache/index but no direct SpawnPK usage evidence in this static pass	848	849	False	BASE
12334	48	46	3072	2944	3135	3007			CACHE_PRESENT_UNCLASSIFIED		True	True	True	True	0	0	CACHE_ONLY_UNCONFIRMED	Present in current cache/index but no direct SpawnPK usage evidence in this static pass	850	851	False	BASE
12335	48	47	3072	3008	3135	3071			CACHE_PRESENT_UNCLASSIFIED		True	True	True	True	482	0	CACHE_ONLY_UNCONFIRMED	Present in current cache/index but no direct SpawnPK usage evidence in this static pass	604	605	False	BASE
12336	48	48	3072	3072	3135	3135			SPAWNPK_STATIC_EVIDENCE	O_BIN_CUSTOM_OBJECT_PLACEMENTS	True	True	True	True	3783	0	CUSTOMIZED_CACHE_ONLY_UNCONFIRMED	Cache region contains object IDs customized by o.bin; this does not by itself prove production reachability	608	609	False	BASE
12337	48	49	3072	3136	3135	3199			SPAWNPK_STATIC_EVIDENCE	O_BIN_CUSTOM_OBJECT_PLACEMENTS	True	True	True	True	1119	0	CUSTOMIZED_CACHE_ONLY_UNCONFIRMED	Cache region contains object IDs customized by o.bin; this does not by itself prove production reachability	610	611	False	BASE
12338	48	50	3072	3200	3135	3263			SPAWNPK_STATIC_EVIDENCE	O_BIN_CUSTOM_OBJECT_PLACEMENTS	True	True	True	True	2513	0	CUSTOMIZED_CACHE_ONLY_UNCONFIRMED	Cache region contains object IDs customized by o.bin; this does not by itself prove production reachability	616	617	False	BASE
12339	48	51	3072	3264	3135	3327			SPAWNPK_STATIC_EVIDENCE	O_BIN_CUSTOM_OBJECT_PLACEMENTS	True	True	True	True	2855	0	CUSTOMIZED_CACHE_ONLY_UNCONFIRMED	Cache region contains object IDs customized by o.bin; this does not by itself prove production reachability	618	619	False	BASE
12340	48	52	3072	3328	3135	3391			SPAWNPK_STATIC_EVIDENCE	O_BIN_CUSTOM_OBJECT_PLACEMENTS	True	True	True	True	4307	0	CUSTOMIZED_CACHE_ONLY_UNCONFIRMED	Cache region contains object IDs customized by o.bin; this does not by itself prove production reachability	620	621	False	BASE
12341	48	53	3072	3392	3135	3455			SPAWNPK_STATIC_EVIDENCE	O_BIN_CUSTOM_OBJECT_PLACEMENTS	True	True	True	True	3168	0	CUSTOMIZED_CACHE_ONLY_UNCONFIRMED	Cache region contains object IDs customized by o.bin; this does not by itself prove production reachability	622	623	False	BASE
12342	48	54	3072	3456	3135	3519			SPAWNPK_STATIC_EVIDENCE	PRODUCTION_HOME_RECOVERED;O_BIN_CUSTOM_OBJECT_PLACEMENTS	True	True	True	True	3633	0	PRODUCTION_CONFIRMED	HOME recovered from production survey + client/cache	624	625	False	BASE
12343	48	55	3072	3520	3135	3583			SPAWNPK_STATIC_EVIDENCE	O_BIN_CUSTOM_OBJECT_PLACEMENTS	True	True	True	True	1324	0	CUSTOMIZED_CACHE_ONLY_UNCONFIRMED	Cache region contains object IDs customized by o.bin; this does not by itself prove production reachability	626	627	False	BASE
12344	48	56	3072	3584	3135	3647			CACHE_PRESENT_UNCLASSIFIED		True	True	True	True	2478	0	CACHE_ONLY_UNCONFIRMED	Present in current cache/index but no direct SpawnPK usage evidence in this static pass	628	629	False	BASE
12345	48	57	3072	3648	3135	3711			CACHE_PRESENT_UNCLASSIFIED		True	True	True	True	2896	0	CACHE_ONLY_UNCONFIRMED	Present in current cache/index but no direct SpawnPK usage evidence in this static pass	632	633	False	BASE
12346	48	58	3072	3712	3135	3775			CACHE_PRESENT_UNCLASSIFIED		True	True	True	True	2470	0	CACHE_ONLY_UNCONFIRMED	Present in current cache/index but no direct SpawnPK usage evidence in this static pass	636	637	False	BASE
12347	48	59	3072	3776	3135	3839			SPAWNPK_STATIC_EVIDENCE	O_BIN_CUSTOM_OBJECT_PLACEMENTS	True	True	True	True	3097	0	CUSTOMIZED_CACHE_ONLY_UNCONFIRMED	Cache region contains object IDs customized by o.bin; this does not by itself prove production reachability	640	641	False	BASE
12348	48	60	3072	3840	3135	3903			CACHE_PRESENT_UNCLASSIFIED		True	True	True	True	3352	0	CACHE_ONLY_UNCONFIRMED	Present in current cache/index but no direct SpawnPK usage evidence in this static pass	646	647	False	BASE
12349	48	61	3072	3904	3135	3967			SPAWNPK_STATIC_EVIDENCE	O_BIN_CUSTOM_OBJECT_PLACEMENTS	True	True	True	True	4437	0	CUSTOMIZED_CACHE_ONLY_UNCONFIRMED	Cache region contains object IDs customized by o.bin; this does not by itself prove production reachability	648	649	False	BASE
12350	48	62	3072	3968	3135	4031			CACHE_PRESENT_UNCLASSIFIED		True	True	True	True	0	0	CACHE_ONLY_UNCONFIRMED	Present in current cache/index but no direct SpawnPK usage evidence in this static pass	856	857	False	BASE
12351	48	63	3072	4032	3135	4095			CACHE_PRESENT_UNCLASSIFIED		True	True	True	True	0	0	CACHE_ONLY_UNCONFIRMED	Present in current cache/index but no direct SpawnPK usage evidence in this static pass	1702	1703	False	BASE
12352	48	64	3072	4096	3135	4159			CACHE_PRESENT_UNCLASSIFIED		True	True	True	True	0	0	CACHE_ONLY_UNCONFIRMED	Present in current cache/index but no direct SpawnPK usage evidence in this static pass	1704	1705	False	BASE
12353	48	65	3072	4160	3135	4223			CACHE_PRESENT_UNCLASSIFIED		True	True	True	True	0	0	CACHE_ONLY_UNCONFIRMED	Present in current cache/index but no direct SpawnPK usage evidence in this static pass	2048	2049	False	BASE
12354	48	66	3072	4224	3135	4287			CACHE_PRESENT_UNCLASSIFIED		True	True	True	True	1870	0	CACHE_ONLY_UNCONFIRMED	Present in current cache/index but no direct SpawnPK usage evidence in this static pass	2050	2051	False	BASE
12356	48	68	3072	4352	3135	4415			CACHE_PRESENT_UNCLASSIFIED		True	True	True	True	0	0	CACHE_ONLY_UNCONFIRMED	Present in current cache/index but no direct SpawnPK usage evidence in this static pass	2108	2109	False	BASE
12369	48	81	3072	5184	3135	5247			CACHE_PRESENT_UNCLASSIFIED		True	True	True	True	719	0	CACHE_ONLY_UNCONFIRMED	Present in current cache/index but no direct SpawnPK usage evidence in this static pass	1362	1363	False	BASE
12374	48	86	3072	5504	3135	5567			CACHE_PRESENT_UNCLASSIFIED		True	True	True	True	7301	0	CACHE_ONLY_UNCONFIRMED	Present in current cache/index but no direct SpawnPK usage evidence in this static pass	2034	2035	False	BASE
12376	48	88	3072	5632	3135	5695			CACHE_PRESENT_UNCLASSIFIED		True	True	True	True	3443	0	CACHE_ONLY_UNCONFIRMED	Present in current cache/index but no direct SpawnPK usage evidence in this static pass	1952	1953	False	BASE
12377	48	89	3072	5696	3135	5759			CACHE_PRESENT_UNCLASSIFIED		True	True	True	True	4174	0	CACHE_ONLY_UNCONFIRMED	Present in current cache/index but no direct SpawnPK usage evidence in this static pass	1920	1921	False	BASE
12378	48	90	3072	5760	3135	5823			CACHE_PRESENT_UNCLASSIFIED		True	True	True	True	4012	0	CACHE_ONLY_UNCONFIRMED	Present in current cache/index but no direct SpawnPK usage evidence in this static pass	1944	1945	False	BASE
12433	48	145	3072	9280	3135	9343			CACHE_PRESENT_UNCLASSIFIED		True	True	True	True	15833	0	CACHE_ONLY_UNCONFIRMED	Present in current cache/index but no direct SpawnPK usage evidence in this static pass	1304	1305	False	BASE
12434	48	146	3072	9344	3135	9407			CACHE_PRESENT_UNCLASSIFIED		True	True	True	True	0	0	CACHE_ONLY_UNCONFIRMED	Present in current cache/index but no direct SpawnPK usage evidence in this static pass	3439	3440	False	BASE
12436	48	148	3072	9472	3135	9535			SPAWNPK_STATIC_EVIDENCE	O_BIN_CUSTOM_OBJECT_PLACEMENTS	True	True	True	True	4193	0	CUSTOMIZED_CACHE_ONLY_UNCONFIRMED	Cache region contains object IDs customized by o.bin; this does not by itself prove production reachability	736	737	False	BASE
12437	48	149	3072	9536	3135	9599			SPAWNPK_STATIC_EVIDENCE	O_BIN_CUSTOM_OBJECT_PLACEMENTS	True	True	True	True	480	0	CUSTOMIZED_CACHE_ONLY_UNCONFIRMED	Cache region contains object IDs customized by o.bin; this does not by itself prove production reachability	738	739	False	BASE
12438	48	150	3072	9600	3135	9663			CACHE_PRESENT_UNCLASSIFIED		True	True	True	True	216	0	CACHE_ONLY_UNCONFIRMED	Present in current cache/index but no direct SpawnPK usage evidence in this static pass	1178	1179	False	BASE
12439	48	151	3072	9664	3135	9727			CACHE_PRESENT_UNCLASSIFIED		True	True	True	True	838	0	CACHE_ONLY_UNCONFIRMED	Present in current cache/index but no direct SpawnPK usage evidence in this static pass	1180	1181	False	BASE
12440	48	152	3072	9728	3135	9791			SPAWNPK_STATIC_EVIDENCE	O_BIN_CUSTOM_OBJECT_PLACEMENTS	True	True	True	True	999	0	CUSTOMIZED_CACHE_ONLY_UNCONFIRMED	Cache region contains object IDs customized by o.bin; this does not by itself prove production reachability	740	741	False	BASE
12441	48	153	3072	9792	3135	9855			SPAWNPK_STATIC_EVIDENCE	O_BIN_CUSTOM_OBJECT_PLACEMENTS	True	True	True	True	1537	0	CUSTOMIZED_CACHE_ONLY_UNCONFIRMED	Cache region contains object IDs customized by o.bin; this does not by itself prove production reachability	742	743	False	BASE
12442	48	154	3072	9856	3135	9919			SPAWNPK_STATIC_EVIDENCE	O_BIN_CUSTOM_OBJECT_PLACEMENTS	True	True	True	True	4475	0	CUSTOMIZED_CACHE_ONLY_UNCONFIRMED	Cache region contains object IDs customized by o.bin; this does not by itself prove production reachability	744	745	False	BASE
12443	48	155	3072	9920	3135	9983			SPAWNPK_STATIC_EVIDENCE	O_BIN_CUSTOM_OBJECT_PLACEMENTS	True	True	True	True	4105	0	CUSTOMIZED_CACHE_ONLY_UNCONFIRMED	Cache region contains object IDs customized by o.bin; this does not by itself prove production reachability	746	747	False	BASE
12444	48	156	3072	9984	3135	10047			SPAWNPK_STATIC_EVIDENCE	O_BIN_CUSTOM_OBJECT_PLACEMENTS	True	True	True	True	1626	0	CUSTOMIZED_CACHE_ONLY_UNCONFIRMED	Cache region contains object IDs customized by o.bin; this does not by itself prove production reachability	748	749	False	BASE
12589	49	45	3136	2880	3199	2943			CACHE_PRESENT_UNCLASSIFIED		True	True	True	True	2787	0	CACHE_ONLY_UNCONFIRMED	Present in current cache/index but no direct SpawnPK usage evidence in this static pass	1306	1307	False	BASE
12590	49	46	3136	2944	3199	3007			SPAWNPK_STATIC_EVIDENCE	O_BIN_CUSTOM_OBJECT_PLACEMENTS	True	True	True	True	1004	0	CUSTOMIZED_CACHE_ONLY_UNCONFIRMED	Cache region contains object IDs customized by o.bin; this does not by itself prove production reachability	248	249	False	BASE
12591	49	47	3136	3008	3199	3071			CACHE_PRESENT_UNCLASSIFIED		True	True	True	True	514	0	CACHE_ONLY_UNCONFIRMED	Present in current cache/index but no direct SpawnPK usage evidence in this static pass	250	251	False	BASE
12592	49	48	3136	3072	3199	3135			SPAWNPK_STATIC_EVIDENCE	O_BIN_CUSTOM_OBJECT_PLACEMENTS	True	True	True	True	984	0	CUSTOMIZED_CACHE_ONLY_UNCONFIRMED	Cache region contains object IDs customized by o.bin; this does not by itself prove production reachability	252	253	False	BASE
12593	49	49	3136	3136	3199	3199			SPAWNPK_STATIC_EVIDENCE	O_BIN_CUSTOM_OBJECT_PLACEMENTS	True	True	True	True	1736	0	CUSTOMIZED_CACHE_ONLY_UNCONFIRMED	Cache region contains object IDs customized by o.bin; this does not by itself prove production reachability	254	255	False	BASE
12594	49	50	3136	3200	3199	3263			SPAWNPK_STATIC_EVIDENCE	O_BIN_CUSTOM_OBJECT_PLACEMENTS	True	True	True	True	2497	0	CUSTOMIZED_CACHE_ONLY_UNCONFIRMED	Cache region contains object IDs customized by o.bin; this does not by itself prove production reachability	256	257	False	BASE
12595	49	51	3136	3264	3199	3327			SPAWNPK_STATIC_EVIDENCE	O_BIN_CUSTOM_OBJECT_PLACEMENTS	True	True	True	True	3051	0	CUSTOMIZED_CACHE_ONLY_UNCONFIRMED	Cache region contains object IDs customized by o.bin; this does not by itself prove production reachability	258	259	False	BASE
12596	49	52	3136	3328	3199	3391			SPAWNPK_STATIC_EVIDENCE	O_BIN_CUSTOM_OBJECT_PLACEMENTS	True	True	True	True	3357	0	CUSTOMIZED_CACHE_ONLY_UNCONFIRMED	Cache region contains object IDs customized by o.bin; this does not by itself prove production reachability	260	261	False	BASE
12597	49	53	3136	3392	3199	3455			SPAWNPK_STATIC_EVIDENCE	O_BIN_CUSTOM_OBJECT_PLACEMENTS	True	True	True	True	5389	0	CUSTOMIZED_CACHE_ONLY_UNCONFIRMED	Cache region contains object IDs customized by o.bin; this does not by itself prove production reachability	262	263	False	BASE
12598	49	54	3136	3456	3199	3519			SPAWNPK_STATIC_EVIDENCE	O_BIN_CUSTOM_OBJECT_PLACEMENTS	True	True	True	True	2471	0	CUSTOMIZED_CACHE_ONLY_UNCONFIRMED	Cache region contains object IDs customized by o.bin; this does not by itself prove production reachability	266	267	False	BASE
12599	49	55	3136	3520	3199	3583			SPAWNPK_STATIC_EVIDENCE	O_BIN_CUSTOM_OBJECT_PLACEMENTS	True	True	True	True	1293	0	CUSTOMIZED_CACHE_ONLY_UNCONFIRMED	Cache region contains object IDs customized by o.bin; this does not by itself prove production reachability	268	269	False	BASE
12600	49	56	3136	3584	3199	3647			CACHE_PRESENT_UNCLASSIFIED		True	True	True	True	1813	0	CACHE_ONLY_UNCONFIRMED	Present in current cache/index but no direct SpawnPK usage evidence in this static pass	270	271	False	BASE
12601	49	57	3136	3648	3199	3711			CACHE_PRESENT_UNCLASSIFIED		True	True	True	True	2372	0	CACHE_ONLY_UNCONFIRMED	Present in current cache/index but no direct SpawnPK usage evidence in this static pass	274	275	False	BASE
12602	49	58	3136	3712	3199	3775			CACHE_PRESENT_UNCLASSIFIED		True	True	True	True	2772	0	CACHE_ONLY_UNCONFIRMED	Present in current cache/index but no direct SpawnPK usage evidence in this static pass	278	279	False	BASE
12603	49	59	3136	3776	3199	3839			SPAWNPK_STATIC_EVIDENCE	O_BIN_CUSTOM_OBJECT_PLACEMENTS	True	True	True	True	2833	0	CUSTOMIZED_CACHE_ONLY_UNCONFIRMED	Cache region contains object IDs customized by o.bin; this does not by itself prove production reachability	282	283	False	BASE
12604	49	60	3136	3840	3199	3903			SPAWNPK_STATIC_EVIDENCE	O_BIN_CUSTOM_OBJECT_PLACEMENTS	True	True	True	True	2382	0	CUSTOMIZED_CACHE_ONLY_UNCONFIRMED	Cache region contains object IDs customized by o.bin; this does not by itself prove production reachability	288	289	False	BASE
12605	49	61	3136	3904	3199	3967			SPAWNPK_STATIC_EVIDENCE	O_BIN_CUSTOM_OBJECT_PLACEMENTS	True	True	True	True	2626	0	CUSTOMIZED_CACHE_ONLY_UNCONFIRMED	Cache region contains object IDs customized by o.bin; this does not by itself prove production reachability	290	291	False	BASE
12606	49	62	3136	3968	3199	4031			CACHE_PRESENT_UNCLASSIFIED		True	True	True	True	0	0	CACHE_ONLY_UNCONFIRMED	Present in current cache/index but no direct SpawnPK usage evidence in this static pass	840	841	False	BASE
12607	49	63	3136	4032	3199	4095			CACHE_PRESENT_UNCLASSIFIED		True	True	True	True	0	0	CACHE_ONLY_UNCONFIRMED	Present in current cache/index but no direct SpawnPK usage evidence in this static pass	1706	1707	False	BASE
12608	49	64	3136	4096	3199	4159			CACHE_PRESENT_UNCLASSIFIED		True	True	True	True	0	0	CACHE_ONLY_UNCONFIRMED	Present in current cache/index but no direct SpawnPK usage evidence in this static pass	1708	1709	False	BASE
12609	49	65	3136	4160	3199	4223			CACHE_PRESENT_UNCLASSIFIED		True	True	True	True	0	0	CACHE_ONLY_UNCONFIRMED	Present in current cache/index but no direct SpawnPK usage evidence in this static pass	2040	2041	False	BASE
12611	49	67	3136	4288	3199	4351	tob_verzik	tob_verzik	SPAWNPK_STATIC_EVIDENCE	M_BIN_EXPLICIT_REGION;O_BIN_CUSTOM_OBJECT_PLACEMENTS;NAMED_OR_GROUPED	True	True	True	True	1234	0	CLIENT_EXPLICIT_CUSTOM_REGION	Explicit configs/m.bin region; static existence is proven, live use may still vary by content lifecycle	3423	3424	True	BASE+M_BIN
12612	49	68	3136	4352	3199	4415	tob_xarpus	tob_xarpus	SPAWNPK_STATIC_EVIDENCE	M_BIN_EXPLICIT_REGION;O_BIN_CUSTOM_OBJECT_PLACEMENTS;NAMED_OR_GROUPED	True	True	True	True	1664	0	CLIENT_EXPLICIT_CUSTOM_REGION	Explicit configs/m.bin region; static existence is proven, live use may still vary by content lifecycle	3633	3634	True	M_BIN
12613	49	69	3136	4416	3199	4479	tob_maiden	tob_maiden	SPAWNPK_STATIC_EVIDENCE	M_BIN_EXPLICIT_REGION;O_BIN_CUSTOM_OBJECT_PLACEMENTS;NAMED_OR_GROUPED	True	True	True	True	1425	0	CLIENT_EXPLICIT_CUSTOM_REGION	Explicit configs/m.bin region; static existence is proven, live use may still vary by content lifecycle	4410	4411	True	M_BIN
12614	49	70	3136	4480	3199	4543			CACHE_PRESENT_UNCLASSIFIED		True	True	True	True	0	0	CACHE_ONLY_UNCONFIRMED	Present in current cache/index but no direct SpawnPK usage evidence in this static pass	2583	2584	False	BASE
12615	49	71	3136	4544	3199	4607			CACHE_PRESENT_UNCLASSIFIED		True	True	True	True	6323	0	CACHE_ONLY_UNCONFIRMED	Present in current cache/index but no direct SpawnPK usage evidence in this static pass	1726	1727	False	BASE
12616	49	72	3136	4608	3199	4671			CACHE_PRESENT_UNCLASSIFIED		True	True	True	True	0	0	CACHE_ONLY_UNCONFIRMED	Present in current cache/index but no direct SpawnPK usage evidence in this static pass	1728	1729	False	BASE
12617	49	73	3136	4672	3199	4735			CACHE_PRESENT_UNCLASSIFIED		True	True	True	True	0	0	CACHE_ONLY_UNCONFIRMED	Present in current cache/index but no direct SpawnPK usage evidence in this static pass	2589	2590	False	BASE
12619	49	75	3136	4800	3199	4863			CACHE_PRESENT_UNCLASSIFIED		True	True	True	True	2518	0	CACHE_ONLY_UNCONFIRMED	Present in current cache/index but no direct SpawnPK usage evidence in this static pass	1256	1257	False	BASE
12621	49	77	3136	4928	3199	4991	cwars3	clan_wars_3	SPAWNPK_STATIC_EVIDENCE	M_BIN_EXPLICIT_REGION;O_BIN_CUSTOM_OBJECT_PLACEMENTS;NAMED_OR_GROUPED	True	True	True	True	2649	0	CLIENT_EXPLICIT_CUSTOM_REGION	Explicit configs/m.bin region; static existence is proven, live use may still vary by content lifecycle	2406	2407	True	M_BIN
12622	49	78	3136	4992	3199	5055	cwars4a	clan_wars_4	SPAWNPK_STATIC_EVIDENCE	M_BIN_EXPLICIT_REGION;O_BIN_CUSTOM_OBJECT_PLACEMENTS;NAMED_OR_GROUPED	True	True	True	True	1745	0	CLIENT_EXPLICIT_CUSTOM_REGION	Explicit configs/m.bin region; static existence is proven, live use may still vary by content lifecycle	1906	1907	False	M_BIN
12623	49	79	3136	5056	3199	5119	cwars4b	clan_wars_4	SPAWNPK_STATIC_EVIDENCE	M_BIN_EXPLICIT_REGION;O_BIN_CUSTOM_OBJECT_PLACEMENTS;NAMED_OR_GROUPED	True	True	True	True	1713	0	CLIENT_EXPLICIT_CUSTOM_REGION	Explicit configs/m.bin region; static existence is proven, live use may still vary by content lifecycle	1898	1899	False	M_BIN
12624	49	80	3136	5120	3199	5183			SPAWNPK_STATIC_EVIDENCE	M_BIN_EXPLICIT_REGION	False	False	False	False	0	0	CLIENT_EXPLICIT_CUSTOM_REGION	Explicit configs/m.bin region; static existence is proven, live use may still vary by content lifecycle	-1	-1	True	M_BIN
12625	49	81	3136	5184	3199	5247			CACHE_PRESENT_UNCLASSIFIED		True	True	True	True	0	0	CACHE_ONLY_UNCONFIRMED	Present in current cache/index but no direct SpawnPK usage evidence in this static pass	1802	1803	False	BASE
12627	49	83	3136	5312	3199	5375			CACHE_PRESENT_UNCLASSIFIED		True	True	True	True	0	0	CACHE_ONLY_UNCONFIRMED	Present in current cache/index but no direct SpawnPK usage evidence in this static pass	1582	1583	False	BASE
12628	49	84	3136	5376	3199	5439			CACHE_PRESENT_UNCLASSIFIED		True	True	True	True	832	0	CACHE_ONLY_UNCONFIRMED	Present in current cache/index but no direct SpawnPK usage evidence in this static pass	2634	2635	False	BASE
12629	49	85	3136	5440	3199	5503			CACHE_PRESENT_UNCLASSIFIED		True	True	True	True	5157	0	CACHE_ONLY_UNCONFIRMED	Present in current cache/index but no direct SpawnPK usage evidence in this static pass	2010	2011	False	BASE
12630	49	86	3136	5504	3199	5567			CACHE_PRESENT_UNCLASSIFIED		True	True	True	True	5133	0	CACHE_ONLY_UNCONFIRMED	Present in current cache/index but no direct SpawnPK usage evidence in this static pass	2018	2019	False	BASE
12631	49	87	3136	5568	3199	5631			CACHE_PRESENT_UNCLASSIFIED		True	True	True	True	2456	0	CACHE_ONLY_UNCONFIRMED	Present in current cache/index but no direct SpawnPK usage evidence in this static pass	2585	2586	False	BASE
12688	49	144	3136	9216	3199	9279			CACHE_PRESENT_UNCLASSIFIED		True	True	True	True	156	0	CACHE_ONLY_UNCONFIRMED	Present in current cache/index but no direct SpawnPK usage evidence in this static pass	3433	3434	False	BASE
12689	49	145	3136	9280	3199	9343			CACHE_PRESENT_UNCLASSIFIED		True	True	True	True	4096	0	CACHE_ONLY_UNCONFIRMED	Present in current cache/index but no direct SpawnPK usage evidence in this static pass	3435	3436	False	BASE
12690	49	146	3136	9344	3199	9407			CACHE_PRESENT_UNCLASSIFIED		True	True	True	True	1536	0	CACHE_ONLY_UNCONFIRMED	Present in current cache/index but no direct SpawnPK usage evidence in this static pass	3431	3432	False	BASE
12691	49	147	3136	9408	3199	9471			CACHE_PRESENT_UNCLASSIFIED		True	True	True	True	0	0	CACHE_ONLY_UNCONFIRMED	Present in current cache/index but no direct SpawnPK usage evidence in this static pass	2456	2457	False	BASE
12693	49	149	3136	9536	3199	9599		vintage_dungeon	SPAWNPK_STATIC_EVIDENCE	M_BIN_EXPLICIT_REGION;O_BIN_CUSTOM_OBJECT_PLACEMENTS;NAMED_OR_GROUPED	True	True	True	True	5005	0	CLIENT_EXPLICIT_CUSTOM_REGION	Explicit configs/m.bin region; static existence is proven, live use may still vary by content lifecycle	1866	1867	True	BASE+M_BIN
12694	49	150	3136	9600	3199	9663			SPAWNPK_STATIC_EVIDENCE	O_BIN_CUSTOM_OBJECT_PLACEMENTS	True	True	True	True	4734	0	CUSTOMIZED_CACHE_ONLY_UNCONFIRMED	Cache region contains object IDs customized by o.bin; this does not by itself prove production reachability	1140	1141	False	BASE
12696	49	152	3136	9728	3199	9791			CACHE_PRESENT_UNCLASSIFIED		True	True	True	True	4342	0	CACHE_ONLY_UNCONFIRMED	Present in current cache/index but no direct SpawnPK usage evidence in this static pass	1290	1291	False	BASE
12697	49	153	3136	9792	3199	9855			SPAWNPK_STATIC_EVIDENCE	O_BIN_CUSTOM_OBJECT_PLACEMENTS	True	True	True	True	1096	0	CUSTOMIZED_CACHE_ONLY_UNCONFIRMED	Cache region contains object IDs customized by o.bin; this does not by itself prove production reachability	354	355	False	BASE
12698	49	154	3136	9856	3199	9919			SPAWNPK_STATIC_EVIDENCE	O_BIN_CUSTOM_OBJECT_PLACEMENTS	True	True	True	True	1443	0	CUSTOMIZED_CACHE_ONLY_UNCONFIRMED	Cache region contains object IDs customized by o.bin; this does not by itself prove production reachability	356	357	False	BASE
12699	49	155	3136	9920	3199	9983			CACHE_PRESENT_UNCLASSIFIED		True	True	True	True	1265	0	CACHE_ONLY_UNCONFIRMED	Present in current cache/index but no direct SpawnPK usage evidence in this static pass	358	359	False	BASE
12700	49	156	3136	9984	3199	10047			CACHE_PRESENT_UNCLASSIFIED		True	True	True	True	2080	0	CACHE_ONLY_UNCONFIRMED	Present in current cache/index but no direct SpawnPK usage evidence in this static pass	2553	2554	False	BASE
12701	49	157	3136	10048	3199	10111			SPAWNPK_STATIC_EVIDENCE	CLIENT_HARDCODED_REGION_PATCH	True	True	True	True	3970	0	CLIENT_HARDCODED_REGION	Exact client applies a region mapping patch; live reachability not proven by this fact alone	3208	3209	False	HARDCODE
12702	49	158	3136	10112	3199	10175			SPAWNPK_STATIC_EVIDENCE	CLIENT_HARDCODED_REGION_PATCH	True	True	True	True	3225	0	CLIENT_HARDCODED_REGION	Exact client applies a region mapping patch; live reachability not proven by this fact alone	3204	3205	False	HARDCODE
12703	49	159	3136	10176	3199	10239			SPAWNPK_STATIC_EVIDENCE	CLIENT_HARDCODED_REGION_PATCH	True	True	True	True	3350	0	CLIENT_HARDCODED_REGION	Exact client applies a region mapping patch; live reachability not proven by this fact alone	3212	3213	False	HARDCODE
12843	50	43	3200	2752	3263	2815			CACHE_PRESENT_UNCLASSIFIED		True	True	True	True	1060	0	CACHE_ONLY_UNCONFIRMED	Present in current cache/index but no direct SpawnPK usage evidence in this static pass	1184	1185	False	BASE
12844	50	44	3200	2816	3263	2879			CACHE_PRESENT_UNCLASSIFIED		True	True	True	True	141	0	CACHE_ONLY_UNCONFIRMED	Present in current cache/index but no direct SpawnPK usage evidence in this static pass	1186	1187	False	BASE
12845	50	45	3200	2880	3263	2943			CACHE_PRESENT_UNCLASSIFIED		True	True	True	True	875	0	CACHE_ONLY_UNCONFIRMED	Present in current cache/index but no direct SpawnPK usage evidence in this static pass	1188	1189	False	BASE
12846	50	46	3200	2944	3263	3007			CACHE_PRESENT_UNCLASSIFIED		True	True	True	True	377	0	CACHE_ONLY_UNCONFIRMED	Present in current cache/index but no direct SpawnPK usage evidence in this static pass	370	371	False	BASE
12847	50	47	3200	3008	3263	3071			CACHE_PRESENT_UNCLASSIFIED		True	True	True	True	387	0	CACHE_ONLY_UNCONFIRMED	Present in current cache/index but no direct SpawnPK usage evidence in this static pass	374	375	False	BASE
12848	50	48	3200	3072	3263	3135			CACHE_PRESENT_UNCLASSIFIED		True	True	True	True	222	0	CACHE_ONLY_UNCONFIRMED	Present in current cache/index but no direct SpawnPK usage evidence in this static pass	378	379	False	BASE
12849	50	49	3200	3136	3263	3199			SPAWNPK_STATIC_EVIDENCE	O_BIN_CUSTOM_OBJECT_PLACEMENTS	True	True	True	True	1153	0	CUSTOMIZED_CACHE_ONLY_UNCONFIRMED	Cache region contains object IDs customized by o.bin; this does not by itself prove production reachability	380	381	False	BASE
12850	50	50	3200	3200	3263	3263			SPAWNPK_STATIC_EVIDENCE	O_BIN_CUSTOM_OBJECT_PLACEMENTS	True	True	True	True	4493	0	CUSTOMIZED_CACHE_ONLY_UNCONFIRMED	Cache region contains object IDs customized by o.bin; this does not by itself prove production reachability	382	383	False	BASE
12851	50	51	3200	3264	3263	3327			SPAWNPK_STATIC_EVIDENCE	O_BIN_CUSTOM_OBJECT_PLACEMENTS	True	True	True	True	2386	0	CUSTOMIZED_CACHE_ONLY_UNCONFIRMED	Cache region contains object IDs customized by o.bin; this does not by itself prove production reachability	384	385	False	BASE
12852	50	52	3200	3328	3263	3391			SPAWNPK_STATIC_EVIDENCE	O_BIN_CUSTOM_OBJECT_PLACEMENTS	True	True	True	True	4797	0	CUSTOMIZED_CACHE_ONLY_UNCONFIRMED	Cache region contains object IDs customized by o.bin; this does not by itself prove production reachability	386	387	False	BASE
12853	50	53	3200	3392	3263	3455			SPAWNPK_STATIC_EVIDENCE	O_BIN_CUSTOM_OBJECT_PLACEMENTS	True	True	True	True	6889	0	CUSTOMIZED_CACHE_ONLY_UNCONFIRMED	Cache region contains object IDs customized by o.bin; this does not by itself prove production reachability	388	389	False	BASE
12854	50	54	3200	3456	3263	3519			SPAWNPK_STATIC_EVIDENCE	O_BIN_CUSTOM_OBJECT_PLACEMENTS	True	True	True	True	6182	0	CUSTOMIZED_CACHE_ONLY_UNCONFIRMED	Cache region contains object IDs customized by o.bin; this does not by itself prove production reachability	390	391	False	BASE
12855	50	55	3200	3520	3263	3583			SPAWNPK_STATIC_EVIDENCE	O_BIN_CUSTOM_OBJECT_PLACEMENTS	True	True	True	True	936	0	CUSTOMIZED_CACHE_ONLY_UNCONFIRMED	Cache region contains object IDs customized by o.bin; this does not by itself prove production reachability	392	393	False	BASE
12856	50	56	3200	3584	3263	3647			CACHE_PRESENT_UNCLASSIFIED		True	True	True	True	2700	0	CACHE_ONLY_UNCONFIRMED	Present in current cache/index but no direct SpawnPK usage evidence in this static pass	394	395	False	BASE
12857	50	57	3200	3648	3263	3711			SPAWNPK_STATIC_EVIDENCE	O_BIN_CUSTOM_OBJECT_PLACEMENTS	True	True	True	True	2098	0	CUSTOMIZED_CACHE_ONLY_UNCONFIRMED	Cache region contains object IDs customized by o.bin; this does not by itself prove production reachability	398	399	False	BASE
12858	50	58	3200	3712	3263	3775			CACHE_PRESENT_UNCLASSIFIED		True	True	True	True	2514	0	CACHE_ONLY_UNCONFIRMED	Present in current cache/index but no direct SpawnPK usage evidence in this static pass	404	405	False	BASE
12859	50	59	3200	3776	3263	3839			SPAWNPK_STATIC_EVIDENCE	O_BIN_CUSTOM_OBJECT_PLACEMENTS	True	True	True	True	2707	0	CUSTOMIZED_CACHE_ONLY_UNCONFIRMED	Cache region contains object IDs customized by o.bin; this does not by itself prove production reachability	410	411	False	BASE
12860	50	60	3200	3840	3263	3903			SPAWNPK_STATIC_EVIDENCE	O_BIN_CUSTOM_OBJECT_PLACEMENTS	True	True	True	True	2665	0	CUSTOMIZED_CACHE_ONLY_UNCONFIRMED	Cache region contains object IDs customized by o.bin; this does not by itself prove production reachability	420	421	False	BASE
12861	50	61	3200	3904	3263	3967			CACHE_PRESENT_UNCLASSIFIED		True	True	True	True	2070	0	CACHE_ONLY_UNCONFIRMED	Present in current cache/index but no direct SpawnPK usage evidence in this static pass	422	423	False	BASE
12862	50	62	3200	3968	3263	4031			CACHE_PRESENT_UNCLASSIFIED		True	True	True	True	0	0	CACHE_ONLY_UNCONFIRMED	Present in current cache/index but no direct SpawnPK usage evidence in this static pass	844	845	False	BASE
12863	50	63	3200	4032	3263	4095			CACHE_PRESENT_UNCLASSIFIED		True	True	True	True	0	0	CACHE_ONLY_UNCONFIRMED	Present in current cache/index but no direct SpawnPK usage evidence in this static pass	1710	1711	False	BASE
12864	50	64	3200	4096	3263	4159			CACHE_PRESENT_UNCLASSIFIED		True	True	True	True	0	0	CACHE_ONLY_UNCONFIRMED	Present in current cache/index but no direct SpawnPK usage evidence in this static pass	1712	1713	False	BASE
12865	50	65	3200	4160	3263	4223			CACHE_PRESENT_UNCLASSIFIED		True	True	True	True	629	0	CACHE_ONLY_UNCONFIRMED	Present in current cache/index but no direct SpawnPK usage evidence in this static pass	2036	2037	False	BASE
12866	50	66	3200	4224	3263	4287			CACHE_PRESENT_UNCLASSIFIED		True	True	True	True	2176	0	CACHE_ONLY_UNCONFIRMED	Present in current cache/index but no direct SpawnPK usage evidence in this static pass	2038	2039	False	BASE
12867	50	67	3200	4288	3263	4351	tob_reward	tob_reward	SPAWNPK_STATIC_EVIDENCE	M_BIN_EXPLICIT_REGION;O_BIN_CUSTOM_OBJECT_PLACEMENTS;NAMED_OR_GROUPED	True	True	True	True	726	0	CLIENT_EXPLICIT_CUSTOM_REGION	Explicit configs/m.bin region; static existence is proven, live use may still vary by content lifecycle	4965	4966	True	BASE+M_BIN
12869	50	69	3200	4416	3263	4479	tob_maiden	tob_maiden	SPAWNPK_STATIC_EVIDENCE	M_BIN_EXPLICIT_REGION;NAMED_OR_GROUPED	True	True	True	True	286	0	CLIENT_EXPLICIT_CUSTOM_REGION	Explicit configs/m.bin region; static existence is proven, live use may still vary by content lifecycle	1116	1117	True	BASE+M_BIN
12870	50	70	3200	4480	3263	4543			CACHE_PRESENT_UNCLASSIFIED		False	False	False	False	0	0	CACHE_ONLY_UNCONFIRMED	Present in current cache/index but no direct SpawnPK usage evidence in this static pass	3611	3612	False	BASE
12884	50	84	3200	5376	3263	5439			CACHE_PRESENT_UNCLASSIFIED		True	True	True	True	896	0	CACHE_ONLY_UNCONFIRMED	Present in current cache/index but no direct SpawnPK usage evidence in this static pass	2464	2465	False	BASE
12885	50	85	3200	5440	3263	5503			CACHE_PRESENT_UNCLASSIFIED		True	True	True	True	5142	0	CACHE_ONLY_UNCONFIRMED	Present in current cache/index but no direct SpawnPK usage evidence in this static pass	2008	2009	False	BASE
12886	50	86	3200	5504	3263	5567			CACHE_PRESENT_UNCLASSIFIED		True	True	True	True	4903	0	CACHE_ONLY_UNCONFIRMED	Present in current cache/index but no direct SpawnPK usage evidence in this static pass	2012	2013	False	BASE
12887	50	87	3200	5568	3263	5631			CACHE_PRESENT_UNCLASSIFIED		True	True	True	True	0	0	CACHE_ONLY_UNCONFIRMED	Present in current cache/index but no direct SpawnPK usage evidence in this static pass	2472	2473	False	BASE
12888	50	88	3200	5632	3263	5695			CACHE_PRESENT_UNCLASSIFIED		True	True	True	True	0	0	CACHE_ONLY_UNCONFIRMED	Present in current cache/index but no direct SpawnPK usage evidence in this static pass	1956	1957	False	BASE
12889	50	89	3200	5696	3263	5759	Xeric olm	xeric	SPAWNPK_STATIC_EVIDENCE	M_BIN_EXPLICIT_REGION;O_BIN_CUSTOM_OBJECT_PLACEMENTS;NAMED_OR_GROUPED	True	True	True	True	4030	0	CLIENT_EXPLICIT_CUSTOM_REGION	Explicit configs/m.bin region; static existence is proven, live use may still vary by content lifecycle	759	760	True	BASE+M_BIN
12890	50	90	3200	5760	3263	5823			CACHE_PRESENT_UNCLASSIFIED		True	True	True	True	0	0	CACHE_ONLY_UNCONFIRMED	Present in current cache/index but no direct SpawnPK usage evidence in this static pass	1926	1927	False	BASE
12944	50	144	3200	9216	3263	9279			CACHE_PRESENT_UNCLASSIFIED		True	True	True	True	5094	0	CACHE_ONLY_UNCONFIRMED	Present in current cache/index but no direct SpawnPK usage evidence in this static pass	1592	1593	False	BASE
12945	50	145	3200	9280	3263	9343			CACHE_PRESENT_UNCLASSIFIED		True	True	True	True	2735	0	CACHE_ONLY_UNCONFIRMED	Present in current cache/index but no direct SpawnPK usage evidence in this static pass	1182	1183	False	BASE
12946	50	146	3200	9344	3263	9407	Blood slayer cave	bs_cave	SPAWNPK_STATIC_EVIDENCE	M_BIN_EXPLICIT_REGION;O_BIN_CUSTOM_OBJECT_PLACEMENTS;NAMED_OR_GROUPED	True	True	True	True	4955	0	CLIENT_EXPLICIT_CUSTOM_REGION	Explicit configs/m.bin region; static existence is proven, live use may still vary by content lifecycle	1194	1195	False	BASE+M_BIN
12947	50	147	3200	9408	3263	9471			CACHE_PRESENT_UNCLASSIFIED		True	True	True	True	0	0	CACHE_ONLY_UNCONFIRMED	Present in current cache/index but no direct SpawnPK usage evidence in this static pass	2603	2604	False	BASE
12948	50	148	3200	9472	3263	9535			CACHE_PRESENT_UNCLASSIFIED		True	True	True	True	2968	0	CACHE_ONLY_UNCONFIRMED	Present in current cache/index but no direct SpawnPK usage evidence in this static pass	920	921	False	BASE
12949	50	149	3200	9536	3263	9599	Vintage dungeon 2	vintage_dungeon	SPAWNPK_STATIC_EVIDENCE	M_BIN_EXPLICIT_REGION;O_BIN_CUSTOM_OBJECT_PLACEMENTS;NAMED_OR_GROUPED	True	True	True	True	5208	0	CLIENT_EXPLICIT_CUSTOM_REGION	Explicit configs/m.bin region; static existence is proven, live use may still vary by content lifecycle	3681	3682	True	BASE+M_BIN
12950	50	150	3200	9600	3263	9663			SPAWNPK_STATIC_EVIDENCE	O_BIN_CUSTOM_OBJECT_PLACEMENTS	True	True	True	True	5427	0	CUSTOMIZED_CACHE_ONLY_UNCONFIRMED	Cache region contains object IDs customized by o.bin; this does not by itself prove production reachability	528	529	False	BASE
12951	50	151	3200	9664	3263	9727			CACHE_PRESENT_UNCLASSIFIED		True	True	True	True	0	0	CACHE_ONLY_UNCONFIRMED	Present in current cache/index but no direct SpawnPK usage evidence in this static pass	144	145	False	BASE
12952	50	152	3200	9728	3263	9791			SPAWNPK_STATIC_EVIDENCE	O_BIN_CUSTOM_OBJECT_PLACEMENTS	True	True	True	True	559	0	CUSTOMIZED_CACHE_ONLY_UNCONFIRMED	Cache region contains object IDs customized by o.bin; this does not by itself prove production reachability	530	531	False	BASE
12953	50	153	3200	9792	3263	9855			SPAWNPK_STATIC_EVIDENCE	O_BIN_CUSTOM_OBJECT_PLACEMENTS	True	True	True	True	743	0	CUSTOMIZED_CACHE_ONLY_UNCONFIRMED	Cache region contains object IDs customized by o.bin; this does not by itself prove production reachability	532	533	False	BASE
12954	50	154	3200	9856	3263	9919			SPAWNPK_STATIC_EVIDENCE	O_BIN_CUSTOM_OBJECT_PLACEMENTS	True	True	True	True	1751	0	CUSTOMIZED_CACHE_ONLY_UNCONFIRMED	Cache region contains object IDs customized by o.bin; this does not by itself prove production reachability	534	535	False	BASE
12955	50	155	3200	9920	3263	9983			CACHE_PRESENT_UNCLASSIFIED		True	True	True	True	378	0	CACHE_ONLY_UNCONFIRMED	Present in current cache/index but no direct SpawnPK usage evidence in this static pass	360	361	False	BASE
12956	50	156	3200	9984	3263	10047			CACHE_PRESENT_UNCLASSIFIED		False	False	False	False	0	0	CACHE_ONLY_UNCONFIRMED	Present in current cache/index but no direct SpawnPK usage evidence in this static pass	3593	3594	False	BASE
12957	50	157	3200	10048	3263	10111			SPAWNPK_STATIC_EVIDENCE	CLIENT_HARDCODED_REGION_PATCH	True	True	True	True	3435	0	CLIENT_HARDCODED_REGION	Exact client applies a region mapping patch; live reachability not proven by this fact alone	3214	3215	False	HARDCODE
12958	50	158	3200	10112	3263	10175			SPAWNPK_STATIC_EVIDENCE	CLIENT_HARDCODED_REGION_PATCH	True	True	True	True	2780	0	CLIENT_HARDCODED_REGION	Exact client applies a region mapping patch; live reachability not proven by this fact alone	3210	3211	False	HARDCODE
12959	50	159	3200	10176	3263	10239			SPAWNPK_STATIC_EVIDENCE	CLIENT_HARDCODED_REGION_PATCH	True	True	True	True	3147	0	CLIENT_HARDCODED_REGION	Exact client applies a region mapping patch; live reachability not proven by this fact alone	3206	3207	False	HARDCODE
13099	51	43	3264	2752	3327	2815			SPAWNPK_STATIC_EVIDENCE	O_BIN_CUSTOM_OBJECT_PLACEMENTS	True	True	True	True	3787	0	CUSTOMIZED_CACHE_ONLY_UNCONFIRMED	Cache region contains object IDs customized by o.bin; this does not by itself prove production reachability	1190	1191	False	BASE
13100	51	44	3264	2816	3327	2879			CACHE_PRESENT_UNCLASSIFIED		True	True	True	True	596	0	CACHE_ONLY_UNCONFIRMED	Present in current cache/index but no direct SpawnPK usage evidence in this static pass	1192	1193	False	BASE
13101	51	45	3264	2880	3327	2943			CACHE_PRESENT_UNCLASSIFIED		True	True	True	True	581	0	CACHE_ONLY_UNCONFIRMED	Present in current cache/index but no direct SpawnPK usage evidence in this static pass	1198	1199	False	BASE
13102	51	46	3264	2944	3327	3007			CACHE_PRESENT_UNCLASSIFIED		True	True	True	True	114	0	CACHE_ONLY_UNCONFIRMED	Present in current cache/index but no direct SpawnPK usage evidence in this static pass	66	67	False	BASE
13103	51	47	3264	3008	3327	3071			SPAWNPK_STATIC_EVIDENCE	O_BIN_CUSTOM_OBJECT_PLACEMENTS	True	True	True	True	776	0	CUSTOMIZED_CACHE_ONLY_UNCONFIRMED	Cache region contains object IDs customized by o.bin; this does not by itself prove production reachability	68	69	False	BASE
13104	51	48	3264	3072	3327	3135			CACHE_PRESENT_UNCLASSIFIED		True	True	True	True	340	0	CACHE_ONLY_UNCONFIRMED	Present in current cache/index but no direct SpawnPK usage evidence in this static pass	70	71	False	BASE
13105	51	49	3264	3136	3327	3199			SPAWNPK_STATIC_EVIDENCE	O_BIN_CUSTOM_OBJECT_PLACEMENTS	True	True	True	True	3122	0	CUSTOMIZED_CACHE_ONLY_UNCONFIRMED	Cache region contains object IDs customized by o.bin; this does not by itself prove production reachability	72	73	False	BASE
13106	51	50	3264	3200	3327	3263			SPAWNPK_STATIC_EVIDENCE	O_BIN_CUSTOM_OBJECT_PLACEMENTS	True	True	True	True	1247	0	CUSTOMIZED_CACHE_ONLY_UNCONFIRMED	Cache region contains object IDs customized by o.bin; this does not by itself prove production reachability	74	75	False	BASE
13107	51	51	3264	3264	3327	3327			CACHE_PRESENT_UNCLASSIFIED		True	True	True	True	639	0	CACHE_ONLY_UNCONFIRMED	Present in current cache/index but no direct SpawnPK usage evidence in this static pass	76	77	False	BASE
13108	51	52	3264	3328	3327	3391			SPAWNPK_STATIC_EVIDENCE	O_BIN_CUSTOM_OBJECT_PLACEMENTS	True	True	True	True	4423	0	CUSTOMIZED_CACHE_ONLY_UNCONFIRMED	Cache region contains object IDs customized by o.bin; this does not by itself prove production reachability	78	79	False	BASE
13109	51	53	3264	3392	3327	3455			SPAWNPK_STATIC_EVIDENCE	O_BIN_CUSTOM_OBJECT_PLACEMENTS	True	True	True	True	4045	0	CUSTOMIZED_CACHE_ONLY_UNCONFIRMED	Cache region contains object IDs customized by o.bin; this does not by itself prove production reachability	80	81	False	BASE
13110	51	54	3264	3456	3327	3519			SPAWNPK_STATIC_EVIDENCE	O_BIN_CUSTOM_OBJECT_PLACEMENTS	True	True	True	True	4559	0	CUSTOMIZED_CACHE_ONLY_UNCONFIRMED	Cache region contains object IDs customized by o.bin; this does not by itself prove production reachability	82	83	False	BASE
13111	51	55	3264	3520	3327	3583			SPAWNPK_STATIC_EVIDENCE	O_BIN_CUSTOM_OBJECT_PLACEMENTS	True	True	True	True	1197	0	CUSTOMIZED_CACHE_ONLY_UNCONFIRMED	Cache region contains object IDs customized by o.bin; this does not by itself prove production reachability	84	85	False	BASE
13112	51	56	3264	3584	3327	3647			CACHE_PRESENT_UNCLASSIFIED		True	True	True	True	2222	0	CACHE_ONLY_UNCONFIRMED	Present in current cache/index but no direct SpawnPK usage evidence in this static pass	86	87	False	BASE
13113	51	57	3264	3648	3327	3711			CACHE_PRESENT_UNCLASSIFIED		True	True	True	True	2315	0	CACHE_ONLY_UNCONFIRMED	Present in current cache/index but no direct SpawnPK usage evidence in this static pass	88	89	False	BASE
13114	51	58	3264	3712	3327	3775			CACHE_PRESENT_UNCLASSIFIED		True	True	True	True	2333	0	CACHE_ONLY_UNCONFIRMED	Present in current cache/index but no direct SpawnPK usage evidence in this static pass	90	91	False	BASE
13115	51	59	3264	3776	3327	3839			CACHE_PRESENT_UNCLASSIFIED		True	True	True	True	1788	0	CACHE_ONLY_UNCONFIRMED	Present in current cache/index but no direct SpawnPK usage evidence in this static pass	94	95	False	BASE
13116	51	60	3264	3840	3327	3903			SPAWNPK_STATIC_EVIDENCE	O_BIN_CUSTOM_OBJECT_PLACEMENTS	True	True	True	True	2761	0	CUSTOMIZED_CACHE_ONLY_UNCONFIRMED	Cache region contains object IDs customized by o.bin; this does not by itself prove production reachability	100	101	False	BASE
13117	51	61	3264	3904	3327	3967			SPAWNPK_STATIC_EVIDENCE	O_BIN_CUSTOM_OBJECT_PLACEMENTS	True	True	True	True	2094	0	CUSTOMIZED_CACHE_ONLY_UNCONFIRMED	Cache region contains object IDs customized by o.bin; this does not by itself prove production reachability	102	103	False	BASE
13118	51	62	3264	3968	3327	4031			CACHE_PRESENT_UNCLASSIFIED		True	True	True	True	0	0	CACHE_ONLY_UNCONFIRMED	Present in current cache/index but no direct SpawnPK usage evidence in this static pass	824	825	False	BASE
13119	51	63	3264	4032	3327	4095			CACHE_PRESENT_UNCLASSIFIED		True	True	True	True	0	0	CACHE_ONLY_UNCONFIRMED	Present in current cache/index but no direct SpawnPK usage evidence in this static pass	1714	1715	False	BASE
13120	51	64	3264	4096	3327	4159			CACHE_PRESENT_UNCLASSIFIED		True	True	True	True	0	0	CACHE_ONLY_UNCONFIRMED	Present in current cache/index but no direct SpawnPK usage evidence in this static pass	1716	1717	False	BASE
13121	51	65	3264	4160	3327	4223			CACHE_PRESENT_UNCLASSIFIED		False	False	False	False	0	0	CACHE_ONLY_UNCONFIRMED	Present in current cache/index but no direct SpawnPK usage evidence in this static pass	3591	3592	False	BASE
13122	51	66	3264	4224	3327	4287	tob_nylocas	tob_nylocas	SPAWNPK_STATIC_EVIDENCE	M_BIN_EXPLICIT_REGION;O_BIN_CUSTOM_OBJECT_PLACEMENTS;NAMED_OR_GROUPED	True	True	True	True	601	0	CLIENT_EXPLICIT_CUSTOM_REGION	Explicit configs/m.bin region; static existence is proven, live use may still vary by content lifecycle	1932	1933	True	M_BIN
13124	51	68	3264	4352	3327	4415			CACHE_PRESENT_UNCLASSIFIED		True	True	True	True	0	0	CACHE_ONLY_UNCONFIRMED	Present in current cache/index but no direct SpawnPK usage evidence in this static pass	2104	2105	False	BASE
13125	51	69	3264	4416	3327	4479	tob_bloat	tob_bloat	SPAWNPK_STATIC_EVIDENCE	M_BIN_EXPLICIT_REGION;O_BIN_CUSTOM_OBJECT_PLACEMENTS;NAMED_OR_GROUPED	True	True	True	True	1595	0	CLIENT_EXPLICIT_CUSTOM_REGION	Explicit configs/m.bin region; static existence is proven, live use may still vary by content lifecycle	228	229	True	M_BIN
13126	51	70	3264	4480	3327	4543			CACHE_PRESENT_UNCLASSIFIED		False	False	False	False	0	0	CACHE_ONLY_UNCONFIRMED	Present in current cache/index but no direct SpawnPK usage evidence in this static pass	3613	3614	False	BASE
13130	51	74	3264	4736	3327	4799		white_portal	SPAWNPK_STATIC_EVIDENCE	M_BIN_EXPLICIT_REGION;CLIENT_HARDCODED_REGION_PATCH;NAMED_OR_GROUPED	True	True	True	True	857	0	CLIENT_EXPLICIT_CUSTOM_REGION	Explicit configs/m.bin region; static existence is proven, live use may still vary by content lifecycle	1900	1901	False	M_BIN+HARDCODE
13131	51	75	3264	4800	3327	4863		white_portal	SPAWNPK_STATIC_EVIDENCE	M_BIN_EXPLICIT_REGION;CLIENT_HARDCODED_REGION_PATCH;NAMED_OR_GROUPED	True	True	True	True	851	0	CLIENT_EXPLICIT_CUSTOM_REGION	Explicit configs/m.bin region; static existence is proven, live use may still vary by content lifecycle	1894	1895	False	BASE+M_BIN+HARDCODE
13133	51	77	3264	4928	3327	4991	cwars7	clan_wars_7	SPAWNPK_STATIC_EVIDENCE	M_BIN_EXPLICIT_REGION;O_BIN_CUSTOM_OBJECT_PLACEMENTS;STATIC_TRAVEL_OBJECT_PLACEMENTS;NAMED_OR_GROUPED	True	True	True	True	1548	1	CLIENT_EXPLICIT_CUSTOM_REGION	Explicit configs/m.bin region; static existence is proven, live use may still vary by content lifecycle	513	514	True	M_BIN
13134	51	78	3264	4992	3327	5055			SPAWNPK_STATIC_EVIDENCE	CLIENT_HARDCODED_REGION_PATCH;O_BIN_CUSTOM_OBJECT_PLACEMENTS;STATIC_TRAVEL_OBJECT_PLACEMENTS	True	True	True	True	1613	1	CLIENT_HARDCODED_REGION	Exact client applies a region mapping patch; live reachability not proven by this fact alone	1884	1885	False	HARDCODE
13135	51	79	3264	5056	3327	5119			SPAWNPK_STATIC_EVIDENCE	CLIENT_HARDCODED_REGION_PATCH;O_BIN_CUSTOM_OBJECT_PLACEMENTS	True	True	True	True	1623	0	CLIENT_HARDCODED_REGION	Exact client applies a region mapping patch; live reachability not proven by this fact alone	1892	1893	False	BASE+HARDCODE
13137	51	81	3264	5184	3327	5247	Xeric	xeric	SPAWNPK_STATIC_EVIDENCE	M_BIN_EXPLICIT_REGION;NAMED_OR_GROUPED	True	True	True	True	6703	0	CLIENT_EXPLICIT_CUSTOM_REGION	Explicit configs/m.bin region; static existence is proven, live use may still vary by content lifecycle	4335	4336	True	M_BIN
13138	51	82	3264	5248	3327	5311	Xeric	xeric	SPAWNPK_STATIC_EVIDENCE	M_BIN_EXPLICIT_REGION;O_BIN_CUSTOM_OBJECT_PLACEMENTS;NAMED_OR_GROUPED	True	True	True	True	13161	0	CLIENT_EXPLICIT_CUSTOM_REGION	Explicit configs/m.bin region; static existence is proven, live use may still vary by content lifecycle	768	769	True	BASE+M_BIN
13139	51	83	3264	5312	3327	5375	Xeric	xeric	SPAWNPK_STATIC_EVIDENCE	M_BIN_EXPLICIT_REGION;O_BIN_CUSTOM_OBJECT_PLACEMENTS;NAMED_OR_GROUPED	True	True	True	True	10147	0	CLIENT_EXPLICIT_CUSTOM_REGION	Explicit configs/m.bin region; static existence is proven, live use may still vary by content lifecycle	2388	2389	True	M_BIN
13140	51	84	3264	5376	3327	5439	Xeric	xeric	SPAWNPK_STATIC_EVIDENCE	M_BIN_EXPLICIT_REGION;O_BIN_CUSTOM_OBJECT_PLACEMENTS;NAMED_OR_GROUPED	True	True	True	True	1889	0	CLIENT_EXPLICIT_CUSTOM_REGION	Explicit configs/m.bin region; static existence is proven, live use may still vary by content lifecycle	5478	5479	True	BASE+M_BIN
13141	51	85	3264	5440	3327	5503	Xeric	xeric	SPAWNPK_STATIC_EVIDENCE	M_BIN_EXPLICIT_REGION;O_BIN_CUSTOM_OBJECT_PLACEMENTS;NAMED_OR_GROUPED	True	True	True	True	4173	0	CLIENT_EXPLICIT_CUSTOM_REGION	Explicit configs/m.bin region; static existence is proven, live use may still vary by content lifecycle	2193	2194	True	BASE+M_BIN
13142	51	86	3264	5504	3327	5567			CACHE_PRESENT_UNCLASSIFIED		True	True	True	True	4705	0	CACHE_ONLY_UNCONFIRMED	Present in current cache/index but no direct SpawnPK usage evidence in this static pass	2014	2015	False	BASE
13143	51	87	3264	5568	3327	5631			CACHE_PRESENT_UNCLASSIFIED		True	True	True	True	0	0	CACHE_ONLY_UNCONFIRMED	Present in current cache/index but no direct SpawnPK usage evidence in this static pass	2636	2637	False	BASE
13144	51	88	3264	5632	3327	5695			CACHE_PRESENT_UNCLASSIFIED		True	True	True	True	0	0	CACHE_ONLY_UNCONFIRMED	Present in current cache/index but no direct SpawnPK usage evidence in this static pass	1940	1941	False	BASE
13145	51	89	3264	5696	3327	5759			CACHE_PRESENT_UNCLASSIFIED		True	True	True	True	0	0	CACHE_ONLY_UNCONFIRMED	Present in current cache/index but no direct SpawnPK usage evidence in this static pass	1954	1955	False	BASE
13146	51	90	3264	5760	3327	5823			CACHE_PRESENT_UNCLASSIFIED		True	True	True	True	0	0	CACHE_ONLY_UNCONFIRMED	Present in current cache/index but no direct SpawnPK usage evidence in this static pass	1958	1959	False	BASE
13199	51	143	3264	9152	3327	9215			CACHE_PRESENT_UNCLASSIFIED		True	True	True	True	1087	0	CACHE_ONLY_UNCONFIRMED	Present in current cache/index but no direct SpawnPK usage evidence in this static pass	1206	1207	False	BASE
13200	51	144	3264	9216	3327	9279			CACHE_PRESENT_UNCLASSIFIED		True	True	True	True	6897	0	CACHE_ONLY_UNCONFIRMED	Present in current cache/index but no direct SpawnPK usage evidence in this static pass	1594	1595	False	BASE
13201	51	145	3264	9280	3327	9343			CACHE_PRESENT_UNCLASSIFIED		True	True	True	True	2008	0	CACHE_ONLY_UNCONFIRMED	Present in current cache/index but no direct SpawnPK usage evidence in this static pass	1998	1999	False	BASE
13202	51	146	3264	9344	3327	9407	Blood slayer cave	bs_cave	SPAWNPK_STATIC_EVIDENCE	M_BIN_EXPLICIT_REGION;O_BIN_CUSTOM_OBJECT_PLACEMENTS;NAMED_OR_GROUPED	True	True	True	True	3138	0	CLIENT_EXPLICIT_CUSTOM_REGION	Explicit configs/m.bin region; static existence is proven, live use may still vary by content lifecycle	1196	1197	False	BASE+M_BIN
13203	51	147	3264	9408	3327	9471			SPAWNPK_STATIC_EVIDENCE	O_BIN_CUSTOM_OBJECT_PLACEMENTS	True	True	True	True	4569	0	CUSTOMIZED_CACHE_ONLY_UNCONFIRMED	Cache region contains object IDs customized by o.bin; this does not by itself prove production reachability	176	177	False	BASE
13205	51	149	3264	9536	3327	9599			CACHE_PRESENT_UNCLASSIFIED		True	True	True	True	194	0	CACHE_ONLY_UNCONFIRMED	Present in current cache/index but no direct SpawnPK usage evidence in this static pass	2448	2449	False	BASE
13206	51	150	3264	9600	3327	9663			SPAWNPK_STATIC_EVIDENCE	O_BIN_CUSTOM_OBJECT_PLACEMENTS	True	True	True	True	5625	0	CUSTOMIZED_CACHE_ONLY_UNCONFIRMED	Cache region contains object IDs customized by o.bin; this does not by itself prove production reachability	1212	1213	False	BASE
13209	51	153	3264	9792	3327	9855			CACHE_PRESENT_UNCLASSIFIED		True	True	True	True	3709	0	CACHE_ONLY_UNCONFIRMED	Present in current cache/index but no direct SpawnPK usage evidence in this static pass	1358	1359	False	BASE
13210	51	154	3264	9856	3327	9919			SPAWNPK_STATIC_EVIDENCE	O_BIN_CUSTOM_OBJECT_PLACEMENTS	True	True	True	True	672	0	CUSTOMIZED_CACHE_ONLY_UNCONFIRMED	Cache region contains object IDs customized by o.bin; this does not by itself prove production reachability	184	185	False	BASE
13211	51	155	3264	9920	3327	9983			CACHE_PRESENT_UNCLASSIFIED		True	True	True	True	81	0	CACHE_ONLY_UNCONFIRMED	Present in current cache/index but no direct SpawnPK usage evidence in this static pass	2030	2031	False	BASE
13354	52	42	3328	2688	3391	2751			CACHE_PRESENT_UNCLASSIFIED		True	True	True	True	0	0	CACHE_ONLY_UNCONFIRMED	Present in current cache/index but no direct SpawnPK usage evidence in this static pass	1994	1995	False	BASE
13355	52	43	3328	2752	3391	2815			CACHE_PRESENT_UNCLASSIFIED		True	True	True	True	1186	0	CACHE_ONLY_UNCONFIRMED	Present in current cache/index but no direct SpawnPK usage evidence in this static pass	1990	1991	False	BASE
13356	52	44	3328	2816	3391	2879			CACHE_PRESENT_UNCLASSIFIED		True	True	True	True	1106	0	CACHE_ONLY_UNCONFIRMED	Present in current cache/index but no direct SpawnPK usage evidence in this static pass	1302	1303	False	BASE
13357	52	45	3328	2880	3391	2943			CACHE_PRESENT_UNCLASSIFIED		True	True	True	True	216	0	CACHE_ONLY_UNCONFIRMED	Present in current cache/index but no direct SpawnPK usage evidence in this static pass	1200	1201	False	BASE
13358	52	46	3328	2944	3391	3007			SPAWNPK_STATIC_EVIDENCE	O_BIN_CUSTOM_OBJECT_PLACEMENTS	True	True	True	True	2847	0	CUSTOMIZED_CACHE_ONLY_UNCONFIRMED	Cache region contains object IDs customized by o.bin; this does not by itself prove production reachability	578	579	False	BASE
13359	52	47	3328	3008	3391	3071			CACHE_PRESENT_UNCLASSIFIED		True	True	True	True	27	0	CACHE_ONLY_UNCONFIRMED	Present in current cache/index but no direct SpawnPK usage evidence in this static pass	580	581	False	BASE
13360	52	48	3328	3072	3391	3135			SPAWNPK_STATIC_EVIDENCE	O_BIN_CUSTOM_OBJECT_PLACEMENTS	True	True	True	True	194	0	CUSTOMIZED_CACHE_ONLY_UNCONFIRMED	Cache region contains object IDs customized by o.bin; this does not by itself prove production reachability	582	583	False	BASE
13361	52	49	3328	3136	3391	3199			SPAWNPK_STATIC_EVIDENCE	CLIENT_HARDCODED_REGION_PATCH;O_BIN_CUSTOM_OBJECT_PLACEMENTS	True	True	True	True	925	0	CLIENT_HARDCODED_REGION	Exact client applies a region mapping patch; live reachability not proven by this fact alone	584	585	False	BASE+HARDCODE
13362	52	50	3328	3200	3391	3263			CACHE_PRESENT_UNCLASSIFIED		True	True	True	True	4254	0	CACHE_ONLY_UNCONFIRMED	Present in current cache/index but no direct SpawnPK usage evidence in this static pass	586	587	False	BASE
13363	52	51	3328	3264	3391	3327			SPAWNPK_STATIC_EVIDENCE	O_BIN_CUSTOM_OBJECT_PLACEMENTS	True	True	True	True	1968	0	CUSTOMIZED_CACHE_ONLY_UNCONFIRMED	Cache region contains object IDs customized by o.bin; this does not by itself prove production reachability	588	589	False	BASE
13364	52	52	3328	3328	3391	3391			SPAWNPK_STATIC_EVIDENCE	O_BIN_CUSTOM_OBJECT_PLACEMENTS	True	True	True	True	2457	0	CUSTOMIZED_CACHE_ONLY_UNCONFIRMED	Cache region contains object IDs customized by o.bin; this does not by itself prove production reachability	590	591	False	BASE
13365	52	53	3328	3392	3391	3455			SPAWNPK_STATIC_EVIDENCE	O_BIN_CUSTOM_OBJECT_PLACEMENTS	True	True	True	True	3303	0	CUSTOMIZED_CACHE_ONLY_UNCONFIRMED	Cache region contains object IDs customized by o.bin; this does not by itself prove production reachability	592	593	False	BASE
13366	52	54	3328	3456	3391	3519			SPAWNPK_STATIC_EVIDENCE	O_BIN_CUSTOM_OBJECT_PLACEMENTS	True	True	True	True	741	0	CUSTOMIZED_CACHE_ONLY_UNCONFIRMED	Cache region contains object IDs customized by o.bin; this does not by itself prove production reachability	594	595	False	BASE
13367	52	55	3328	3520	3391	3583			CACHE_PRESENT_UNCLASSIFIED		True	True	True	True	655	0	CACHE_ONLY_UNCONFIRMED	Present in current cache/index but no direct SpawnPK usage evidence in this static pass	596	597	False	BASE
13368	52	56	3328	3584	3391	3647			CACHE_PRESENT_UNCLASSIFIED		True	True	True	True	369	0	CACHE_ONLY_UNCONFIRMED	Present in current cache/index but no direct SpawnPK usage evidence in this static pass	598	599	False	BASE
13369	52	57	3328	3648	3391	3711			CACHE_PRESENT_UNCLASSIFIED		True	True	True	True	881	0	CACHE_ONLY_UNCONFIRMED	Present in current cache/index but no direct SpawnPK usage evidence in this static pass	600	601	False	BASE
13370	52	58	3328	3712	3391	3775			CACHE_PRESENT_UNCLASSIFIED		True	True	True	True	641	0	CACHE_ONLY_UNCONFIRMED	Present in current cache/index but no direct SpawnPK usage evidence in this static pass	602	603	False	BASE
13371	52	59	3328	3776	3391	3839			CACHE_PRESENT_UNCLASSIFIED		True	True	True	True	432	0	CACHE_ONLY_UNCONFIRMED	Present in current cache/index but no direct SpawnPK usage evidence in this static pass	606	607	False	BASE
13372	52	60	3328	3840	3391	3903			CACHE_PRESENT_UNCLASSIFIED		True	True	True	True	999	0	CACHE_ONLY_UNCONFIRMED	Present in current cache/index but no direct SpawnPK usage evidence in this static pass	612	613	False	BASE
13373	52	61	3328	3904	3391	3967			CACHE_PRESENT_UNCLASSIFIED		True	True	True	True	1278	0	CACHE_ONLY_UNCONFIRMED	Present in current cache/index but no direct SpawnPK usage evidence in this static pass	614	615	False	BASE
13374	52	62	3328	3968	3391	4031			CACHE_PRESENT_UNCLASSIFIED		True	True	True	True	0	0	CACHE_ONLY_UNCONFIRMED	Present in current cache/index but no direct SpawnPK usage evidence in this static pass	852	853	False	BASE
13375	52	63	3328	4032	3391	4095			CACHE_PRESENT_UNCLASSIFIED		True	True	True	True	0	0	CACHE_ONLY_UNCONFIRMED	Present in current cache/index but no direct SpawnPK usage evidence in this static pass	1718	1719	False	BASE
13376	52	64	3328	4096	3391	4159			CACHE_PRESENT_UNCLASSIFIED		True	True	True	True	0	0	CACHE_ONLY_UNCONFIRMED	Present in current cache/index but no direct SpawnPK usage evidence in this static pass	1720	1721	False	BASE
13386	52	74	3328	4736	3391	4799		white_portal	SPAWNPK_STATIC_EVIDENCE	M_BIN_EXPLICIT_REGION;CLIENT_HARDCODED_REGION_PATCH;O_BIN_CUSTOM_OBJECT_PLACEMENTS;NAMED_OR_GROUPED	True	True	True	True	853	0	CLIENT_EXPLICIT_CUSTOM_REGION	Explicit configs/m.bin region; static existence is proven, live use may still vary by content lifecycle	1912	1913	False	BASE+M_BIN+HARDCODE
13387	52	75	3328	4800	3391	4863		white_portal	SPAWNPK_STATIC_EVIDENCE	M_BIN_EXPLICIT_REGION;CLIENT_HARDCODED_REGION_PATCH;NAMED_OR_GROUPED	True	True	True	True	1071	0	CLIENT_EXPLICIT_CUSTOM_REGION	Explicit configs/m.bin region; static existence is proven, live use may still vary by content lifecycle	1880	1881	False	BASE+M_BIN+HARDCODE
13393	52	81	3328	5184	3391	5247	Xeric	xeric	SPAWNPK_STATIC_EVIDENCE	M_BIN_EXPLICIT_REGION;NAMED_OR_GROUPED	True	True	True	True	3336	0	CLIENT_EXPLICIT_CUSTOM_REGION	Explicit configs/m.bin region; static existence is proven, live use may still vary by content lifecycle	408	409	True	BASE+M_BIN
13394	52	82	3328	5248	3391	5311	Xeric	xeric	SPAWNPK_STATIC_EVIDENCE	M_BIN_EXPLICIT_REGION;O_BIN_CUSTOM_OBJECT_PLACEMENTS;NAMED_OR_GROUPED	True	True	True	True	6532	0	CLIENT_EXPLICIT_CUSTOM_REGION	Explicit configs/m.bin region; static existence is proven, live use may still vary by content lifecycle	3531	3532	True	M_BIN
13395	52	83	3328	5312	3391	5375	Xeric	xeric	SPAWNPK_STATIC_EVIDENCE	M_BIN_EXPLICIT_REGION;O_BIN_CUSTOM_OBJECT_PLACEMENTS;NAMED_OR_GROUPED	True	True	True	True	5104	0	CLIENT_EXPLICIT_CUSTOM_REGION	Explicit configs/m.bin region; static existence is proven, live use may still vary by content lifecycle	4791	4792	True	M_BIN
13396	52	84	3328	5376	3391	5439			SPAWNPK_STATIC_EVIDENCE	CLIENT_HARDCODED_REGION_PATCH;O_BIN_CUSTOM_OBJECT_PLACEMENTS	True	True	True	True	935	0	CLIENT_HARDCODED_REGION	Exact client applies a region mapping patch; live reachability not proven by this fact alone	2814	2815	False	HARDCODE
13397	52	85	3328	5440	3391	5503	Xeric	xeric	SPAWNPK_STATIC_EVIDENCE	M_BIN_EXPLICIT_REGION;O_BIN_CUSTOM_OBJECT_PLACEMENTS;NAMED_OR_GROUPED	True	True	True	True	2129	0	CLIENT_EXPLICIT_CUSTOM_REGION	Explicit configs/m.bin region; static existence is proven, live use may still vary by content lifecycle	2553	2554	True	M_BIN
13400	52	88	3328	5632	3391	5695			CACHE_PRESENT_UNCLASSIFIED		True	True	True	True	0	0	CACHE_ONLY_UNCONFIRMED	Present in current cache/index but no direct SpawnPK usage evidence in this static pass	1968	1969	False	BASE
13401	52	89	3328	5696	3391	5759			SPAWNPK_STATIC_EVIDENCE	O_BIN_CUSTOM_OBJECT_PLACEMENTS;STATIC_TRAVEL_OBJECT_PLACEMENTS	True	True	True	True	866	1	CUSTOMIZED_CACHE_ONLY_UNCONFIRMED	Cache region contains object IDs customized by o.bin; this does not by itself prove production reachability	1930	1931	False	BASE
13402	52	90	3328	5760	3391	5823			CACHE_PRESENT_UNCLASSIFIED		True	True	True	True	0	0	CACHE_ONLY_UNCONFIRMED	Present in current cache/index but no direct SpawnPK usage evidence in this static pass	1924	1925	False	BASE
13456	52	144	3328	9216	3391	9279			CACHE_PRESENT_UNCLASSIFIED		True	True	True	True	4246	0	CACHE_ONLY_UNCONFIRMED	Present in current cache/index but no direct SpawnPK usage evidence in this static pass	1982	1983	False	BASE
13457	52	145	3328	9280	3391	9343			CACHE_PRESENT_UNCLASSIFIED		True	True	True	True	1371	0	CACHE_ONLY_UNCONFIRMED	Present in current cache/index but no direct SpawnPK usage evidence in this static pass	1286	1287	False	BASE
13458	52	146	3328	9344	3391	9407			CACHE_PRESENT_UNCLASSIFIED		True	True	True	True	3748	0	CACHE_ONLY_UNCONFIRMED	Present in current cache/index but no direct SpawnPK usage evidence in this static pass	2112	2113	False	BASE
13459	52	147	3328	9408	3391	9471			CACHE_PRESENT_UNCLASSIFIED		True	True	True	True	0	0	CACHE_ONLY_UNCONFIRMED	Present in current cache/index but no direct SpawnPK usage evidence in this static pass	2116	2117	False	BASE
13460	52	148	3328	9472	3391	9535			CACHE_PRESENT_UNCLASSIFIED		True	True	True	True	634	0	CACHE_ONLY_UNCONFIRMED	Present in current cache/index but no direct SpawnPK usage evidence in this static pass	1284	1285	False	BASE
13461	52	149	3328	9536	3391	9599			CACHE_PRESENT_UNCLASSIFIED		True	True	True	True	3599	0	CACHE_ONLY_UNCONFIRMED	Present in current cache/index but no direct SpawnPK usage evidence in this static pass	1288	1289	False	BASE
13462	52	150	3328	9600	3391	9663			SPAWNPK_STATIC_EVIDENCE	O_BIN_CUSTOM_OBJECT_PLACEMENTS	True	True	True	True	3343	0	CUSTOMIZED_CACHE_ONLY_UNCONFIRMED	Cache region contains object IDs customized by o.bin; this does not by itself prove production reachability	1294	1295	False	BASE
13463	52	151	3328	9664	3391	9727			SPAWNPK_STATIC_EVIDENCE	O_BIN_CUSTOM_OBJECT_PLACEMENTS	True	True	True	True	5892	0	CUSTOMIZED_CACHE_ONLY_UNCONFIRMED	Cache region contains object IDs customized by o.bin; this does not by itself prove production reachability	1296	1297	False	BASE
13464	52	152	3328	9728	3391	9791			SPAWNPK_STATIC_EVIDENCE	O_BIN_CUSTOM_OBJECT_PLACEMENTS	True	True	True	True	4464	0	CUSTOMIZED_CACHE_ONLY_UNCONFIRMED	Cache region contains object IDs customized by o.bin; this does not by itself prove production reachability	684	685	False	BASE
13465	52	153	3328	9792	3391	9855			SPAWNPK_STATIC_EVIDENCE	O_BIN_CUSTOM_OBJECT_PLACEMENTS	True	True	True	True	4450	0	CUSTOMIZED_CACHE_ONLY_UNCONFIRMED	Cache region contains object IDs customized by o.bin; this does not by itself prove production reachability	688	689	False	BASE
13466	52	154	3328	9856	3391	9919			CACHE_PRESENT_UNCLASSIFIED		True	True	True	True	0	0	CACHE_ONLY_UNCONFIRMED	Present in current cache/index but no direct SpawnPK usage evidence in this static pass	690	691	False	BASE
13610	53	42	3392	2688	3455	2751			CACHE_PRESENT_UNCLASSIFIED		True	True	True	True	0	0	CACHE_ONLY_UNCONFIRMED	Present in current cache/index but no direct SpawnPK usage evidence in this static pass	1992	1993	False	BASE
13611	53	43	3392	2752	3455	2815			CACHE_PRESENT_UNCLASSIFIED		True	True	True	True	3267	0	CACHE_ONLY_UNCONFIRMED	Present in current cache/index but no direct SpawnPK usage evidence in this static pass	1996	1997	False	BASE
13612	53	44	3392	2816	3455	2879			CACHE_PRESENT_UNCLASSIFIED		True	True	True	True	3949	0	CACHE_ONLY_UNCONFIRMED	Present in current cache/index but no direct SpawnPK usage evidence in this static pass	1978	1979	False	BASE
13613	53	45	3392	2880	3455	2943			CACHE_PRESENT_UNCLASSIFIED		True	True	True	True	2938	0	CACHE_ONLY_UNCONFIRMED	Present in current cache/index but no direct SpawnPK usage evidence in this static pass	1280	1281	False	BASE
13614	53	46	3392	2944	3455	3007			CACHE_PRESENT_UNCLASSIFIED		True	True	True	True	123	0	CACHE_ONLY_UNCONFIRMED	Present in current cache/index but no direct SpawnPK usage evidence in this static pass	1282	1283	False	BASE
13615	53	47	3392	3008	3455	3071			CACHE_PRESENT_UNCLASSIFIED		True	True	True	True	47	0	CACHE_ONLY_UNCONFIRMED	Present in current cache/index but no direct SpawnPK usage evidence in this static pass	1258	1259	False	BASE
13616	53	48	3392	3072	3455	3135			CACHE_PRESENT_UNCLASSIFIED		True	True	True	True	351	0	CACHE_ONLY_UNCONFIRMED	Present in current cache/index but no direct SpawnPK usage evidence in this static pass	1162	1163	False	BASE
13617	53	49	3392	3136	3455	3199			SPAWNPK_STATIC_EVIDENCE	CLIENT_HARDCODED_REGION_PATCH	True	True	True	True	399	0	CLIENT_HARDCODED_REGION	Exact client applies a region mapping patch; live reachability not proven by this fact alone	238	239	False	BASE+HARDCODE
13618	53	50	3392	3200	3455	3263			CACHE_PRESENT_UNCLASSIFIED		True	True	True	True	1046	0	CACHE_ONLY_UNCONFIRMED	Present in current cache/index but no direct SpawnPK usage evidence in this static pass	240	241	False	BASE
13619	53	51	3392	3264	3455	3327			SPAWNPK_STATIC_EVIDENCE	O_BIN_CUSTOM_OBJECT_PLACEMENTS	True	True	True	True	1651	0	CUSTOMIZED_CACHE_ONLY_UNCONFIRMED	Cache region contains object IDs customized by o.bin; this does not by itself prove production reachability	242	243	False	BASE
13620	53	52	3392	3328	3455	3391			SPAWNPK_STATIC_EVIDENCE	O_BIN_CUSTOM_OBJECT_PLACEMENTS	True	True	True	True	1521	0	CUSTOMIZED_CACHE_ONLY_UNCONFIRMED	Cache region contains object IDs customized by o.bin; this does not by itself prove production reachability	244	245	False	BASE
13621	53	53	3392	3392	3455	3455			SPAWNPK_STATIC_EVIDENCE	O_BIN_CUSTOM_OBJECT_PLACEMENTS	True	True	True	True	1572	0	CUSTOMIZED_CACHE_ONLY_UNCONFIRMED	Cache region contains object IDs customized by o.bin; this does not by itself prove production reachability	246	247	False	BASE
13622	53	54	3392	3456	3455	3519			SPAWNPK_STATIC_EVIDENCE	O_BIN_CUSTOM_OBJECT_PLACEMENTS	True	True	True	True	1388	0	CUSTOMIZED_CACHE_ONLY_UNCONFIRMED	Cache region contains object IDs customized by o.bin; this does not by itself prove production reachability	862	863	False	BASE
13623	53	55	3392	3520	3455	3583			SPAWNPK_STATIC_EVIDENCE	O_BIN_CUSTOM_OBJECT_PLACEMENTS	True	True	True	True	4475	0	CUSTOMIZED_CACHE_ONLY_UNCONFIRMED	Cache region contains object IDs customized by o.bin; this does not by itself prove production reachability	868	869	False	BASE
13624	53	56	3392	3584	3455	3647			CACHE_PRESENT_UNCLASSIFIED		True	True	True	True	0	0	CACHE_ONLY_UNCONFIRMED	Present in current cache/index but no direct SpawnPK usage evidence in this static pass	1510	1511	False	BASE
13625	53	57	3392	3648	3455	3711			CACHE_PRESENT_UNCLASSIFIED		True	True	True	True	0	0	CACHE_ONLY_UNCONFIRMED	Present in current cache/index but no direct SpawnPK usage evidence in this static pass	1512	1513	False	BASE
13626	53	58	3392	3712	3455	3775			CACHE_PRESENT_UNCLASSIFIED		True	True	True	True	0	0	CACHE_ONLY_UNCONFIRMED	Present in current cache/index but no direct SpawnPK usage evidence in this static pass	1514	1515	False	BASE
13627	53	59	3392	3776	3455	3839			CACHE_PRESENT_UNCLASSIFIED		True	True	True	True	0	0	CACHE_ONLY_UNCONFIRMED	Present in current cache/index but no direct SpawnPK usage evidence in this static pass	1516	1517	False	BASE
13628	53	60	3392	3840	3455	3903			CACHE_PRESENT_UNCLASSIFIED		True	True	True	True	0	0	CACHE_ONLY_UNCONFIRMED	Present in current cache/index but no direct SpawnPK usage evidence in this static pass	1518	1519	False	BASE
13629	53	61	3392	3904	3455	3967			CACHE_PRESENT_UNCLASSIFIED		True	True	True	True	0	0	CACHE_ONLY_UNCONFIRMED	Present in current cache/index but no direct SpawnPK usage evidence in this static pass	1520	1521	False	BASE
13630	53	62	3392	3968	3455	4031			CACHE_PRESENT_UNCLASSIFIED		True	True	True	True	0	0	CACHE_ONLY_UNCONFIRMED	Present in current cache/index but no direct SpawnPK usage evidence in this static pass	1522	1523	False	BASE
13631	53	63	3392	4032	3455	4095			CACHE_PRESENT_UNCLASSIFIED		True	True	True	True	0	0	CACHE_ONLY_UNCONFIRMED	Present in current cache/index but no direct SpawnPK usage evidence in this static pass	1722	1723	False	BASE
13632	53	64	3392	4096	3455	4159			CACHE_PRESENT_UNCLASSIFIED		True	True	True	True	0	0	CACHE_ONLY_UNCONFIRMED	Present in current cache/index but no direct SpawnPK usage evidence in this static pass	1724	1725	False	BASE
13639	53	71	3392	4544	3455	4607			SPAWNPK_STATIC_EVIDENCE	O_BIN_CUSTOM_OBJECT_PLACEMENTS	True	True	True	True	2280	0	CUSTOMIZED_CACHE_ONLY_UNCONFIRMED	Cache region contains object IDs customized by o.bin; this does not by itself prove production reachability	3517	3518	False	BASE
13641	53	73	3392	4672	3455	4735	cwars8a	clan_wars_8	SPAWNPK_STATIC_EVIDENCE	M_BIN_EXPLICIT_REGION;O_BIN_CUSTOM_OBJECT_PLACEMENTS;STATIC_TRAVEL_OBJECT_PLACEMENTS;NAMED_OR_GROUPED	True	True	True	True	866	1	CLIENT_EXPLICIT_CUSTOM_REGION	Explicit configs/m.bin region; static existence is proven, live use may still vary by content lifecycle	1851	1852	True	M_BIN
13642	53	74	3392	4736	3455	4799	cwars8b	clan_wars_8	SPAWNPK_STATIC_EVIDENCE	M_BIN_EXPLICIT_REGION;O_BIN_CUSTOM_OBJECT_PLACEMENTS;STATIC_TRAVEL_OBJECT_PLACEMENTS;NAMED_OR_GROUPED	True	True	True	True	817	1	CLIENT_EXPLICIT_CUSTOM_REGION	Explicit configs/m.bin region; static existence is proven, live use may still vary by content lifecycle	3435	3436	True	M_BIN
13643	53	75	3392	4800	3455	4863			CACHE_PRESENT_UNCLASSIFIED		True	True	True	True	0	0	CACHE_ONLY_UNCONFIRMED	Present in current cache/index but no direct SpawnPK usage evidence in this static pass	3397	3398	False	BASE
13644	53	76	3392	4864	3455	4927	cwars1	clan_wars_1	SPAWNPK_STATIC_EVIDENCE	M_BIN_EXPLICIT_REGION;O_BIN_CUSTOM_OBJECT_PLACEMENTS;NAMED_OR_GROUPED	True	True	True	True	1837	0	CLIENT_EXPLICIT_CUSTOM_REGION	Explicit configs/m.bin region; static existence is proven, live use may still vary by content lifecycle	3474	3475	True	M_BIN
13645	53	77	3392	4928	3455	4991	cwars2	clan_wars_2	SPAWNPK_STATIC_EVIDENCE	M_BIN_EXPLICIT_REGION;O_BIN_CUSTOM_OBJECT_PLACEMENTS;NAMED_OR_GROUPED	True	True	True	True	844	0	CLIENT_EXPLICIT_CUSTOM_REGION	Explicit configs/m.bin region; static existence is proven, live use may still vary by content lifecycle	5649	5650	True	M_BIN
13646	53	78	3392	4992	3455	5055	cwars6	clan_wars_6	SPAWNPK_STATIC_EVIDENCE	M_BIN_EXPLICIT_REGION;O_BIN_CUSTOM_OBJECT_PLACEMENTS;NAMED_OR_GROUPED	True	True	True	True	1546	0	CLIENT_EXPLICIT_CUSTOM_REGION	Explicit configs/m.bin region; static existence is proven, live use may still vary by content lifecycle	6147	6148	True	M_BIN
13647	53	79	3392	5056	3455	5119	cwars5	clan_wars_5	SPAWNPK_STATIC_EVIDENCE	M_BIN_EXPLICIT_REGION;O_BIN_CUSTOM_OBJECT_PLACEMENTS;NAMED_OR_GROUPED	True	True	True	True	983	0	CLIENT_EXPLICIT_CUSTOM_REGION	Explicit configs/m.bin region; static existence is proven, live use may still vary by content lifecycle	4671	4672	True	M_BIN
13650	53	82	3392	5248	3455	5311			CACHE_PRESENT_UNCLASSIFIED		True	True	True	True	0	0	CACHE_ONLY_UNCONFIRMED	Present in current cache/index but no direct SpawnPK usage evidence in this static pass	3524	3525	False	BASE
13658	53	90	3392	5760	3455	5823			SPAWNPK_STATIC_EVIDENCE	CLIENT_HARDCODED_REGION_PATCH;O_BIN_CUSTOM_OBJECT_PLACEMENTS	True	True	True	True	862	0	CLIENT_HARDCODED_REGION	Exact client applies a region mapping patch; live reachability not proven by this fact alone	2710	2711	False	HARDCODE
13659	53	91	3392	5824	3455	5887			SPAWNPK_STATIC_EVIDENCE	CLIENT_HARDCODED_REGION_PATCH;O_BIN_CUSTOM_OBJECT_PLACEMENTS	True	True	True	True	741	0	CLIENT_HARDCODED_REGION	Exact client applies a region mapping patch; live reachability not proven by this fact alone	2712	2713	False	HARDCODE
13660	53	92	3392	5888	3455	5951			SPAWNPK_STATIC_EVIDENCE	CLIENT_HARDCODED_REGION_PATCH	True	True	True	True	0	0	CLIENT_HARDCODED_REGION	Exact client applies a region mapping patch; live reachability not proven by this fact alone	2708	2709	False	HARDCODE
13712	53	144	3392	9216	3455	9279			CACHE_PRESENT_UNCLASSIFIED		True	True	True	True	0	0	CACHE_ONLY_UNCONFIRMED	Present in current cache/index but no direct SpawnPK usage evidence in this static pass	1980	1981	False	BASE
13713	53	145	3392	9280	3455	9343			CACHE_PRESENT_UNCLASSIFIED		True	True	True	True	0	0	CACHE_ONLY_UNCONFIRMED	Present in current cache/index but no direct SpawnPK usage evidence in this static pass	2482	2483	False	BASE
13716	53	148	3392	9472	3455	9535			CACHE_PRESENT_UNCLASSIFIED		True	True	True	True	448	0	CACHE_ONLY_UNCONFIRMED	Present in current cache/index but no direct SpawnPK usage evidence in this static pass	2489	2490	False	BASE
13717	53	149	3392	9536	3455	9599			CACHE_PRESENT_UNCLASSIFIED		True	True	True	True	4122	0	CACHE_ONLY_UNCONFIRMED	Present in current cache/index but no direct SpawnPK usage evidence in this static pass	1578	1579	False	BASE
13718	53	150	3392	9600	3455	9663			CACHE_PRESENT_UNCLASSIFIED		True	True	True	True	4549	0	CACHE_ONLY_UNCONFIRMED	Present in current cache/index but no direct SpawnPK usage evidence in this static pass	1082	1083	False	BASE
13719	53	151	3392	9664	3455	9727			CACHE_PRESENT_UNCLASSIFIED		True	True	True	True	0	0	CACHE_ONLY_UNCONFIRMED	Present in current cache/index but no direct SpawnPK usage evidence in this static pass	2521	2522	False	BASE
13720	53	152	3392	9728	3455	9791			CACHE_PRESENT_UNCLASSIFIED		True	True	True	True	222	0	CACHE_ONLY_UNCONFIRMED	Present in current cache/index but no direct SpawnPK usage evidence in this static pass	880	881	False	BASE
13721	53	153	3392	9792	3455	9855			CACHE_PRESENT_UNCLASSIFIED		True	True	True	True	704	0	CACHE_ONLY_UNCONFIRMED	Present in current cache/index but no direct SpawnPK usage evidence in this static pass	2470	2471	False	BASE
13722	53	154	3392	9856	3455	9919			SPAWNPK_STATIC_EVIDENCE	O_BIN_CUSTOM_OBJECT_PLACEMENTS	True	True	True	True	2426	0	CUSTOMIZED_CACHE_ONLY_UNCONFIRMED	Cache region contains object IDs customized by o.bin; this does not by itself prove production reachability	864	865	False	BASE
13723	53	155	3392	9920	3455	9983			CACHE_PRESENT_UNCLASSIFIED		True	True	True	True	2286	0	CACHE_ONLY_UNCONFIRMED	Present in current cache/index but no direct SpawnPK usage evidence in this static pass	2088	2089	False	BASE
13866	54	42	3456	2688	3519	2751			CACHE_PRESENT_UNCLASSIFIED		True	True	True	True	0	0	CACHE_ONLY_UNCONFIRMED	Present in current cache/index but no direct SpawnPK usage evidence in this static pass	1986	1987	False	BASE
13867	54	43	3456	2752	3519	2815			CACHE_PRESENT_UNCLASSIFIED		True	True	True	True	0	0	CACHE_ONLY_UNCONFIRMED	Present in current cache/index but no direct SpawnPK usage evidence in this static pass	1984	1985	False	BASE
13868	54	44	3456	2816	3519	2879			CACHE_PRESENT_UNCLASSIFIED		True	True	True	True	0	0	CACHE_ONLY_UNCONFIRMED	Present in current cache/index but no direct SpawnPK usage evidence in this static pass	1988	1989	False	BASE
13872	54	48	3456	3072	3519	3135			CACHE_PRESENT_UNCLASSIFIED		True	True	True	True	732	0	CACHE_ONLY_UNCONFIRMED	Present in current cache/index but no direct SpawnPK usage evidence in this static pass	1160	1161	False	BASE
13873	54	49	3456	3136	3519	3199			CACHE_PRESENT_UNCLASSIFIED		True	True	True	True	533	0	CACHE_ONLY_UNCONFIRMED	Present in current cache/index but no direct SpawnPK usage evidence in this static pass	1164	1165	False	BASE
13874	54	50	3456	3200	3519	3263			SPAWNPK_STATIC_EVIDENCE	O_BIN_CUSTOM_OBJECT_PLACEMENTS	True	True	True	True	2993	0	CUSTOMIZED_CACHE_ONLY_UNCONFIRMED	Cache region contains object IDs customized by o.bin; this does not by itself prove production reachability	1084	1085	False	BASE
13875	54	51	3456	3264	3519	3327			SPAWNPK_STATIC_EVIDENCE	O_BIN_CUSTOM_OBJECT_PLACEMENTS	True	True	True	True	1917	0	CUSTOMIZED_CACHE_ONLY_UNCONFIRMED	Cache region contains object IDs customized by o.bin; this does not by itself prove production reachability	886	887	False	BASE
13876	54	52	3456	3328	3519	3391			SPAWNPK_STATIC_EVIDENCE	O_BIN_CUSTOM_OBJECT_PLACEMENTS	True	True	True	True	1704	0	CUSTOMIZED_CACHE_ONLY_UNCONFIRMED	Cache region contains object IDs customized by o.bin; this does not by itself prove production reachability	888	889	False	BASE
13877	54	53	3456	3392	3519	3455			SPAWNPK_STATIC_EVIDENCE	O_BIN_CUSTOM_OBJECT_PLACEMENTS	True	True	True	True	1828	0	CUSTOMIZED_CACHE_ONLY_UNCONFIRMED	Cache region contains object IDs customized by o.bin; this does not by itself prove production reachability	876	877	False	BASE
13878	54	54	3456	3456	3519	3519			SPAWNPK_STATIC_EVIDENCE	O_BIN_CUSTOM_OBJECT_PLACEMENTS	True	True	True	True	2815	0	CUSTOMIZED_CACHE_ONLY_UNCONFIRMED	Cache region contains object IDs customized by o.bin; this does not by itself prove production reachability	866	867	False	BASE
13879	54	55	3456	3520	3519	3583			SPAWNPK_STATIC_EVIDENCE	O_BIN_CUSTOM_OBJECT_PLACEMENTS	True	True	True	True	1415	0	CUSTOMIZED_CACHE_ONLY_UNCONFIRMED	Cache region contains object IDs customized by o.bin; this does not by itself prove production reachability	874	875	False	BASE
13880	54	56	3456	3584	3519	3647			CACHE_PRESENT_UNCLASSIFIED		True	True	True	True	0	0	CACHE_ONLY_UNCONFIRMED	Present in current cache/index but no direct SpawnPK usage evidence in this static pass	1390	1391	False	BASE
13897	54	73	3456	4672	3519	4735			SPAWNPK_STATIC_EVIDENCE	O_BIN_CUSTOM_OBJECT_PLACEMENTS	True	True	True	True	595	0	CUSTOMIZED_CACHE_ONLY_UNCONFIRMED	Cache region contains object IDs customized by o.bin; this does not by itself prove production reachability	3411	3412	False	BASE
13898	54	74	3456	4736	3519	4799			CACHE_PRESENT_UNCLASSIFIED		True	True	True	True	8207	0	CACHE_ONLY_UNCONFIRMED	Present in current cache/index but no direct SpawnPK usage evidence in this static pass	3407	3408	False	BASE
13899	54	75	3456	4800	3519	4863			SPAWNPK_STATIC_EVIDENCE	CLIENT_HARDCODED_REGION_PATCH;O_BIN_CUSTOM_OBJECT_PLACEMENTS	True	True	True	True	539	0	CLIENT_HARDCODED_REGION	Exact client applies a region mapping patch; live reachability not proven by this fact alone	1890	1891	False	BASE+HARDCODE
13900	54	76	3456	4864	3519	4927			SPAWNPK_STATIC_EVIDENCE	CLIENT_HARDCODED_REGION_PATCH;O_BIN_CUSTOM_OBJECT_PLACEMENTS	True	True	True	True	365	0	CLIENT_HARDCODED_REGION	Exact client applies a region mapping patch; live reachability not proven by this fact alone	1910	1911	False	HARDCODE
13913	54	89	3456	5696	3519	5759			SPAWNPK_STATIC_EVIDENCE	CLIENT_HARDCODED_REGION_PATCH	True	True	True	True	0	0	CLIENT_HARDCODED_REGION	Exact client applies a region mapping patch; live reachability not proven by this fact alone	2714	2715	False	HARDCODE
13914	54	90	3456	5760	3519	5823			SPAWNPK_STATIC_EVIDENCE	CLIENT_HARDCODED_REGION_PATCH;O_BIN_CUSTOM_OBJECT_PLACEMENTS	True	True	True	True	780	0	CLIENT_HARDCODED_REGION	Exact client applies a region mapping patch; live reachability not proven by this fact alone	2702	2703	False	HARDCODE
13915	54	91	3456	5824	3519	5887			SPAWNPK_STATIC_EVIDENCE	CLIENT_HARDCODED_REGION_PATCH;O_BIN_CUSTOM_OBJECT_PLACEMENTS	True	True	True	True	714	0	CLIENT_HARDCODED_REGION	Exact client applies a region mapping patch; live reachability not proven by this fact alone	2718	2719	False	HARDCODE
13916	54	92	3456	5888	3519	5951			SPAWNPK_STATIC_EVIDENCE	CLIENT_HARDCODED_REGION_PATCH	True	True	True	True	3	0	CLIENT_HARDCODED_REGION	Exact client applies a region mapping patch; live reachability not proven by this fact alone	2716	2717	False	HARDCODE
13968	54	144	3456	9216	3519	9279			CACHE_PRESENT_UNCLASSIFIED		True	True	True	True	0	0	CACHE_ONLY_UNCONFIRMED	Present in current cache/index but no direct SpawnPK usage evidence in this static pass	2114	2115	False	BASE
13972	54	148	3456	9472	3519	9535			CACHE_PRESENT_UNCLASSIFIED		True	True	True	True	7726	0	CACHE_ONLY_UNCONFIRMED	Present in current cache/index but no direct SpawnPK usage evidence in this static pass	922	923	False	BASE
13974	54	150	3456	9600	3519	9663			CACHE_PRESENT_UNCLASSIFIED		True	True	True	True	325	0	CACHE_ONLY_UNCONFIRMED	Present in current cache/index but no direct SpawnPK usage evidence in this static pass	1338	1339	False	BASE
13975	54	151	3456	9664	3519	9727			SPAWNPK_STATIC_EVIDENCE	O_BIN_CUSTOM_OBJECT_PLACEMENTS	True	True	True	True	2392	0	CUSTOMIZED_CACHE_ONLY_UNCONFIRMED	Cache region contains object IDs customized by o.bin; this does not by itself prove production reachability	882	883	False	BASE
13976	54	152	3456	9728	3519	9791			CACHE_PRESENT_UNCLASSIFIED		True	True	True	True	650	0	CACHE_ONLY_UNCONFIRMED	Present in current cache/index but no direct SpawnPK usage evidence in this static pass	2092	2093	False	BASE
13977	54	153	3456	9792	3519	9855			SPAWNPK_STATIC_EVIDENCE	O_BIN_CUSTOM_OBJECT_PLACEMENTS	True	True	True	True	5321	0	CUSTOMIZED_CACHE_ONLY_UNCONFIRMED	Cache region contains object IDs customized by o.bin; this does not by itself prove production reachability	1102	1103	False	BASE
13978	54	154	3456	9856	3519	9919			CACHE_PRESENT_UNCLASSIFIED		True	True	True	True	4096	0	CACHE_ONLY_UNCONFIRMED	Present in current cache/index but no direct SpawnPK usage evidence in this static pass	2505	2506	False	BASE
13979	54	155	3456	9920	3519	9983			SPAWNPK_STATIC_EVIDENCE	O_BIN_CUSTOM_OBJECT_PLACEMENTS	True	True	True	True	4066	0	CUSTOMIZED_CACHE_ONLY_UNCONFIRMED	Cache region contains object IDs customized by o.bin; this does not by itself prove production reachability	1116	1117	False	BASE
13980	54	156	3456	9984	3519	10047			CACHE_PRESENT_UNCLASSIFIED		True	True	True	True	0	0	CACHE_ONLY_UNCONFIRMED	Present in current cache/index but no direct SpawnPK usage evidence in this static pass	2601	2602	False	BASE
14128	55	48	3520	3072	3583	3135			CACHE_PRESENT_UNCLASSIFIED		True	True	True	True	0	0	CACHE_ONLY_UNCONFIRMED	Present in current cache/index but no direct SpawnPK usage evidence in this static pass	1392	1393	False	BASE
14129	55	49	3520	3136	3583	3199			CACHE_PRESENT_UNCLASSIFIED		True	True	True	True	1208	0	CACHE_ONLY_UNCONFIRMED	Present in current cache/index but no direct SpawnPK usage evidence in this static pass	1334	1335	False	BASE
14130	55	50	3520	3200	3583	3263			SPAWNPK_STATIC_EVIDENCE	O_BIN_CUSTOM_OBJECT_PLACEMENTS	True	True	True	True	2782	0	CUSTOMIZED_CACHE_ONLY_UNCONFIRMED	Cache region contains object IDs customized by o.bin; this does not by itself prove production reachability	1336	1337	False	BASE
14131	55	51	3520	3264	3583	3327			SPAWNPK_STATIC_EVIDENCE	O_BIN_CUSTOM_OBJECT_PLACEMENTS	True	True	True	True	2764	0	CUSTOMIZED_CACHE_ONLY_UNCONFIRMED	Cache region contains object IDs customized by o.bin; this does not by itself prove production reachability	1104	1105	False	BASE
14132	55	52	3520	3328	3583	3391			CACHE_PRESENT_UNCLASSIFIED		True	True	True	True	2766	0	CACHE_ONLY_UNCONFIRMED	Present in current cache/index but no direct SpawnPK usage evidence in this static pass	1526	1527	False	BASE
14133	55	53	3520	3392	3583	3455			SPAWNPK_STATIC_EVIDENCE	O_BIN_CUSTOM_OBJECT_PLACEMENTS	True	True	True	True	2430	0	CUSTOMIZED_CACHE_ONLY_UNCONFIRMED	Cache region contains object IDs customized by o.bin; this does not by itself prove production reachability	1202	1203	False	BASE
14134	55	54	3520	3456	3583	3519			SPAWNPK_STATIC_EVIDENCE	O_BIN_CUSTOM_OBJECT_PLACEMENTS	True	True	True	True	2016	0	CUSTOMIZED_CACHE_ONLY_UNCONFIRMED	Cache region contains object IDs customized by o.bin; this does not by itself prove production reachability	870	871	False	BASE
14135	55	55	3520	3520	3583	3583			SPAWNPK_STATIC_EVIDENCE	O_BIN_CUSTOM_OBJECT_PLACEMENTS	True	True	True	True	2564	0	CUSTOMIZED_CACHE_ONLY_UNCONFIRMED	Cache region contains object IDs customized by o.bin; this does not by itself prove production reachability	872	873	False	BASE
14136	55	56	3520	3584	3583	3647			CACHE_PRESENT_UNCLASSIFIED		True	True	True	True	0	0	CACHE_ONLY_UNCONFIRMED	Present in current cache/index but no direct SpawnPK usage evidence in this static pass	1394	1395	False	BASE
14155	55	75	3520	4800	3583	4863			SPAWNPK_STATIC_EVIDENCE	CLIENT_HARDCODED_REGION_PATCH;O_BIN_CUSTOM_OBJECT_PLACEMENTS	True	True	True	True	470	0	CLIENT_HARDCODED_REGION	Exact client applies a region mapping patch; live reachability not proven by this fact alone	1904	1905	False	HARDCODE
14156	55	76	3520	4864	3583	4927			SPAWNPK_STATIC_EVIDENCE	CLIENT_HARDCODED_REGION_PATCH;O_BIN_CUSTOM_OBJECT_PLACEMENTS	True	True	True	True	537	0	CLIENT_HARDCODED_REGION	Exact client applies a region mapping patch; live reachability not proven by this fact alone	1878	1879	False	HARDCODE
14157	55	77	3520	4928	3583	4991			CACHE_PRESENT_UNCLASSIFIED		False	False	False	False	0	0	CACHE_ONLY_UNCONFIRMED	Present in current cache/index but no direct SpawnPK usage evidence in this static pass	3621	3622	False	BASE
14167	55	87	3520	5568	3583	5631			CACHE_PRESENT_UNCLASSIFIED		False	False	False	False	0	0	CACHE_ONLY_UNCONFIRMED	Present in current cache/index but no direct SpawnPK usage evidence in this static pass	3537	3538	False	BASE
14169	55	89	3520	5696	3583	5759			SPAWNPK_STATIC_EVIDENCE	CLIENT_HARDCODED_REGION_PATCH	True	True	True	True	0	0	CLIENT_HARDCODED_REGION	Exact client applies a region mapping patch; live reachability not proven by this fact alone	2706	2707	False	HARDCODE
14170	55	90	3520	5760	3583	5823			SPAWNPK_STATIC_EVIDENCE	CLIENT_HARDCODED_REGION_PATCH	True	True	True	False	0	0	CLIENT_HARDCODED_REGION	Exact client applies a region mapping patch; live reachability not proven by this fact alone	2704	2705	False	HARDCODE
14230	55	150	3520	9600	3583	9663			CACHE_PRESENT_UNCLASSIFIED		True	True	True	True	24	0	CACHE_ONLY_UNCONFIRMED	Present in current cache/index but no direct SpawnPK usage evidence in this static pass	2501	2502	False	BASE
14231	55	151	3520	9664	3583	9727			SPAWNPK_STATIC_EVIDENCE	O_BIN_CUSTOM_OBJECT_PLACEMENTS	True	True	True	True	7908	0	CUSTOMIZED_CACHE_ONLY_UNCONFIRMED	Cache region contains object IDs customized by o.bin; this does not by itself prove production reachability	1208	1209	False	BASE
14232	55	152	3520	9728	3583	9791			CACHE_PRESENT_UNCLASSIFIED		True	True	True	True	3784	0	CACHE_ONLY_UNCONFIRMED	Present in current cache/index but no direct SpawnPK usage evidence in this static pass	2090	2091	False	BASE
14233	55	153	3520	9792	3583	9855			CACHE_PRESENT_UNCLASSIFIED		True	True	True	True	0	0	CACHE_ONLY_UNCONFIRMED	Present in current cache/index but no direct SpawnPK usage evidence in this static pass	2082	2083	False	BASE
14234	55	154	3520	9856	3583	9919			CACHE_PRESENT_UNCLASSIFIED		True	True	True	True	4644	0	CACHE_ONLY_UNCONFIRMED	Present in current cache/index but no direct SpawnPK usage evidence in this static pass	1120	1121	False	BASE
14235	55	155	3520	9920	3583	9983			SPAWNPK_STATIC_EVIDENCE	O_BIN_CUSTOM_OBJECT_PLACEMENTS	True	True	True	True	4484	0	CUSTOMIZED_CACHE_ONLY_UNCONFIRMED	Cache region contains object IDs customized by o.bin; this does not by itself prove production reachability	1118	1119	False	BASE
14236	55	156	3520	9984	3583	10047			CACHE_PRESENT_UNCLASSIFIED		True	True	True	True	0	0	CACHE_ONLY_UNCONFIRMED	Present in current cache/index but no direct SpawnPK usage evidence in this static pass	2450	2451	False	BASE
14379	56	43	3584	2752	3647	2815			CACHE_PRESENT_UNCLASSIFIED		True	True	True	True	0	0	CACHE_ONLY_UNCONFIRMED	Present in current cache/index but no direct SpawnPK usage evidence in this static pass	1772	1773	False	BASE
14380	56	44	3584	2816	3647	2879			CACHE_PRESENT_UNCLASSIFIED		True	True	True	True	0	0	CACHE_ONLY_UNCONFIRMED	Present in current cache/index but no direct SpawnPK usage evidence in this static pass	1774	1775	False	BASE
14381	56	45	3584	2880	3647	2943			CACHE_PRESENT_UNCLASSIFIED		True	True	True	True	0	0	CACHE_ONLY_UNCONFIRMED	Present in current cache/index but no direct SpawnPK usage evidence in this static pass	178	179	False	BASE
14382	56	46	3584	2944	3647	3007			CACHE_PRESENT_UNCLASSIFIED		True	True	True	True	1	0	CACHE_ONLY_UNCONFIRMED	Present in current cache/index but no direct SpawnPK usage evidence in this static pass	264	265	False	BASE
14383	56	47	3584	3008	3647	3071			CACHE_PRESENT_UNCLASSIFIED		True	True	True	True	0	0	CACHE_ONLY_UNCONFIRMED	Present in current cache/index but no direct SpawnPK usage evidence in this static pass	320	321	False	BASE
14384	56	48	3584	3072	3647	3135			CACHE_PRESENT_UNCLASSIFIED		True	True	True	True	0	0	CACHE_ONLY_UNCONFIRMED	Present in current cache/index but no direct SpawnPK usage evidence in this static pass	322	323	False	BASE
14385	56	49	3584	3136	3647	3199			CACHE_PRESENT_UNCLASSIFIED		True	True	True	True	1058	0	CACHE_ONLY_UNCONFIRMED	Present in current cache/index but no direct SpawnPK usage evidence in this static pass	1532	1533	False	BASE
14386	56	50	3584	3200	3647	3263			CACHE_PRESENT_UNCLASSIFIED		True	True	True	True	5807	0	CACHE_ONLY_UNCONFIRMED	Present in current cache/index but no direct SpawnPK usage evidence in this static pass	1534	1535	False	BASE
14387	56	51	3584	3264	3647	3327			CACHE_PRESENT_UNCLASSIFIED		True	True	True	True	3588	0	CACHE_ONLY_UNCONFIRMED	Present in current cache/index but no direct SpawnPK usage evidence in this static pass	1536	1537	False	BASE
14388	56	52	3584	3328	3647	3391			CACHE_PRESENT_UNCLASSIFIED		True	True	True	True	2118	0	CACHE_ONLY_UNCONFIRMED	Present in current cache/index but no direct SpawnPK usage evidence in this static pass	1538	1539	False	BASE
14390	56	54	3584	3456	3647	3519			CACHE_PRESENT_UNCLASSIFIED		True	True	True	True	1961	0	CACHE_ONLY_UNCONFIRMED	Present in current cache/index but no direct SpawnPK usage evidence in this static pass	970	971	False	BASE
14391	56	55	3584	3520	3647	3583			CACHE_PRESENT_UNCLASSIFIED		True	True	True	True	1830	0	CACHE_ONLY_UNCONFIRMED	Present in current cache/index but no direct SpawnPK usage evidence in this static pass	1124	1125	False	BASE
14392	56	56	3584	3584	3647	3647			CACHE_PRESENT_UNCLASSIFIED		True	True	True	True	0	0	CACHE_ONLY_UNCONFIRMED	Present in current cache/index but no direct SpawnPK usage evidence in this static pass	1396	1397	False	BASE
14486	56	150	3584	9600	3647	9663			CACHE_PRESENT_UNCLASSIFIED		True	True	True	True	745	0	CACHE_ONLY_UNCONFIRMED	Present in current cache/index but no direct SpawnPK usage evidence in this static pass	1528	1529	False	BASE
14487	56	151	3584	9664	3647	9727			CACHE_PRESENT_UNCLASSIFIED		True	True	True	True	1494	0	CACHE_ONLY_UNCONFIRMED	Present in current cache/index but no direct SpawnPK usage evidence in this static pass	1530	1531	False	BASE
14488	56	152	3584	9728	3647	9791			CACHE_PRESENT_UNCLASSIFIED		True	True	True	True	3756	0	CACHE_ONLY_UNCONFIRMED	Present in current cache/index but no direct SpawnPK usage evidence in this static pass	2086	2087	False	BASE
14490	56	154	3584	9856	3647	9919			CACHE_PRESENT_UNCLASSIFIED		True	True	True	True	0	0	CACHE_ONLY_UNCONFIRMED	Present in current cache/index but no direct SpawnPK usage evidence in this static pass	2497	2498	False	BASE
14491	56	155	3584	9920	3647	9983			CACHE_PRESENT_UNCLASSIFIED		True	True	True	True	0	0	CACHE_ONLY_UNCONFIRMED	Present in current cache/index but no direct SpawnPK usage evidence in this static pass	2581	2582	False	BASE
14492	56	156	3584	9984	3647	10047			CACHE_PRESENT_UNCLASSIFIED		True	True	True	True	0	0	CACHE_ONLY_UNCONFIRMED	Present in current cache/index but no direct SpawnPK usage evidence in this static pass	2454	2455	False	BASE
14635	57	43	3648	2752	3711	2815			CACHE_PRESENT_UNCLASSIFIED		True	True	True	True	0	0	CACHE_ONLY_UNCONFIRMED	Present in current cache/index but no direct SpawnPK usage evidence in this static pass	1776	1777	False	BASE
14636	57	44	3648	2816	3711	2879			CACHE_PRESENT_UNCLASSIFIED		True	True	True	True	0	0	CACHE_ONLY_UNCONFIRMED	Present in current cache/index but no direct SpawnPK usage evidence in this static pass	1778	1779	False	BASE
14637	57	45	3648	2880	3711	2943			CACHE_PRESENT_UNCLASSIFIED		True	True	True	True	223	0	CACHE_ONLY_UNCONFIRMED	Present in current cache/index but no direct SpawnPK usage evidence in this static pass	326	327	False	BASE
14638	57	46	3648	2944	3711	3007			CACHE_PRESENT_UNCLASSIFIED		True	True	True	True	4130	0	CACHE_ONLY_UNCONFIRMED	Present in current cache/index but no direct SpawnPK usage evidence in this static pass	1310	1311	False	BASE
14639	57	47	3648	3008	3711	3071			SPAWNPK_STATIC_EVIDENCE	O_BIN_CUSTOM_OBJECT_PLACEMENTS	True	True	True	True	2043	0	CUSTOMIZED_CACHE_ONLY_UNCONFIRMED	Cache region contains object IDs customized by o.bin; this does not by itself prove production reachability	346	347	False	BASE
14640	57	48	3648	3072	3711	3135			CACHE_PRESENT_UNCLASSIFIED		True	True	True	True	0	0	CACHE_ONLY_UNCONFIRMED	Present in current cache/index but no direct SpawnPK usage evidence in this static pass	350	351	False	BASE
14641	57	49	3648	3136	3711	3199			CACHE_PRESENT_UNCLASSIFIED		True	True	True	True	0	0	CACHE_ONLY_UNCONFIRMED	Present in current cache/index but no direct SpawnPK usage evidence in this static pass	2435	2436	False	BASE
14646	57	54	3648	3456	3711	3519			CACHE_PRESENT_UNCLASSIFIED		True	True	True	True	4129	0	CACHE_ONLY_UNCONFIRMED	Present in current cache/index but no direct SpawnPK usage evidence in this static pass	1128	1129	False	BASE
14647	57	55	3648	3520	3711	3583			CACHE_PRESENT_UNCLASSIFIED		True	True	True	True	817	0	CACHE_ONLY_UNCONFIRMED	Present in current cache/index but no direct SpawnPK usage evidence in this static pass	1130	1131	False	BASE
14648	57	56	3648	3584	3711	3647			CACHE_PRESENT_UNCLASSIFIED		True	True	True	True	0	0	CACHE_ONLY_UNCONFIRMED	Present in current cache/index but no direct SpawnPK usage evidence in this static pass	1398	1399	False	BASE
14746	57	154	3648	9856	3711	9919			CACHE_PRESENT_UNCLASSIFIED		True	True	True	True	1719	0	CACHE_ONLY_UNCONFIRMED	Present in current cache/index but no direct SpawnPK usage evidence in this static pass	1126	1127	False	BASE
14747	57	155	3648	9920	3711	9983			CACHE_PRESENT_UNCLASSIFIED		True	True	True	True	104	0	CACHE_ONLY_UNCONFIRMED	Present in current cache/index but no direct SpawnPK usage evidence in this static pass	1228	1229	False	BASE
14891	58	43	3712	2752	3775	2815			CACHE_PRESENT_UNCLASSIFIED		True	True	True	True	0	0	CACHE_ONLY_UNCONFIRMED	Present in current cache/index but no direct SpawnPK usage evidence in this static pass	1780	1781	False	BASE
14892	58	44	3712	2816	3775	2879			CACHE_PRESENT_UNCLASSIFIED		True	True	True	True	0	0	CACHE_ONLY_UNCONFIRMED	Present in current cache/index but no direct SpawnPK usage evidence in this static pass	1782	1783	False	BASE
14893	58	45	3712	2880	3775	2943			CACHE_PRESENT_UNCLASSIFIED		True	True	True	True	144	0	CACHE_ONLY_UNCONFIRMED	Present in current cache/index but no direct SpawnPK usage evidence in this static pass	366	367	False	BASE
14894	58	46	3712	2944	3775	3007			CACHE_PRESENT_UNCLASSIFIED		True	True	True	True	0	0	CACHE_ONLY_UNCONFIRMED	Present in current cache/index but no direct SpawnPK usage evidence in this static pass	402	403	False	BASE
14895	58	47	3712	3008	3775	3071			CACHE_PRESENT_UNCLASSIFIED		True	True	True	True	704	0	CACHE_ONLY_UNCONFIRMED	Present in current cache/index but no direct SpawnPK usage evidence in this static pass	408	409	False	BASE
14896	58	48	3712	3072	3775	3135			CACHE_PRESENT_UNCLASSIFIED		True	True	True	True	0	0	CACHE_ONLY_UNCONFIRMED	Present in current cache/index but no direct SpawnPK usage evidence in this static pass	446	447	False	BASE
14902	58	54	3712	3456	3775	3519			CACHE_PRESENT_UNCLASSIFIED		True	True	True	True	253	0	CACHE_ONLY_UNCONFIRMED	Present in current cache/index but no direct SpawnPK usage evidence in this static pass	1312	1313	False	BASE
14903	58	55	3712	3520	3775	3583			CACHE_PRESENT_UNCLASSIFIED		True	True	True	True	0	0	CACHE_ONLY_UNCONFIRMED	Present in current cache/index but no direct SpawnPK usage evidence in this static pass	1400	1401	False	BASE
14904	58	56	3712	3584	3775	3647			CACHE_PRESENT_UNCLASSIFIED		True	True	True	True	0	0	CACHE_ONLY_UNCONFIRMED	Present in current cache/index but no direct SpawnPK usage evidence in this static pass	1402	1403	False	BASE
14927	58	79	3712	5056	3775	5119			SPAWNPK_STATIC_EVIDENCE	CLIENT_HARDCODED_REGION_PATCH;O_BIN_CUSTOM_OBJECT_PLACEMENTS;STATIC_TRAVEL_OBJECT_PLACEMENTS	True	True	True	True	1548	1	CLIENT_HARDCODED_REGION	Exact client applies a region mapping patch; live reachability not proven by this fact alone	1876	1877	False	HARDCODE
14994	58	146	3712	9344	3775	9407			CACHE_PRESENT_UNCLASSIFIED		True	True	True	True	144	0	CACHE_ONLY_UNCONFIRMED	Present in current cache/index but no direct SpawnPK usage evidence in this static pass	362	363	False	BASE
14995	58	147	3712	9408	3775	9471			CACHE_PRESENT_UNCLASSIFIED		True	True	True	True	768	0	CACHE_ONLY_UNCONFIRMED	Present in current cache/index but no direct SpawnPK usage evidence in this static pass	364	365	False	BASE
15147	59	43	3776	2752	3839	2815			CACHE_PRESENT_UNCLASSIFIED		True	True	True	True	0	0	CACHE_ONLY_UNCONFIRMED	Present in current cache/index but no direct SpawnPK usage evidence in this static pass	1786	1787	False	BASE
15148	59	44	3776	2816	3839	2879			CACHE_PRESENT_UNCLASSIFIED		True	True	True	True	2813	0	CACHE_ONLY_UNCONFIRMED	Present in current cache/index but no direct SpawnPK usage evidence in this static pass	1788	1789	False	BASE
15149	59	45	3776	2880	3839	2943			CACHE_PRESENT_UNCLASSIFIED		True	True	True	True	64	0	CACHE_ONLY_UNCONFIRMED	Present in current cache/index but no direct SpawnPK usage evidence in this static pass	524	525	False	BASE
15150	59	46	3776	2944	3839	3007			CACHE_PRESENT_UNCLASSIFIED		True	True	True	True	144	0	CACHE_ONLY_UNCONFIRMED	Present in current cache/index but no direct SpawnPK usage evidence in this static pass	536	537	False	BASE
15151	59	47	3776	3008	3839	3071			CACHE_PRESENT_UNCLASSIFIED		True	True	True	True	144	0	CACHE_ONLY_UNCONFIRMED	Present in current cache/index but no direct SpawnPK usage evidence in this static pass	540	541	False	BASE
15152	59	48	3776	3072	3839	3135			CACHE_PRESENT_UNCLASSIFIED		True	True	True	True	0	0	CACHE_ONLY_UNCONFIRMED	Present in current cache/index but no direct SpawnPK usage evidence in this static pass	664	665	False	BASE
15158	59	54	3776	3456	3839	3519			CACHE_PRESENT_UNCLASSIFIED		True	True	True	True	0	0	CACHE_ONLY_UNCONFIRMED	Present in current cache/index but no direct SpawnPK usage evidence in this static pass	1404	1405	False	BASE
15159	59	55	3776	3520	3839	3583			CACHE_PRESENT_UNCLASSIFIED		True	True	True	True	668	0	CACHE_ONLY_UNCONFIRMED	Present in current cache/index but no direct SpawnPK usage evidence in this static pass	1138	1139	False	BASE
15160	59	56	3776	3584	3839	3647			CACHE_PRESENT_UNCLASSIFIED		True	True	True	True	0	0	CACHE_ONLY_UNCONFIRMED	Present in current cache/index but no direct SpawnPK usage evidence in this static pass	1406	1407	False	BASE
15248	59	144	3776	9216	3839	9279			CACHE_PRESENT_UNCLASSIFIED		True	True	True	True	4909	0	CACHE_ONLY_UNCONFIRMED	Present in current cache/index but no direct SpawnPK usage evidence in this static pass	1784	1785	False	BASE
15251	59	147	3776	9408	3839	9471			CACHE_PRESENT_UNCLASSIFIED		True	True	True	True	0	0	CACHE_ONLY_UNCONFIRMED	Present in current cache/index but no direct SpawnPK usage evidence in this static pass	506	507	False	BASE
15259	59	155	3776	9920	3839	9983			CACHE_PRESENT_UNCLASSIFIED		True	True	True	True	0	0	CACHE_ONLY_UNCONFIRMED	Present in current cache/index but no direct SpawnPK usage evidence in this static pass	2144	2145	False	BASE
15403	60	43	3840	2752	3903	2815			CACHE_PRESENT_UNCLASSIFIED		True	True	True	True	0	0	CACHE_ONLY_UNCONFIRMED	Present in current cache/index but no direct SpawnPK usage evidence in this static pass	1790	1791	False	BASE
15404	60	44	3840	2816	3903	2879			CACHE_PRESENT_UNCLASSIFIED		True	True	True	True	0	0	CACHE_ONLY_UNCONFIRMED	Present in current cache/index but no direct SpawnPK usage evidence in this static pass	1792	1793	False	BASE
15405	60	45	3840	2880	3903	2943			CACHE_PRESENT_UNCLASSIFIED		True	True	True	True	0	0	CACHE_ONLY_UNCONFIRMED	Present in current cache/index but no direct SpawnPK usage evidence in this static pass	1420	1421	False	BASE
15406	60	46	3840	2944	3903	3007			CACHE_PRESENT_UNCLASSIFIED		True	True	True	True	64	0	CACHE_ONLY_UNCONFIRMED	Present in current cache/index but no direct SpawnPK usage evidence in this static pass	1422	1423	False	BASE
15407	60	47	3840	3008	3903	3071			CACHE_PRESENT_UNCLASSIFIED		True	True	True	True	0	0	CACHE_ONLY_UNCONFIRMED	Present in current cache/index but no direct SpawnPK usage evidence in this static pass	1424	1425	False	BASE
15408	60	48	3840	3072	3903	3135			CACHE_PRESENT_UNCLASSIFIED		True	True	True	True	0	0	CACHE_ONLY_UNCONFIRMED	Present in current cache/index but no direct SpawnPK usage evidence in this static pass	1556	1557	False	BASE
15414	60	54	3840	3456	3903	3519			CACHE_PRESENT_UNCLASSIFIED		True	True	True	True	0	0	CACHE_ONLY_UNCONFIRMED	Present in current cache/index but no direct SpawnPK usage evidence in this static pass	1566	1567	False	BASE
15415	60	55	3840	3520	3903	3583			CACHE_PRESENT_UNCLASSIFIED		True	True	True	True	0	0	CACHE_ONLY_UNCONFIRMED	Present in current cache/index but no direct SpawnPK usage evidence in this static pass	1568	1569	False	BASE
15416	60	56	3840	3584	3903	3647			CACHE_PRESENT_UNCLASSIFIED		True	True	True	True	0	0	CACHE_ONLY_UNCONFIRMED	Present in current cache/index but no direct SpawnPK usage evidence in this static pass	1570	1571	False	BASE
15911	62	39	3968	2496	4031	2559	Escape cave	esc_cave	SPAWNPK_STATIC_EVIDENCE	M_BIN_EXPLICIT_REGION;O_BIN_CUSTOM_OBJECT_PLACEMENTS;STATIC_TRAVEL_OBJECT_PLACEMENTS;NAMED_OR_GROUPED	True	True	True	True	3933	1	CLIENT_EXPLICIT_CUSTOM_REGION	Explicit configs/m.bin region; static existence is proven, live use may still vary by content lifecycle	6330	6331	True	M_BIN
16168	63	40	4032	2560	4095	2623	Vetion's Rest	vetion	SPAWNPK_STATIC_EVIDENCE	M_BIN_EXPLICIT_REGION;O_BIN_CUSTOM_OBJECT_PLACEMENTS;NAMED_OR_GROUPED	True	True	True	True	1492	0	CLIENT_EXPLICIT_CUSTOM_REGION	Explicit configs/m.bin region; static existence is proven, live use may still vary by content lifecycle	6348	6349	True	M_BIN
16170	63	42	4032	2688	4095	2751	Silk chasm	venenatis	SPAWNPK_STATIC_EVIDENCE	M_BIN_EXPLICIT_REGION;O_BIN_CUSTOM_OBJECT_PLACEMENTS;NAMED_OR_GROUPED	True	True	True	True	4264	0	CLIENT_EXPLICIT_CUSTOM_REGION	Explicit configs/m.bin region; static existence is proven, live use may still vary by content lifecycle	6333	6334	True	M_BIN
16172	63	44	4032	2816	4095	2879	Callisto's den	callisto	SPAWNPK_STATIC_EVIDENCE	M_BIN_EXPLICIT_REGION;O_BIN_CUSTOM_OBJECT_PLACEMENTS;NAMED_OR_GROUPED	True	True	True	True	1787	0	CLIENT_EXPLICIT_CUSTOM_REGION	Explicit configs/m.bin region; static existence is proven, live use may still vary by content lifecycle	6336	6337	True	M_BIN
16174	63	46	4032	2944	4095	3007	Cosmic Dzone	cosmic_zone	SPAWNPK_STATIC_EVIDENCE	M_BIN_EXPLICIT_REGION;O_BIN_CUSTOM_OBJECT_PLACEMENTS;NAMED_OR_GROUPED	True	True	True	True	2414	0	CLIENT_EXPLICIT_CUSTOM_REGION	Explicit configs/m.bin region; static existence is proven, live use may still vary by content lifecycle	2379	2380	True	M_BIN
16175	63	47	4032	3008	4095	3071	Mythic Dzone	mythic_zone	SPAWNPK_STATIC_EVIDENCE	M_BIN_EXPLICIT_REGION;O_BIN_CUSTOM_OBJECT_PLACEMENTS;NAMED_OR_GROUPED	True	True	True	True	905	0	CLIENT_EXPLICIT_CUSTOM_REGION	Explicit configs/m.bin region; static existence is proven, live use may still vary by content lifecycle	3276	3277	True	M_BIN
16176	63	48	4032	3072	4095	3135	Mythic Dzone	mythic_zone	SPAWNPK_STATIC_EVIDENCE	M_BIN_EXPLICIT_REGION;O_BIN_CUSTOM_OBJECT_PLACEMENTS;NAMED_OR_GROUPED	True	True	True	True	1866	0	CLIENT_EXPLICIT_CUSTOM_REGION	Explicit configs/m.bin region; static existence is proven, live use may still vary by content lifecycle	5700	5701	True	M_BIN
16177	63	49	4032	3136	4095	3199	Regular Dzone	dzone	SPAWNPK_STATIC_EVIDENCE	M_BIN_EXPLICIT_REGION;O_BIN_CUSTOM_OBJECT_PLACEMENTS;NAMED_OR_GROUPED	True	True	True	True	2271	0	CLIENT_EXPLICIT_CUSTOM_REGION	Explicit configs/m.bin region; static existence is proven, live use may still vary by content lifecycle	1812	1813	True	M_BIN
16178	63	50	4032	3200	4095	3263	Elite Dzone	ezone	SPAWNPK_STATIC_EVIDENCE	M_BIN_EXPLICIT_REGION;O_BIN_CUSTOM_OBJECT_PLACEMENTS;NAMED_OR_GROUPED	True	True	True	True	1470	0	CLIENT_EXPLICIT_CUSTOM_REGION	Explicit configs/m.bin region; static existence is proven, live use may still vary by content lifecycle	1824	1825	True	M_BIN
16179	63	51	4032	3264	4095	3327	VIP Dzone	vipzone	SPAWNPK_STATIC_EVIDENCE	M_BIN_EXPLICIT_REGION;O_BIN_CUSTOM_OBJECT_PLACEMENTS;NAMED_OR_GROUPED	True	True	True	True	154	0	CLIENT_EXPLICIT_CUSTOM_REGION	Explicit configs/m.bin region; static existence is proven, live use may still vary by content lifecycle	10000	10001	True	M_BIN
16180	63	52	4032	3328	4095	3391	Sponsor Dzone	sponsorzone	SPAWNPK_STATIC_EVIDENCE	M_BIN_EXPLICIT_REGION;O_BIN_CUSTOM_OBJECT_PLACEMENTS;NAMED_OR_GROUPED	True	True	True	True	1186	0	CLIENT_EXPLICIT_CUSTOM_REGION	Explicit configs/m.bin region; static existence is proven, live use may still vary by content lifecycle	3524	3525	True	M_BIN
16181	63	53	4032	3392	4095	3455	Vote boss	votelair	SPAWNPK_STATIC_EVIDENCE	M_BIN_EXPLICIT_REGION;O_BIN_CUSTOM_OBJECT_PLACEMENTS;NAMED_OR_GROUPED	True	True	True	True	6393	0	CLIENT_EXPLICIT_CUSTOM_REGION	Explicit configs/m.bin region; static existence is proven, live use may still vary by content lifecycle	10002	10003	True	M_BIN
16183	63	55	4032	3520	4095	3583	Mimic lair	mimic_lair	SPAWNPK_STATIC_EVIDENCE	M_BIN_EXPLICIT_REGION;O_BIN_CUSTOM_OBJECT_PLACEMENTS;NAMED_OR_GROUPED	True	True	True	True	592	0	CLIENT_EXPLICIT_CUSTOM_REGION	Explicit configs/m.bin region; static existence is proven, live use may still vary by content lifecycle	1398	1399	True	M_BIN
16185	63	57	4032	3648	4095	3711	Gamble	gamble	SPAWNPK_STATIC_EVIDENCE	M_BIN_EXPLICIT_REGION;NAMED_OR_GROUPED	True	True	True	True	2165	0	CLIENT_EXPLICIT_CUSTOM_REGION	Explicit configs/m.bin region; static existence is proven, live use may still vary by content lifecycle	10004	10005	True	M_BIN
16187	63	59	4032	3776	4095	3839	Cursed lair	c_mimic_lair	SPAWNPK_STATIC_EVIDENCE	M_BIN_EXPLICIT_REGION;O_BIN_CUSTOM_OBJECT_PLACEMENTS;NAMED_OR_GROUPED	True	True	True	True	592	0	CLIENT_EXPLICIT_CUSTOM_REGION	Explicit configs/m.bin region; static existence is proven, live use may still vary by content lifecycle	1398	1399	True	M_BIN
16189	63	61	4032	3904	4095	3967	Cursed lobby	c_mimic_lobby	SPAWNPK_STATIC_EVIDENCE	M_BIN_EXPLICIT_REGION;O_BIN_CUSTOM_OBJECT_PLACEMENTS;NAMED_OR_GROUPED	True	True	True	True	592	0	CLIENT_EXPLICIT_CUSTOM_REGION	Explicit configs/m.bin region; static existence is proven, live use may still vary by content lifecycle	1398	1399	True	M_BIN
16190	63	62	4032	3968	4095	4031	Falador chunk	osrs_falador	SPAWNPK_STATIC_EVIDENCE	M_BIN_EXPLICIT_REGION;O_BIN_CUSTOM_OBJECT_PLACEMENTS;NAMED_OR_GROUPED	True	True	True	True	5822	0	CLIENT_EXPLICIT_CUSTOM_REGION	Explicit configs/m.bin region; static existence is proven, live use may still vary by content lifecycle	540	541	True	M_BIN
16191	63	63	4032	4032	4095	4095	Falador chunk	osrs_falador	SPAWNPK_STATIC_EVIDENCE	M_BIN_EXPLICIT_REGION;O_BIN_CUSTOM_OBJECT_PLACEMENTS;NAMED_OR_GROUPED	True	True	True	True	3477	0	CLIENT_EXPLICIT_CUSTOM_REGION	Explicit configs/m.bin region; static existence is proven, live use may still vary by content lifecycle	6036	6037	True	M_BIN
16193	63	65	4032	4160	4095	4223	araxxor_lair	araxxor_lair	SPAWNPK_STATIC_EVIDENCE	M_BIN_EXPLICIT_REGION;O_BIN_CUSTOM_OBJECT_PLACEMENTS;NAMED_OR_GROUPED	True	True	True	True	4231	0	CLIENT_EXPLICIT_CUSTOM_REGION	Explicit configs/m.bin region; static existence is proven, live use may still vary by content lifecycle	2859	2860	True	M_BIN
16224	63	96	4032	6144	4095	6207	toa_akkha	toa_akkha	SPAWNPK_STATIC_EVIDENCE	M_BIN_EXPLICIT_REGION;O_BIN_CUSTOM_OBJECT_PLACEMENTS;NAMED_OR_GROUPED	True	True	True	True	4123	0	CLIENT_EXPLICIT_CUSTOM_REGION	Explicit configs/m.bin region; static existence is proven, live use may still vary by content lifecycle	381	382	True	M_BIN
16226	63	98	4032	6272	4095	6335	toa_lobby1	toa_lobby1	SPAWNPK_STATIC_EVIDENCE	M_BIN_EXPLICIT_REGION;O_BIN_CUSTOM_OBJECT_PLACEMENTS;NAMED_OR_GROUPED	True	True	True	True	4056	0	CLIENT_EXPLICIT_CUSTOM_REGION	Explicit configs/m.bin region; static existence is proven, live use may still vary by content lifecycle	1626	1627	True	M_BIN
16228	63	100	4032	6400	4095	6463	toa_baba	toa_baba	SPAWNPK_STATIC_EVIDENCE	M_BIN_EXPLICIT_REGION;O_BIN_CUSTOM_OBJECT_PLACEMENTS;NAMED_OR_GROUPED	True	True	True	True	3165	0	CLIENT_EXPLICIT_CUSTOM_REGION	Explicit configs/m.bin region; static existence is proven, live use may still vary by content lifecycle	3717	3718	True	M_BIN
16230	63	102	4032	6528	4095	6591	toa_kephri	toa_kephri	SPAWNPK_STATIC_EVIDENCE	M_BIN_EXPLICIT_REGION;O_BIN_CUSTOM_OBJECT_PLACEMENTS;NAMED_OR_GROUPED	True	True	True	True	3071	0	CLIENT_EXPLICIT_CUSTOM_REGION	Explicit configs/m.bin region; static existence is proven, live use may still vary by content lifecycle	5829	5830	True	M_BIN
16232	63	104	4032	6656	4095	6719	toa_zebak	toa_zebak	SPAWNPK_STATIC_EVIDENCE	M_BIN_EXPLICIT_REGION;O_BIN_CUSTOM_OBJECT_PLACEMENTS;NAMED_OR_GROUPED	True	True	True	True	1490	0	CLIENT_EXPLICIT_CUSTOM_REGION	Explicit configs/m.bin region; static existence is proven, live use may still vary by content lifecycle	1386	1387	True	M_BIN
16234	63	106	4032	6784	4095	6847	toa_eldinis	toa_eldinis	SPAWNPK_STATIC_EVIDENCE	M_BIN_EXPLICIT_REGION;O_BIN_CUSTOM_OBJECT_PLACEMENTS;NAMED_OR_GROUPED	True	True	True	True	9240	0	CLIENT_EXPLICIT_CUSTOM_REGION	Explicit configs/m.bin region; static existence is proven, live use may still vary by content lifecycle	927	928	True	M_BIN
16236	63	108	4032	6912	4095	6975	toa_tumeken	toa_tumeken	SPAWNPK_STATIC_EVIDENCE	M_BIN_EXPLICIT_REGION;O_BIN_CUSTOM_OBJECT_PLACEMENTS;NAMED_OR_GROUPED	True	True	True	True	1110	0	CLIENT_EXPLICIT_CUSTOM_REGION	Explicit configs/m.bin region; static existence is proven, live use may still vary by content lifecycle	6210	6211	True	M_BIN
16238	63	110	4032	7040	4095	7103	toa_reward	toa_reward	SPAWNPK_STATIC_EVIDENCE	M_BIN_EXPLICIT_REGION;O_BIN_CUSTOM_OBJECT_PLACEMENTS;NAMED_OR_GROUPED	True	True	True	True	8421	0	CLIENT_EXPLICIT_CUSTOM_REGION	Explicit configs/m.bin region; static existence is proven, live use may still vary by content lifecycle	1209	1210	True	M_BIN
16446	64	62	4096	3968	4159	4031	Falador chunk	osrs_falador	SPAWNPK_STATIC_EVIDENCE	M_BIN_EXPLICIT_REGION;O_BIN_CUSTOM_OBJECT_PLACEMENTS;NAMED_OR_GROUPED	True	True	True	True	4325	0	CLIENT_EXPLICIT_CUSTOM_REGION	Explicit configs/m.bin region; static existence is proven, live use may still vary by content lifecycle	204	205	True	M_BIN
16447	64	63	4096	4032	4159	4095	Falador chunk	osrs_falador	SPAWNPK_STATIC_EVIDENCE	M_BIN_EXPLICIT_REGION;O_BIN_CUSTOM_OBJECT_PLACEMENTS;NAMED_OR_GROUPED	True	True	True	True	3221	0	CLIENT_EXPLICIT_CUSTOM_REGION	Explicit configs/m.bin region; static existence is proven, live use may still vary by content lifecycle	4695	4696	True	M_BIN
