item_id,name,action_index_4,all_inventory_actions
0,Dwarf remains,Destroy, |  |  |  | Destroy
1,Toolkit,Destroy, |  |  |  | Destroy
3,Nulodion's notes,Destroy,Read |  |  |  | Destroy
19,Holy grail,Destroy, |  |  |  | Destroy
456,Scorpion cage,Destroy, |  |  |  | Destroy
457,Scorpion cage,Destroy, |  |  |  | Destroy
458,Scorpion cage,Destroy, |  |  |  | Destroy
459,Scorpion cage,Destroy, |  |  |  | Destroy
460,Scorpion cage,Destroy, |  |  |  | Destroy
461,Scorpion cage,Destroy, |  |  |  | Destroy
462,Scorpion cage,Destroy, |  |  |  | Destroy
463,Scorpion cage,Destroy, |  |  |  | Destroy
601,Goblin kitchen key,Destroy, |  |  |  | Destroy
602,Lens mould,Destroy, |  |  |  | Destroy
603,Observatory lens,Destroy, |  |  |  | Destroy
616,Beads of the dead,Destroy, | Wear |  |  | Destroy
671,Animal skull,Destroy, |  |  |  | Destroy
672,Special cup,Destroy, |  |  |  | Destroy
673,Teddy,Destroy, |  |  |  | Destroy
761,Intel report,Destroy,Read |  |  |  | Destroy
763,Broken shield,Destroy, |  |  |  | Destroy
765,Broken shield,Destroy, |  |  |  | Destroy
769,Certificate,Destroy,Read |  |  |  | Destroy
775,Cooking gauntlets,Destroy, | Wear |  |  | Destroy
776,Goldsmith gauntlets,Destroy, | Wear |  |  | Destroy
777,Chaos gauntlets,Destroy, | Wear |  |  | Destroy
778,Family gauntlets,Destroy, | Wear |  |  | Destroy
2372,Ogre relic,Destroy, |  |  |  | Destroy
2373,Relic part 1,Destroy, |  |  |  | Destroy
2374,Relic part 2,Destroy, |  |  |  | Destroy
2375,Relic part 3,Destroy, |  |  |  | Destroy
2376,Skavid map,Destroy,Read |  |  |  | Destroy
2377,Ogre tooth,Destroy, |  |  |  | Destroy
2378,Toban's key,Destroy, |  |  |  | Destroy
2379,Rock cake,Destroy, | Eat |  |  | Destroy
2380,Crystal,Destroy, |  |  |  | Destroy
2381,Crystal,Destroy, |  |  |  | Destroy
2382,Crystal,Destroy, |  |  |  | Destroy
2383,Crystal,Destroy, |  |  |  | Destroy
2384,Fingernails,Destroy, |  |  |  | Destroy
2389,Vial,Destroy, |  |  |  | Destroy
2390,Vial,Destroy, |  |  |  | Destroy
2393,Toban's gold,Destroy, |  |  |  | Destroy
2399,Silverlight key,Destroy, |  |  |  | Destroy
2400,Silverlight key,Destroy, |  |  |  | Destroy
2401,Silverlight key,Destroy, |  |  |  | Destroy
2749,Sliding piece,Move, |  |  |  | Move
2750,Sliding piece,Move, |  |  |  | Move
2751,Sliding piece,Move, |  |  |  | Move
2752,Sliding piece,Move, |  |  |  | Move
2753,Sliding piece,Move, |  |  |  | Move
2754,Sliding piece,Move, |  |  |  | Move
2755,Sliding piece,Move, |  |  |  | Move
2756,Sliding piece,Move, |  |  |  | Move
2757,Sliding piece,Move, |  |  |  | Move
2758,Sliding piece,Move, |  |  |  | Move
2759,Sliding piece,Move, |  |  |  | Move
2760,Sliding piece,Move, |  |  |  | Move
2761,Sliding piece,Move, |  |  |  | Move
2762,Sliding piece,Move, |  |  |  | Move
2763,Sliding piece,Move, |  |  |  | Move
2764,Sliding piece,Move, |  |  |  | Move
2765,Sliding piece,Move, |  |  |  | Move
2766,Sliding piece,Move, |  |  |  | Move
2767,Sliding piece,Move, |  |  |  | Move
2768,Sliding piece,Move, |  |  |  | Move
2769,Sliding piece,Move, |  |  |  | Move
2770,Sliding piece,Move, |  |  |  | Move
2771,Sliding piece,Move, |  |  |  | Move
2772,Sliding piece,Move, |  |  |  | Move
2875,Bloated toad,Release,Drop |  |  | Release All | Release
3619,Sliding piece,Move, |  |  |  | Move
3620,Sliding piece,Move, |  |  |  | Move
3621,Sliding piece,Move, |  |  |  | Move
3622,Sliding piece,Move, |  |  |  | Move
3623,Sliding piece,Move, |  |  |  | Move
3624,Sliding piece,Move, |  |  |  | Move
3625,Sliding piece,Move, |  |  |  | Move
3626,Sliding piece,Move, |  |  |  | Move
3627,Sliding piece,Move, |  |  |  | Move
3628,Sliding piece,Move, |  |  |  | Move
3629,Sliding piece,Move, |  |  |  | Move
3630,Sliding piece,Move, |  |  |  | Move
3631,Sliding piece,Move, |  |  |  | Move
3632,Sliding piece,Move, |  |  |  | Move
3633,Sliding piece,Move, |  |  |  | Move
3634,Sliding piece,Move, |  |  |  | Move
3635,Sliding piece,Move, |  |  |  | Move
3636,Sliding piece,Move, |  |  |  | Move
3637,Sliding piece,Move, |  |  |  | Move
3638,Sliding piece,Move, |  |  |  | Move
3639,Sliding piece,Move, |  |  |  | Move
3640,Sliding piece,Move, |  |  |  | Move
3641,Sliding piece,Move, |  |  |  | Move
3642,Sliding piece,Move, |  |  |  | Move
3643,Sliding piece,Move, |  |  |  | Move
3644,Sliding piece,Move, |  |  |  | Move
3645,Sliding piece,Move, |  |  |  | Move
3646,Sliding piece,Move, |  |  |  | Move
3647,Sliding piece,Move, |  |  |  | Move
3648,Sliding piece,Move, |  |  |  | Move
3649,Sliding piece,Move, |  |  |  | Move
3650,Sliding piece,Move, |  |  |  | Move
3651,Sliding piece,Move, |  |  |  | Move
3652,Sliding piece,Move, |  |  |  | Move
3653,Sliding piece,Move, |  |  |  | Move
3654,Sliding piece,Move, |  |  |  | Move
3655,Sliding piece,Move, |  |  |  | Move
3656,Sliding piece,Move, |  |  |  | Move
3657,Sliding piece,Move, |  |  |  | Move
3658,Sliding piece,Move, |  |  |  | Move
3659,Sliding piece,Move, |  |  |  | Move
3660,Sliding piece,Move, |  |  |  | Move
3661,Sliding piece,Move, |  |  |  | Move
3662,Sliding piece,Move, |  |  |  | Move
3663,Sliding piece,Move, |  |  |  | Move
3664,Sliding piece,Move, |  |  |  | Move
3665,Sliding piece,Move, |  |  |  | Move
3666,Sliding piece,Move, |  |  |  | Move
3698,Exotic flower,Destroy, |  |  |  | Destroy
3722,Full bucket,Destroy, |  |  |  | Destroy
3723,4/5ths full bucket,Destroy, |  |  |  | Destroy
3724,3/5ths full bucket,Destroy, |  |  |  | Destroy
3725,2/5ths full bucket,Destroy, |  |  |  | Destroy
3726,1/5ths full bucket,Destroy, |  |  |  | Destroy
3727,Empty bucket,Destroy, |  |  |  | Destroy
3728,Frozen bucket,Destroy, |  |  |  | Destroy
3729,Full jug,Destroy, |  |  |  | Destroy
3730,@gre@2/3rds full jug,Destroy, |  |  |  | Destroy
3731,@gre@1/3rds full jug,Destroy, |  |  |  | Destroy
3732,Empty jug,Destroy, |  |  |  | Destroy
3733,Frozen jug,Destroy, |  |  |  | Destroy
3904,Sliding button,Move, |  |  |  | Move
3906,Sliding button,Move, |  |  |  | Move
3908,Sliding button,Move, |  |  |  | Move
3910,Sliding button,Move, |  |  |  | Move
3912,Sliding button,Move, |  |  |  | Move
3914,Sliding button,Move, |  |  |  | Move
3916,Sliding button,Move, |  |  |  | Move
3918,Sliding button,Move, |  |  |  | Move
3920,Sliding button,Move, |  |  |  | Move
3922,Sliding button,Move, |  |  |  | Move
3924,Sliding button,Move, |  |  |  | Move
3926,Sliding button,Move, |  |  |  | Move
3928,Sliding button,Move, |  |  |  | Move
3930,Sliding button,Move, |  |  |  | Move
3932,Sliding button,Move, |  |  |  | Move
3934,Sliding button,Move, |  |  |  | Move
3936,Sliding button,Move, |  |  |  | Move
3938,Sliding button,Move, |  |  |  | Move
3940,Sliding button,Move, |  |  |  | Move
3942,Sliding button,Move, |  |  |  | Move
3944,Sliding button,Move, |  |  |  | Move
3946,Sliding button,Move, |  |  |  | Move
3948,Sliding button,Move, |  |  |  | Move
3950,Sliding button,Move, |  |  |  | Move
3952,Sliding button,Move, |  |  |  | Move
3954,Sliding button,Move, |  |  |  | Move
3956,Sliding button,Move, |  |  |  | Move
3958,Sliding button,Move, |  |  |  | Move
3960,Sliding button,Move, |  |  |  | Move
3962,Sliding button,Move, |  |  |  | Move
3964,Sliding button,Move, |  |  |  | Move
3966,Sliding button,Move, |  |  |  | Move
3968,Sliding button,Move, |  |  |  | Move
3970,Sliding button,Move, |  |  |  | Move
3972,Sliding button,Move, |  |  |  | Move
3974,Sliding button,Move, |  |  |  | Move
3976,Sliding button,Move, |  |  |  | Move
3978,Sliding button,Move, |  |  |  | Move
3980,Sliding button,Move, |  |  |  | Move
3982,Sliding button,Move, |  |  |  | Move
3984,Sliding button,Move, |  |  |  | Move
3986,Sliding button,Move, |  |  |  | Move
3988,Sliding button,Move, |  |  |  | Move
3990,Sliding button,Move, |  |  |  | Move
3992,Sliding button,Move, |  |  |  | Move
3994,Sliding button,Move, |  |  |  | Move
3996,Sliding button,Move, |  |  |  | Move
3998,Sliding button,Move, |  |  |  | Move
4446,Steel key ring,Destroy,Check-keys |  |  |  | Destroy
4502,Bearhead,Destroy, | Wear |  |  | Destroy
6040,Amulet of nature,Destroy,Rub | Wear | Teleport | Contact-farmer | Destroy
6112,Kelda seed,Destroy, |  |  |  | Destroy
6113,Kelda hops,Destroy, |  |  |  | Destroy
6118,Kelda stout,Destroy,Drink |  |  |  | Destroy
6453,White rose seed,Destroy, |  |  |  | Destroy
6454,Red rose seed,Destroy, |  |  |  | Destroy
6455,Pink rose seed,Destroy, |  |  |  | Destroy
6456,Vine seed,Destroy, |  |  |  | Destroy
6457,Delphinium seed,Destroy, |  |  |  | Destroy
6458,Orchid seed,Destroy, |  |  |  | Destroy
6459,Orchid seed,Destroy, |  |  |  | Destroy
6460,Snowdrop seed,Destroy, |  |  |  | Destroy
6461,White tree shoot,Destroy, |  |  |  | Destroy
6462,White tree shoot,Destroy, |  |  |  | Destroy
6463,White tree shoot,Destroy, |  |  |  | Destroy
6464,White tree sapling,Destroy, |  |  |  | Destroy
6465,Ring of charos(a),Destroy, | Wear |  |  | Destroy
6478,Trolley,Destroy, |  |  |  | Destroy
6479,List,Destroy,Read |  |  |  | Destroy
6541,Mouse toy,Destroy, | Wield |  |  | Destroy
6542,Present,Destroy,Open |  |  |  | Destroy
6543,Antique lamp,Destroy,Rub |  |  |  | Destroy
6544,Catspeak amulet(e),Destroy, | Wear | Open |  | Destroy
6545,Chores,Destroy,Read |  |  |  | Destroy
6546,Recipe,Destroy,Read |  |  |  | Destroy
6547,Doctors hat,Destroy, | Wear |  |  | Destroy
6548,Nurse hat,Destroy, | Wear |  |  | Destroy
6635,Commorb,Destroy,Scan | Contact |  | Playback | Destroy
6639,Hand mirror,Destroy, |  |  |  | Destroy
6640,Red crystal,Destroy, |  |  |  | Destroy
6641,Yellow crystal,Destroy, |  |  |  | Destroy
6642,Green crystal,Destroy, |  |  |  | Destroy
6644,Blue crystal,Destroy, |  |  |  | Destroy
6645,Magenta crystal,Destroy, |  |  |  | Destroy
6646,Fractured crystal,Destroy, |  |  |  | Destroy
6647,Fractured crystal,Destroy, |  |  |  | Destroy
6648,Item list,Destroy,Read |  |  |  | Destroy
6653,Crystal trinket,Destroy, |  |  |  | Destroy
6754,Enchanted key,Destroy,Feel |  |  |  | Destroy
6755,Journal,Destroy,Read |  |  |  | Destroy
6756,Letter,Destroy, |  |  |  | Destroy
6757,Letter,Destroy, |  |  |  | Destroy
6758,Scroll,Destroy,Read |  |  |  | Destroy
6759,Chest,Destroy, |  |  |  | Destroy
6769,Music scroll,Destroy,Read |  |  |  | Destroy
6770,Directions,Destroy,Read |  |  |  | Destroy
6817,Slender blade,Destroy, |  |  |  | Destroy
6818,Bow-sword,Destroy, | Wield |  |  | Destroy
6820,Relic,Destroy, |  |  |  | Destroy
6821,Orb,Destroy, |  |  |  | Destroy
6854,Puppet box,Destroy, |  |  |  | Destroy
6855,Bauble box,Destroy, |  |  |  | Destroy
6856,@gre@Bobble hat,Destroy, | Wear |  |  | Destroy
6857,@gre@Bobble scarf,Destroy, | Wear |  |  | Destroy
6858,@gre@Jester hat,Destroy, | Wear |  |  | Destroy
6859,@gre@Jester scarf,Destroy, | Wear |  |  | Destroy
6860,@gre@Tri-jester hat,Destroy, | Wear |  |  | Destroy
6861,@gre@Tri-jester scarf,Destroy, | Wear |  |  | Destroy
6862,@gre@Woolly hat,Destroy, | Wear |  |  | Destroy
6863,@gre@Woolly scarf,Destroy, | Wear |  |  | Destroy
6865,@gre@Blue marionette,Destroy,Jump | Walk | Bow | Dance | Destroy
6866,@gre@Green marionette,Destroy,Jump | Walk | Bow | Dance | Destroy
6867,@gre@Red marionette,Destroy,Jump | Walk | Bow | Dance | Destroy
6885,Progress hat,Destroy,Talk-to | Wear |  |  | Destroy
6886,Progress hat,Destroy,Talk-to | Wear |  |  | Destroy
6887,Progress hat,Destroy,Talk-to | Wear |  |  | Destroy
6945,Sandy hand,Destroy, |  |  |  | Destroy
6946,Beer-soaked hand,Destroy, |  |  |  | Destroy
6947,Bert's rota,Destroy,Read |  |  |  | Destroy
6948,Sandy's rota,Destroy,Read |  |  |  | Destroy
6949,A magic scroll,Destroy, |  |  |  | Destroy
6950,Magical orb,Destroy,Activate |  |  |  | Destroy
6951,Magical orb (a),Destroy, |  |  |  | Destroy
6952,Truth serum,Destroy, |  |  |  | Destroy
6953,Bottled water,Destroy, |  |  |  | Destroy
6954,Redberry juice,Destroy, |  |  |  | Destroy
6955,Pink dye,Destroy, |  |  |  | Destroy
6956,Rose-tinted lens,Destroy, |  |  |  | Destroy
6957,Wizard's head,Destroy, |  |  |  | Destroy
6958,Sand,Destroy, |  |  |  | Destroy
6985,Sandstone (20kg),Destroy, |  |  |  | Destroy
6986,Sandstone (32kg),Destroy, |  |  |  | Destroy
6987,Sandstone body,Destroy, |  |  |  | Destroy
6988,Sandstone base,Destroy, |  |  |  | Destroy
6989,Stone head,Destroy, |  |  |  | Destroy
6990,Stone head,Destroy, |  |  |  | Destroy
6991,Stone head,Destroy, |  |  |  | Destroy
6992,Stone head,Destroy, |  |  |  | Destroy
6993,Z sigil,Destroy, |  |  |  | Destroy
6994,M sigil,Destroy, |  |  |  | Destroy
6995,R sigil,Destroy, |  |  |  | Destroy
6996,K sigil,Destroy, |  |  |  | Destroy
6997,Stone left arm,Destroy, |  |  |  | Destroy
6998,Stone right arm,Destroy, |  |  |  | Destroy
6999,Stone left leg,Destroy, |  |  |  | Destroy
7000,Stone right leg,Destroy, |  |  |  | Destroy
7001,Camel mould (p),Destroy, |  |  |  | Destroy
7002,Stone head,Destroy, |  |  |  | Destroy
7408,Draynor skull,Destroy, |  |  |  | Destroy
7409,Magic secateurs,Destroy, | Wield |  |  | Destroy
7410,Queen's secateurs,Destroy, |  |  |  | Destroy
7411,Symptoms list,Destroy,Read |  |  |  | Destroy
7470,Cornflour mixture,Destroy, |  |  | Empty | Destroy
7471,Milky mixture,Destroy, |  |  | Empty | Destroy
7473,Brulee,Destroy, |  |  | Empty | Destroy
7474,Brulee,Destroy, |  |  | Empty | Destroy
7475,Brulee,Destroy, |  |  | Empty | Destroy
7476,Brulee supreme,Destroy, |  |  | Empty | Destroy
7477,Evil chicken's egg,Destroy, |  |  |  | Destroy
7478,Dragon token,Destroy,Rub |  |  |  | Destroy
7479,Spicy stew,Destroy,Eat | Smell |  |  | Destroy
7498,Antique lamp,Destroy,Rub |  |  |  | Destroy
7542,Cake of guidance,Destroy, |  |  |  | Destroy
7543,Raw guide cake,Destroy, |  |  |  | Destroy
7544,Enchanted egg,Destroy, |  |  |  | Destroy
7545,Enchanted milk,Destroy, |  |  |  | Destroy
7546,Enchanted flour,Destroy, |  |  |  | Destroy
7564,Balloon toad,Release,Drop |  |  | Release-all | Release
7565,Balloon toad,Release,Drop |  |  | Release-all | Release
7628,Plaster fragment,Destroy,Read |  |  |  | Destroy
7629,Dusty scroll,Destroy,Read |  |  |  | Destroy
7630,Crate,Destroy,Search |  |  |  | Destroy
7633,Ancient book,Destroy,Read |  |  |  | Destroy
7635,Leather book,Destroy,Read |  |  |  | Destroy
7649,Rod clay mould,Destroy, |  |  |  | Destroy
7761,Toy soldier (wound),Release, |  |  |  | Release
7765,Toy doll (wound),Release, |  |  |  | Release
7769,Toy mouse (wound),Release, |  |  |  | Release
7771,Clockwork cat,Release, |  |  |  | Release
7774,Reward token,Destroy,Look-at |  |  |  | Destroy
7775,Reward token,Destroy,Look-at |  |  |  | Destroy
7776,Reward token,Destroy,Look-at |  |  |  | Destroy
7958,Mining prop,Destroy, |  |  |  | Destroy
7959,Heavy box,Destroy, |  |  |  | Destroy
7966,Letter,Destroy,Read |  |  |  | Destroy
7968,Scroll,Destroy,Read |  |  |  | Destroy
9005,@gre@Fancy boots,Destroy, | Wear |  |  | Destroy
9006,Fighting boots,Destroy, | Wear |  |  | Destroy
9013,Skull sceptre,Destroy, | Wield | Invoke | Divine | Destroy
9025,Nuff's certificate,Destroy,Read | Study |  |  | Destroy
9076,Lunar ore,Destroy, |  |  |  | Destroy
9077,Lunar bar,Destroy, |  |  |  | Destroy
9083,Seal of passage,Destroy, | Wear |  |  | Destroy
9084,Lunar staff,Destroy, | Wield |  |  | Destroy
9085,Empty vial,Destroy, |  |  |  | Destroy
9086,Vial of water,Destroy, |  |  |  | Destroy
9087,Waking sleep vial,Destroy, |  |  |  | Destroy
9088,Guam vial,Destroy, |  |  |  | Destroy
9089,Marr vial,Destroy, |  |  |  | Destroy
9090,Guam-marr vial,Destroy, |  |  |  | Destroy
9091,Lunar staff - pt1,Destroy, | Wield |  |  | Destroy
9092,Lunar staff - pt2,Destroy, | Wield |  |  | Destroy
9093,Lunar staff - pt3,Destroy, | Wield |  |  | Destroy
9096,Lunar helm,Destroy, | Wear |  |  | Destroy
9097,Lunar torso,Destroy, | Wear |  |  | Destroy
9098,Lunar legs,Destroy, | Wear |  |  | Destroy
9099,Lunar gloves,Destroy, | Wear |  |  | Destroy
9100,Lunar boots,Destroy, | Wear |  |  | Destroy
9101,Lunar cape,Destroy, | Wear |  |  | Destroy
9102,Lunar amulet,Destroy, | Wear |  |  | Destroy
9103,A special tiara,Destroy, |  |  |  | Destroy
9104,Lunar ring,Destroy, | Wear |  |  | Destroy
9433,Bolt pouch,Destroy,Open |  |  |  | Destroy
9474,Reward token,Destroy,Check |  | Activate |  | Destroy
9589,Dossier,Destroy,Read |  |  |  | Destroy
9625,Crystal saw,Destroy, |  |  | Check-charges | Destroy
9626,Small crystal seed,Destroy, |  |  |  | Destroy
9633,Message,Destroy,Read |  |  |  | Destroy
9646,Castle sketch 1,Destroy, | Look-at |  |  | Destroy
9647,Castle sketch 2,Destroy, | Look-at |  |  | Destroy
9648,Castle sketch 3,Destroy, | Look-at |  |  | Destroy
9649,Message,Destroy,Read |  |  |  | Destroy
9651,Large ornate key,Destroy, |  |  |  | Destroy
9652,Haemalchemy,Destroy,Read |  |  |  | Destroy
9653,Sealed message,Destroy,Read |  |  |  | Destroy
9654,Door key,Destroy, |  |  |  | Destroy
9655,Ladder top,Destroy, |  |  |  | Destroy
9656,Tome of xp (3),Destroy,Read |  |  |  | Destroy
9657,Tome of xp (2),Destroy,Read |  |  |  | Destroy
9658,Tome of xp (1),Destroy,Read |  |  |  | Destroy
9659,Bucket of water,Destroy, |  |  | Empty | Destroy
9660,Bucket,Destroy, |  |  |  | Destroy
9662,Shortcut key,Destroy, |  |  |  | Destroy
9682,Door transcription,Destroy, |  |  |  | Destroy
9684,Page 1,Destroy,Read | Shape-Earth | Shape-Air |  | Destroy
9685,Page 2,Destroy,Read | Shape-Fire | Shape-Water |  | Destroy
9686,Page 3,Destroy,Read | Shape-Mind |  |  | Destroy
9687,Fragment 1,Destroy, |  |  |  | Destroy
9688,Fragment 2,Destroy, |  |  |  | Destroy
9689,Fragment 3,Destroy, |  |  |  | Destroy
9690,Blank water rune,Destroy, |  |  |  | Destroy
9691,Water rune,Destroy, |  |  |  | Destroy
9692,Blank air rune,Destroy, |  |  |  | Destroy
9693,Air rune,Destroy, |  |  |  | Destroy
9694,Blank earth rune,Destroy, |  |  |  | Destroy
9695,Earth rune,Destroy, |  |  |  | Destroy
9696,Blank mind rune,Destroy, |  |  |  | Destroy
9697,Mind rune,Destroy, |  |  |  | Destroy
9698,Blank fire rune,Destroy, |  |  |  | Destroy
9699,Fire rune,Destroy, |  |  |  | Destroy
9702,Stick,Destroy, | Wield |  |  | Destroy
9703,Training sword,Destroy, | Wield |  |  | Destroy
9704,Training shield,Destroy, | Wear |  |  | Destroy
9705,Training bow,Destroy, | Wield |  |  | Destroy
9706,Training arrows,Destroy, | Wield |  |  | Destroy
9901,Goutweedy lump,Destroy, |  |  |  | Destroy
9902,Hardy gout tubers,Destroy, |  |  |  | Destroy
9903,Farming manual,Destroy,Read |  |  |  | Destroy
9906,Ghost buster 500,Destroy, | Wield | Empty |  | Destroy
9907,Ghost buster 500,Destroy, | Wield | Empty |  | Destroy
9908,Ghost buster 500,Destroy, | Wield | Empty |  | Destroy
9909,Ghost buster 500,Destroy, | Wield | Empty |  | Destroy
9910,Ghost buster 500,Destroy, | Wield | Empty |  | Destroy
9911,@gre@Poltergust,Destroy, | Wield | Empty |  | Destroy
9912,Ghost buster 500,Destroy, |  |  |  | Destroy
9913,White destabiliser,Destroy, |  |  | Load | Destroy
9914,Red destabiliser,Destroy, |  |  | Load | Destroy
9915,Blue destabiliser,Destroy, |  |  | Load | Destroy
9916,Green destabiliser,Destroy, |  |  | Load | Destroy
9917,Yellow destabiliser,Destroy, |  |  | Load | Destroy
9918,Black destabiliser,Destroy, |  |  | Load | Destroy
9919,Evil root,Destroy, |  |  |  | Destroy
9920,Jack lantern mask,Destroy, | Wear |  |  | Destroy
9921,@gre@Skeleton boots,Destroy, | Wear |  |  | Destroy
9922,@gre@Skeleton gloves,Destroy, | Wear |  |  | Destroy
9923,@gre@Skeleton leggings,Destroy, | Wear |  |  | Destroy
9924,@gre@Skeleton shirt,Destroy, | Wear |  |  | Destroy
9925,@gre@Skeleton mask,Destroy, | Wear |  |  | Destroy
9932,Auguste's sapling,Destroy, |  |  |  | Destroy
9944,Bomber jacket,Destroy, | Wear |  |  | Destroy
9945,Bomber cap,Destroy, | Wear |  |  | Destroy
9947,Old red disk,Destroy, |  |  |  | Destroy
10033,Chinchompa,Release, | Wield |  |  | Release
10034,Red chinchompa,Release, | Wield |  |  | Release
10092,Ferret,Release, |  |  |  | Release
10146,Orange salamander,Release, | Wield |  |  | Release
10147,Red salamander,Release, | Wield |  |  | Release
10148,Black salamander,Release, | Wield |  |  | Release
10149,Swamp lizard,Release, | Wield |  |  | Release
10174,Metal feather,Destroy, |  |  |  | Destroy
10175,Golden feather,Destroy, |  |  |  | Destroy
10176,Silver feather,Destroy, |  |  |  | Destroy
10177,Bronze feather,Destroy, |  |  |  | Destroy
10487,Undead chicken,Destroy, | Wield |  |  | Destroy
10488,Selected iron,Destroy, |  |  |  | Destroy
10489,Bar magnet,Destroy, |  |  |  | Destroy
10490,Undead twigs,Destroy, |  |  |  | Destroy
10491,Blessed axe,Destroy, | Wield |  |  | Destroy
10492,Research notes,Destroy,Translate |  |  |  | Destroy
10493,Translated notes,Destroy, |  |  |  | Destroy
10494,A pattern,Destroy, |  |  |  | Destroy
10495,A container,Destroy, |  |  |  | Destroy
10498,Ava's attractor,Destroy, | Wear |  |  | Destroy
10499,Ava's accumulator,Destroy, | Wear |  |  | Destroy
10500,Crone-made amulet,Destroy, | Wear |  |  | Destroy
10507,@gre@Reindeer hat,Destroy, | Wear |  |  | Destroy
10508,null,Destroy,Plant |  |  |  | Destroy
10512,Scroll,Destroy,Read |  | Write-Role | Clear | Destroy
10513,Crackers,Destroy,Drop |  |  |  | Destroy
10514,Tofu,Destroy,Drop |  |  |  | Destroy
10515,Worms,Destroy,Drop |  |  |  | Destroy
10531,Green egg,Destroy, |  |  |  | Destroy
10532,Red egg,Destroy, |  |  |  | Destroy
10533,Blue egg,Destroy, |  |  |  | Destroy
10539,Poisoned tofu,Destroy, |  |  |  | Destroy
10540,Poisoned worms,Destroy, |  |  |  | Destroy
10541,Poisoned meat,Destroy, |  |  |  | Destroy
10542,Healing vial(4),Destroy, |  |  |  | Destroy
10543,Healing vial(3),Destroy, |  |  |  | Destroy
10544,Healing vial(2),Destroy, |  |  |  | Destroy
10545,Healing vial(1),Destroy, |  |  |  | Destroy
10546,Healing vial,Destroy, |  |  |  | Destroy
10547,Healer hat,Destroy, | Wear |  |  | Destroy
10548,Fighter hat,Destroy, | Wear |  |  | Destroy
10549,Runner hat,Destroy, | Wear |  |  | Destroy
10550,Ranger hat,Destroy, | Wear |  |  | Destroy
10551,Fighter torso,Destroy, | Wear |  |  | Destroy
10552,Runner boots,Destroy, | Wear |  |  | Destroy
10553,Penance gloves,Destroy, | Wear |  |  | Destroy
10554,Penance gloves,Destroy, | Wear |  |  | Destroy
10555,Penance skirt,Destroy, | Wear |  |  | Destroy
10560,Collector horn,Medic,Tell-style1 | Tell-style2 | Tell-style3 | Tell-style4 | Medic
10562,Queen help book,Destroy,Read |  |  |  | Destroy
10581,Keris,Destroy, | Wield |  |  | Destroy
10582,Keris(p),Destroy, | Wield |  |  | Destroy
10583,Keris(p+),Destroy, | Wield |  |  | Destroy
10584,Keris(p++),Destroy, | Wield |  |  | Destroy
10585,Parchment,Destroy,Read |  |  |  | Destroy
10586,Combat lamp,Destroy,Rub |  |  |  | Destroy
10587,Tarn's diary,Destroy, | Read |  |  | Destroy
10595,Clockwork suit,Destroy,Wind |  |  |  | Destroy
10596,Clockwork suit,Destroy, |  |  | Release | Destroy
10609,Lunar helm,Destroy, | Wear |  |  | Destroy
10722,@gre@Reindeer hat,Destroy, | Wear |  |  | Destroy
10723,@gre@Jack lantern mask,Destroy, | Wear |  |  | Destroy
10724,Skeleton boots,Destroy, | Wear |  |  | Destroy
10725,Skeleton gloves,Destroy, | Wear |  |  | Destroy
10726,Skeleton leggings,Destroy, | Wear |  |  | Destroy
10727,Skeleton shirt,Destroy, | Wear |  |  | Destroy
10728,Skeleton mask,Destroy, | Wear |  |  | Destroy
10730,Blue marionette,Destroy,Jump | Walk | Bow | Dance | Destroy
10829,Documents,Destroy,Open note |  |  |  | Destroy
10830,Royal decree,Destroy, |  |  |  | Destroy
10831,Empty tax bag,Destroy,Check tax |  |  |  | Destroy
10832,Light tax bag,Destroy,Check tax |  |  |  | Destroy
10835,Bulging taxbag,Destroy,Check taxes |  |  |  | Destroy
10836,@gre@Silly jester hat,Destroy, | Wear |  |  | Destroy
10837,@gre@Silly jester top,Destroy, | Wear |  |  | Destroy
10838,@gre@Silly jester tights,Destroy, | Wear |  |  | Destroy
10839,@gre@Silly jester boots,Destroy, | Wear |  |  | Destroy
10842,Decapitated head,Destroy, |  |  |  | Destroy
10856,Sin seer's note,Destroy, |  |  |  | Destroy
10857,Severed leg,Destroy, |  |  |  | Destroy
10858,Shadow sword,Destroy, | Wield |  |  | Destroy
10862,Hard hat,Destroy, | Wear |  |  | Destroy
10863,Builder's shirt,Destroy, | Wear |  |  | Destroy
10864,Builder's trousers,Destroy, | Wear |  |  | Destroy
10865,Builder's boots,Destroy, | Wear |  |  | Destroy
10883,Hard hat,Destroy, | Wear |  |  | Destroy
10887,Barrelchest anchor,Destroy, | Wield |  |  | Destroy
10889,Blessed lamp,Destroy,Pray-over |  |  |  | Destroy
10890,Prayer book,Destroy,Read | Recite-prayer |  |  | Destroy
10934,Reward token,Destroy,Look-at |  |  |  | Destroy
10935,Reward token,Destroy,Look-at |  |  |  | Destroy
10936,Reward token,Destroy,Look-at |  |  |  | Destroy
10942,Reward token,Destroy,Look-at |  |  |  | Destroy
10943,Reward token,Destroy,Look-at |  |  |  | Destroy
10944,Reward token,Destroy,Look-at |  |  |  | Destroy
10983,Cog,Destroy, |  |  |  | Destroy
10984,Cog,Destroy, |  |  |  | Destroy
10985,Fuse,Destroy, |  |  |  | Destroy
10986,Fuse,Destroy, |  |  |  | Destroy
10987,Meter,Destroy, |  |  |  | Destroy
10988,Meter,Destroy, |  |  |  | Destroy
10989,Capacitor,Destroy, |  |  |  | Destroy
10990,Capacitor,Destroy, |  |  |  | Destroy
10991,Lever,Destroy, |  |  |  | Destroy
10992,Lever,Destroy, |  |  |  | Destroy
10993,Powerbox,Destroy, |  |  |  | Destroy
10994,Powerbox,Destroy, |  |  |  | Destroy
11001,Dagon'hai history,Destroy,Read |  |  |  | Destroy
11002,Sin'keth's diary,Destroy,Read |  |  |  | Destroy
11003,An empty folder,Destroy,Read |  |  |  | Destroy
11006,Used folder,Destroy,Read |  |  |  | Destroy
11007,Full folder,Destroy,Read |  |  |  | Destroy
11008,Rat's paper,Destroy,Read |  |  |  | Destroy
11009,Rat's letter,Destroy,Read |  |  |  | Destroy
11010,Surok's letter,Destroy,Read |  |  |  | Destroy
11012,Wand,Destroy, |  |  |  | Destroy
11013,Infused wand,Destroy, |  |  |  | Destroy
11014,Beacon ring,Destroy, | Wear | Operate |  | Destroy
11019,@gre@Chicken feet,Destroy, | Wear |  |  | Destroy
11020,@gre@Chicken wings,Destroy, | Wear |  |  | Destroy
11021,@gre@Chicken head,Destroy, | Wear |  |  | Destroy
11022,@gre@Chicken legs,Destroy, | Wear |  |  | Destroy
11023,Magic egg,Destroy,Eat |  |  |  | Destroy
11024,Rabbit mould,Destroy, |  |  |  | Destroy
11027,null,Destroy,Release |  |  |  | Destroy
11028,null,Destroy,Release |  |  |  | Destroy
11029,null,Destroy,Release |  |  |  | Destroy
11030,null,Destroy,Release |  |  |  | Destroy
11031,@gre@Damp planks,Destroy, |  |  |  | Destroy
11032,Crude carving,Destroy, |  |  |  | Destroy
11033,Cruder carving,Destroy, |  |  |  | Destroy
11034,Sven's last map,Destroy,Read |  |  |  | Destroy
11035,Windswept logs,Destroy, |  |  |  | Destroy
11036,Parchment,Destroy,Read |  |  |  | Destroy
11039,Key,Destroy, |  |  |  | Destroy
11040,Key,Destroy, |  |  |  | Destroy
11041,Key,Destroy, |  |  |  | Destroy
11042,Key,Destroy, |  |  |  | Destroy
11043,Key,Destroy, |  |  |  | Destroy
11045,Rotten barrel,Destroy, |  |  |  | Destroy
11136,@gre@Karamja gloves 1,Destroy, | Wear |  |  | Destroy
11137,Antique lamp,Destroy,Rub |  |  |  | Destroy
11138,@gre@Karamja gloves 2,Destroy, | Wear |  |  | Destroy
11139,Antique lamp,Destroy,Rub |  |  |  | Destroy
11140,@gre@Karamja gloves 3,Destroy, | Wear | Activate |  | Destroy
11141,Antique lamp,Destroy,Rub |  |  |  | Destroy
11151,Dream vial (empty),Destroy, |  |  |  | Destroy
11152,Dream vial (water),Destroy, |  |  |  | Destroy
11153,Dream vial (herb),Destroy, |  |  |  | Destroy
11154,Dream potion,Destroy, |  |  |  | Destroy
11155,Ground astral rune,Destroy, |  |  |  | Destroy
11156,Astral rune shards,Destroy, |  |  |  | Destroy
11158,Cyrisus's chest,Destroy,Look-in |  |  |  | Destroy
11159,Hunter kit,Destroy,Open |  |  |  | Destroy
11173,Half certificate,Destroy,Read |  |  |  | Destroy
11174,Half certificate,Destroy,Read |  |  |  | Destroy
11175,Uncleaned find,Destroy, |  |  |  | Destroy
11185,Antique lamp,Destroy,Rub |  |  |  | Destroy
11186,Antique lamp,Destroy,Rub |  |  |  | Destroy
11187,Antique lamp,Destroy,Rub |  |  |  | Destroy
11188,Antique lamp,Destroy,Rub |  |  |  | Destroy
11189,Antique lamp,Destroy,Rub |  |  |  | Destroy
11196,Griffin feather,Destroy, |  |  |  | Destroy
11197,Miazrqa's pendant,Destroy, |  |  |  | Destroy
11199,Rupert's helmet,Destroy, |  |  |  | Destroy
11202,Shrinking recipe,Destroy,Read |  |  |  | Destroy
11203,To-do list,Destroy,Read |  |  |  | Destroy
11204,Shrink-me-quick,Destroy,Drink |  |  | Empty | Destroy
11210,Golden goblin,Destroy, |  |  |  | Destroy
11211,Magic beans,Destroy, |  |  |  | Destroy
11238,Baby impling jar,Destroy, |  | Loot |  | Destroy
11240,Young impling jar,Destroy, |  | Loot |  | Destroy
11242,Gourm' impling jar,Destroy, |  | Loot |  | Destroy
11244,Earth impling jar,Destroy, |  | Loot |  | Destroy
11246,Ess' impling jar,Destroy, |  | Loot |  | Destroy
11248,Eclectic impling jar,Destroy, |  | Loot |  | Destroy
11250,Nature impling jar,Destroy, |  | Loot |  | Destroy
11252,Magpie impling jar,Destroy, |  | Loot |  | Destroy
11254,Ninja impling jar,Destroy, |  | Loot |  | Destroy
11256,Dragon impling jar,Destroy, |  | Loot |  | Destroy
11258,Jar generator,Destroy,Butterfly-jar |  | Impling-jar | Check | Destroy
11259,Magic butterfly net,Destroy, | Wield |  |  | Destroy
11273,Impling scroll,Destroy,Toggle-view |  |  |  | Destroy
11279,Elvarg's head,Destroy, |  |  |  | Destroy
11338,Chewed bones,Destroy, |  |  |  | Destroy
11339,My notes,Destroy,Read |  |  |  | Destroy
11340,Barbarian skills,Destroy,Read |  |  |  | Destroy
11341,Ancient page,Destroy,Copy to log |  |  |  | Destroy
11342,Ancient page,Destroy,Copy to log |  |  |  | Destroy
11343,Ancient page,Destroy,Copy to log |  |  |  | Destroy
11344,Ancient page,Destroy,Copy to log |  |  |  | Destroy
11345,Ancient page,Destroy,Copy to log |  |  |  | Destroy
11346,Ancient page,Destroy,Copy to log |  |  |  | Destroy
11347,Ancient page,Destroy,Copy to log |  |  |  | Destroy
11348,Ancient page,Destroy,Copy to log |  |  |  | Destroy
11349,Ancient page,Destroy,Copy to log |  |  |  | Destroy
11350,Ancient page,Destroy,Copy to log |  |  |  | Destroy
11351,Ancient page,Destroy,Copy to log |  |  |  | Destroy
11352,Ancient page,Destroy,Copy to log |  |  |  | Destroy
11353,Ancient page,Destroy,Copy to log |  |  |  | Destroy
11354,Ancient page,Destroy,Copy to log |  |  |  | Destroy
11355,Ancient page,Destroy,Copy to log |  |  |  | Destroy
11356,Ancient page,Destroy,Copy to log |  |  |  | Destroy
11357,Ancient page,Destroy,Copy to log |  |  |  | Destroy
11358,Ancient page,Destroy,Copy to log |  |  |  | Destroy
11359,Ancient page,Destroy,Copy to log |  |  |  | Destroy
11360,Ancient page,Destroy,Copy to log |  |  |  | Destroy
11361,Ancient page,Destroy,Copy to log |  |  |  | Destroy
11362,Ancient page,Destroy,Copy to log |  |  |  | Destroy
11363,Ancient page,Destroy,Copy to log |  |  |  | Destroy
11364,Ancient page,Destroy,Copy to log |  |  |  | Destroy
11365,Ancient page,Destroy,Copy to log |  |  |  | Destroy
11366,Ancient page,Destroy,Copy to log |  |  |  | Destroy
11640,Book of knowledge,Destroy,Read |  |  |  | Destroy
11677,Explorer's notes,Destroy,Read |  |  |  | Destroy
11678,Black knight helm,Destroy, |  |  |  | Destroy
11679,Antique lamp,Destroy,Rub |  |  |  | Destroy
11680,Address form,Destroy,Read |  |  |  | Destroy
11681,Scrap paper,Destroy,Read |  |  |  | Destroy
11734,Knight's notes,Destroy,Read |  |  |  | Destroy
11735,Knight's notes,Destroy,Read |  |  |  | Destroy
11747,A key to a chest,Destroy, |  |  |  | Destroy
11748,Strongroom key,Destroy, |  |  |  | Destroy
11749,Crystal chime,Destroy, |  |  | Ring | Destroy
11750,Yewnock's notes,Destroy,Read |  |  |  | Destroy
11753,Antique lamp,Destroy,Rub |  |  |  | Destroy
11755,Antique lamp,Destroy,Rub |  |  |  | Destroy
11756,Varrock armour 1,Destroy, | Wear |  |  | Destroy
11757,Varrock armour 2,Destroy, | Wear |  |  | Destroy
11758,Varrock armour 3,Destroy, | Wear |  |  | Destroy
11761,Locked diary,Destroy,Unlock |  |  |  | Destroy
11762,Unlocked diary,Destroy,Read |  |  |  | Destroy
11763,Hand,Destroy, |  |  |  | Destroy
11764,Foot,Destroy, |  |  |  | Destroy
11765,Torso,Destroy, |  |  |  | Destroy
11766,Left arm,Destroy, |  |  |  | Destroy
11767,Right arm,Destroy, |  |  |  | Destroy
11768,Left leg,Destroy, |  |  |  | Destroy
11769,Right leg,Destroy, |  |  |  | Destroy
11777,Sealed pot,Destroy, |  |  |  | Destroy
11778,Jade vine seed,Destroy, |  |  |  | Destroy
11780,The grim reaper's diary,Destroy,Read |  |  |  | Destroy
11781,Grim's robe,Destroy, |  |  |  | Destroy
11782,Last will and testament,Destroy, |  |  |  | Destroy
11783,Human bones,Destroy, |  |  |  | Destroy
11784,Servant's skull,Destroy, |  |  |  | Destroy
11786,@gre@Scythe sharpener,Destroy, |  |  |  | Destroy
11787,Human eye,Destroy, |  |  |  | Destroy
11788,'voice of doom' potion,Destroy, |  |  |  | Destroy
11789,Grim reaper hood,Destroy, | Wear |  |  | Destroy
11790,Grim reaper hood,Destroy, | Wear |  |  | Destroy
11795,Ekeleshuun key,Destroy, |  |  |  | Destroy
11796,Narogoshuun key,Destroy, |  |  |  | Destroy
11797,Huzamogaarb key,Destroy, |  |  |  | Destroy
11798,Saragorgak key,Destroy, |  |  |  | Destroy
11799,Horogothgar key,Destroy, |  |  |  | Destroy
11800,Yurkolgokh key,Destroy, |  |  |  | Destroy
11949,null,Destroy,Shake |  |  |  | Destroy
11950,null,Destroy,Shake |  |  |  | Destroy
11952,Ice sword,Destroy, |  |  |  | Destroy
11953,Winter staff,Destroy, |  |  |  | Destroy
11954,Holly bow,Destroy, |  |  |  | Destroy
11955,Barbarian snowman hat,Destroy, |  |  |  | Destroy
11956,Dragon snowman hat,Destroy, |  |  |  | Destroy
11957,Dwarf snowman hat,Destroy, |  |  |  | Destroy
11958,Pirate snowman hat,Destroy, |  |  |  | Destroy
11959,Snowman top hat,Destroy, |  |  |  | Destroy
11969,Enchanted water tiara,Destroy, | Wear |  | Check-charges | Destroy
11970,Smelly crate,Destroy, |  |  |  | Destroy
11971,Full crate,Destroy,Empty |  |  |  | Destroy
11972,Empty crate,Destroy, |  |  |  | Destroy
11973,Scabaras research,Destroy,Read |  |  |  | Destroy
11974,Artefact receipt,Destroy, |  |  |  | Destroy
11975,Scabarite notes,Destroy,Copy to log |  |  |  | Destroy
11976,Scabarite notes,Destroy,Copy to log |  |  |  | Destroy
11977,Scabarite notes,Destroy,Copy to log |  |  |  | Destroy
11978,Scabarite notes,Destroy,Copy to log |  |  |  | Destroy
11979,Scabarite notes,Destroy,Copy to log |  |  |  | Destroy
11980,Scabarite notes,Destroy,Copy to log |  |  |  | Destroy
11981,Scabarite notes,Destroy,Copy to log |  |  |  | Destroy
11982,Scabarite notes,Destroy,Copy to log |  |  |  | Destroy
11983,Scabarite notes,Destroy,Copy to log |  |  |  | Destroy
11984,Scabarite notes,Destroy,Copy to log |  |  |  | Destroy
11985,Scabarite notes,Destroy,Copy to log |  |  |  | Destroy
11986,Scabarite notes,Destroy,Copy to log |  |  |  | Destroy
11987,Scabarite notes,Destroy,Copy to log |  |  |  | Destroy
11988,Scabarite notes,Destroy,Copy to log |  |  |  | Destroy
11989,Scabarite notes,Destroy,Copy to log |  |  |  | Destroy
11990,Scabarite notes,Destroy,Copy to log |  |  |  | Destroy
11991,Scabarite notes,Destroy,Copy to log |  |  |  | Destroy
11992,Scabarite notes,Destroy,Copy to log |  |  |  | Destroy
11993,Scabarite notes,Destroy,Copy to log |  |  |  | Destroy
11994,Scabarite key,Destroy, |  |  |  | Destroy
11995,Oxidised dagger,Destroy, |  |  |  | Destroy
11999,Oxidised longsword,Destroy, |  |  |  | Destroy
12000,Oxidised full helm,Destroy, |  |  |  | Destroy
12001,Oxidised square shield,Destroy, |  |  |  | Destroy
12003,Oxidised kiteshield,Destroy, |  |  |  | Destroy
12005,Oxidised platelegs,Destroy, |  |  |  | Destroy
12525,Pouch,Destroy, |  |  |  | Destroy
12526,Spirit wolf pouch,Destroy, |  |  | Summon | Destroy
12527,Gold charm,Destroy, |  |  |  | Destroy
12528,Trapdoor key,Destroy, |  |  |  | Destroy
12529,Howl scroll,Destroy, |  |  |  | Destroy
12530,Spirit shards,Destroy, |  |  |  | Destroy
12554,Patrick,Release, |  |  |  | Release
12555,Penelope,Release, |  |  |  | Release
12556,Peter,Release, |  |  |  | Release
12557,Peanut,Release, |  |  |  | Release
12593,Catapult schematics,Destroy,Read |  |  |  | Destroy
12594,Engineer's letter,Destroy,Read |  |  |  | Destroy
12595,Sailor's hat,Destroy, | Wear |  |  | Destroy
12596,Metal catapult parts,Destroy, |  |  |  | Destroy
12597,Mahogany catapult part,Destroy, |  |  |  | Destroy
12598,Mahogany catapult part,Destroy, |  |  |  | Destroy
12599,Mahogany catapult part,Destroy, |  |  |  | Destroy
12600,Mahogany catapult part,Destroy, |  |  |  | Destroy
12602,Mahogany catapult part,Destroy, |  |  |  | Destroy
12604,Mahogany catapult part,Destroy, |  |  |  | Destroy
12606,Mahogany catapult part,Destroy, |  |  |  | Destroy
12625,Flag,Destroy, |  |  |  | Destroy
12626,Test paper,Destroy,Take Exam |  |  |  | Destroy
12627,Antique lamp,Destroy,Rub |  |  |  | Destroy
12628,Antique lamp,Destroy,Rub |  |  |  | Destroy
12629,Safety gloves,Destroy, | Wear |  |  | Destroy
12630,Rubium,Destroy, |  |  |  | Destroy
12631,Toy train,Destroy, |  |  |  | Destroy
12632,Note,Destroy,Read |  |  |  | Destroy
12634,Chocatrice cape,Destroy, | Wear |  |  | Destroy
12635,Easter egg,Destroy,Eat |  |  |  | Destroy
12636,Easter egg,Destroy,Eat |  |  |  | Destroy
12637,Easter egg,Destroy,Eat |  |  |  | Destroy
12638,Easter egg,Destroy,Eat |  |  |  | Destroy
12639,Easter egg,Destroy,Eat |  |  |  | Destroy
12640,Easter egg,Destroy,Eat |  |  |  | Destroy
12641,Easter egg,Destroy,Eat |  |  |  | Destroy
12642,Easter egg,Destroy,Eat |  |  |  | Destroy
12657,Chocolate chunks,Destroy, |  |  |  | Destroy
12668,Lunar helm (e),Destroy, | Wear |  |  | Destroy
12669,Lunar helm (charged),Destroy, | Wear | Commune | Uncharge | Destroy
12843,Gnomecopter ticket,Destroy,Read |  |  |  | Destroy
12845,Stone of power,Destroy, | Wield |  |  | Destroy
12846,Stone of power,Destroy, | Wield |  |  | Destroy
12847,Stone of power,Destroy, | Wield |  |  | Destroy
12849,Stone of power,Destroy, | Wield |  |  | Destroy
12850,Elemental rune,Destroy, |  |  |  | Destroy
12851,Catalytic rune,Destroy, |  |  |  | Destroy
12853,Bandages,Destroy,Heal |  |  |  | Destroy
12857,Avantoe gloves,Destroy, | Wear | Inspect |  | Destroy
12858,Kwuarm gloves,Destroy, | Wear | Inspect |  | Destroy
12859,Cadantine gloves,Destroy, | Wear | Inspect |  | Destroy
12860,Swordfish gloves,Destroy, | Wear | Inspect |  | Destroy
12861,Shark gloves,Destroy, | Wear | Inspect |  | Destroy
12862,Dragon slayer gloves,Destroy, | Wear | Inspect |  | Destroy
12863,Air runecrafting gloves,Destroy, | Wear | Inspect |  | Destroy
12864,Water runecrafting gloves,Destroy, | Wear | Inspect |  | Destroy
12865,Earth runecrafting gloves,Destroy, | Wear | Inspect |  | Destroy
13148,Glove,Destroy,Inspect |  |  |  | Destroy
13149,Book page,Destroy,Inspect |  |  |  | Destroy
13150,Crate,Destroy,Inspect |  |  |  | Destroy
13151,Combat book,Destroy,Read |  |  |  | Destroy
13159,Ornate tomb key,Destroy, |  |  |  | Destroy
13160,Tome of xp 2nd ed (3),Destroy,Read |  |  |  | Destroy
13161,Tome of xp 2nd ed (2),Destroy,Read |  |  |  | Destroy
13162,Tome of xp 2nd ed (1),Destroy,Read |  |  |  | Destroy
13226,Dwarf remains,Destroy, |  |  |  | Destroy
13227,Dwarf remains,Destroy, |  |  |  | Destroy
13228,Dwarf remains,Destroy, |  |  |  | Destroy
13229,Dwarf remains,Destroy, |  |  |  | Destroy
13230,Dwarf remains,Destroy, |  |  |  | Destroy
13231,Dwarf remains,Destroy, |  |  |  | Destroy
13232,Dwarf remains,Destroy, |  |  |  | Destroy
13233,Dwarf remains,Destroy, |  |  |  | Destroy
13234,Dwarf remains,Destroy, |  |  |  | Destroy
13235,Dwarf remains,Destroy, |  |  |  | Destroy
13236,Dwarf remains,Destroy, |  |  |  | Destroy
13237,Dwarf remains,Destroy, |  |  |  | Destroy
13238,Dwarf remains,Destroy, |  |  |  | Destroy
13239,Dwarf remains,Destroy, |  |  |  | Destroy
13240,Dwarf remains,Destroy, |  |  |  | Destroy
13241,Dwarf remains,Destroy, |  |  |  | Destroy
13242,Dwarf remains,Destroy, |  |  |  | Destroy
13243,Dwarf remains,Destroy, |  |  |  | Destroy
13244,Dwarf remains,Destroy, |  |  |  | Destroy
13245,Dwarf remains,Destroy, |  |  |  | Destroy
13246,Dwarf remains,Destroy, |  |  |  | Destroy
13247,Dwarf remains,Destroy, |  |  |  | Destroy
13248,Dwarf remains,Destroy, |  |  |  | Destroy
13249,Dwarf remains,Destroy, |  |  |  | Destroy
13250,Dwarf remains,Destroy, |  |  |  | Destroy
13251,Dwarf remains,Destroy, |  |  |  | Destroy
13252,Dwarf remains,Destroy, |  |  |  | Destroy
13253,Dwarf remains,Destroy, |  |  |  | Destroy
13254,Dwarf remains,Destroy, |  |  |  | Destroy
13255,Dwarf remains,Destroy, |  |  |  | Destroy
13256,Dwarf remains,Destroy, |  |  |  | Destroy
13257,Dwarf remains,Destroy, |  |  |  | Destroy
13258,Dwarf remains,Destroy, |  |  |  | Destroy
13259,Dwarf remains,Destroy, |  |  |  | Destroy
13260,Dwarf remains,Destroy, |  |  |  | Destroy
13261,Dwarf remains,Destroy, |  |  |  | Destroy
13262,Dwarf remains,Destroy, |  |  |  | Destroy
13263,Dwarf remains,Destroy, |  |  |  | Destroy
13264,Dwarf remains,Destroy, |  |  |  | Destroy
13265,Dwarf remains,Destroy, |  |  |  | Destroy
13266,Dwarf remains,Destroy, |  |  |  | Destroy
13267,Dwarf remains,Destroy, |  |  |  | Destroy
13268,Dwarf remains,Destroy, |  |  |  | Destroy
13269,Dwarf remains,Destroy, |  |  |  | Destroy
13270,Dwarf remains,Destroy, |  |  |  | Destroy
13271,Dwarf remains,Destroy, |  |  |  | Destroy
13272,Dwarf remains,Destroy, |  |  |  | Destroy
13273,Dwarf remains,Destroy, |  |  |  | Destroy
13274,Dwarf remains,Destroy, |  |  |  | Destroy
13275,Dwarf remains,Destroy, |  |  |  | Destroy
13276,Dwarf remains,Destroy, |  |  |  | Destroy
13277,Dwarf remains,Destroy, |  |  |  | Destroy
13278,Dwarf remains,Destroy, |  |  |  | Destroy
13279,Dwarf remains,Destroy, |  |  |  | Destroy
13280,Dwarf remains,Destroy, |  |  |  | Destroy
13281,Dwarf remains,Destroy, |  |  |  | Destroy
13282,Dwarf remains,Destroy, |  |  |  | Destroy
13283,Dwarf remains,Destroy, |  |  |  | Destroy
13284,Dwarf remains,Destroy, |  |  |  | Destroy
13285,Dwarf remains,Destroy, |  |  |  | Destroy
13286,Dwarf remains,Destroy, |  |  |  | Destroy
13287,Dwarf remains,Destroy, |  |  |  | Destroy
13288,Dwarf remains,Destroy, |  |  |  | Destroy
13289,Dwarf remains,Destroy, |  |  |  | Destroy
13290,Dwarf remains,Destroy, |  |  |  | Destroy
13291,Dwarf remains,Destroy, |  |  |  | Destroy
13292,Dwarf remains,Destroy, |  |  |  | Destroy
13293,Dwarf remains,Destroy, |  |  |  | Destroy
13294,Dwarf remains,Destroy, |  |  |  | Destroy
13295,Dwarf remains,Destroy, |  |  |  | Destroy
13296,Dwarf remains,Destroy, |  |  |  | Destroy
13297,Dwarf remains,Destroy, |  |  |  | Destroy
13298,Dwarf remains,Destroy, |  |  |  | Destroy
13299,Dwarf remains,Destroy, |  |  |  | Destroy
13300,Dwarf remains,Destroy, |  |  |  | Destroy
13301,Dwarf remains,Destroy, |  |  |  | Destroy
13302,Dwarf remains,Destroy, |  |  |  | Destroy
13303,Dwarf remains,Destroy, |  |  |  | Destroy
13304,Dwarf remains,Destroy, |  |  |  | Destroy
13305,Dwarf remains,Destroy, |  |  |  | Destroy
13306,Dwarf remains,Destroy, |  |  |  | Destroy
13307,Dwarf remains,Destroy, |  |  |  | Destroy
13308,Dwarf remains,Destroy, |  |  |  | Destroy
13309,Dwarf remains,Destroy, |  |  |  | Destroy
13310,Dwarf remains,Destroy, |  |  |  | Destroy
13311,Dwarf remains,Destroy, |  |  |  | Destroy
13312,Dwarf remains,Destroy, |  |  |  | Destroy
13313,Dwarf remains,Destroy, |  |  |  | Destroy
13314,Dwarf remains,Destroy, |  |  |  | Destroy
13315,Dwarf remains,Destroy, |  |  |  | Destroy
13316,Dwarf remains,Destroy, |  |  |  | Destroy
13317,Dwarf remains,Destroy, |  |  |  | Destroy
13318,Dwarf remains,Destroy, |  |  |  | Destroy
13319,Dwarf remains,Destroy, |  |  |  | Destroy
13320,Dwarf remains,Destroy, |  |  |  | Destroy
13321,Dwarf remains,Destroy, |  |  |  | Destroy
13322,Dwarf remains,Destroy, |  |  |  | Destroy
13323,Dwarf remains,Destroy, |  |  |  | Destroy
13324,Dwarf remains,Destroy, |  |  |  | Destroy
13325,Dwarf remains,Destroy, |  |  |  | Destroy
13326,Dwarf remains,Destroy, |  |  |  | Destroy
13327,Dwarf remains,Destroy, |  |  |  | Destroy
13328,Dwarf remains,Destroy, |  |  |  | Destroy
13329,Dwarf remains,Destroy, |  |  |  | Destroy
13330,Dwarf remains,Destroy, |  |  |  | Destroy
13331,Dwarf remains,Destroy, |  |  |  | Destroy
13332,Dwarf remains,Destroy, |  |  |  | Destroy
13333,Dwarf remains,Destroy, |  |  |  | Destroy
13334,Dwarf remains,Destroy, |  |  |  | Destroy
13335,Dwarf remains,Destroy, |  |  |  | Destroy
13336,Dwarf remains,Destroy, |  |  |  | Destroy
13337,Dwarf remains,Destroy, |  |  |  | Destroy
13338,Dwarf remains,Destroy, |  |  |  | Destroy
13339,Dwarf remains,Destroy, |  |  |  | Destroy
13340,Dwarf remains,Destroy, |  |  |  | Destroy
13341,Dwarf remains,Destroy, |  |  |  | Destroy
13342,Dwarf remains,Destroy, |  |  |  | Destroy
13343,Dwarf remains,Destroy, |  |  |  | Destroy
13344,Dwarf remains,Destroy, |  |  |  | Destroy
13345,Dwarf remains,Destroy, |  |  |  | Destroy
13346,Dwarf remains,Destroy, |  |  |  | Destroy
13347,Dwarf remains,Destroy, |  |  |  | Destroy
13348,Dwarf remains,Destroy, |  |  |  | Destroy
13349,Dwarf remains,Destroy, |  |  |  | Destroy
13350,Dwarf remains,Destroy, |  |  |  | Destroy
13351,Dwarf remains,Destroy, |  |  |  | Destroy
13352,Dwarf remains,Destroy, |  |  |  | Destroy
13353,Dwarf remains,Destroy, |  |  |  | Destroy
13354,Dwarf remains,Destroy, |  |  |  | Destroy
13355,Dwarf remains,Destroy, |  |  |  | Destroy
13356,Dwarf remains,Destroy, |  |  |  | Destroy
13357,Dwarf remains,Destroy, |  |  |  | Destroy
13358,Dwarf remains,Destroy, |  |  |  | Destroy
13359,Dwarf remains,Destroy, |  |  |  | Destroy
13360,Dwarf remains,Destroy, |  |  |  | Destroy
13361,Dwarf remains,Destroy, |  |  |  | Destroy
13362,Dwarf remains,Destroy, |  |  |  | Destroy
13363,Dwarf remains,Destroy, |  |  |  | Destroy
13364,Dwarf remains,Destroy, |  |  |  | Destroy
13365,Dwarf remains,Destroy, |  |  |  | Destroy
13366,Dwarf remains,Destroy, |  |  |  | Destroy
13367,Dwarf remains,Destroy, |  |  |  | Destroy
13368,Dwarf remains,Destroy, |  |  |  | Destroy
13369,Dwarf remains,Destroy, |  |  |  | Destroy
13370,Dwarf remains,Destroy, |  |  |  | Destroy
13371,Dwarf remains,Destroy, |  |  |  | Destroy
13372,Dwarf remains,Destroy, |  |  |  | Destroy
13373,Dwarf remains,Destroy, |  |  |  | Destroy
13374,Dwarf remains,Destroy, |  |  |  | Destroy
13375,Dwarf remains,Destroy, |  |  |  | Destroy
13376,Dwarf remains,Destroy, |  |  |  | Destroy
13377,Dwarf remains,Destroy, |  |  |  | Destroy
13378,Dwarf remains,Destroy, |  |  |  | Destroy
13379,Dwarf remains,Destroy, |  |  |  | Destroy
13380,Dwarf remains,Destroy, |  |  |  | Destroy
13381,Dwarf remains,Destroy, |  |  |  | Destroy
13382,Dwarf remains,Destroy, |  |  |  | Destroy
13383,Dwarf remains,Destroy, |  |  |  | Destroy
13384,Dwarf remains,Destroy, |  |  |  | Destroy
13385,Dwarf remains,Destroy, |  |  |  | Destroy
13386,Dwarf remains,Destroy, |  |  |  | Destroy
13387,Dwarf remains,Destroy, |  |  |  | Destroy
13388,Dwarf remains,Destroy, |  |  |  | Destroy
13389,Dwarf remains,Destroy, |  |  |  | Destroy
13390,Dwarf remains,Destroy, |  |  |  | Destroy
13391,Dwarf remains,Destroy, |  |  |  | Destroy
13392,Dwarf remains,Destroy, |  |  |  | Destroy
13393,Dwarf remains,Destroy, |  |  |  | Destroy
13394,Dwarf remains,Destroy, |  |  |  | Destroy
13395,Dwarf remains,Destroy, |  |  |  | Destroy
13396,Dwarf remains,Destroy, |  |  |  | Destroy
13397,Dwarf remains,Destroy, |  |  |  | Destroy
13398,Dwarf remains,Destroy, |  |  |  | Destroy
13399,Dwarf remains,Destroy, |  |  |  | Destroy
13400,Dwarf remains,Destroy, |  |  |  | Destroy
13401,Dwarf remains,Destroy, |  |  |  | Destroy
13402,Dwarf remains,Destroy, |  |  |  | Destroy
13403,Dwarf remains,Destroy, |  |  |  | Destroy
13404,Dwarf remains,Destroy, |  |  |  | Destroy
13405,Dwarf remains,Destroy, |  |  |  | Destroy
13406,Dwarf remains,Destroy, |  |  |  | Destroy
13407,Dwarf remains,Destroy, |  |  |  | Destroy
13408,Dwarf remains,Destroy, |  |  |  | Destroy
13409,Dwarf remains,Destroy, |  |  |  | Destroy
13410,Dwarf remains,Destroy, |  |  |  | Destroy
13411,Dwarf remains,Destroy, |  |  |  | Destroy
13412,Dwarf remains,Destroy, |  |  |  | Destroy
13413,Dwarf remains,Destroy, |  |  |  | Destroy
13414,Dwarf remains,Destroy, |  |  |  | Destroy
13415,Dwarf remains,Destroy, |  |  |  | Destroy
13416,Dwarf remains,Destroy, |  |  |  | Destroy
13417,Dwarf remains,Destroy, |  |  |  | Destroy
13418,Dwarf remains,Destroy, |  |  |  | Destroy
13419,Dwarf remains,Destroy, |  |  |  | Destroy
13420,Dwarf remains,Destroy, |  |  |  | Destroy
13421,Dwarf remains,Destroy, |  |  |  | Destroy
13422,Dwarf remains,Destroy, |  |  |  | Destroy
13424,Dwarf remains,Destroy, |  |  |  | Destroy
13425,Dwarf remains,Destroy, |  |  |  | Destroy
13426,Dwarf remains,Destroy, |  |  |  | Destroy
13427,Dwarf remains,Destroy, |  |  |  | Destroy
13428,Dwarf remains,Destroy, |  |  |  | Destroy
13429,Dwarf remains,Destroy, |  |  |  | Destroy
13430,Dwarf remains,Destroy, |  |  |  | Destroy
13431,Dwarf remains,Destroy, |  |  |  | Destroy
13432,Dwarf remains,Destroy, |  |  |  | Destroy
13433,Dwarf remains,Destroy, |  |  |  | Destroy
13434,Dwarf remains,Destroy, |  |  |  | Destroy
13435,Dwarf remains,Destroy, |  |  |  | Destroy
13436,Dwarf remains,Destroy, |  |  |  | Destroy
13437,Dwarf remains,Destroy, |  |  |  | Destroy
13438,Dwarf remains,Destroy, |  |  |  | Destroy
13439,Dwarf remains,Destroy, |  |  |  | Destroy
13440,Dwarf remains,Destroy, |  |  |  | Destroy
13441,Dwarf remains,Destroy, |  |  |  | Destroy
13442,Dwarf remains,Destroy, |  |  |  | Destroy
13443,Dwarf remains,Destroy, |  |  |  | Destroy
13444,Dwarf remains,Destroy, |  |  |  | Destroy
13445,Dwarf remains,Destroy, |  |  |  | Destroy
13446,Dwarf remains,Destroy, |  |  |  | Destroy
13447,Dwarf remains,Destroy, |  |  |  | Destroy
13448,Dwarf remains,Destroy, |  |  |  | Destroy
13449,Dwarf remains,Destroy, |  |  |  | Destroy
13450,Dwarf remains,Destroy, |  |  |  | Destroy
13451,Dwarf remains,Destroy, |  |  |  | Destroy
13452,Dwarf remains,Destroy, |  |  |  | Destroy
13453,Dwarf remains,Destroy, |  |  |  | Destroy
13454,Dwarf remains,Destroy, |  |  |  | Destroy
13455,Dwarf remains,Destroy, |  |  |  | Destroy
13456,Dwarf remains,Destroy, |  |  |  | Destroy
13457,Dwarf remains,Destroy, |  |  |  | Destroy
13458,Dwarf remains,Destroy, |  |  |  | Destroy
13459,Dwarf remains,Destroy, |  |  |  | Destroy
13460,Dwarf remains,Destroy, |  |  |  | Destroy
13461,Dwarf remains,Destroy, |  |  |  | Destroy
13462,Dwarf remains,Destroy, |  |  |  | Destroy
13463,Dwarf remains,Destroy, |  |  |  | Destroy
13464,Dwarf remains,Destroy, |  |  |  | Destroy
13465,Dwarf remains,Destroy, |  |  |  | Destroy
13466,Dwarf remains,Destroy, |  |  |  | Destroy
13467,Dwarf remains,Destroy, |  |  |  | Destroy
13468,Dwarf remains,Destroy, |  |  |  | Destroy
13469,Dwarf remains,Destroy, |  |  |  | Destroy
13470,Dwarf remains,Destroy, |  |  |  | Destroy
13471,Dwarf remains,Destroy, |  |  |  | Destroy
13472,Dwarf remains,Destroy, |  |  |  | Destroy
13473,Dwarf remains,Destroy, |  |  |  | Destroy
13474,Dwarf remains,Destroy, |  |  |  | Destroy
13475,Dwarf remains,Destroy, |  |  |  | Destroy
13476,Dwarf remains,Destroy, |  |  |  | Destroy
13477,Dwarf remains,Destroy, |  |  |  | Destroy
13478,Dwarf remains,Destroy, |  |  |  | Destroy
13479,Dwarf remains,Destroy, |  |  |  | Destroy
13480,Dwarf remains,Destroy, |  |  |  | Destroy
13481,Dwarf remains,Destroy, |  |  |  | Destroy
13482,Dwarf remains,Destroy, |  |  |  | Destroy
13483,Dwarf remains,Destroy, |  |  |  | Destroy
13484,Dwarf remains,Destroy, |  |  |  | Destroy
13485,Dwarf remains,Destroy, |  |  |  | Destroy
13486,Dwarf remains,Destroy, |  |  |  | Destroy
13487,Dwarf remains,Destroy, |  |  |  | Destroy
13488,Dwarf remains,Destroy, |  |  |  | Destroy
13489,Dwarf remains,Destroy, |  |  |  | Destroy
13490,Dwarf remains,Destroy, |  |  |  | Destroy
13491,Dwarf remains,Destroy, |  |  |  | Destroy
13492,Dwarf remains,Destroy, |  |  |  | Destroy
13493,Dwarf remains,Destroy, |  |  |  | Destroy
13494,Dwarf remains,Destroy, |  |  |  | Destroy
13495,Dwarf remains,Destroy, |  |  |  | Destroy
13496,Dwarf remains,Destroy, |  |  |  | Destroy
13497,Dwarf remains,Destroy, |  |  |  | Destroy
13498,Dwarf remains,Destroy, |  |  |  | Destroy
13499,Dwarf remains,Destroy, |  |  |  | Destroy
13500,Dwarf remains,Destroy, |  |  |  | Destroy
13501,Dwarf remains,Destroy, |  |  |  | Destroy
13502,Dwarf remains,Destroy, |  |  |  | Destroy
13503,Dwarf remains,Destroy, |  |  |  | Destroy
13504,Dwarf remains,Destroy, |  |  |  | Destroy
13505,Dwarf remains,Destroy, |  |  |  | Destroy
13506,Dwarf remains,Destroy, |  |  |  | Destroy
13507,Dwarf remains,Destroy, |  |  |  | Destroy
13508,Dwarf remains,Destroy, |  |  |  | Destroy
13509,Dwarf remains,Destroy, |  |  |  | Destroy
13510,Dwarf remains,Destroy, |  |  |  | Destroy
13511,Dwarf remains,Destroy, |  |  |  | Destroy
13512,Dwarf remains,Destroy, |  |  |  | Destroy
13513,Dwarf remains,Destroy, |  |  |  | Destroy
13514,Dwarf remains,Destroy, |  |  |  | Destroy
13515,Dwarf remains,Destroy, |  |  |  | Destroy
13516,Dwarf remains,Destroy, |  |  |  | Destroy
13518,Dwarf remains,Destroy, |  |  |  | Destroy
13519,Dwarf remains,Destroy, |  |  |  | Destroy
13520,Dwarf remains,Destroy, |  |  |  | Destroy
13521,Dwarf remains,Destroy, |  |  |  | Destroy
13522,Dwarf remains,Destroy, |  |  |  | Destroy
13523,Dwarf remains,Destroy, |  |  |  | Destroy
13524,Dwarf remains,Destroy, |  |  |  | Destroy
13525,Dwarf remains,Destroy, |  |  |  | Destroy
13526,Dwarf remains,Destroy, |  |  |  | Destroy
13527,Dwarf remains,Destroy, |  |  |  | Destroy
13528,Dwarf remains,Destroy, |  |  |  | Destroy
13529,Dwarf remains,Destroy, |  |  |  | Destroy
13530,Dwarf remains,Destroy, |  |  |  | Destroy
13531,Dwarf remains,Destroy, |  |  |  | Destroy
13532,Dwarf remains,Destroy, |  |  |  | Destroy
13533,Dwarf remains,Destroy, |  |  |  | Destroy
13534,Dwarf remains,Destroy, |  |  |  | Destroy
13535,Dwarf remains,Destroy, |  |  |  | Destroy
13536,Dwarf remains,Destroy, |  |  |  | Destroy
13537,Dwarf remains,Destroy, |  |  |  | Destroy
13538,Dwarf remains,Destroy, |  |  |  | Destroy
13539,Dwarf remains,Destroy, |  |  |  | Destroy
13540,Dwarf remains,Destroy, |  |  |  | Destroy
13541,Dwarf remains,Destroy, |  |  |  | Destroy
13542,Dwarf remains,Destroy, |  |  |  | Destroy
13543,Dwarf remains,Destroy, |  |  |  | Destroy
13544,Dwarf remains,Destroy, |  |  |  | Destroy
13545,Dwarf remains,Destroy, |  |  |  | Destroy
13546,Dwarf remains,Destroy, |  |  |  | Destroy
13547,Dwarf remains,Destroy, |  |  |  | Destroy
13548,Dwarf remains,Destroy, |  |  |  | Destroy
13549,Dwarf remains,Destroy, |  |  |  | Destroy
13550,Dwarf remains,Destroy, |  |  |  | Destroy
13551,Dwarf remains,Destroy, |  |  |  | Destroy
13552,Dwarf remains,Destroy, |  |  |  | Destroy
13553,Dwarf remains,Destroy, |  |  |  | Destroy
13554,Dwarf remains,Destroy, |  |  |  | Destroy
13555,Dwarf remains,Destroy, |  |  |  | Destroy
13556,Dwarf remains,Destroy, |  |  |  | Destroy
13557,Dwarf remains,Destroy, |  |  |  | Destroy
13558,Dwarf remains,Destroy, |  |  |  | Destroy
13559,Dwarf remains,Destroy, |  |  |  | Destroy
13560,Dwarf remains,Destroy, |  |  |  | Destroy
13561,Dwarf remains,Destroy, |  |  |  | Destroy
13562,Dwarf remains,Destroy, |  |  |  | Destroy
13563,Dwarf remains,Destroy, |  |  |  | Destroy
13564,Dwarf remains,Destroy, |  |  |  | Destroy
13565,Dwarf remains,Destroy, |  |  |  | Destroy
13566,Dwarf remains,Destroy, |  |  |  | Destroy
13567,Dwarf remains,Destroy, |  |  |  | Destroy
13568,Dwarf remains,Destroy, |  |  |  | Destroy
13569,Dwarf remains,Destroy, |  |  |  | Destroy
13570,Dwarf remains,Destroy, |  |  |  | Destroy
13571,Dwarf remains,Destroy, |  |  |  | Destroy
13572,Dwarf remains,Destroy, |  |  |  | Destroy
13573,Dwarf remains,Destroy, |  |  |  | Destroy
13574,Dwarf remains,Destroy, |  |  |  | Destroy
13575,Dwarf remains,Destroy, |  |  |  | Destroy
13578,Dwarf remains,Destroy, |  |  |  | Destroy
13579,Dwarf remains,Destroy, |  |  |  | Destroy
13580,Dwarf remains,Destroy, |  |  |  | Destroy
13581,Dwarf remains,Destroy, |  |  |  | Destroy
13582,Dwarf remains,Destroy, |  |  |  | Destroy
13583,Dwarf remains,Destroy, |  |  |  | Destroy
13584,Dwarf remains,Destroy, |  |  |  | Destroy
13585,Dwarf remains,Destroy, |  |  |  | Destroy
13586,Dwarf remains,Destroy, |  |  |  | Destroy
13587,Dwarf remains,Destroy, |  |  |  | Destroy
13588,Dwarf remains,Destroy, |  |  |  | Destroy
13589,Dwarf remains,Destroy, |  |  |  | Destroy
13590,Dwarf remains,Destroy, |  |  |  | Destroy
13591,Dwarf remains,Destroy, |  |  |  | Destroy
13592,Dwarf remains,Destroy, |  |  |  | Destroy
13593,Dwarf remains,Destroy, |  |  |  | Destroy
13594,Dwarf remains,Destroy, |  |  |  | Destroy
13595,Dwarf remains,Destroy, |  |  |  | Destroy
13596,Dwarf remains,Destroy, |  |  |  | Destroy
13597,Dwarf remains,Destroy, |  |  |  | Destroy
13598,Dwarf remains,Destroy, |  |  |  | Destroy
13599,Dwarf remains,Destroy, |  |  |  | Destroy
13600,Dwarf remains,Destroy, |  |  |  | Destroy
13601,Dwarf remains,Destroy, |  |  |  | Destroy
13602,Dwarf remains,Destroy, |  |  |  | Destroy
13603,Dwarf remains,Destroy, |  |  |  | Destroy
13604,Dwarf remains,Destroy, |  |  |  | Destroy
13605,Dwarf remains,Destroy, |  |  |  | Destroy
13606,Dwarf remains,Destroy, |  |  |  | Destroy
13607,Dwarf remains,Destroy, |  |  |  | Destroy
13608,Dwarf remains,Destroy, |  |  |  | Destroy
13609,Dwarf remains,Destroy, |  |  |  | Destroy
13610,Dwarf remains,Destroy, |  |  |  | Destroy
13611,Dwarf remains,Destroy, |  |  |  | Destroy
13612,Dwarf remains,Destroy, |  |  |  | Destroy
13613,Dwarf remains,Destroy, |  |  |  | Destroy
13614,Dwarf remains,Destroy, |  |  |  | Destroy
13615,Dwarf remains,Destroy, |  |  |  | Destroy
13616,Dwarf remains,Destroy, |  |  |  | Destroy
13617,Dwarf remains,Destroy, |  |  |  | Destroy
13618,Dwarf remains,Destroy, |  |  |  | Destroy
13619,Dwarf remains,Destroy, |  |  |  | Destroy
13620,Dwarf remains,Destroy, |  |  |  | Destroy
13621,Dwarf remains,Destroy, |  |  |  | Destroy
13622,Dwarf remains,Destroy, |  |  |  | Destroy
13623,Dwarf remains,Destroy, |  |  |  | Destroy
13624,Dwarf remains,Destroy, |  |  |  | Destroy
13625,Dwarf remains,Destroy, |  |  |  | Destroy
13626,Dwarf remains,Destroy, |  |  |  | Destroy
13627,Dwarf remains,Destroy, |  |  |  | Destroy
13628,Dwarf remains,Destroy, |  |  |  | Destroy
13629,Dwarf remains,Destroy, |  |  |  | Destroy
13630,Dwarf remains,Destroy, |  |  |  | Destroy
13631,Dwarf remains,Destroy, |  |  |  | Destroy
13632,Dwarf remains,Destroy, |  |  |  | Destroy
13633,Dwarf remains,Destroy, |  |  |  | Destroy
13634,Dwarf remains,Destroy, |  |  |  | Destroy
13635,Dwarf remains,Destroy, |  |  |  | Destroy
13636,Dwarf remains,Destroy, |  |  |  | Destroy
13637,Dwarf remains,Destroy, |  |  |  | Destroy
13638,Dwarf remains,Destroy, |  |  |  | Destroy
13639,Dwarf remains,Destroy, |  |  |  | Destroy
13640,Dwarf remains,Destroy, |  |  |  | Destroy
13641,Dwarf remains,Destroy, |  |  |  | Destroy
13642,Dwarf remains,Destroy, |  |  |  | Destroy
13643,Dwarf remains,Destroy, |  |  |  | Destroy
13644,Dwarf remains,Destroy, |  |  |  | Destroy
13645,Dwarf remains,Destroy, |  |  |  | Destroy
13646,Dwarf remains,Destroy, |  |  |  | Destroy
13647,Dwarf remains,Destroy, |  |  |  | Destroy
13648,Dwarf remains,Destroy, |  |  |  | Destroy
13649,Dwarf remains,Destroy, |  |  |  | Destroy
13650,Dwarf remains,Destroy, |  |  |  | Destroy
13651,Dwarf remains,Destroy, |  |  |  | Destroy
13652,Dwarf remains,Destroy, |  |  |  | Destroy
13653,Dwarf remains,Destroy, |  |  |  | Destroy
13654,Dwarf remains,Destroy, |  |  |  | Destroy
13655,Dwarf remains,Destroy, |  |  |  | Destroy
13656,Dwarf remains,Destroy, |  |  |  | Destroy
13657,Dwarf remains,Destroy, |  |  |  | Destroy
13658,Dwarf remains,Destroy, |  |  |  | Destroy
13659,Dwarf remains,Destroy, |  |  |  | Destroy
13660,Dwarf remains,Destroy, |  |  |  | Destroy
13661,Dwarf remains,Destroy, |  |  |  | Destroy
13662,Dwarf remains,Destroy, |  |  |  | Destroy
13663,Dwarf remains,Destroy, |  |  |  | Destroy
13664,Dwarf remains,Destroy, |  |  |  | Destroy
13665,Dwarf remains,Destroy, |  |  |  | Destroy
13666,Dwarf remains,Destroy, |  |  |  | Destroy
13667,Dwarf remains,Destroy, |  |  |  | Destroy
13668,Dwarf remains,Destroy, |  |  |  | Destroy
13669,Dwarf remains,Destroy, |  |  |  | Destroy
13670,Dwarf remains,Destroy, |  |  |  | Destroy
13671,Dwarf remains,Destroy, |  |  |  | Destroy
13672,Dwarf remains,Destroy, |  |  |  | Destroy
13673,Dwarf remains,Destroy, |  |  |  | Destroy
13674,Dwarf remains,Destroy, |  |  |  | Destroy
13675,Dwarf remains,Destroy, |  |  |  | Destroy
13676,Dwarf remains,Destroy, |  |  |  | Destroy
13677,Dwarf remains,Destroy, |  |  |  | Destroy
13678,Dwarf remains,Destroy, |  |  |  | Destroy
13679,Dwarf remains,Destroy, |  |  |  | Destroy
13680,Dwarf remains,Destroy, |  |  |  | Destroy
13681,Dwarf remains,Destroy, |  |  |  | Destroy
13682,Dwarf remains,Destroy, |  |  |  | Destroy
13683,Dwarf remains,Destroy, |  |  |  | Destroy
13684,Dwarf remains,Destroy, |  |  |  | Destroy
13685,Dwarf remains,Destroy, |  |  |  | Destroy
13686,Dwarf remains,Destroy, |  |  |  | Destroy
13687,Dwarf remains,Destroy, |  |  |  | Destroy
13688,Dwarf remains,Destroy, |  |  |  | Destroy
13689,Dwarf remains,Destroy, |  |  |  | Destroy
13690,Dwarf remains,Destroy, |  |  |  | Destroy
13691,Dwarf remains,Destroy, |  |  |  | Destroy
13692,Dwarf remains,Destroy, |  |  |  | Destroy
13693,Dwarf remains,Destroy, |  |  |  | Destroy
13694,Dwarf remains,Destroy, |  |  |  | Destroy
13695,Dwarf remains,Destroy, |  |  |  | Destroy
13696,Dwarf remains,Destroy, |  |  |  | Destroy
13697,Dwarf remains,Destroy, |  |  |  | Destroy
13698,Dwarf remains,Destroy, |  |  |  | Destroy
13699,Dwarf remains,Destroy, |  |  |  | Destroy
13700,Dwarf remains,Destroy, |  |  |  | Destroy
13701,Dwarf remains,Destroy, |  |  |  | Destroy
13702,Dwarf remains,Destroy, |  |  |  | Destroy
13703,Dwarf remains,Destroy, |  |  |  | Destroy
13704,Dwarf remains,Destroy, |  |  |  | Destroy
13705,Dwarf remains,Destroy, |  |  |  | Destroy
13706,Dwarf remains,Destroy, |  |  |  | Destroy
13707,Dwarf remains,Destroy, |  |  |  | Destroy
13708,Dwarf remains,Destroy, |  |  |  | Destroy
13709,Dwarf remains,Destroy, |  |  |  | Destroy
13710,Dwarf remains,Destroy, |  |  |  | Destroy
13711,Dwarf remains,Destroy, |  |  |  | Destroy
13712,Dwarf remains,Destroy, |  |  |  | Destroy
13713,Dwarf remains,Destroy, |  |  |  | Destroy
13714,Dwarf remains,Destroy, |  |  |  | Destroy
13715,Dwarf remains,Destroy, |  |  |  | Destroy
13716,Dwarf remains,Destroy, |  |  |  | Destroy
13717,Dwarf remains,Destroy, |  |  |  | Destroy
13718,Dwarf remains,Destroy, |  |  |  | Destroy
13719,Dwarf remains,Destroy, |  |  |  | Destroy
13720,Dwarf remains,Destroy, |  |  |  | Destroy
13721,Dwarf remains,Destroy, |  |  |  | Destroy
13722,Dwarf remains,Destroy, |  |  |  | Destroy
13723,Dwarf remains,Destroy, |  |  |  | Destroy
13724,Dwarf remains,Destroy, |  |  |  | Destroy
13725,Dwarf remains,Destroy, |  |  |  | Destroy
13726,Dwarf remains,Destroy, |  |  |  | Destroy
13727,Dwarf remains,Destroy, |  |  |  | Destroy
13728,Dwarf remains,Destroy, |  |  |  | Destroy
13729,Dwarf remains,Destroy, |  |  |  | Destroy
13730,Dwarf remains,Destroy, |  |  |  | Destroy
13731,Dwarf remains,Destroy, |  |  |  | Destroy
13732,Dwarf remains,Destroy, |  |  |  | Destroy
13733,Dwarf remains,Destroy, |  |  |  | Destroy
13735,Dwarf remains,Destroy, |  |  |  | Destroy
13737,Dwarf remains,Destroy, |  |  |  | Destroy
13739,Dwarf remains,Destroy, |  |  |  | Destroy
13741,Dwarf remains,Destroy, |  |  |  | Destroy
13743,Dwarf remains,Destroy, |  |  |  | Destroy
13745,Dwarf remains,Destroy, |  |  |  | Destroy
13746,Dwarf remains,Destroy, |  |  |  | Destroy
13747,Dwarf remains,Destroy, |  |  |  | Destroy
13748,Dwarf remains,Destroy, |  |  |  | Destroy
13749,Dwarf remains,Destroy, |  |  |  | Destroy
13750,Dwarf remains,Destroy, |  |  |  | Destroy
13751,Dwarf remains,Destroy, |  |  |  | Destroy
13752,Dwarf remains,Destroy, |  |  |  | Destroy
13753,Dwarf remains,Destroy, |  |  |  | Destroy
13754,Dwarf remains,Destroy, |  |  |  | Destroy
13755,Dwarf remains,Destroy, |  |  |  | Destroy
13756,Dwarf remains,Destroy, |  |  |  | Destroy
13757,Dwarf remains,Destroy, |  |  |  | Destroy
13758,Dwarf remains,Destroy, |  |  |  | Destroy
13759,Dwarf remains,Destroy, |  |  |  | Destroy
13760,Dwarf remains,Destroy, |  |  |  | Destroy
13761,Dwarf remains,Destroy, |  |  |  | Destroy
13762,Dwarf remains,Destroy, |  |  |  | Destroy
13763,Dwarf remains,Destroy, |  |  |  | Destroy
13764,Dwarf remains,Destroy, |  |  |  | Destroy
13765,Dwarf remains,Destroy, |  |  |  | Destroy
13766,Dwarf remains,Destroy, |  |  |  | Destroy
13767,Dwarf remains,Destroy, |  |  |  | Destroy
13768,Dwarf remains,Destroy, |  |  |  | Destroy
13769,Dwarf remains,Destroy, |  |  |  | Destroy
13770,Dwarf remains,Destroy, |  |  |  | Destroy
13771,Dwarf remains,Destroy, |  |  |  | Destroy
13772,Dwarf remains,Destroy, |  |  |  | Destroy
13773,Dwarf remains,Destroy, |  |  |  | Destroy
13774,Dwarf remains,Destroy, |  |  |  | Destroy
13775,Dwarf remains,Destroy, |  |  |  | Destroy
13776,Dwarf remains,Destroy, |  |  |  | Destroy
13777,Dwarf remains,Destroy, |  |  |  | Destroy
13778,Dwarf remains,Destroy, |  |  |  | Destroy
13779,Dwarf remains,Destroy, |  |  |  | Destroy
13780,Dwarf remains,Destroy, |  |  |  | Destroy
13781,Dwarf remains,Destroy, |  |  |  | Destroy
13782,Dwarf remains,Destroy, |  |  |  | Destroy
13783,Dwarf remains,Destroy, |  |  |  | Destroy
13784,Dwarf remains,Destroy, |  |  |  | Destroy
13785,Dwarf remains,Destroy, |  |  |  | Destroy
13786,Dwarf remains,Destroy, |  |  |  | Destroy
13787,Dwarf remains,Destroy, |  |  |  | Destroy
13788,Dwarf remains,Destroy, |  |  |  | Destroy
13789,Dwarf remains,Destroy, |  |  |  | Destroy
13790,Dwarf remains,Destroy, |  |  |  | Destroy
13791,Dwarf remains,Destroy, |  |  |  | Destroy
13792,Dwarf remains,Destroy, |  |  |  | Destroy
13793,Dwarf remains,Destroy, |  |  |  | Destroy
13794,Dwarf remains,Destroy, |  |  |  | Destroy
13795,Dwarf remains,Destroy, |  |  |  | Destroy
13796,Dwarf remains,Destroy, |  |  |  | Destroy
13797,Dwarf remains,Destroy, |  |  |  | Destroy
13798,Dwarf remains,Destroy, |  |  |  | Destroy
13799,Dwarf remains,Destroy, |  |  |  | Destroy
13800,Dwarf remains,Destroy, |  |  |  | Destroy
13801,Dwarf remains,Destroy, |  |  |  | Destroy
13802,Dwarf remains,Destroy, |  |  |  | Destroy
13803,Dwarf remains,Destroy, |  |  |  | Destroy
13804,Dwarf remains,Destroy, |  |  |  | Destroy
13805,Dwarf remains,Destroy, |  |  |  | Destroy
13806,Dwarf remains,Destroy, |  |  |  | Destroy
13807,Dwarf remains,Destroy, |  |  |  | Destroy
13808,Dwarf remains,Destroy, |  |  |  | Destroy
13809,Dwarf remains,Destroy, |  |  |  | Destroy
13810,Dwarf remains,Destroy, |  |  |  | Destroy
13811,Dwarf remains,Destroy, |  |  |  | Destroy
13812,Dwarf remains,Destroy, |  |  |  | Destroy
13813,Dwarf remains,Destroy, |  |  |  | Destroy
13814,Dwarf remains,Destroy, |  |  |  | Destroy
13815,Dwarf remains,Destroy, |  |  |  | Destroy
13816,Dwarf remains,Destroy, |  |  |  | Destroy
13817,Dwarf remains,Destroy, |  |  |  | Destroy
13818,Dwarf remains,Destroy, |  |  |  | Destroy
13819,Dwarf remains,Destroy, |  |  |  | Destroy
13820,Dwarf remains,Destroy, |  |  |  | Destroy
13821,Dwarf remains,Destroy, |  |  |  | Destroy
13822,Dwarf remains,Destroy, |  |  |  | Destroy
13823,Dwarf remains,Destroy, |  |  |  | Destroy
13824,Dwarf remains,Destroy, |  |  |  | Destroy
13825,Dwarf remains,Destroy, |  |  |  | Destroy
13826,Dwarf remains,Destroy, |  |  |  | Destroy
13827,Dwarf remains,Destroy, |  |  |  | Destroy
13828,Dwarf remains,Destroy, |  |  |  | Destroy
13829,Dwarf remains,Destroy, |  |  |  | Destroy
13830,Dwarf remains,Destroy, |  |  |  | Destroy
13831,Dwarf remains,Destroy, |  |  |  | Destroy
13832,Dwarf remains,Destroy, |  |  |  | Destroy
13833,Dwarf remains,Destroy, |  |  |  | Destroy
13834,Dwarf remains,Destroy, |  |  |  | Destroy
13835,Dwarf remains,Destroy, |  |  |  | Destroy
13836,Dwarf remains,Destroy, |  |  |  | Destroy
13837,Dwarf remains,Destroy, |  |  |  | Destroy
13838,Dwarf remains,Destroy, |  |  |  | Destroy
13839,Dwarf remains,Destroy, |  |  |  | Destroy
13840,Dwarf remains,Destroy, |  |  |  | Destroy
13841,Dwarf remains,Destroy, |  |  |  | Destroy
13842,Dwarf remains,Destroy, |  |  |  | Destroy
13843,Dwarf remains,Destroy, |  |  |  | Destroy
13844,Dwarf remains,Destroy, |  |  |  | Destroy
13845,Dwarf remains,Destroy, |  |  |  | Destroy
13846,Dwarf remains,Destroy, |  |  |  | Destroy
13847,Dwarf remains,Destroy, |  |  |  | Destroy
13848,Dwarf remains,Destroy, |  |  |  | Destroy
13849,Dwarf remains,Destroy, |  |  |  | Destroy
13850,Dwarf remains,Destroy, |  |  |  | Destroy
13851,Dwarf remains,Destroy, |  |  |  | Destroy
13852,Dwarf remains,Destroy, |  |  |  | Destroy
13853,Dwarf remains,Destroy, |  |  |  | Destroy
13854,Dwarf remains,Destroy, |  |  |  | Destroy
13855,Dwarf remains,Destroy, |  |  |  | Destroy
13856,Dwarf remains,Destroy, |  |  |  | Destroy
13857,Dwarf remains,Destroy, |  |  |  | Destroy
13859,Dwarf remains,Destroy, |  |  |  | Destroy
13860,Dwarf remains,Destroy, |  |  |  | Destroy
13862,Dwarf remains,Destroy, |  |  |  | Destroy
13863,Dwarf remains,Destroy, |  |  |  | Destroy
13865,Dwarf remains,Destroy, |  |  |  | Destroy
13866,Dwarf remains,Destroy, |  |  |  | Destroy
13867,Dwarf remains,Destroy, |  |  |  | Destroy
13868,Dwarf remains,Destroy, |  |  |  | Destroy
13869,Dwarf remains,Destroy, |  |  |  | Destroy
13871,Dwarf remains,Destroy, |  |  |  | Destroy
13872,Dwarf remains,Destroy, |  |  |  | Destroy
13874,Dwarf remains,Destroy, |  |  |  | Destroy
13875,Dwarf remains,Destroy, |  |  |  | Destroy
13877,Dwarf remains,Destroy, |  |  |  | Destroy
13878,Dwarf remains,Destroy, |  |  |  | Destroy
13880,Dwarf remains,Destroy, |  |  |  | Destroy
13881,Dwarf remains,Destroy, |  |  |  | Destroy
13882,Dwarf remains,Destroy, |  |  |  | Destroy
13883,Dwarf remains,Destroy, |  |  |  | Destroy
13885,Dwarf remains,Destroy, |  |  |  | Destroy
13886,Dwarf remains,Destroy, |  |  |  | Destroy
13888,Dwarf remains,Destroy, |  |  |  | Destroy
13889,Dwarf remains,Destroy, |  |  |  | Destroy
13891,Dwarf remains,Destroy, |  |  |  | Destroy
13892,Dwarf remains,Destroy, |  |  |  | Destroy
13894,Dwarf remains,Destroy, |  |  |  | Destroy
13895,Dwarf remains,Destroy, |  |  |  | Destroy
13897,Dwarf remains,Destroy, |  |  |  | Destroy
13898,Dwarf remains,Destroy, |  |  |  | Destroy
13900,Dwarf remains,Destroy, |  |  |  | Destroy
13901,Dwarf remains,Destroy, |  |  |  | Destroy
13903,Dwarf remains,Destroy, |  |  |  | Destroy
13904,Dwarf remains,Destroy, |  |  |  | Destroy
13906,Dwarf remains,Destroy, |  |  |  | Destroy
13907,Dwarf remains,Destroy, |  |  |  | Destroy
13908,Dwarf remains,Destroy, |  |  |  | Destroy
13909,Dwarf remains,Destroy, |  |  |  | Destroy
13910,Dwarf remains,Destroy, |  |  |  | Destroy
13911,Dwarf remains,Destroy, |  |  |  | Destroy
13912,Dwarf remains,Destroy, |  |  |  | Destroy
13913,Dwarf remains,Destroy, |  |  |  | Destroy
13914,Dwarf remains,Destroy, |  |  |  | Destroy
13915,Dwarf remains,Destroy, |  |  |  | Destroy
13916,Dwarf remains,Destroy, |  |  |  | Destroy
13917,Dwarf remains,Destroy, |  |  |  | Destroy
13918,Dwarf remains,Destroy, |  |  |  | Destroy
13919,Dwarf remains,Destroy, |  |  |  | Destroy
13920,Dwarf remains,Destroy, |  |  |  | Destroy
13921,Dwarf remains,Destroy, |  |  |  | Destroy
13930,Dwarf remains,Destroy, |  |  |  | Destroy
13931,Dwarf remains,Destroy, |  |  |  | Destroy
13932,Dwarf remains,Destroy, |  |  |  | Destroy
13933,Dwarf remains,Destroy, |  |  |  | Destroy
13934,Dwarf remains,Destroy, |  |  |  | Destroy
13935,Dwarf remains,Destroy, |  |  |  | Destroy
13936,Dwarf remains,Destroy, |  |  |  | Destroy
13937,Dwarf remains,Destroy, |  |  |  | Destroy
13938,Dwarf remains,Destroy, |  |  |  | Destroy
13939,Dwarf remains,Destroy, |  |  |  | Destroy
13940,Dwarf remains,Destroy, |  |  |  | Destroy
13941,Dwarf remains,Destroy, |  |  |  | Destroy
13942,Dwarf remains,Destroy, |  |  |  | Destroy
13943,Dwarf remains,Destroy, |  |  |  | Destroy
13944,Dwarf remains,Destroy, |  |  |  | Destroy
13945,Dwarf remains,Destroy, |  |  |  | Destroy
13946,Dwarf remains,Destroy, |  |  |  | Destroy
13947,Dwarf remains,Destroy, |  |  |  | Destroy
13948,Dwarf remains,Destroy, |  |  |  | Destroy
13949,Dwarf remains,Destroy, |  |  |  | Destroy
13950,Dwarf remains,Destroy, |  |  |  | Destroy
13951,Dwarf remains,Destroy, |  |  |  | Destroy
13952,Dwarf remains,Destroy, |  |  |  | Destroy
13953,Dwarf remains,Destroy, |  |  |  | Destroy
13954,Dwarf remains,Destroy, |  |  |  | Destroy
13955,Dwarf remains,Destroy, |  |  |  | Destroy
13956,Dwarf remains,Destroy, |  |  |  | Destroy
13957,Dwarf remains,Destroy, |  |  |  | Destroy
13958,Dwarf remains,Destroy, |  |  |  | Destroy
13959,Dwarf remains,Destroy, |  |  |  | Destroy
13960,Dwarf remains,Destroy, |  |  |  | Destroy
13961,Dwarf remains,Destroy, |  |  |  | Destroy
13962,Dwarf remains,Destroy, |  |  |  | Destroy
13963,Dwarf remains,Destroy, |  |  |  | Destroy
13964,Dwarf remains,Destroy, |  |  |  | Destroy
13965,Dwarf remains,Destroy, |  |  |  | Destroy
13966,Dwarf remains,Destroy, |  |  |  | Destroy
13967,Dwarf remains,Destroy, |  |  |  | Destroy
13968,Dwarf remains,Destroy, |  |  |  | Destroy
13969,Dwarf remains,Destroy, |  |  |  | Destroy
13970,Dwarf remains,Destroy, |  |  |  | Destroy
13971,Dwarf remains,Destroy, |  |  |  | Destroy
13972,Dwarf remains,Destroy, |  |  |  | Destroy
13973,Dwarf remains,Destroy, |  |  |  | Destroy
13974,Dwarf remains,Destroy, |  |  |  | Destroy
13975,Dwarf remains,Destroy, |  |  |  | Destroy
13976,Dwarf remains,Destroy, |  |  |  | Destroy
13977,Dwarf remains,Destroy, |  |  |  | Destroy
13978,Dwarf remains,Destroy, |  |  |  | Destroy
13979,Dwarf remains,Destroy, |  |  |  | Destroy
13980,Dwarf remains,Destroy, |  |  |  | Destroy
13981,Dwarf remains,Destroy, |  |  |  | Destroy
13982,Dwarf remains,Destroy, |  |  |  | Destroy
13983,Dwarf remains,Destroy, |  |  |  | Destroy
13984,Dwarf remains,Destroy, |  |  |  | Destroy
13985,Dwarf remains,Destroy, |  |  |  | Destroy
13986,Dwarf remains,Destroy, |  |  |  | Destroy
13987,Dwarf remains,Destroy, |  |  |  | Destroy
13988,Dwarf remains,Destroy, |  |  |  | Destroy
13989,Dwarf remains,Destroy, |  |  |  | Destroy
13990,Dwarf remains,Destroy, |  |  |  | Destroy
13991,Dwarf remains,Destroy, |  |  |  | Destroy
13992,Dwarf remains,Destroy, |  |  |  | Destroy
13993,Dwarf remains,Destroy, |  |  |  | Destroy
13994,Dwarf remains,Destroy, |  |  |  | Destroy
13995,Dwarf remains,Destroy, |  |  |  | Destroy
13996,Dwarf remains,Destroy, |  |  |  | Destroy
13997,Dwarf remains,Destroy, |  |  |  | Destroy
13998,Dwarf remains,Destroy, |  |  |  | Destroy
14017,Dwarf remains,Destroy, |  |  |  | Destroy
14018,Dwarf remains,Destroy, |  |  |  | Destroy
14019,Dwarf remains,Destroy, |  |  |  | Destroy
14020,Dwarf remains,Destroy, |  |  |  | Destroy
14021,Dwarf remains,Destroy, |  |  |  | Destroy
14022,Dwarf remains,Destroy, |  |  |  | Destroy
14023,Dwarf remains,Destroy, |  |  |  | Destroy
14024,Dwarf remains,Destroy, |  |  |  | Destroy
14025,Dwarf remains,Destroy, |  |  |  | Destroy
14026,Dwarf remains,Destroy, |  |  |  | Destroy
14027,Dwarf remains,Destroy, |  |  |  | Destroy
14028,Dwarf remains,Destroy, |  |  |  | Destroy
14029,Dwarf remains,Destroy, |  |  |  | Destroy
14030,Dwarf remains,Destroy, |  |  |  | Destroy
14031,Dwarf remains,Destroy, |  |  |  | Destroy
14032,Dwarf remains,Destroy, |  |  |  | Destroy
14033,Dwarf remains,Destroy, |  |  |  | Destroy
14034,Dwarf remains,Destroy, |  |  |  | Destroy
14035,Dwarf remains,Destroy, |  |  |  | Destroy
14036,Dwarf remains,Destroy, |  |  |  | Destroy
14037,Dwarf remains,Destroy, |  |  |  | Destroy
14038,Dwarf remains,Destroy, |  |  |  | Destroy
14039,Dwarf remains,Destroy, |  |  |  | Destroy
14040,Dwarf remains,Destroy, |  |  |  | Destroy
14041,Dwarf remains,Destroy, |  |  |  | Destroy
14042,Dwarf remains,Destroy, |  |  |  | Destroy
14043,Dwarf remains,Destroy, |  |  |  | Destroy
14044,Dwarf remains,Destroy, |  |  |  | Destroy
14045,Dwarf remains,Destroy, |  |  |  | Destroy
14046,Dwarf remains,Destroy, |  |  |  | Destroy
14047,Dwarf remains,Destroy, |  |  |  | Destroy
14048,Dwarf remains,Destroy, |  |  |  | Destroy
14049,Dwarf remains,Destroy, |  |  |  | Destroy
14050,Dwarf remains,Destroy, |  |  |  | Destroy
14051,Dwarf remains,Destroy, |  |  |  | Destroy
14052,Dwarf remains,Destroy, |  |  |  | Destroy
14053,Dwarf remains,Destroy, |  |  |  | Destroy
14054,Dwarf remains,Destroy, |  |  |  | Destroy
14055,Dwarf remains,Destroy, |  |  |  | Destroy
14056,Dwarf remains,Destroy, |  |  |  | Destroy
14057,Dwarf remains,Destroy, |  |  |  | Destroy
14058,Dwarf remains,Destroy, |  |  |  | Destroy
14059,Dwarf remains,Destroy, |  |  |  | Destroy
14060,Dwarf remains,Destroy, |  |  |  | Destroy
14061,Dwarf remains,Destroy, |  |  |  | Destroy
14062,Dwarf remains,Destroy, |  |  |  | Destroy
14063,Dwarf remains,Destroy, |  |  |  | Destroy
14064,Dwarf remains,Destroy, |  |  |  | Destroy
14065,Dwarf remains,Destroy, |  |  |  | Destroy
14066,Dwarf remains,Destroy, |  |  |  | Destroy
14067,Dwarf remains,Destroy, |  |  |  | Destroy
14068,Dwarf remains,Destroy, |  |  |  | Destroy
14069,Dwarf remains,Destroy, |  |  |  | Destroy
14070,Dwarf remains,Destroy, |  |  |  | Destroy
14071,Dwarf remains,Destroy, |  |  |  | Destroy
14072,Dwarf remains,Destroy, |  |  |  | Destroy
14073,Dwarf remains,Destroy, |  |  |  | Destroy
14074,Dwarf remains,Destroy, |  |  |  | Destroy
14075,Dwarf remains,Destroy, |  |  |  | Destroy
14076,Dwarf remains,Destroy, |  |  |  | Destroy
14077,Dwarf remains,Destroy, |  |  |  | Destroy
14078,Dwarf remains,Destroy, |  |  |  | Destroy
14079,Dwarf remains,Destroy, |  |  |  | Destroy
14080,Dwarf remains,Destroy, |  |  |  | Destroy
14081,Dwarf remains,Destroy, |  |  |  | Destroy
14082,Dwarf remains,Destroy, |  |  |  | Destroy
14083,Dwarf remains,Destroy, |  |  |  | Destroy
14084,Dwarf remains,Destroy, |  |  |  | Destroy
14085,Dwarf remains,Destroy, |  |  |  | Destroy
14086,Dwarf remains,Destroy, |  |  |  | Destroy
14087,Dwarf remains,Destroy, |  |  |  | Destroy
14088,Dwarf remains,Destroy, |  |  |  | Destroy
14089,Dwarf remains,Destroy, |  |  |  | Destroy
14090,Dwarf remains,Destroy, |  |  |  | Destroy
14091,Dwarf remains,Destroy, |  |  |  | Destroy
14092,Dwarf remains,Destroy, |  |  |  | Destroy
14093,Dwarf remains,Destroy, |  |  |  | Destroy
14094,Dwarf remains,Destroy, |  |  |  | Destroy
14095,Dwarf remains,Destroy, |  |  |  | Destroy
14096,Dwarf remains,Destroy, |  |  |  | Destroy
14097,Dwarf remains,Destroy, |  |  |  | Destroy
14098,Dwarf remains,Destroy, |  |  |  | Destroy
14099,Dwarf remains,Destroy, |  |  |  | Destroy
14103,Dwarf remains,Destroy, |  |  |  | Destroy
14104,Dwarf remains,Destroy, |  |  |  | Destroy
14105,Dwarf remains,Destroy, |  |  |  | Destroy
14106,Dwarf remains,Destroy, |  |  |  | Destroy
14107,Dwarf remains,Destroy, |  |  |  | Destroy
14108,Dwarf remains,Destroy, |  |  |  | Destroy
14109,Dwarf remains,Destroy, |  |  |  | Destroy
14110,Dwarf remains,Destroy, |  |  |  | Destroy
14111,Dwarf remains,Destroy, |  |  |  | Destroy
14112,Dwarf remains,Destroy, |  |  |  | Destroy
14113,Dwarf remains,Destroy, |  |  |  | Destroy
14114,Dwarf remains,Destroy, |  |  |  | Destroy
14115,Dwarf remains,Destroy, |  |  |  | Destroy
14116,Dwarf remains,Destroy, |  |  |  | Destroy
14117,Dwarf remains,Destroy, |  |  |  | Destroy
14118,Dwarf remains,Destroy, |  |  |  | Destroy
14119,Dwarf remains,Destroy, |  |  |  | Destroy
14120,Dwarf remains,Destroy, |  |  |  | Destroy
14121,Dwarf remains,Destroy, |  |  |  | Destroy
14122,Dwarf remains,Destroy, |  |  |  | Destroy
14123,Dwarf remains,Destroy, |  |  |  | Destroy
14124,Dwarf remains,Destroy, |  |  |  | Destroy
14125,Dwarf remains,Destroy, |  |  |  | Destroy
14126,Dwarf remains,Destroy, |  |  |  | Destroy
14127,Dwarf remains,Destroy, |  |  |  | Destroy
14128,Dwarf remains,Destroy, |  |  |  | Destroy
14129,Dwarf remains,Destroy, |  |  |  | Destroy
14130,Dwarf remains,Destroy, |  |  |  | Destroy
14131,Dwarf remains,Destroy, |  |  |  | Destroy
14132,Dwarf remains,Destroy, |  |  |  | Destroy
14133,Dwarf remains,Destroy, |  |  |  | Destroy
14134,Dwarf remains,Destroy, |  |  |  | Destroy
14135,Dwarf remains,Destroy, |  |  |  | Destroy
14136,Dwarf remains,Destroy, |  |  |  | Destroy
14137,Dwarf remains,Destroy, |  |  |  | Destroy
14138,Dwarf remains,Destroy, |  |  |  | Destroy
14139,Dwarf remains,Destroy, |  |  |  | Destroy
14140,Dwarf remains,Destroy, |  |  |  | Destroy
14141,Dwarf remains,Destroy, |  |  |  | Destroy
14142,Dwarf remains,Destroy, |  |  |  | Destroy
14143,Dwarf remains,Destroy, |  |  |  | Destroy
14144,Dwarf remains,Destroy, |  |  |  | Destroy
14145,Dwarf remains,Destroy, |  |  |  | Destroy
14146,Dwarf remains,Destroy, |  |  |  | Destroy
14147,Dwarf remains,Destroy, |  |  |  | Destroy
14148,Dwarf remains,Destroy, |  |  |  | Destroy
14149,Dwarf remains,Destroy, |  |  |  | Destroy
14150,Dwarf remains,Destroy, |  |  |  | Destroy
14151,Dwarf remains,Destroy, |  |  |  | Destroy
14152,Dwarf remains,Destroy, |  |  |  | Destroy
14153,Dwarf remains,Destroy, |  |  |  | Destroy
14154,Dwarf remains,Destroy, |  |  |  | Destroy
14155,Dwarf remains,Destroy, |  |  |  | Destroy
14156,Dwarf remains,Destroy, |  |  |  | Destroy
14157,Dwarf remains,Destroy, |  |  |  | Destroy
14158,Dwarf remains,Destroy, |  |  |  | Destroy
14159,Dwarf remains,Destroy, |  |  |  | Destroy
14160,Dwarf remains,Destroy, |  |  |  | Destroy
14161,Dwarf remains,Destroy, |  |  |  | Destroy
14162,Dwarf remains,Destroy, |  |  |  | Destroy
14163,Dwarf remains,Destroy, |  |  |  | Destroy
14164,Dwarf remains,Destroy, |  |  |  | Destroy
14165,Dwarf remains,Destroy, |  |  |  | Destroy
14166,Dwarf remains,Destroy, |  |  |  | Destroy
14167,Dwarf remains,Destroy, |  |  |  | Destroy
14168,Dwarf remains,Destroy, |  |  |  | Destroy
14169,Dwarf remains,Destroy, |  |  |  | Destroy
14170,Dwarf remains,Destroy, |  |  |  | Destroy
14171,Dwarf remains,Destroy, |  |  |  | Destroy
14172,Dwarf remains,Destroy, |  |  |  | Destroy
14173,Dwarf remains,Destroy, |  |  |  | Destroy
14174,Dwarf remains,Destroy, |  |  |  | Destroy
14175,Dwarf remains,Destroy, |  |  |  | Destroy
14176,Dwarf remains,Destroy, |  |  |  | Destroy
14177,Dwarf remains,Destroy, |  |  |  | Destroy
14178,Dwarf remains,Destroy, |  |  |  | Destroy
14179,Dwarf remains,Destroy, |  |  |  | Destroy
14180,Dwarf remains,Destroy, |  |  |  | Destroy
14181,Dwarf remains,Destroy, |  |  |  | Destroy
14182,Dwarf remains,Destroy, |  |  |  | Destroy
14183,Dwarf remains,Destroy, |  |  |  | Destroy
14184,Dwarf remains,Destroy, |  |  |  | Destroy
14185,Dwarf remains,Destroy, |  |  |  | Destroy
14186,Dwarf remains,Destroy, |  |  |  | Destroy
14187,Dwarf remains,Destroy, |  |  |  | Destroy
14188,Dwarf remains,Destroy, |  |  |  | Destroy
14189,Dwarf remains,Destroy, |  |  |  | Destroy
14190,Dwarf remains,Destroy, |  |  |  | Destroy
14191,Dwarf remains,Destroy, |  |  |  | Destroy
14192,Dwarf remains,Destroy, |  |  |  | Destroy
14193,Dwarf remains,Destroy, |  |  |  | Destroy
14194,Dwarf remains,Destroy, |  |  |  | Destroy
14195,Dwarf remains,Destroy, |  |  |  | Destroy
14196,Dwarf remains,Destroy, |  |  |  | Destroy
14197,Dwarf remains,Destroy, |  |  |  | Destroy
14198,Dwarf remains,Destroy, |  |  |  | Destroy
14199,Dwarf remains,Destroy, |  |  |  | Destroy
14200,Dwarf remains,Destroy, |  |  |  | Destroy
14201,Dwarf remains,Destroy, |  |  |  | Destroy
14202,Dwarf remains,Destroy, |  |  |  | Destroy
14203,Dwarf remains,Destroy, |  |  |  | Destroy
14204,Dwarf remains,Destroy, |  |  |  | Destroy
14205,Dwarf remains,Destroy, |  |  |  | Destroy
14206,Dwarf remains,Destroy, |  |  |  | Destroy
14207,Dwarf remains,Destroy, |  |  |  | Destroy
14208,Dwarf remains,Destroy, |  |  |  | Destroy
14209,Dwarf remains,Destroy, |  |  |  | Destroy
14210,Dwarf remains,Destroy, |  |  |  | Destroy
14211,Dwarf remains,Destroy, |  |  |  | Destroy
14212,Dwarf remains,Destroy, |  |  |  | Destroy
14213,Dwarf remains,Destroy, |  |  |  | Destroy
14214,Dwarf remains,Destroy, |  |  |  | Destroy
14215,Dwarf remains,Destroy, |  |  |  | Destroy
14216,Dwarf remains,Destroy, |  |  |  | Destroy
14217,Dwarf remains,Destroy, |  |  |  | Destroy
14218,Dwarf remains,Destroy, |  |  |  | Destroy
14219,Dwarf remains,Destroy, |  |  |  | Destroy
14220,Dwarf remains,Destroy, |  |  |  | Destroy
14221,Dwarf remains,Destroy, |  |  |  | Destroy
14222,Dwarf remains,Destroy, |  |  |  | Destroy
14223,Dwarf remains,Destroy, |  |  |  | Destroy
14224,Dwarf remains,Destroy, |  |  |  | Destroy
14225,Dwarf remains,Destroy, |  |  |  | Destroy
14226,Dwarf remains,Destroy, |  |  |  | Destroy
14227,Dwarf remains,Destroy, |  |  |  | Destroy
14228,Dwarf remains,Destroy, |  |  |  | Destroy
14229,Dwarf remains,Destroy, |  |  |  | Destroy
14230,Dwarf remains,Destroy, |  |  |  | Destroy
14231,Dwarf remains,Destroy, |  |  |  | Destroy
14232,Dwarf remains,Destroy, |  |  |  | Destroy
14233,Dwarf remains,Destroy, |  |  |  | Destroy
14234,Dwarf remains,Destroy, |  |  |  | Destroy
14235,Dwarf remains,Destroy, |  |  |  | Destroy
14236,Dwarf remains,Destroy, |  |  |  | Destroy
14237,Dwarf remains,Destroy, |  |  |  | Destroy
14238,Dwarf remains,Destroy, |  |  |  | Destroy
14239,Dwarf remains,Destroy, |  |  |  | Destroy
14240,Dwarf remains,Destroy, |  |  |  | Destroy
14241,Dwarf remains,Destroy, |  |  |  | Destroy
14242,Dwarf remains,Destroy, |  |  |  | Destroy
14243,Dwarf remains,Destroy, |  |  |  | Destroy
14244,Dwarf remains,Destroy, |  |  |  | Destroy
14245,Dwarf remains,Destroy, |  |  |  | Destroy
14246,Dwarf remains,Destroy, |  |  |  | Destroy
14247,Dwarf remains,Destroy, |  |  |  | Destroy
14248,Dwarf remains,Destroy, |  |  |  | Destroy
14249,Dwarf remains,Destroy, |  |  |  | Destroy
14250,Dwarf remains,Destroy, |  |  |  | Destroy
14251,Dwarf remains,Destroy, |  |  |  | Destroy
14252,Dwarf remains,Destroy, |  |  |  | Destroy
14253,Dwarf remains,Destroy, |  |  |  | Destroy
14254,Dwarf remains,Destroy, |  |  |  | Destroy
14255,Dwarf remains,Destroy, |  |  |  | Destroy
14256,Dwarf remains,Destroy, |  |  |  | Destroy
14257,Dwarf remains,Destroy, |  |  |  | Destroy
14258,Dwarf remains,Destroy, |  |  |  | Destroy
14259,Dwarf remains,Destroy, |  |  |  | Destroy
14260,Dwarf remains,Destroy, |  |  |  | Destroy
14261,Dwarf remains,Destroy, |  |  |  | Destroy
14262,Dwarf remains,Destroy, |  |  |  | Destroy
14263,Dwarf remains,Destroy, |  |  |  | Destroy
14264,Dwarf remains,Destroy, |  |  |  | Destroy
14265,Dwarf remains,Destroy, |  |  |  | Destroy
14266,Dwarf remains,Destroy, |  |  |  | Destroy
14267,Dwarf remains,Destroy, |  |  |  | Destroy
14268,Dwarf remains,Destroy, |  |  |  | Destroy
14269,Dwarf remains,Destroy, |  |  |  | Destroy
14270,Dwarf remains,Destroy, |  |  |  | Destroy
14271,Dwarf remains,Destroy, |  |  |  | Destroy
14272,Dwarf remains,Destroy, |  |  |  | Destroy
14273,Dwarf remains,Destroy, |  |  |  | Destroy
14274,Dwarf remains,Destroy, |  |  |  | Destroy
14275,Dwarf remains,Destroy, |  |  |  | Destroy
14276,Dwarf remains,Destroy, |  |  |  | Destroy
14277,Dwarf remains,Destroy, |  |  |  | Destroy
14278,Dwarf remains,Destroy, |  |  |  | Destroy
14279,Dwarf remains,Destroy, |  |  |  | Destroy
14280,Dwarf remains,Destroy, |  |  |  | Destroy
14281,Dwarf remains,Destroy, |  |  |  | Destroy
14282,Dwarf remains,Destroy, |  |  |  | Destroy
14283,Dwarf remains,Destroy, |  |  |  | Destroy
14284,Dwarf remains,Destroy, |  |  |  | Destroy
14285,Dwarf remains,Destroy, |  |  |  | Destroy
14286,Dwarf remains,Destroy, |  |  |  | Destroy
14287,Dwarf remains,Destroy, |  |  |  | Destroy
14288,Dwarf remains,Destroy, |  |  |  | Destroy
14289,Dwarf remains,Destroy, |  |  |  | Destroy
14290,Dwarf remains,Destroy, |  |  |  | Destroy
14291,Dwarf remains,Destroy, |  |  |  | Destroy
14292,Dwarf remains,Destroy, |  |  |  | Destroy
14293,Dwarf remains,Destroy, |  |  |  | Destroy
14294,Dwarf remains,Destroy, |  |  |  | Destroy
14295,Dwarf remains,Destroy, |  |  |  | Destroy
14296,Dwarf remains,Destroy, |  |  |  | Destroy
14297,Dwarf remains,Destroy, |  |  |  | Destroy
14298,Dwarf remains,Destroy, |  |  |  | Destroy
14299,Dwarf remains,Destroy, |  |  |  | Destroy
14300,Dwarf remains,Destroy, |  |  |  | Destroy
14301,Dwarf remains,Destroy, |  |  |  | Destroy
14302,Dwarf remains,Destroy, |  |  |  | Destroy
14303,Dwarf remains,Destroy, |  |  |  | Destroy
14304,Dwarf remains,Destroy, |  |  |  | Destroy
14305,Dwarf remains,Destroy, |  |  |  | Destroy
14306,Dwarf remains,Destroy, |  |  |  | Destroy
14307,Dwarf remains,Destroy, |  |  |  | Destroy
14308,Dwarf remains,Destroy, |  |  |  | Destroy
14309,Dwarf remains,Destroy, |  |  |  | Destroy
14310,Dwarf remains,Destroy, |  |  |  | Destroy
14311,Dwarf remains,Destroy, |  |  |  | Destroy
14312,Dwarf remains,Destroy, |  |  |  | Destroy
14313,Dwarf remains,Destroy, |  |  |  | Destroy
14314,Dwarf remains,Destroy, |  |  |  | Destroy
14315,Dwarf remains,Destroy, |  |  |  | Destroy
14316,Dwarf remains,Destroy, |  |  |  | Destroy
14317,Dwarf remains,Destroy, |  |  |  | Destroy
14318,Dwarf remains,Destroy, |  |  |  | Destroy
14319,Dwarf remains,Destroy, |  |  |  | Destroy
14320,Dwarf remains,Destroy, |  |  |  | Destroy
14321,Dwarf remains,Destroy, |  |  |  | Destroy
14322,Dwarf remains,Destroy, |  |  |  | Destroy
14324,Dwarf remains,Destroy, |  |  |  | Destroy
14326,Dwarf remains,Destroy, |  |  |  | Destroy
14328,Dwarf remains,Destroy, |  |  |  | Destroy
14342,Dwarf remains,Destroy, |  |  |  | Destroy
14343,Dwarf remains,Destroy, |  |  |  | Destroy
14344,Dwarf remains,Destroy, |  |  |  | Destroy
14345,Dwarf remains,Destroy, |  |  |  | Destroy
14346,Dwarf remains,Destroy, |  |  |  | Destroy
14347,Dwarf remains,Destroy, |  |  |  | Destroy
14348,Dwarf remains,Destroy, |  |  |  | Destroy
14349,Dwarf remains,Destroy, |  |  |  | Destroy
14350,Dwarf remains,Destroy, |  |  |  | Destroy
14351,Dwarf remains,Destroy, |  |  |  | Destroy
14352,Dwarf remains,Destroy, |  |  |  | Destroy
14353,Dwarf remains,Destroy, |  |  |  | Destroy
14354,Dwarf remains,Destroy, |  |  |  | Destroy
14355,Dwarf remains,Destroy, |  |  |  | Destroy
14356,Dwarf remains,Destroy, |  |  |  | Destroy
14357,Dwarf remains,Destroy, |  |  |  | Destroy
14358,Dwarf remains,Destroy, |  |  |  | Destroy
14359,Dwarf remains,Destroy, |  |  |  | Destroy
14360,Dwarf remains,Destroy, |  |  |  | Destroy
14361,Dwarf remains,Destroy, |  |  |  | Destroy
14362,Dwarf remains,Destroy, |  |  |  | Destroy
14363,Dwarf remains,Destroy, |  |  |  | Destroy
14364,Dwarf remains,Destroy, |  |  |  | Destroy
14365,Dwarf remains,Destroy, |  |  |  | Destroy
14366,Dwarf remains,Destroy, |  |  |  | Destroy
14367,Dwarf remains,Destroy, |  |  |  | Destroy
14368,Dwarf remains,Destroy, |  |  |  | Destroy
14369,Dwarf remains,Destroy, |  |  |  | Destroy
14370,Dwarf remains,Destroy, |  |  |  | Destroy
14371,Dwarf remains,Destroy, |  |  |  | Destroy
14372,Dwarf remains,Destroy, |  |  |  | Destroy
14373,Dwarf remains,Destroy, |  |  |  | Destroy
14374,Dwarf remains,Destroy, |  |  |  | Destroy
14375,Dwarf remains,Destroy, |  |  |  | Destroy
14376,Dwarf remains,Destroy, |  |  |  | Destroy
14377,Dwarf remains,Destroy, |  |  |  | Destroy
14378,Dwarf remains,Destroy, |  |  |  | Destroy
14379,Dwarf remains,Destroy, |  |  |  | Destroy
14380,Dwarf remains,Destroy, |  |  |  | Destroy
14381,Dwarf remains,Destroy, |  |  |  | Destroy
14382,Dwarf remains,Destroy, |  |  |  | Destroy
14383,Dwarf remains,Destroy, |  |  |  | Destroy
14384,Dwarf remains,Destroy, |  |  |  | Destroy
14385,Dwarf remains,Destroy, |  |  |  | Destroy
14386,Dwarf remains,Destroy, |  |  |  | Destroy
14387,Dwarf remains,Destroy, |  |  |  | Destroy
14388,Dwarf remains,Destroy, |  |  |  | Destroy
14389,Dwarf remains,Destroy, |  |  |  | Destroy
14390,Dwarf remains,Destroy, |  |  |  | Destroy
14391,Dwarf remains,Destroy, |  |  |  | Destroy
14392,Dwarf remains,Destroy, |  |  |  | Destroy
14393,Dwarf remains,Destroy, |  |  |  | Destroy
14394,Dwarf remains,Destroy, |  |  |  | Destroy
14395,Dwarf remains,Destroy, |  |  |  | Destroy
14396,Dwarf remains,Destroy, |  |  |  | Destroy
14397,Dwarf remains,Destroy, |  |  |  | Destroy
14398,Dwarf remains,Destroy, |  |  |  | Destroy
14399,Dwarf remains,Destroy, |  |  |  | Destroy
14400,Dwarf remains,Destroy, |  |  |  | Destroy
14401,Dwarf remains,Destroy, |  |  |  | Destroy
14402,Dwarf remains,Destroy, |  |  |  | Destroy
14403,Dwarf remains,Destroy, |  |  |  | Destroy
14404,Dwarf remains,Destroy, |  |  |  | Destroy
14405,Dwarf remains,Destroy, |  |  |  | Destroy
14406,Dwarf remains,Destroy, |  |  |  | Destroy
14407,Dwarf remains,Destroy, |  |  |  | Destroy
14408,Dwarf remains,Destroy, |  |  |  | Destroy
14409,Dwarf remains,Destroy, |  |  |  | Destroy
14410,Dwarf remains,Destroy, |  |  |  | Destroy
14411,Dwarf remains,Destroy, |  |  |  | Destroy
14412,Dwarf remains,Destroy, |  |  |  | Destroy
14413,Dwarf remains,Destroy, |  |  |  | Destroy
14414,Dwarf remains,Destroy, |  |  |  | Destroy
14415,Dwarf remains,Destroy, |  |  |  | Destroy
14416,Dwarf remains,Destroy, |  |  |  | Destroy
14417,Dwarf remains,Destroy, |  |  |  | Destroy
14418,Dwarf remains,Destroy, |  |  |  | Destroy
14419,Dwarf remains,Destroy, |  |  |  | Destroy
14420,Dwarf remains,Destroy, |  |  |  | Destroy
14421,Dwarf remains,Destroy, |  |  |  | Destroy
14422,Dwarf remains,Destroy, |  |  |  | Destroy
14423,Dwarf remains,Destroy, |  |  |  | Destroy
14424,Dwarf remains,Destroy, |  |  |  | Destroy
14425,Dwarf remains,Destroy, |  |  |  | Destroy
14426,Dwarf remains,Destroy, |  |  |  | Destroy
14427,Dwarf remains,Destroy, |  |  |  | Destroy
14428,Dwarf remains,Destroy, |  |  |  | Destroy
14429,Dwarf remains,Destroy, |  |  |  | Destroy
14430,Dwarf remains,Destroy, |  |  |  | Destroy
14431,Dwarf remains,Destroy, |  |  |  | Destroy
14432,Dwarf remains,Destroy, |  |  |  | Destroy
14433,Dwarf remains,Destroy, |  |  |  | Destroy
14434,Dwarf remains,Destroy, |  |  |  | Destroy
14435,Dwarf remains,Destroy, |  |  |  | Destroy
14436,Dwarf remains,Destroy, |  |  |  | Destroy
14437,Dwarf remains,Destroy, |  |  |  | Destroy
14438,Dwarf remains,Destroy, |  |  |  | Destroy
14439,Dwarf remains,Destroy, |  |  |  | Destroy
14440,Dwarf remains,Destroy, |  |  |  | Destroy
14441,Dwarf remains,Destroy, |  |  |  | Destroy
14442,Dwarf remains,Destroy, |  |  |  | Destroy
14443,Dwarf remains,Destroy, |  |  |  | Destroy
14444,Dwarf remains,Destroy, |  |  |  | Destroy
14445,Dwarf remains,Destroy, |  |  |  | Destroy
14446,Dwarf remains,Destroy, |  |  |  | Destroy
14447,Dwarf remains,Destroy, |  |  |  | Destroy
14448,Dwarf remains,Destroy, |  |  |  | Destroy
14449,Dwarf remains,Destroy, |  |  |  | Destroy
14452,Dwarf remains,Destroy, |  |  |  | Destroy
14453,Dwarf remains,Destroy, |  |  |  | Destroy
14454,Dwarf remains,Destroy, |  |  |  | Destroy
14458,Dwarf remains,Destroy, |  |  |  | Destroy
14459,Dwarf remains,Destroy, |  |  |  | Destroy
14460,Dwarf remains,Destroy, |  |  |  | Destroy
14461,Dwarf remains,Destroy, |  |  |  | Destroy
14462,Dwarf remains,Destroy, |  |  |  | Destroy
14463,Dwarf remains,Destroy, |  |  |  | Destroy
14464,Dwarf remains,Destroy, |  |  |  | Destroy
14465,Dwarf remains,Destroy, |  |  |  | Destroy
14466,Dwarf remains,Destroy, |  |  |  | Destroy
14467,Dwarf remains,Destroy, |  |  |  | Destroy
14468,Dwarf remains,Destroy, |  |  |  | Destroy
14469,Dwarf remains,Destroy, |  |  |  | Destroy
14470,Dwarf remains,Destroy, |  |  |  | Destroy
14471,Dwarf remains,Destroy, |  |  |  | Destroy
14472,Dwarf remains,Destroy, |  |  |  | Destroy
14473,Dwarf remains,Destroy, |  |  |  | Destroy
14474,Dwarf remains,Destroy, |  |  |  | Destroy
14475,Dwarf remains,Destroy, |  |  |  | Destroy
14476,Dwarf remains,Destroy, |  |  |  | Destroy
14477,Dwarf remains,Destroy, |  |  |  | Destroy
14478,Dwarf remains,Destroy, |  |  |  | Destroy
14507,Dwarf remains,Destroy, |  |  |  | Destroy
14508,Dwarf remains,Destroy, |  |  |  | Destroy
14509,Dwarf remains,Destroy, |  |  |  | Destroy
14510,Dwarf remains,Destroy, |  |  |  | Destroy
14511,Dwarf remains,Destroy, |  |  |  | Destroy
14512,Dwarf remains,Destroy, |  |  |  | Destroy
14513,Dwarf remains,Destroy, |  |  |  | Destroy
14514,Dwarf remains,Destroy, |  |  |  | Destroy
14515,Dwarf remains,Destroy, |  |  |  | Destroy
14516,Dwarf remains,Destroy, |  |  |  | Destroy
14517,Dwarf remains,Destroy, |  |  |  | Destroy
14518,Dwarf remains,Destroy, |  |  |  | Destroy
14519,Dwarf remains,Destroy, |  |  |  | Destroy
14520,Dwarf remains,Destroy, |  |  |  | Destroy
14521,Dwarf remains,Destroy, |  |  |  | Destroy
14522,Dwarf remains,Destroy, |  |  |  | Destroy
14524,Dwarf remains,Destroy, |  |  |  | Destroy
14525,Dwarf remains,Destroy, |  |  |  | Destroy
14526,Dwarf remains,Destroy, |  |  |  | Destroy
14527,Dwarf remains,Destroy, |  |  |  | Destroy
14528,Dwarf remains,Destroy, |  |  |  | Destroy
14529,Dwarf remains,Destroy, |  |  |  | Destroy
14530,Dwarf remains,Destroy, |  |  |  | Destroy
14531,Dwarf remains,Destroy, |  |  |  | Destroy
14532,Dwarf remains,Destroy, |  |  |  | Destroy
14533,Dwarf remains,Destroy, |  |  |  | Destroy
14534,Dwarf remains,Destroy, |  |  |  | Destroy
14535,Dwarf remains,Destroy, |  |  |  | Destroy
14536,Dwarf remains,Destroy, |  |  |  | Destroy
14537,Dwarf remains,Destroy, |  |  |  | Destroy
14538,Dwarf remains,Destroy, |  |  |  | Destroy
14539,Dwarf remains,Destroy, |  |  |  | Destroy
14540,Dwarf remains,Destroy, |  |  |  | Destroy
14541,Dwarf remains,Destroy, |  |  |  | Destroy
14542,Dwarf remains,Destroy, |  |  |  | Destroy
14543,Dwarf remains,Destroy, |  |  |  | Destroy
14544,Dwarf remains,Destroy, |  |  |  | Destroy
14545,Dwarf remains,Destroy, |  |  |  | Destroy
14546,Dwarf remains,Destroy, |  |  |  | Destroy
14547,Dwarf remains,Destroy, |  |  |  | Destroy
14548,Dwarf remains,Destroy, |  |  |  | Destroy
14549,Dwarf remains,Destroy, |  |  |  | Destroy
14550,Dwarf remains,Destroy, |  |  |  | Destroy
14551,Dwarf remains,Destroy, |  |  |  | Destroy
14552,Dwarf remains,Destroy, |  |  |  | Destroy
14553,Dwarf remains,Destroy, |  |  |  | Destroy
14554,Dwarf remains,Destroy, |  |  |  | Destroy
14555,Dwarf remains,Destroy, |  |  |  | Destroy
14556,Dwarf remains,Destroy, |  |  |  | Destroy
14557,Dwarf remains,Destroy, |  |  |  | Destroy
14558,Dwarf remains,Destroy, |  |  |  | Destroy
14559,Dwarf remains,Destroy, |  |  |  | Destroy
14560,Dwarf remains,Destroy, |  |  |  | Destroy
14561,Dwarf remains,Destroy, |  |  |  | Destroy
14562,Dwarf remains,Destroy, |  |  |  | Destroy
14563,Dwarf remains,Destroy, |  |  |  | Destroy
14564,Dwarf remains,Destroy, |  |  |  | Destroy
14565,Dwarf remains,Destroy, |  |  |  | Destroy
14566,Dwarf remains,Destroy, |  |  |  | Destroy
14567,Dwarf remains,Destroy, |  |  |  | Destroy
14568,Dwarf remains,Destroy, |  |  |  | Destroy
14569,Dwarf remains,Destroy, |  |  |  | Destroy
14570,Dwarf remains,Destroy, |  |  |  | Destroy
14571,Dwarf remains,Destroy, |  |  |  | Destroy
14572,Dwarf remains,Destroy, |  |  |  | Destroy
14573,Dwarf remains,Destroy, |  |  |  | Destroy
14574,Dwarf remains,Destroy, |  |  |  | Destroy
14575,Dwarf remains,Destroy, |  |  |  | Destroy
14576,Dwarf remains,Destroy, |  |  |  | Destroy
14577,Dwarf remains,Destroy, |  |  |  | Destroy
14578,Dwarf remains,Destroy, |  |  |  | Destroy
14579,Dwarf remains,Destroy, |  |  |  | Destroy
14580,Dwarf remains,Destroy, |  |  |  | Destroy
14581,Dwarf remains,Destroy, |  |  |  | Destroy
14582,Dwarf remains,Destroy, |  |  |  | Destroy
14583,Dwarf remains,Destroy, |  |  |  | Destroy
14584,Dwarf remains,Destroy, |  |  |  | Destroy
14585,Dwarf remains,Destroy, |  |  |  | Destroy
14586,Dwarf remains,Destroy, |  |  |  | Destroy
14587,Dwarf remains,Destroy, |  |  |  | Destroy
14588,Dwarf remains,Destroy, |  |  |  | Destroy
14589,Dwarf remains,Destroy, |  |  |  | Destroy
14590,Dwarf remains,Destroy, |  |  |  | Destroy
14591,Dwarf remains,Destroy, |  |  |  | Destroy
14592,Dwarf remains,Destroy, |  |  |  | Destroy
14593,Dwarf remains,Destroy, |  |  |  | Destroy
14594,Dwarf remains,Destroy, |  |  |  | Destroy
14595,Dwarf remains,Destroy, |  |  |  | Destroy
14596,Dwarf remains,Destroy, |  |  |  | Destroy
14597,Dwarf remains,Destroy, |  |  |  | Destroy
14598,Dwarf remains,Destroy, |  |  |  | Destroy
14599,Dwarf remains,Destroy, |  |  |  | Destroy
14609,Dwarf remains,Destroy, |  |  |  | Destroy
14610,Dwarf remains,Destroy, |  |  |  | Destroy
14611,Dwarf remains,Destroy, |  |  |  | Destroy
14612,Dwarf remains,Destroy, |  |  |  | Destroy
14613,Dwarf remains,Destroy, |  |  |  | Destroy
14614,Dwarf remains,Destroy, |  |  |  | Destroy
14615,Dwarf remains,Destroy, |  |  |  | Destroy
14616,Dwarf remains,Destroy, |  |  |  | Destroy
14617,Dwarf remains,Destroy, |  |  |  | Destroy
14618,Dwarf remains,Destroy, |  |  |  | Destroy
14619,Dwarf remains,Destroy, |  |  |  | Destroy
14620,Dwarf remains,Destroy, |  |  |  | Destroy
14621,Dwarf remains,Destroy, |  |  |  | Destroy
14622,Dwarf remains,Destroy, |  |  |  | Destroy
14623,Dwarf remains,Destroy, |  |  |  | Destroy
14624,Dwarf remains,Destroy, |  |  |  | Destroy
14625,Dwarf remains,Destroy, |  |  |  | Destroy
14626,Dwarf remains,Destroy, |  |  |  | Destroy
14627,Dwarf remains,Destroy, |  |  |  | Destroy
14628,Dwarf remains,Destroy, |  |  |  | Destroy
14629,Dwarf remains,Destroy, |  |  |  | Destroy
14630,Dwarf remains,Destroy, |  |  |  | Destroy
14631,Dwarf remains,Destroy, |  |  |  | Destroy
14632,Dwarf remains,Destroy, |  |  |  | Destroy
14633,Dwarf remains,Destroy, |  |  |  | Destroy
14634,Dwarf remains,Destroy, |  |  |  | Destroy
14635,Dwarf remains,Destroy, |  |  |  | Destroy
14636,Dwarf remains,Destroy, |  |  |  | Destroy
14637,Dwarf remains,Destroy, |  |  |  | Destroy
14638,Dwarf remains,Destroy, |  |  |  | Destroy
14639,Dwarf remains,Destroy, |  |  |  | Destroy
14640,Dwarf remains,Destroy, |  |  |  | Destroy
14641,Dwarf remains,Destroy, |  |  |  | Destroy
14642,Dwarf remains,Destroy, |  |  |  | Destroy
14643,Dwarf remains,Destroy, |  |  |  | Destroy
14644,Dwarf remains,Destroy, |  |  |  | Destroy
14645,Dwarf remains,Destroy, |  |  |  | Destroy
14646,Dwarf remains,Destroy, |  |  |  | Destroy
14647,Dwarf remains,Destroy, |  |  |  | Destroy
14648,Dwarf remains,Destroy, |  |  |  | Destroy
14649,Dwarf remains,Destroy, |  |  |  | Destroy
14650,Dwarf remains,Destroy, |  |  |  | Destroy
14651,Dwarf remains,Destroy, |  |  |  | Destroy
14652,Dwarf remains,Destroy, |  |  |  | Destroy
14653,Dwarf remains,Destroy, |  |  |  | Destroy
14654,Dwarf remains,Destroy, |  |  |  | Destroy
14655,Dwarf remains,Destroy, |  |  |  | Destroy
14656,Dwarf remains,Destroy, |  |  |  | Destroy
14657,Dwarf remains,Destroy, |  |  |  | Destroy
14658,Dwarf remains,Destroy, |  |  |  | Destroy
14659,Dwarf remains,Destroy, |  |  |  | Destroy
14660,Dwarf remains,Destroy, |  |  |  | Destroy
14661,Dwarf remains,Destroy, |  |  |  | Destroy
14662,Dwarf remains,Destroy, |  |  |  | Destroy
14663,Dwarf remains,Destroy, |  |  |  | Destroy
14664,Dwarf remains,Destroy, |  |  |  | Destroy
14665,Dwarf remains,Destroy, |  |  |  | Destroy
14666,Dwarf remains,Destroy, |  |  |  | Destroy
14667,Dwarf remains,Destroy, |  |  |  | Destroy
14668,Dwarf remains,Destroy, |  |  |  | Destroy
14669,Dwarf remains,Destroy, |  |  |  | Destroy
14670,Dwarf remains,Destroy, |  |  |  | Destroy
14671,Dwarf remains,Destroy, |  |  |  | Destroy
14672,Dwarf remains,Destroy, |  |  |  | Destroy
14673,Dwarf remains,Destroy, |  |  |  | Destroy
14674,Dwarf remains,Destroy, |  |  |  | Destroy
14675,Dwarf remains,Destroy, |  |  |  | Destroy
14676,Dwarf remains,Destroy, |  |  |  | Destroy
14677,Dwarf remains,Destroy, |  |  |  | Destroy
14678,Dwarf remains,Destroy, |  |  |  | Destroy
14679,Dwarf remains,Destroy, |  |  |  | Destroy
14680,Dwarf remains,Destroy, |  |  |  | Destroy
14681,Dwarf remains,Destroy, |  |  |  | Destroy
14682,Dwarf remains,Destroy, |  |  |  | Destroy
14683,Dwarf remains,Destroy, |  |  |  | Destroy
14684,Dwarf remains,Destroy, |  |  |  | Destroy
14685,Dwarf remains,Destroy, |  |  |  | Destroy
14686,Dwarf remains,Destroy, |  |  |  | Destroy
14687,Dwarf remains,Destroy, |  |  |  | Destroy
14688,Dwarf remains,Destroy, |  |  |  | Destroy
14689,Dwarf remains,Destroy, |  |  |  | Destroy
14690,Dwarf remains,Destroy, |  |  |  | Destroy
14691,Dwarf remains,Destroy, |  |  |  | Destroy
14692,Dwarf remains,Destroy, |  |  |  | Destroy
14693,Dwarf remains,Destroy, |  |  |  | Destroy
14694,Dwarf remains,Destroy, |  |  |  | Destroy
14695,Dwarf remains,Destroy, |  |  |  | Destroy
14696,Dwarf remains,Destroy, |  |  |  | Destroy
14697,Dwarf remains,Destroy, |  |  |  | Destroy
14698,Dwarf remains,Destroy, |  |  |  | Destroy
14699,Dwarf remains,Destroy, |  |  |  | Destroy
14700,Dwarf remains,Destroy, |  |  |  | Destroy
14701,Dwarf remains,Destroy, |  |  |  | Destroy
14702,Dwarf remains,Destroy, |  |  |  | Destroy
14703,Dwarf remains,Destroy, |  |  |  | Destroy
14704,Dwarf remains,Destroy, |  |  |  | Destroy
14705,Dwarf remains,Destroy, |  |  |  | Destroy
14706,Dwarf remains,Destroy, |  |  |  | Destroy
14707,Dwarf remains,Destroy, |  |  |  | Destroy
14708,Dwarf remains,Destroy, |  |  |  | Destroy
14709,Dwarf remains,Destroy, |  |  |  | Destroy
14710,Dwarf remains,Destroy, |  |  |  | Destroy
14711,Dwarf remains,Destroy, |  |  |  | Destroy
14712,Dwarf remains,Destroy, |  |  |  | Destroy
14713,Dwarf remains,Destroy, |  |  |  | Destroy
14714,Dwarf remains,Destroy, |  |  |  | Destroy
14715,Dwarf remains,Destroy, |  |  |  | Destroy
14716,Dwarf remains,Destroy, |  |  |  | Destroy
14717,Dwarf remains,Destroy, |  |  |  | Destroy
14718,Dwarf remains,Destroy, |  |  |  | Destroy
14719,Dwarf remains,Destroy, |  |  |  | Destroy
14720,Dwarf remains,Destroy, |  |  |  | Destroy
14721,Dwarf remains,Destroy, |  |  |  | Destroy
14722,Dwarf remains,Destroy, |  |  |  | Destroy
14723,Dwarf remains,Destroy, |  |  |  | Destroy
14724,Dwarf remains,Destroy, |  |  |  | Destroy
14725,Dwarf remains,Destroy, |  |  |  | Destroy
14726,Dwarf remains,Destroy, |  |  |  | Destroy
14727,Dwarf remains,Destroy, |  |  |  | Destroy
14728,Dwarf remains,Destroy, |  |  |  | Destroy
14729,Dwarf remains,Destroy, |  |  |  | Destroy
14730,Dwarf remains,Destroy, |  |  |  | Destroy
14731,Dwarf remains,Destroy, |  |  |  | Destroy
14732,Dwarf remains,Destroy, |  |  |  | Destroy
14733,Dwarf remains,Destroy, |  |  |  | Destroy
14734,Dwarf remains,Destroy, |  |  |  | Destroy
14735,Dwarf remains,Destroy, |  |  |  | Destroy
14736,Dwarf remains,Destroy, |  |  |  | Destroy
14737,Dwarf remains,Destroy, |  |  |  | Destroy
14738,Dwarf remains,Destroy, |  |  |  | Destroy
14739,Dwarf remains,Destroy, |  |  |  | Destroy
14740,Dwarf remains,Destroy, |  |  |  | Destroy
14741,Dwarf remains,Destroy, |  |  |  | Destroy
14742,Dwarf remains,Destroy, |  |  |  | Destroy
14743,Dwarf remains,Destroy, |  |  |  | Destroy
14744,Dwarf remains,Destroy, |  |  |  | Destroy
14745,Dwarf remains,Destroy, |  |  |  | Destroy
14746,Dwarf remains,Destroy, |  |  |  | Destroy
14747,Dwarf remains,Destroy, |  |  |  | Destroy
14748,Dwarf remains,Destroy, |  |  |  | Destroy
14749,Dwarf remains,Destroy, |  |  |  | Destroy
14750,Dwarf remains,Destroy, |  |  |  | Destroy
14751,Dwarf remains,Destroy, |  |  |  | Destroy
14752,Dwarf remains,Destroy, |  |  |  | Destroy
14753,Dwarf remains,Destroy, |  |  |  | Destroy
14754,Dwarf remains,Destroy, |  |  |  | Destroy
14755,Dwarf remains,Destroy, |  |  |  | Destroy
14756,Dwarf remains,Destroy, |  |  |  | Destroy
14757,Dwarf remains,Destroy, |  |  |  | Destroy
14758,Dwarf remains,Destroy, |  |  |  | Destroy
14759,Dwarf remains,Destroy, |  |  |  | Destroy
14760,Dwarf remains,Destroy, |  |  |  | Destroy
14761,Dwarf remains,Destroy, |  |  |  | Destroy
14762,Dwarf remains,Destroy, |  |  |  | Destroy
14763,Dwarf remains,Destroy, |  |  |  | Destroy
14764,Dwarf remains,Destroy, |  |  |  | Destroy
14765,Dwarf remains,Destroy, |  |  |  | Destroy
14766,Dwarf remains,Destroy, |  |  |  | Destroy
14767,Dwarf remains,Destroy, |  |  |  | Destroy
14768,Dwarf remains,Destroy, |  |  |  | Destroy
14769,Dwarf remains,Destroy, |  |  |  | Destroy
14770,Dwarf remains,Destroy, |  |  |  | Destroy
14771,Dwarf remains,Destroy, |  |  |  | Destroy
14772,Dwarf remains,Destroy, |  |  |  | Destroy
14773,Dwarf remains,Destroy, |  |  |  | Destroy
14774,Dwarf remains,Destroy, |  |  |  | Destroy
14775,Dwarf remains,Destroy, |  |  |  | Destroy
14776,Dwarf remains,Destroy, |  |  |  | Destroy
14777,Dwarf remains,Destroy, |  |  |  | Destroy
14778,Dwarf remains,Destroy, |  |  |  | Destroy
14779,Dwarf remains,Destroy, |  |  |  | Destroy
14780,Dwarf remains,Destroy, |  |  |  | Destroy
14781,Dwarf remains,Destroy, |  |  |  | Destroy
14782,Dwarf remains,Destroy, |  |  |  | Destroy
14783,Dwarf remains,Destroy, |  |  |  | Destroy
14784,Dwarf remains,Destroy, |  |  |  | Destroy
14785,Dwarf remains,Destroy, |  |  |  | Destroy
14786,Dwarf remains,Destroy, |  |  |  | Destroy
14787,Dwarf remains,Destroy, |  |  |  | Destroy
14788,Dwarf remains,Destroy, |  |  |  | Destroy
14789,Dwarf remains,Destroy, |  |  |  | Destroy
14790,Dwarf remains,Destroy, |  |  |  | Destroy
14791,Dwarf remains,Destroy, |  |  |  | Destroy
14792,Dwarf remains,Destroy, |  |  |  | Destroy
14793,Dwarf remains,Destroy, |  |  |  | Destroy
14794,Dwarf remains,Destroy, |  |  |  | Destroy
14795,Dwarf remains,Destroy, |  |  |  | Destroy
14796,Dwarf remains,Destroy, |  |  |  | Destroy
14797,Dwarf remains,Destroy, |  |  |  | Destroy
14798,Dwarf remains,Destroy, |  |  |  | Destroy
14799,Dwarf remains,Destroy, |  |  |  | Destroy
14800,Dwarf remains,Destroy, |  |  |  | Destroy
14801,Dwarf remains,Destroy, |  |  |  | Destroy
14802,Dwarf remains,Destroy, |  |  |  | Destroy
14803,Dwarf remains,Destroy, |  |  |  | Destroy
14804,Dwarf remains,Destroy, |  |  |  | Destroy
14805,Dwarf remains,Destroy, |  |  |  | Destroy
14806,Dwarf remains,Destroy, |  |  |  | Destroy
14807,Dwarf remains,Destroy, |  |  |  | Destroy
14808,Dwarf remains,Destroy, |  |  |  | Destroy
14809,Dwarf remains,Destroy, |  |  |  | Destroy
14810,Dwarf remains,Destroy, |  |  |  | Destroy
14811,Dwarf remains,Destroy, |  |  |  | Destroy
14812,Dwarf remains,Destroy, |  |  |  | Destroy
14813,Dwarf remains,Destroy, |  |  |  | Destroy
14814,Dwarf remains,Destroy, |  |  |  | Destroy
14815,Dwarf remains,Destroy, |  |  |  | Destroy
14816,Dwarf remains,Destroy, |  |  |  | Destroy
14817,Dwarf remains,Destroy, |  |  |  | Destroy
14818,Dwarf remains,Destroy, |  |  |  | Destroy
14819,Dwarf remains,Destroy, |  |  |  | Destroy
14820,Dwarf remains,Destroy, |  |  |  | Destroy
14821,Dwarf remains,Destroy, |  |  |  | Destroy
14822,Dwarf remains,Destroy, |  |  |  | Destroy
14823,Dwarf remains,Destroy, |  |  |  | Destroy
14824,Dwarf remains,Destroy, |  |  |  | Destroy
14825,Dwarf remains,Destroy, |  |  |  | Destroy
14826,Dwarf remains,Destroy, |  |  |  | Destroy
14827,Dwarf remains,Destroy, |  |  |  | Destroy
14828,Dwarf remains,Destroy, |  |  |  | Destroy
14829,Dwarf remains,Destroy, |  |  |  | Destroy
14830,Dwarf remains,Destroy, |  |  |  | Destroy
14831,Dwarf remains,Destroy, |  |  |  | Destroy
14832,Dwarf remains,Destroy, |  |  |  | Destroy
14833,Dwarf remains,Destroy, |  |  |  | Destroy
14834,Dwarf remains,Destroy, |  |  |  | Destroy
14835,Dwarf remains,Destroy, |  |  |  | Destroy
14836,Dwarf remains,Destroy, |  |  |  | Destroy
14837,Dwarf remains,Destroy, |  |  |  | Destroy
14838,Dwarf remains,Destroy, |  |  |  | Destroy
14839,Dwarf remains,Destroy, |  |  |  | Destroy
14840,Dwarf remains,Destroy, |  |  |  | Destroy
14841,Dwarf remains,Destroy, |  |  |  | Destroy
14842,Dwarf remains,Destroy, |  |  |  | Destroy
14843,Dwarf remains,Destroy, |  |  |  | Destroy
14844,Dwarf remains,Destroy, |  |  |  | Destroy
14845,Dwarf remains,Destroy, |  |  |  | Destroy
14846,Dwarf remains,Destroy, |  |  |  | Destroy
14847,Dwarf remains,Destroy, |  |  |  | Destroy
14848,Dwarf remains,Destroy, |  |  |  | Destroy
14849,Dwarf remains,Destroy, |  |  |  | Destroy
14850,Dwarf remains,Destroy, |  |  |  | Destroy
14851,Dwarf remains,Destroy, |  |  |  | Destroy
14852,Dwarf remains,Destroy, |  |  |  | Destroy
14853,Dwarf remains,Destroy, |  |  |  | Destroy
14854,Dwarf remains,Destroy, |  |  |  | Destroy
14855,Dwarf remains,Destroy, |  |  |  | Destroy
14856,Dwarf remains,Destroy, |  |  |  | Destroy
14857,Dwarf remains,Destroy, |  |  |  | Destroy
14858,Dwarf remains,Destroy, |  |  |  | Destroy
14859,Dwarf remains,Destroy, |  |  |  | Destroy
14860,Dwarf remains,Destroy, |  |  |  | Destroy
14861,Dwarf remains,Destroy, |  |  |  | Destroy
14862,Dwarf remains,Destroy, |  |  |  | Destroy
14863,Dwarf remains,Destroy, |  |  |  | Destroy
14864,Dwarf remains,Destroy, |  |  |  | Destroy
14865,Dwarf remains,Destroy, |  |  |  | Destroy
14866,Dwarf remains,Destroy, |  |  |  | Destroy
14867,Dwarf remains,Destroy, |  |  |  | Destroy
14868,Dwarf remains,Destroy, |  |  |  | Destroy
14869,Dwarf remains,Destroy, |  |  |  | Destroy
14870,Dwarf remains,Destroy, |  |  |  | Destroy
14871,Dwarf remains,Destroy, |  |  |  | Destroy
14872,Dwarf remains,Destroy, |  |  |  | Destroy
14873,Dwarf remains,Destroy, |  |  |  | Destroy
14874,Dwarf remains,Destroy, |  |  |  | Destroy
14875,Dwarf remains,Destroy, |  |  |  | Destroy
14876,Dwarf remains,Destroy, |  |  |  | Destroy
14877,Dwarf remains,Destroy, |  |  |  | Destroy
14878,Dwarf remains,Destroy, |  |  |  | Destroy
14879,Dwarf remains,Destroy, |  |  |  | Destroy
14880,Dwarf remains,Destroy, |  |  |  | Destroy
14881,Dwarf remains,Destroy, |  |  |  | Destroy
14882,Dwarf remains,Destroy, |  |  |  | Destroy
14883,Dwarf remains,Destroy, |  |  |  | Destroy
14884,Dwarf remains,Destroy, |  |  |  | Destroy
14885,Dwarf remains,Destroy, |  |  |  | Destroy
14886,Dwarf remains,Destroy, |  |  |  | Destroy
14887,Dwarf remains,Destroy, |  |  |  | Destroy
14888,Dwarf remains,Destroy, |  |  |  | Destroy
14889,Dwarf remains,Destroy, |  |  |  | Destroy
14890,Dwarf remains,Destroy, |  |  |  | Destroy
14891,Dwarf remains,Destroy, |  |  |  | Destroy
14892,Dwarf remains,Destroy, |  |  |  | Destroy
14893,Dwarf remains,Destroy, |  |  |  | Destroy
14894,Dwarf remains,Destroy, |  |  |  | Destroy
14895,Dwarf remains,Destroy, |  |  |  | Destroy
14896,Dwarf remains,Destroy, |  |  |  | Destroy
14897,Dwarf remains,Destroy, |  |  |  | Destroy
14898,Dwarf remains,Destroy, |  |  |  | Destroy
14899,Dwarf remains,Destroy, |  |  |  | Destroy
14900,Dwarf remains,Destroy, |  |  |  | Destroy
14901,Dwarf remains,Destroy, |  |  |  | Destroy
14902,Dwarf remains,Destroy, |  |  |  | Destroy
14903,Dwarf remains,Destroy, |  |  |  | Destroy
14904,Dwarf remains,Destroy, |  |  |  | Destroy
14905,Dwarf remains,Destroy, |  |  |  | Destroy
14906,Dwarf remains,Destroy, |  |  |  | Destroy
14907,Dwarf remains,Destroy, |  |  |  | Destroy
14908,Dwarf remains,Destroy, |  |  |  | Destroy
14909,Dwarf remains,Destroy, |  |  |  | Destroy
14910,Dwarf remains,Destroy, |  |  |  | Destroy
14911,Dwarf remains,Destroy, |  |  |  | Destroy
14912,Dwarf remains,Destroy, |  |  |  | Destroy
14913,Dwarf remains,Destroy, |  |  |  | Destroy
14914,Dwarf remains,Destroy, |  |  |  | Destroy
14915,Dwarf remains,Destroy, |  |  |  | Destroy
14916,Dwarf remains,Destroy, |  |  |  | Destroy
14917,Dwarf remains,Destroy, |  |  |  | Destroy
14918,Dwarf remains,Destroy, |  |  |  | Destroy
14919,Dwarf remains,Destroy, |  |  |  | Destroy
14920,Dwarf remains,Destroy, |  |  |  | Destroy
14921,Dwarf remains,Destroy, |  |  |  | Destroy
14922,Dwarf remains,Destroy, |  |  |  | Destroy
14923,Dwarf remains,Destroy, |  |  |  | Destroy
14924,Dwarf remains,Destroy, |  |  |  | Destroy
14925,Dwarf remains,Destroy, |  |  |  | Destroy
14926,Dwarf remains,Destroy, |  |  |  | Destroy
14927,Dwarf remains,Destroy, |  |  |  | Destroy
14928,Dwarf remains,Destroy, |  |  |  | Destroy
14929,Dwarf remains,Destroy, |  |  |  | Destroy
14930,Dwarf remains,Destroy, |  |  |  | Destroy
14931,Dwarf remains,Destroy, |  |  |  | Destroy
14932,Dwarf remains,Destroy, |  |  |  | Destroy
14933,Dwarf remains,Destroy, |  |  |  | Destroy
14934,Dwarf remains,Destroy, |  |  |  | Destroy
14935,Dwarf remains,Destroy, |  |  |  | Destroy
14936,Dwarf remains,Destroy, |  |  |  | Destroy
14937,Dwarf remains,Destroy, |  |  |  | Destroy
14938,Dwarf remains,Destroy, |  |  |  | Destroy
14939,Dwarf remains,Destroy, |  |  |  | Destroy
14940,Dwarf remains,Destroy, |  |  |  | Destroy
14941,Dwarf remains,Destroy, |  |  |  | Destroy
14942,Dwarf remains,Destroy, |  |  |  | Destroy
14943,Dwarf remains,Destroy, |  |  |  | Destroy
14944,Dwarf remains,Destroy, |  |  |  | Destroy
14945,Dwarf remains,Destroy, |  |  |  | Destroy
14946,Dwarf remains,Destroy, |  |  |  | Destroy
14947,Dwarf remains,Destroy, |  |  |  | Destroy
14948,Dwarf remains,Destroy, |  |  |  | Destroy
14949,Dwarf remains,Destroy, |  |  |  | Destroy
14950,Dwarf remains,Destroy, |  |  |  | Destroy
14951,Dwarf remains,Destroy, |  |  |  | Destroy
14952,Dwarf remains,Destroy, |  |  |  | Destroy
14953,Dwarf remains,Destroy, |  |  |  | Destroy
14954,Dwarf remains,Destroy, |  |  |  | Destroy
14955,Dwarf remains,Destroy, |  |  |  | Destroy
14956,Dwarf remains,Destroy, |  |  |  | Destroy
14957,Dwarf remains,Destroy, |  |  |  | Destroy
14958,Dwarf remains,Destroy, |  |  |  | Destroy
14959,Dwarf remains,Destroy, |  |  |  | Destroy
14960,Dwarf remains,Destroy, |  |  |  | Destroy
14961,Dwarf remains,Destroy, |  |  |  | Destroy
14962,Dwarf remains,Destroy, |  |  |  | Destroy
14963,Dwarf remains,Destroy, |  |  |  | Destroy
14964,Dwarf remains,Destroy, |  |  |  | Destroy
14965,Dwarf remains,Destroy, |  |  |  | Destroy
14966,Dwarf remains,Destroy, |  |  |  | Destroy
14967,Dwarf remains,Destroy, |  |  |  | Destroy
14968,Dwarf remains,Destroy, |  |  |  | Destroy
14969,Dwarf remains,Destroy, |  |  |  | Destroy
14970,Dwarf remains,Destroy, |  |  |  | Destroy
14971,Dwarf remains,Destroy, |  |  |  | Destroy
14972,Dwarf remains,Destroy, |  |  |  | Destroy
14973,Dwarf remains,Destroy, |  |  |  | Destroy
14974,Dwarf remains,Destroy, |  |  |  | Destroy
14975,Dwarf remains,Destroy, |  |  |  | Destroy
14976,Dwarf remains,Destroy, |  |  |  | Destroy
14977,Dwarf remains,Destroy, |  |  |  | Destroy
14978,Dwarf remains,Destroy, |  |  |  | Destroy
14979,Dwarf remains,Destroy, |  |  |  | Destroy
14980,Dwarf remains,Destroy, |  |  |  | Destroy
14981,Dwarf remains,Destroy, |  |  |  | Destroy
14982,Dwarf remains,Destroy, |  |  |  | Destroy
14983,Dwarf remains,Destroy, |  |  |  | Destroy
14984,Dwarf remains,Destroy, |  |  |  | Destroy
14985,Dwarf remains,Destroy, |  |  |  | Destroy
14986,Dwarf remains,Destroy, |  |  |  | Destroy
14987,Dwarf remains,Destroy, |  |  |  | Destroy
14988,Dwarf remains,Destroy, |  |  |  | Destroy
14989,Dwarf remains,Destroy, |  |  |  | Destroy
15006,Dwarf remains,Destroy, |  |  |  | Destroy
15007,Dwarf remains,Destroy, |  |  |  | Destroy
15008,Dwarf remains,Destroy, |  |  |  | Destroy
15009,Dwarf remains,Destroy, |  |  |  | Destroy
15010,Dwarf remains,Destroy, |  |  |  | Destroy
15011,Dwarf remains,Destroy, |  |  |  | Destroy
15012,Dwarf remains,Destroy, |  |  |  | Destroy
15013,Dwarf remains,Destroy, |  |  |  | Destroy
15014,Dwarf remains,Destroy, |  |  |  | Destroy
15015,Dwarf remains,Destroy, |  |  |  | Destroy
15016,Dwarf remains,Destroy, |  |  |  | Destroy
15017,Dwarf remains,Destroy, |  |  |  | Destroy
15022,Dwarf remains,Destroy, |  |  |  | Destroy
15025,Dwarf remains,Destroy, |  |  |  | Destroy
15026,Dwarf remains,Destroy, |  |  |  | Destroy
15027,Dwarf remains,Destroy, |  |  |  | Destroy
15028,Dwarf remains,Destroy, |  |  |  | Destroy
15029,Dwarf remains,Destroy, |  |  |  | Destroy
15033,Dwarf remains,Destroy, |  |  |  | Destroy
15035,Dwarf remains,Destroy, |  |  |  | Destroy
15036,Dwarf remains,Destroy, |  |  |  | Destroy
15042,Dwarf remains,Destroy, |  |  |  | Destroy
15043,Dwarf remains,Destroy, |  |  |  | Destroy
15044,Dwarf remains,Destroy, |  |  |  | Destroy
15045,Dwarf remains,Destroy, |  |  |  | Destroy
15046,Dwarf remains,Destroy, |  |  |  | Destroy
15047,Dwarf remains,Destroy, |  |  |  | Destroy
15048,Dwarf remains,Destroy, |  |  |  | Destroy
15049,Dwarf remains,Destroy, |  |  |  | Destroy
15050,Dwarf remains,Destroy, |  |  |  | Destroy
15051,Dwarf remains,Destroy, |  |  |  | Destroy
15052,Dwarf remains,Destroy, |  |  |  | Destroy
15053,Dwarf remains,Destroy, |  |  |  | Destroy
15054,Dwarf remains,Destroy, |  |  |  | Destroy
15055,Dwarf remains,Destroy, |  |  |  | Destroy
15056,Dwarf remains,Destroy, |  |  |  | Destroy
15057,Dwarf remains,Destroy, |  |  |  | Destroy
15058,Dwarf remains,Destroy, |  |  |  | Destroy
15059,Dwarf remains,Destroy, |  |  |  | Destroy
15060,Dwarf remains,Destroy, |  |  |  | Destroy
15061,Dwarf remains,Destroy, |  |  |  | Destroy
15062,Dwarf remains,Destroy, |  |  |  | Destroy
15063,Dwarf remains,Destroy, |  |  |  | Destroy
15064,Dwarf remains,Destroy, |  |  |  | Destroy
15065,Dwarf remains,Destroy, |  |  |  | Destroy
15066,Dwarf remains,Destroy, |  |  |  | Destroy
15067,Dwarf remains,Destroy, |  |  |  | Destroy
15068,Dwarf remains,Destroy, |  |  |  | Destroy
15069,Dwarf remains,Destroy, |  |  |  | Destroy
15070,Dwarf remains,Destroy, |  |  |  | Destroy
15071,Dwarf remains,Destroy, |  |  |  | Destroy
15072,Dwarf remains,Destroy, |  |  |  | Destroy
15073,Dwarf remains,Destroy, |  |  |  | Destroy
15074,Dwarf remains,Destroy, |  |  |  | Destroy
15075,Dwarf remains,Destroy, |  |  |  | Destroy
15076,Dwarf remains,Destroy, |  |  |  | Destroy
15077,Dwarf remains,Destroy, |  |  |  | Destroy
15078,Dwarf remains,Destroy, |  |  |  | Destroy
15079,Dwarf remains,Destroy, |  |  |  | Destroy
15080,Dwarf remains,Destroy, |  |  |  | Destroy
15081,Dwarf remains,Destroy, |  |  |  | Destroy
15082,Dwarf remains,Destroy, |  |  |  | Destroy
15083,Dwarf remains,Destroy, |  |  |  | Destroy
15084,Dwarf remains,Destroy, |  |  |  | Destroy
15085,Dwarf remains,Destroy, |  |  |  | Destroy
15086,Dwarf remains,Destroy, |  |  |  | Destroy
15087,Dwarf remains,Destroy, |  |  |  | Destroy
15088,Dwarf remains,Destroy, |  |  |  | Destroy
15089,Dwarf remains,Destroy, |  |  |  | Destroy
15090,Dwarf remains,Destroy, |  |  |  | Destroy
15091,Dwarf remains,Destroy, |  |  |  | Destroy
15092,Dwarf remains,Destroy, |  |  |  | Destroy
15093,Dwarf remains,Destroy, |  |  |  | Destroy
15094,Dwarf remains,Destroy, |  |  |  | Destroy
15095,Dwarf remains,Destroy, |  |  |  | Destroy
15096,Dwarf remains,Destroy, |  |  |  | Destroy
15097,Dwarf remains,Destroy, |  |  |  | Destroy
15099,Dwarf remains,Destroy, |  |  |  | Destroy
15100,Dwarf remains,Destroy, |  |  |  | Destroy
15101,Dwarf remains,Destroy, |  |  |  | Destroy
15102,Dwarf remains,Destroy, |  |  |  | Destroy
15103,Dwarf remains,Destroy, |  |  |  | Destroy
15104,Dwarf remains,Destroy, |  |  |  | Destroy
15105,Dwarf remains,Destroy, |  |  |  | Destroy
15106,Dwarf remains,Destroy, |  |  |  | Destroy
15107,Dwarf remains,Destroy, |  |  |  | Destroy
15108,Dwarf remains,Destroy, |  |  |  | Destroy
15109,Dwarf remains,Destroy, |  |  |  | Destroy
15110,Dwarf remains,Destroy, |  |  |  | Destroy
15111,Dwarf remains,Destroy, |  |  |  | Destroy
15112,Dwarf remains,Destroy, |  |  |  | Destroy
15113,Dwarf remains,Destroy, |  |  |  | Destroy
15114,Dwarf remains,Destroy, |  |  |  | Destroy
15115,Dwarf remains,Destroy, |  |  |  | Destroy
15116,Dwarf remains,Destroy, |  |  |  | Destroy
15117,Dwarf remains,Destroy, |  |  |  | Destroy
15118,Dwarf remains,Destroy, |  |  |  | Destroy
15119,Dwarf remains,Destroy, |  |  |  | Destroy
15120,Dwarf remains,Destroy, |  |  |  | Destroy
15121,Dwarf remains,Destroy, |  |  |  | Destroy
15122,Dwarf remains,Destroy, |  |  |  | Destroy
15123,Dwarf remains,Destroy, |  |  |  | Destroy
15124,Dwarf remains,Destroy, |  |  |  | Destroy
15125,Dwarf remains,Destroy, |  |  |  | Destroy
15127,Dwarf remains,Destroy, |  |  |  | Destroy
15128,Dwarf remains,Destroy, |  |  |  | Destroy
15129,Dwarf remains,Destroy, |  |  |  | Destroy
15130,Dwarf remains,Destroy, |  |  |  | Destroy
15131,Dwarf remains,Destroy, |  |  |  | Destroy
15132,Dwarf remains,Destroy, |  |  |  | Destroy
15133,Dwarf remains,Destroy, |  |  |  | Destroy
15134,Dwarf remains,Destroy, |  |  |  | Destroy
15136,Dwarf remains,Destroy, |  |  |  | Destroy
15137,Dwarf remains,Destroy, |  |  |  | Destroy
15138,Dwarf remains,Destroy, |  |  |  | Destroy
15139,Dwarf remains,Destroy, |  |  |  | Destroy
15140,Dwarf remains,Destroy, |  |  |  | Destroy
15141,Dwarf remains,Destroy, |  |  |  | Destroy
15142,Dwarf remains,Destroy, |  |  |  | Destroy
15143,Dwarf remains,Destroy, |  |  |  | Destroy
15144,Dwarf remains,Destroy, |  |  |  | Destroy
15145,Dwarf remains,Destroy, |  |  |  | Destroy
15146,Dwarf remains,Destroy, |  |  |  | Destroy
15147,Dwarf remains,Destroy, |  |  |  | Destroy
15148,Dwarf remains,Destroy, |  |  |  | Destroy
15149,Dwarf remains,Destroy, |  |  |  | Destroy
15150,Dwarf remains,Destroy, |  |  |  | Destroy
15151,Dwarf remains,Destroy, |  |  |  | Destroy
15152,Dwarf remains,Destroy, |  |  |  | Destroy
15153,Dwarf remains,Destroy, |  |  |  | Destroy
15154,Dwarf remains,Destroy, |  |  |  | Destroy
15155,Dwarf remains,Destroy, |  |  |  | Destroy
15156,Dwarf remains,Destroy, |  |  |  | Destroy
15157,Dwarf remains,Destroy, |  |  |  | Destroy
15158,Dwarf remains,Destroy, |  |  |  | Destroy
15159,Dwarf remains,Destroy, |  |  |  | Destroy
15160,Dwarf remains,Destroy, |  |  |  | Destroy
15161,Dwarf remains,Destroy, |  |  |  | Destroy
15162,Dwarf remains,Destroy, |  |  |  | Destroy
15163,Dwarf remains,Destroy, |  |  |  | Destroy
15164,Dwarf remains,Destroy, |  |  |  | Destroy
15165,Dwarf remains,Destroy, |  |  |  | Destroy
15166,Dwarf remains,Destroy, |  |  |  | Destroy
15167,Dwarf remains,Destroy, |  |  |  | Destroy
15168,Dwarf remains,Destroy, |  |  |  | Destroy
15169,Dwarf remains,Destroy, |  |  |  | Destroy
15170,Dwarf remains,Destroy, |  |  |  | Destroy
15171,Dwarf remains,Destroy, |  |  |  | Destroy
15172,Dwarf remains,Destroy, |  |  |  | Destroy
15173,Dwarf remains,Destroy, |  |  |  | Destroy
15174,Dwarf remains,Destroy, |  |  |  | Destroy
15175,Dwarf remains,Destroy, |  |  |  | Destroy
15176,Dwarf remains,Destroy, |  |  |  | Destroy
15177,Dwarf remains,Destroy, |  |  |  | Destroy
15178,Dwarf remains,Destroy, |  |  |  | Destroy
15179,Dwarf remains,Destroy, |  |  |  | Destroy
15180,Dwarf remains,Destroy, |  |  |  | Destroy
15181,Dwarf remains,Destroy, |  |  |  | Destroy
15182,Dwarf remains,Destroy, |  |  |  | Destroy
15183,Dwarf remains,Destroy, |  |  |  | Destroy
15184,Dwarf remains,Destroy, |  |  |  | Destroy
15185,Dwarf remains,Destroy, |  |  |  | Destroy
15186,Dwarf remains,Destroy, |  |  |  | Destroy
15187,Dwarf remains,Destroy, |  |  |  | Destroy
15188,Dwarf remains,Destroy, |  |  |  | Destroy
15189,Dwarf remains,Destroy, |  |  |  | Destroy
15190,Dwarf remains,Destroy, |  |  |  | Destroy
15191,Dwarf remains,Destroy, |  |  |  | Destroy
15192,Dwarf remains,Destroy, |  |  |  | Destroy
15193,Dwarf remains,Destroy, |  |  |  | Destroy
15194,Dwarf remains,Destroy, |  |  |  | Destroy
15195,Dwarf remains,Destroy, |  |  |  | Destroy
15196,Dwarf remains,Destroy, |  |  |  | Destroy
15197,Dwarf remains,Destroy, |  |  |  | Destroy
15198,Dwarf remains,Destroy, |  |  |  | Destroy
15199,Dwarf remains,Destroy, |  |  |  | Destroy
15200,Dwarf remains,Destroy, |  |  |  | Destroy
15201,Dwarf remains,Destroy, |  |  |  | Destroy
15202,Dwarf remains,Destroy, |  |  |  | Destroy
15203,Dwarf remains,Destroy, |  |  |  | Destroy
15204,Dwarf remains,Destroy, |  |  |  | Destroy
15205,Dwarf remains,Destroy, |  |  |  | Destroy
15206,Dwarf remains,Destroy, |  |  |  | Destroy
15207,Dwarf remains,Destroy, |  |  |  | Destroy
15208,Dwarf remains,Destroy, |  |  |  | Destroy
15209,Dwarf remains,Destroy, |  |  |  | Destroy
15210,Dwarf remains,Destroy, |  |  |  | Destroy
15211,Dwarf remains,Destroy, |  |  |  | Destroy
15212,Dwarf remains,Destroy, |  |  |  | Destroy
15213,Dwarf remains,Destroy, |  |  |  | Destroy
15214,Dwarf remains,Destroy, |  |  |  | Destroy
15215,Dwarf remains,Destroy, |  |  |  | Destroy
15216,Dwarf remains,Destroy, |  |  |  | Destroy
15217,Dwarf remains,Destroy, |  |  |  | Destroy
15218,Dwarf remains,Destroy, |  |  |  | Destroy
15219,Dwarf remains,Destroy, |  |  |  | Destroy
15222,Dwarf remains,Destroy, |  |  |  | Destroy
15223,Dwarf remains,Destroy, |  |  |  | Destroy
15224,Dwarf remains,Destroy, |  |  |  | Destroy
15225,Dwarf remains,Destroy, |  |  |  | Destroy
15226,Dwarf remains,Destroy, |  |  |  | Destroy
15227,Dwarf remains,Destroy, |  |  |  | Destroy
15228,Dwarf remains,Destroy, |  |  |  | Destroy
15229,Dwarf remains,Destroy, |  |  |  | Destroy
15230,Dwarf remains,Destroy, |  |  |  | Destroy
15231,Dwarf remains,Destroy, |  |  |  | Destroy
15232,Dwarf remains,Destroy, |  |  |  | Destroy
15233,Dwarf remains,Destroy, |  |  |  | Destroy
15234,Dwarf remains,Destroy, |  |  |  | Destroy
15235,Dwarf remains,Destroy, |  |  |  | Destroy
15236,Dwarf remains,Destroy, |  |  |  | Destroy
15237,Dwarf remains,Destroy, |  |  |  | Destroy
15238,Dwarf remains,Destroy, |  |  |  | Destroy
15239,Dwarf remains,Destroy, |  |  |  | Destroy
15240,Dwarf remains,Destroy, |  |  |  | Destroy
15244,Dwarf remains,Destroy, |  |  |  | Destroy
15245,Dwarf remains,Destroy, |  |  |  | Destroy
15246,Dwarf remains,Destroy, |  |  |  | Destroy
15247,Dwarf remains,Destroy, |  |  |  | Destroy
15248,Dwarf remains,Destroy, |  |  |  | Destroy
15249,Dwarf remains,Destroy, |  |  |  | Destroy
15250,Dwarf remains,Destroy, |  |  |  | Destroy
15251,Dwarf remains,Destroy, |  |  |  | Destroy
15252,Dwarf remains,Destroy, |  |  |  | Destroy
15253,Dwarf remains,Destroy, |  |  |  | Destroy
15254,Dwarf remains,Destroy, |  |  |  | Destroy
15255,Dwarf remains,Destroy, |  |  |  | Destroy
15256,Dwarf remains,Destroy, |  |  |  | Destroy
15257,Dwarf remains,Destroy, |  |  |  | Destroy
15258,Dwarf remains,Destroy, |  |  |  | Destroy
15259,Dwarf remains,Destroy, |  |  |  | Destroy
15260,Dwarf remains,Destroy, |  |  |  | Destroy
15261,Dwarf remains,Destroy, |  |  |  | Destroy
15262,Dwarf remains,Destroy, |  |  |  | Destroy
15263,Dwarf remains,Destroy, |  |  |  | Destroy
15264,Dwarf remains,Destroy, |  |  |  | Destroy
15265,Dwarf remains,Destroy, |  |  |  | Destroy
15266,Dwarf remains,Destroy, |  |  |  | Destroy
15267,Dwarf remains,Destroy, |  |  |  | Destroy
15268,Dwarf remains,Destroy, |  |  |  | Destroy
15269,Dwarf remains,Destroy, |  |  |  | Destroy
15270,Dwarf remains,Destroy, |  |  |  | Destroy
15271,Dwarf remains,Destroy, |  |  |  | Destroy
15273,Dwarf remains,Destroy, |  |  |  | Destroy
15274,Dwarf remains,Destroy, |  |  |  | Destroy
15275,Dwarf remains,Destroy, |  |  |  | Destroy
15276,Dwarf remains,Destroy, |  |  |  | Destroy
15277,Dwarf remains,Destroy, |  |  |  | Destroy
15278,Dwarf remains,Destroy, |  |  |  | Destroy
15279,Dwarf remains,Destroy, |  |  |  | Destroy
15280,Dwarf remains,Destroy, |  |  |  | Destroy
15281,Dwarf remains,Destroy, |  |  |  | Destroy
15282,Dwarf remains,Destroy, |  |  |  | Destroy
15283,Dwarf remains,Destroy, |  |  |  | Destroy
15284,Dwarf remains,Destroy, |  |  |  | Destroy
15285,Dwarf remains,Destroy, |  |  |  | Destroy
15286,Dwarf remains,Destroy, |  |  |  | Destroy
15287,Dwarf remains,Destroy, |  |  |  | Destroy
15288,Dwarf remains,Destroy, |  |  |  | Destroy
15289,Dwarf remains,Destroy, |  |  |  | Destroy
15290,Dwarf remains,Destroy, |  |  |  | Destroy
15291,Dwarf remains,Destroy, |  |  |  | Destroy
15292,Dwarf remains,Destroy, |  |  |  | Destroy
15293,Dwarf remains,Destroy, |  |  |  | Destroy
15294,Dwarf remains,Destroy, |  |  |  | Destroy
15295,Dwarf remains,Destroy, |  |  |  | Destroy
15296,Dwarf remains,Destroy, |  |  |  | Destroy
15297,Dwarf remains,Destroy, |  |  |  | Destroy
15298,Dwarf remains,Destroy, |  |  |  | Destroy
15299,Dwarf remains,Destroy, |  |  |  | Destroy
15304,Dwarf remains,Destroy, |  |  |  | Destroy
15309,Dwarf remains,Destroy, |  |  |  | Destroy
15310,Dwarf remains,Destroy, |  |  |  | Destroy
15311,Dwarf remains,Destroy, |  |  |  | Destroy
15312,Dwarf remains,Destroy, |  |  |  | Destroy
15313,Dwarf remains,Destroy, |  |  |  | Destroy
15314,Dwarf remains,Destroy, |  |  |  | Destroy
15315,Dwarf remains,Destroy, |  |  |  | Destroy
15316,Dwarf remains,Destroy, |  |  |  | Destroy
15317,Dwarf remains,Destroy, |  |  |  | Destroy
15318,Dwarf remains,Destroy, |  |  |  | Destroy
15319,Dwarf remains,Destroy, |  |  |  | Destroy
15320,Dwarf remains,Destroy, |  |  |  | Destroy
15321,Dwarf remains,Destroy, |  |  |  | Destroy
15322,Dwarf remains,Destroy, |  |  |  | Destroy
15323,Dwarf remains,Destroy, |  |  |  | Destroy
15324,Dwarf remains,Destroy, |  |  |  | Destroy
15325,Dwarf remains,Destroy, |  |  |  | Destroy
15326,Dwarf remains,Destroy, |  |  |  | Destroy
15327,Dwarf remains,Destroy, |  |  |  | Destroy
15328,Dwarf remains,Destroy, |  |  |  | Destroy
15329,Dwarf remains,Destroy, |  |  |  | Destroy
15330,Dwarf remains,Destroy, |  |  |  | Destroy
15331,Dwarf remains,Destroy, |  |  |  | Destroy
15332,Dwarf remains,Destroy, |  |  |  | Destroy
15333,Dwarf remains,Destroy, |  |  |  | Destroy
15334,Dwarf remains,Destroy, |  |  |  | Destroy
15335,Dwarf remains,Destroy, |  |  |  | Destroy
15336,Dwarf remains,Destroy, |  |  |  | Destroy
15337,Dwarf remains,Destroy, |  |  |  | Destroy
15338,Dwarf remains,Destroy, |  |  |  | Destroy
15339,Dwarf remains,Destroy, |  |  |  | Destroy
15340,Dwarf remains,Destroy, |  |  |  | Destroy
15341,Dwarf remains,Destroy, |  |  |  | Destroy
15342,Dwarf remains,Destroy, |  |  |  | Destroy
15343,Dwarf remains,Destroy, |  |  |  | Destroy
15344,Dwarf remains,Destroy, |  |  |  | Destroy
15345,Dwarf remains,Destroy, |  |  |  | Destroy
15346,Dwarf remains,Destroy, |  |  |  | Destroy
15347,Dwarf remains,Destroy, |  |  |  | Destroy
15348,Dwarf remains,Destroy, |  |  |  | Destroy
15349,Dwarf remains,Destroy, |  |  |  | Destroy
15350,Dwarf remains,Destroy, |  |  |  | Destroy
15351,Dwarf remains,Destroy, |  |  |  | Destroy
15352,Dwarf remains,Destroy, |  |  |  | Destroy
15353,Dwarf remains,Destroy, |  |  |  | Destroy
15354,Dwarf remains,Destroy, |  |  |  | Destroy
15355,Dwarf remains,Destroy, |  |  |  | Destroy
15356,Dwarf remains,Destroy, |  |  |  | Destroy
15357,Dwarf remains,Destroy, |  |  |  | Destroy
15358,Dwarf remains,Destroy, |  |  |  | Destroy
15359,Dwarf remains,Destroy, |  |  |  | Destroy
15360,Dwarf remains,Destroy, |  |  |  | Destroy
15361,Dwarf remains,Destroy, |  |  |  | Destroy
15362,Dwarf remains,Destroy, |  |  |  | Destroy
15363,Dwarf remains,Destroy, |  |  |  | Destroy
15364,Dwarf remains,Destroy, |  |  |  | Destroy
15365,Dwarf remains,Destroy, |  |  |  | Destroy
15366,Dwarf remains,Destroy, |  |  |  | Destroy
15367,Dwarf remains,Destroy, |  |  |  | Destroy
15368,Dwarf remains,Destroy, |  |  |  | Destroy
15369,Dwarf remains,Destroy, |  |  |  | Destroy
15370,Dwarf remains,Destroy, |  |  |  | Destroy
15371,Dwarf remains,Destroy, |  |  |  | Destroy
15372,Dwarf remains,Destroy, |  |  |  | Destroy
15373,Dwarf remains,Destroy, |  |  |  | Destroy
15374,Dwarf remains,Destroy, |  |  |  | Destroy
15375,Dwarf remains,Destroy, |  |  |  | Destroy
15376,Dwarf remains,Destroy, |  |  |  | Destroy
15377,Dwarf remains,Destroy, |  |  |  | Destroy
15378,Dwarf remains,Destroy, |  |  |  | Destroy
15379,Dwarf remains,Destroy, |  |  |  | Destroy
15380,Dwarf remains,Destroy, |  |  |  | Destroy
15381,Dwarf remains,Destroy, |  |  |  | Destroy
15382,Dwarf remains,Destroy, |  |  |  | Destroy
15383,Dwarf remains,Destroy, |  |  |  | Destroy
15384,Dwarf remains,Destroy, |  |  |  | Destroy
15385,Dwarf remains,Destroy, |  |  |  | Destroy
15386,Dwarf remains,Destroy, |  |  |  | Destroy
15387,Dwarf remains,Destroy, |  |  |  | Destroy
15388,Dwarf remains,Destroy, |  |  |  | Destroy
15389,Dwarf remains,Destroy, |  |  |  | Destroy
15390,Dwarf remains,Destroy, |  |  |  | Destroy
15391,Dwarf remains,Destroy, |  |  |  | Destroy
15392,Dwarf remains,Destroy, |  |  |  | Destroy
15393,Dwarf remains,Destroy, |  |  |  | Destroy
15394,Dwarf remains,Destroy, |  |  |  | Destroy
15395,Dwarf remains,Destroy, |  |  |  | Destroy
15396,Dwarf remains,Destroy, |  |  |  | Destroy
15397,Dwarf remains,Destroy, |  |  |  | Destroy
15398,Dwarf remains,Destroy, |  |  |  | Destroy
15399,Dwarf remains,Destroy, |  |  |  | Destroy
15400,Dwarf remains,Destroy, |  |  |  | Destroy
15401,Dwarf remains,Destroy, |  |  |  | Destroy
15402,Dwarf remains,Destroy, |  |  |  | Destroy
15403,Dwarf remains,Destroy, |  |  |  | Destroy
15404,Dwarf remains,Destroy, |  |  |  | Destroy
15405,Dwarf remains,Destroy, |  |  |  | Destroy
15406,Dwarf remains,Destroy, |  |  |  | Destroy
15407,Dwarf remains,Destroy, |  |  |  | Destroy
15408,Dwarf remains,Destroy, |  |  |  | Destroy
15409,Dwarf remains,Destroy, |  |  |  | Destroy
15410,Dwarf remains,Destroy, |  |  |  | Destroy
15411,Dwarf remains,Destroy, |  |  |  | Destroy
15412,Dwarf remains,Destroy, |  |  |  | Destroy
15413,Dwarf remains,Destroy, |  |  |  | Destroy
15414,Dwarf remains,Destroy, |  |  |  | Destroy
15415,Dwarf remains,Destroy, |  |  |  | Destroy
15416,Dwarf remains,Destroy, |  |  |  | Destroy
15417,Dwarf remains,Destroy, |  |  |  | Destroy
15418,Dwarf remains,Destroy, |  |  |  | Destroy
15419,Dwarf remains,Destroy, |  |  |  | Destroy
15420,Dwarf remains,Destroy, |  |  |  | Destroy
15421,Dwarf remains,Destroy, |  |  |  | Destroy
15422,Dwarf remains,Destroy, |  |  |  | Destroy
15423,Dwarf remains,Destroy, |  |  |  | Destroy
15424,Dwarf remains,Destroy, |  |  |  | Destroy
15425,Dwarf remains,Destroy, |  |  |  | Destroy
15426,Dwarf remains,Destroy, |  |  |  | Destroy
15427,Dwarf remains,Destroy, |  |  |  | Destroy
15428,Dwarf remains,Destroy, |  |  |  | Destroy
15429,Dwarf remains,Destroy, |  |  |  | Destroy
15430,Dwarf remains,Destroy, |  |  |  | Destroy
15431,Dwarf remains,Destroy, |  |  |  | Destroy
15432,Dwarf remains,Destroy, |  |  |  | Destroy
15433,Dwarf remains,Destroy, |  |  |  | Destroy
15434,Dwarf remains,Destroy, |  |  |  | Destroy
15435,Dwarf remains,Destroy, |  |  |  | Destroy
15436,Dwarf remains,Destroy, |  |  |  | Destroy
15437,Dwarf remains,Destroy, |  |  |  | Destroy
15438,Dwarf remains,Destroy, |  |  |  | Destroy
15439,Dwarf remains,Destroy, |  |  |  | Destroy
15440,Dwarf remains,Destroy, |  |  |  | Destroy
15441,Dwarf remains,Destroy, |  |  |  | Destroy
15442,Dwarf remains,Destroy, |  |  |  | Destroy
15443,Dwarf remains,Destroy, |  |  |  | Destroy
15444,Dwarf remains,Destroy, |  |  |  | Destroy
15445,Dwarf remains,Destroy, |  |  |  | Destroy
15446,Dwarf remains,Destroy, |  |  |  | Destroy
15447,Dwarf remains,Destroy, |  |  |  | Destroy
15448,Dwarf remains,Destroy, |  |  |  | Destroy
15449,Dwarf remains,Destroy, |  |  |  | Destroy
15450,Dwarf remains,Destroy, |  |  |  | Destroy
15451,Dwarf remains,Destroy, |  |  |  | Destroy
15452,Dwarf remains,Destroy, |  |  |  | Destroy
15453,Dwarf remains,Destroy, |  |  |  | Destroy
15454,Dwarf remains,Destroy, |  |  |  | Destroy
15455,Dwarf remains,Destroy, |  |  |  | Destroy
15456,Dwarf remains,Destroy, |  |  |  | Destroy
15457,Dwarf remains,Destroy, |  |  |  | Destroy
15458,Dwarf remains,Destroy, |  |  |  | Destroy
15459,Dwarf remains,Destroy, |  |  |  | Destroy
15460,Dwarf remains,Destroy, |  |  |  | Destroy
15461,Dwarf remains,Destroy, |  |  |  | Destroy
15462,Dwarf remains,Destroy, |  |  |  | Destroy
15463,Dwarf remains,Destroy, |  |  |  | Destroy
15464,Dwarf remains,Destroy, |  |  |  | Destroy
15465,Dwarf remains,Destroy, |  |  |  | Destroy
15466,Dwarf remains,Destroy, |  |  |  | Destroy
15467,Dwarf remains,Destroy, |  |  |  | Destroy
15468,Dwarf remains,Destroy, |  |  |  | Destroy
15469,Dwarf remains,Destroy, |  |  |  | Destroy
15470,Dwarf remains,Destroy, |  |  |  | Destroy
15471,Dwarf remains,Destroy, |  |  |  | Destroy
15472,Dwarf remains,Destroy, |  |  |  | Destroy
15473,Dwarf remains,Destroy, |  |  |  | Destroy
15474,Dwarf remains,Destroy, |  |  |  | Destroy
15475,Dwarf remains,Destroy, |  |  |  | Destroy
15476,Dwarf remains,Destroy, |  |  |  | Destroy
15477,Dwarf remains,Destroy, |  |  |  | Destroy
15478,Dwarf remains,Destroy, |  |  |  | Destroy
15479,Dwarf remains,Destroy, |  |  |  | Destroy
15480,Dwarf remains,Destroy, |  |  |  | Destroy
15481,Dwarf remains,Destroy, |  |  |  | Destroy
15482,Dwarf remains,Destroy, |  |  |  | Destroy
15483,Dwarf remains,Destroy, |  |  |  | Destroy
15484,Dwarf remains,Destroy, |  |  |  | Destroy
15485,Dwarf remains,Destroy, |  |  |  | Destroy
15486,Dwarf remains,Destroy, |  |  |  | Destroy
15487,Dwarf remains,Destroy, |  |  |  | Destroy
15488,Dwarf remains,Destroy, |  |  |  | Destroy
15489,Dwarf remains,Destroy, |  |  |  | Destroy
15490,Dwarf remains,Destroy, |  |  |  | Destroy
15491,Dwarf remains,Destroy, |  |  |  | Destroy
15492,Dwarf remains,Destroy, |  |  |  | Destroy
15493,Dwarf remains,Destroy, |  |  |  | Destroy
15494,Dwarf remains,Destroy, |  |  |  | Destroy
15495,Dwarf remains,Destroy, |  |  |  | Destroy
15496,Dwarf remains,Destroy, |  |  |  | Destroy
15497,Dwarf remains,Destroy, |  |  |  | Destroy
15498,Dwarf remains,Destroy, |  |  |  | Destroy
15499,Dwarf remains,Destroy, |  |  |  | Destroy
15500,Dwarf remains,Destroy, |  |  |  | Destroy
15501,Dwarf remains,Destroy, |  |  |  | Destroy
15502,Dwarf remains,Destroy, |  |  |  | Destroy
15503,Dwarf remains,Destroy, |  |  |  | Destroy
15504,Dwarf remains,Destroy, |  |  |  | Destroy
15505,Dwarf remains,Destroy, |  |  |  | Destroy
15506,Dwarf remains,Destroy, |  |  |  | Destroy
15507,Dwarf remains,Destroy, |  |  |  | Destroy
15508,Dwarf remains,Destroy, |  |  |  | Destroy
15509,Dwarf remains,Destroy, |  |  |  | Destroy
15510,Dwarf remains,Destroy, |  |  |  | Destroy
15511,Dwarf remains,Destroy, |  |  |  | Destroy
15512,Dwarf remains,Destroy, |  |  |  | Destroy
15513,Dwarf remains,Destroy, |  |  |  | Destroy
15514,Dwarf remains,Destroy, |  |  |  | Destroy
15515,Dwarf remains,Destroy, |  |  |  | Destroy
15516,Dwarf remains,Destroy, |  |  |  | Destroy
15517,Dwarf remains,Destroy, |  |  |  | Destroy
15518,Dwarf remains,Destroy, |  |  |  | Destroy
15519,Dwarf remains,Destroy, |  |  |  | Destroy
15520,Dwarf remains,Destroy, |  |  |  | Destroy
15521,Dwarf remains,Destroy, |  |  |  | Destroy
15522,Dwarf remains,Destroy, |  |  |  | Destroy
15523,Dwarf remains,Destroy, |  |  |  | Destroy
15524,Dwarf remains,Destroy, |  |  |  | Destroy
15525,Dwarf remains,Destroy, |  |  |  | Destroy
15526,Dwarf remains,Destroy, |  |  |  | Destroy
15527,Dwarf remains,Destroy, |  |  |  | Destroy
15528,Dwarf remains,Destroy, |  |  |  | Destroy
15529,Dwarf remains,Destroy, |  |  |  | Destroy
15530,Dwarf remains,Destroy, |  |  |  | Destroy
15531,Dwarf remains,Destroy, |  |  |  | Destroy
15532,Dwarf remains,Destroy, |  |  |  | Destroy
15533,Dwarf remains,Destroy, |  |  |  | Destroy
15534,Dwarf remains,Destroy, |  |  |  | Destroy
15535,Dwarf remains,Destroy, |  |  |  | Destroy
15536,Dwarf remains,Destroy, |  |  |  | Destroy
15537,Dwarf remains,Destroy, |  |  |  | Destroy
15538,Dwarf remains,Destroy, |  |  |  | Destroy
15539,Dwarf remains,Destroy, |  |  |  | Destroy
15540,Dwarf remains,Destroy, |  |  |  | Destroy
15541,Dwarf remains,Destroy, |  |  |  | Destroy
15542,Dwarf remains,Destroy, |  |  |  | Destroy
15543,Dwarf remains,Destroy, |  |  |  | Destroy
15544,Dwarf remains,Destroy, |  |  |  | Destroy
15545,Dwarf remains,Destroy, |  |  |  | Destroy
15546,Dwarf remains,Destroy, |  |  |  | Destroy
15547,Dwarf remains,Destroy, |  |  |  | Destroy
15548,Dwarf remains,Destroy, |  |  |  | Destroy
15549,Dwarf remains,Destroy, |  |  |  | Destroy
15552,Dwarf remains,Destroy, |  |  |  | Destroy
15553,Dwarf remains,Destroy, |  |  |  | Destroy
15554,Dwarf remains,Destroy, |  |  |  | Destroy
15555,Dwarf remains,Destroy, |  |  |  | Destroy
15556,Dwarf remains,Destroy, |  |  |  | Destroy
15557,Dwarf remains,Destroy, |  |  |  | Destroy
15558,Dwarf remains,Destroy, |  |  |  | Destroy
15559,Dwarf remains,Destroy, |  |  |  | Destroy
15560,Dwarf remains,Destroy, |  |  |  | Destroy
15561,Dwarf remains,Destroy, |  |  |  | Destroy
15562,Dwarf remains,Destroy, |  |  |  | Destroy
15563,Dwarf remains,Destroy, |  |  |  | Destroy
15564,Dwarf remains,Destroy, |  |  |  | Destroy
15565,Dwarf remains,Destroy, |  |  |  | Destroy
15566,Dwarf remains,Destroy, |  |  |  | Destroy
15567,Dwarf remains,Destroy, |  |  |  | Destroy
15568,Dwarf remains,Destroy, |  |  |  | Destroy
15569,Dwarf remains,Destroy, |  |  |  | Destroy
15570,Dwarf remains,Destroy, |  |  |  | Destroy
15571,Dwarf remains,Destroy, |  |  |  | Destroy
15572,Dwarf remains,Destroy, |  |  |  | Destroy
15573,Dwarf remains,Destroy, |  |  |  | Destroy
15574,Dwarf remains,Destroy, |  |  |  | Destroy
15575,Dwarf remains,Destroy, |  |  |  | Destroy
15576,Dwarf remains,Destroy, |  |  |  | Destroy
15577,Dwarf remains,Destroy, |  |  |  | Destroy
15578,Dwarf remains,Destroy, |  |  |  | Destroy
15579,Dwarf remains,Destroy, |  |  |  | Destroy
15580,Dwarf remains,Destroy, |  |  |  | Destroy
15581,Dwarf remains,Destroy, |  |  |  | Destroy
15582,Dwarf remains,Destroy, |  |  |  | Destroy
15583,Dwarf remains,Destroy, |  |  |  | Destroy
15584,Dwarf remains,Destroy, |  |  |  | Destroy
15585,Dwarf remains,Destroy, |  |  |  | Destroy
15586,Dwarf remains,Destroy, |  |  |  | Destroy
15587,Dwarf remains,Destroy, |  |  |  | Destroy
15588,Dwarf remains,Destroy, |  |  |  | Destroy
15589,Dwarf remains,Destroy, |  |  |  | Destroy
15590,Dwarf remains,Destroy, |  |  |  | Destroy
15591,Dwarf remains,Destroy, |  |  |  | Destroy
15592,Dwarf remains,Destroy, |  |  |  | Destroy
15593,Dwarf remains,Destroy, |  |  |  | Destroy
15594,Dwarf remains,Destroy, |  |  |  | Destroy
15595,Dwarf remains,Destroy, |  |  |  | Destroy
15596,Dwarf remains,Destroy, |  |  |  | Destroy
15597,Dwarf remains,Destroy, |  |  |  | Destroy
15598,Dwarf remains,Destroy, |  |  |  | Destroy
15599,Dwarf remains,Destroy, |  |  |  | Destroy
15600,Dwarf remains,Destroy, |  |  |  | Destroy
15601,Dwarf remains,Destroy, |  |  |  | Destroy
15602,Dwarf remains,Destroy, |  |  |  | Destroy
15603,Dwarf remains,Destroy, |  |  |  | Destroy
15604,Dwarf remains,Destroy, |  |  |  | Destroy
15605,Dwarf remains,Destroy, |  |  |  | Destroy
15606,Dwarf remains,Destroy, |  |  |  | Destroy
15607,Dwarf remains,Destroy, |  |  |  | Destroy
15608,Dwarf remains,Destroy, |  |  |  | Destroy
15609,Dwarf remains,Destroy, |  |  |  | Destroy
15610,Dwarf remains,Destroy, |  |  |  | Destroy
15611,Dwarf remains,Destroy, |  |  |  | Destroy
15612,Dwarf remains,Destroy, |  |  |  | Destroy
15613,Dwarf remains,Destroy, |  |  |  | Destroy
15614,Dwarf remains,Destroy, |  |  |  | Destroy
15615,Dwarf remains,Destroy, |  |  |  | Destroy
15616,Dwarf remains,Destroy, |  |  |  | Destroy
15617,Dwarf remains,Destroy, |  |  |  | Destroy
15618,Dwarf remains,Destroy, |  |  |  | Destroy
15619,Dwarf remains,Destroy, |  |  |  | Destroy
15620,Dwarf remains,Destroy, |  |  |  | Destroy
15622,Dwarf remains,Destroy, |  |  |  | Destroy
15623,Dwarf remains,Destroy, |  |  |  | Destroy
15624,Dwarf remains,Destroy, |  |  |  | Destroy
15625,Dwarf remains,Destroy, |  |  |  | Destroy
15626,Dwarf remains,Destroy, |  |  |  | Destroy
15627,Dwarf remains,Destroy, |  |  |  | Destroy
15628,Dwarf remains,Destroy, |  |  |  | Destroy
15629,Dwarf remains,Destroy, |  |  |  | Destroy
15630,Dwarf remains,Destroy, |  |  |  | Destroy
15631,Dwarf remains,Destroy, |  |  |  | Destroy
15632,Dwarf remains,Destroy, |  |  |  | Destroy
15633,Dwarf remains,Destroy, |  |  |  | Destroy
15634,Dwarf remains,Destroy, |  |  |  | Destroy
15635,Dwarf remains,Destroy, |  |  |  | Destroy
15636,Dwarf remains,Destroy, |  |  |  | Destroy
15637,Dwarf remains,Destroy, |  |  |  | Destroy
15638,Dwarf remains,Destroy, |  |  |  | Destroy
15639,Dwarf remains,Destroy, |  |  |  | Destroy
15640,Dwarf remains,Destroy, |  |  |  | Destroy
15641,Dwarf remains,Destroy, |  |  |  | Destroy
15642,Dwarf remains,Destroy, |  |  |  | Destroy
15643,Dwarf remains,Destroy, |  |  |  | Destroy
15644,Dwarf remains,Destroy, |  |  |  | Destroy
15645,Dwarf remains,Destroy, |  |  |  | Destroy
15646,Dwarf remains,Destroy, |  |  |  | Destroy
15647,Dwarf remains,Destroy, |  |  |  | Destroy
15648,Dwarf remains,Destroy, |  |  |  | Destroy
15649,Dwarf remains,Destroy, |  |  |  | Destroy
15650,Dwarf remains,Destroy, |  |  |  | Destroy
15651,Dwarf remains,Destroy, |  |  |  | Destroy
15652,Dwarf remains,Destroy, |  |  |  | Destroy
15653,Dwarf remains,Destroy, |  |  |  | Destroy
15654,Dwarf remains,Destroy, |  |  |  | Destroy
15655,Dwarf remains,Destroy, |  |  |  | Destroy
15656,Dwarf remains,Destroy, |  |  |  | Destroy
15657,Dwarf remains,Destroy, |  |  |  | Destroy
15658,Dwarf remains,Destroy, |  |  |  | Destroy
15659,Dwarf remains,Destroy, |  |  |  | Destroy
15660,Dwarf remains,Destroy, |  |  |  | Destroy
15661,Dwarf remains,Destroy, |  |  |  | Destroy
15662,Dwarf remains,Destroy, |  |  |  | Destroy
15663,Dwarf remains,Destroy, |  |  |  | Destroy
15664,Dwarf remains,Destroy, |  |  |  | Destroy
15665,Dwarf remains,Destroy, |  |  |  | Destroy
15666,Dwarf remains,Destroy, |  |  |  | Destroy
15667,Dwarf remains,Destroy, |  |  |  | Destroy
15668,Dwarf remains,Destroy, |  |  |  | Destroy
15669,Dwarf remains,Destroy, |  |  |  | Destroy
15670,Dwarf remains,Destroy, |  |  |  | Destroy
15671,Dwarf remains,Destroy, |  |  |  | Destroy
15672,Dwarf remains,Destroy, |  |  |  | Destroy
15673,Dwarf remains,Destroy, |  |  |  | Destroy
15674,Dwarf remains,Destroy, |  |  |  | Destroy
15675,Dwarf remains,Destroy, |  |  |  | Destroy
15676,Dwarf remains,Destroy, |  |  |  | Destroy
15677,Dwarf remains,Destroy, |  |  |  | Destroy
15678,Dwarf remains,Destroy, |  |  |  | Destroy
15679,Dwarf remains,Destroy, |  |  |  | Destroy
15680,Dwarf remains,Destroy, |  |  |  | Destroy
15681,Dwarf remains,Destroy, |  |  |  | Destroy
15682,Dwarf remains,Destroy, |  |  |  | Destroy
15683,Dwarf remains,Destroy, |  |  |  | Destroy
15684,Dwarf remains,Destroy, |  |  |  | Destroy
15685,Dwarf remains,Destroy, |  |  |  | Destroy
15686,Dwarf remains,Destroy, |  |  |  | Destroy
15687,Dwarf remains,Destroy, |  |  |  | Destroy
15688,Dwarf remains,Destroy, |  |  |  | Destroy
15689,Dwarf remains,Destroy, |  |  |  | Destroy
15690,Dwarf remains,Destroy, |  |  |  | Destroy
15691,Dwarf remains,Destroy, |  |  |  | Destroy
15692,Dwarf remains,Destroy, |  |  |  | Destroy
15693,Dwarf remains,Destroy, |  |  |  | Destroy
15694,Dwarf remains,Destroy, |  |  |  | Destroy
15695,Dwarf remains,Destroy, |  |  |  | Destroy
15696,Dwarf remains,Destroy, |  |  |  | Destroy
15697,Dwarf remains,Destroy, |  |  |  | Destroy
15698,Dwarf remains,Destroy, |  |  |  | Destroy
15699,Dwarf remains,Destroy, |  |  |  | Destroy
15700,Dwarf remains,Destroy, |  |  |  | Destroy
15701,Dwarf remains,Destroy, |  |  |  | Destroy
15702,Dwarf remains,Destroy, |  |  |  | Destroy
15703,Dwarf remains,Destroy, |  |  |  | Destroy
15704,Dwarf remains,Destroy, |  |  |  | Destroy
15705,Dwarf remains,Destroy, |  |  |  | Destroy
15706,Dwarf remains,Destroy, |  |  |  | Destroy
15707,Dwarf remains,Destroy, |  |  |  | Destroy
15708,Dwarf remains,Destroy, |  |  |  | Destroy
15709,Dwarf remains,Destroy, |  |  |  | Destroy
15710,Dwarf remains,Destroy, |  |  |  | Destroy
15711,Dwarf remains,Destroy, |  |  |  | Destroy
15712,Dwarf remains,Destroy, |  |  |  | Destroy
15713,Dwarf remains,Destroy, |  |  |  | Destroy
15714,Dwarf remains,Destroy, |  |  |  | Destroy
15715,Dwarf remains,Destroy, |  |  |  | Destroy
15716,Dwarf remains,Destroy, |  |  |  | Destroy
15717,Dwarf remains,Destroy, |  |  |  | Destroy
15718,Dwarf remains,Destroy, |  |  |  | Destroy
15719,Dwarf remains,Destroy, |  |  |  | Destroy
15720,Dwarf remains,Destroy, |  |  |  | Destroy
15721,Dwarf remains,Destroy, |  |  |  | Destroy
15722,Dwarf remains,Destroy, |  |  |  | Destroy
15723,Dwarf remains,Destroy, |  |  |  | Destroy
15724,Dwarf remains,Destroy, |  |  |  | Destroy
15725,Dwarf remains,Destroy, |  |  |  | Destroy
15726,Dwarf remains,Destroy, |  |  |  | Destroy
15727,Dwarf remains,Destroy, |  |  |  | Destroy
15728,Dwarf remains,Destroy, |  |  |  | Destroy
15729,Dwarf remains,Destroy, |  |  |  | Destroy
15730,Dwarf remains,Destroy, |  |  |  | Destroy
15731,Dwarf remains,Destroy, |  |  |  | Destroy
15732,Dwarf remains,Destroy, |  |  |  | Destroy
15733,Dwarf remains,Destroy, |  |  |  | Destroy
15734,Dwarf remains,Destroy, |  |  |  | Destroy
15735,Dwarf remains,Destroy, |  |  |  | Destroy
15736,Dwarf remains,Destroy, |  |  |  | Destroy
15737,Dwarf remains,Destroy, |  |  |  | Destroy
15738,Dwarf remains,Destroy, |  |  |  | Destroy
15739,Dwarf remains,Destroy, |  |  |  | Destroy
15740,Dwarf remains,Destroy, |  |  |  | Destroy
15741,Dwarf remains,Destroy, |  |  |  | Destroy
15742,Dwarf remains,Destroy, |  |  |  | Destroy
15743,Dwarf remains,Destroy, |  |  |  | Destroy
15744,Dwarf remains,Destroy, |  |  |  | Destroy
15745,Dwarf remains,Destroy, |  |  |  | Destroy
15746,Dwarf remains,Destroy, |  |  |  | Destroy
15747,Dwarf remains,Destroy, |  |  |  | Destroy
15748,Dwarf remains,Destroy, |  |  |  | Destroy
15749,Dwarf remains,Destroy, |  |  |  | Destroy
15750,Dwarf remains,Destroy, |  |  |  | Destroy
15751,Dwarf remains,Destroy, |  |  |  | Destroy
15752,Dwarf remains,Destroy, |  |  |  | Destroy
15753,Dwarf remains,Destroy, |  |  |  | Destroy
15754,Dwarf remains,Destroy, |  |  |  | Destroy
15755,Dwarf remains,Destroy, |  |  |  | Destroy
15756,Dwarf remains,Destroy, |  |  |  | Destroy
15757,Dwarf remains,Destroy, |  |  |  | Destroy
15758,Dwarf remains,Destroy, |  |  |  | Destroy
15759,Dwarf remains,Destroy, |  |  |  | Destroy
15760,Dwarf remains,Destroy, |  |  |  | Destroy
15761,Dwarf remains,Destroy, |  |  |  | Destroy
15762,Dwarf remains,Destroy, |  |  |  | Destroy
15763,Dwarf remains,Destroy, |  |  |  | Destroy
15764,Dwarf remains,Destroy, |  |  |  | Destroy
15765,Dwarf remains,Destroy, |  |  |  | Destroy
15766,Dwarf remains,Destroy, |  |  |  | Destroy
15767,Dwarf remains,Destroy, |  |  |  | Destroy
15768,Dwarf remains,Destroy, |  |  |  | Destroy
15769,Dwarf remains,Destroy, |  |  |  | Destroy
15770,Dwarf remains,Destroy, |  |  |  | Destroy
15771,Dwarf remains,Destroy, |  |  |  | Destroy
15772,Dwarf remains,Destroy, |  |  |  | Destroy
15773,Dwarf remains,Destroy, |  |  |  | Destroy
15774,Dwarf remains,Destroy, |  |  |  | Destroy
15775,Dwarf remains,Destroy, |  |  |  | Destroy
15776,Dwarf remains,Destroy, |  |  |  | Destroy
15777,Dwarf remains,Destroy, |  |  |  | Destroy
15778,Dwarf remains,Destroy, |  |  |  | Destroy
15779,Dwarf remains,Destroy, |  |  |  | Destroy
15780,Dwarf remains,Destroy, |  |  |  | Destroy
15781,Dwarf remains,Destroy, |  |  |  | Destroy
15782,Dwarf remains,Destroy, |  |  |  | Destroy
15783,Dwarf remains,Destroy, |  |  |  | Destroy
15784,Dwarf remains,Destroy, |  |  |  | Destroy
15785,Dwarf remains,Destroy, |  |  |  | Destroy
15786,Dwarf remains,Destroy, |  |  |  | Destroy
15787,Dwarf remains,Destroy, |  |  |  | Destroy
15788,Dwarf remains,Destroy, |  |  |  | Destroy
15789,Dwarf remains,Destroy, |  |  |  | Destroy
15790,Dwarf remains,Destroy, |  |  |  | Destroy
15791,Dwarf remains,Destroy, |  |  |  | Destroy
15792,Dwarf remains,Destroy, |  |  |  | Destroy
15793,Dwarf remains,Destroy, |  |  |  | Destroy
15794,Dwarf remains,Destroy, |  |  |  | Destroy
15795,Dwarf remains,Destroy, |  |  |  | Destroy
15796,Dwarf remains,Destroy, |  |  |  | Destroy
15797,Dwarf remains,Destroy, |  |  |  | Destroy
15798,Dwarf remains,Destroy, |  |  |  | Destroy
15799,Dwarf remains,Destroy, |  |  |  | Destroy
15800,Dwarf remains,Destroy, |  |  |  | Destroy
15801,Dwarf remains,Destroy, |  |  |  | Destroy
15802,Dwarf remains,Destroy, |  |  |  | Destroy
15803,Dwarf remains,Destroy, |  |  |  | Destroy
15804,Dwarf remains,Destroy, |  |  |  | Destroy
15805,Dwarf remains,Destroy, |  |  |  | Destroy
15806,Dwarf remains,Destroy, |  |  |  | Destroy
15807,Dwarf remains,Destroy, |  |  |  | Destroy
15808,Dwarf remains,Destroy, |  |  |  | Destroy
15809,Dwarf remains,Destroy, |  |  |  | Destroy
15810,Dwarf remains,Destroy, |  |  |  | Destroy
15811,Dwarf remains,Destroy, |  |  |  | Destroy
15812,Dwarf remains,Destroy, |  |  |  | Destroy
15813,Dwarf remains,Destroy, |  |  |  | Destroy
15814,Dwarf remains,Destroy, |  |  |  | Destroy
15815,Dwarf remains,Destroy, |  |  |  | Destroy
15816,Dwarf remains,Destroy, |  |  |  | Destroy
15817,Dwarf remains,Destroy, |  |  |  | Destroy
15818,Dwarf remains,Destroy, |  |  |  | Destroy
15819,Dwarf remains,Destroy, |  |  |  | Destroy
15820,Dwarf remains,Destroy, |  |  |  | Destroy
15821,Dwarf remains,Destroy, |  |  |  | Destroy
15822,Dwarf remains,Destroy, |  |  |  | Destroy
15823,Dwarf remains,Destroy, |  |  |  | Destroy
15824,Dwarf remains,Destroy, |  |  |  | Destroy
15825,Dwarf remains,Destroy, |  |  |  | Destroy
15826,Dwarf remains,Destroy, |  |  |  | Destroy
15827,Dwarf remains,Destroy, |  |  |  | Destroy
15828,Dwarf remains,Destroy, |  |  |  | Destroy
15829,Dwarf remains,Destroy, |  |  |  | Destroy
15830,Dwarf remains,Destroy, |  |  |  | Destroy
15831,Dwarf remains,Destroy, |  |  |  | Destroy
15832,Dwarf remains,Destroy, |  |  |  | Destroy
15833,Dwarf remains,Destroy, |  |  |  | Destroy
15834,Dwarf remains,Destroy, |  |  |  | Destroy
15835,Dwarf remains,Destroy, |  |  |  | Destroy
15836,Dwarf remains,Destroy, |  |  |  | Destroy
15837,Dwarf remains,Destroy, |  |  |  | Destroy
15838,Dwarf remains,Destroy, |  |  |  | Destroy
15839,Dwarf remains,Destroy, |  |  |  | Destroy
15840,Dwarf remains,Destroy, |  |  |  | Destroy
15841,Dwarf remains,Destroy, |  |  |  | Destroy
15842,Dwarf remains,Destroy, |  |  |  | Destroy
15843,Dwarf remains,Destroy, |  |  |  | Destroy
15844,Dwarf remains,Destroy, |  |  |  | Destroy
15845,Dwarf remains,Destroy, |  |  |  | Destroy
15846,Dwarf remains,Destroy, |  |  |  | Destroy
15847,Dwarf remains,Destroy, |  |  |  | Destroy
15848,Dwarf remains,Destroy, |  |  |  | Destroy
15849,Dwarf remains,Destroy, |  |  |  | Destroy
15850,Dwarf remains,Destroy, |  |  |  | Destroy
15851,Dwarf remains,Destroy, |  |  |  | Destroy
15852,Dwarf remains,Destroy, |  |  |  | Destroy
15853,Dwarf remains,Destroy, |  |  |  | Destroy
15854,Dwarf remains,Destroy, |  |  |  | Destroy
15855,Dwarf remains,Destroy, |  |  |  | Destroy
15856,Dwarf remains,Destroy, |  |  |  | Destroy
15857,Dwarf remains,Destroy, |  |  |  | Destroy
15858,Dwarf remains,Destroy, |  |  |  | Destroy
15859,Dwarf remains,Destroy, |  |  |  | Destroy
15860,Dwarf remains,Destroy, |  |  |  | Destroy
15861,Dwarf remains,Destroy, |  |  |  | Destroy
15862,Dwarf remains,Destroy, |  |  |  | Destroy
15863,Dwarf remains,Destroy, |  |  |  | Destroy
15864,Dwarf remains,Destroy, |  |  |  | Destroy
15865,Dwarf remains,Destroy, |  |  |  | Destroy
15866,Dwarf remains,Destroy, |  |  |  | Destroy
15867,Dwarf remains,Destroy, |  |  |  | Destroy
15868,Dwarf remains,Destroy, |  |  |  | Destroy
15869,Dwarf remains,Destroy, |  |  |  | Destroy
15870,Dwarf remains,Destroy, |  |  |  | Destroy
15871,Dwarf remains,Destroy, |  |  |  | Destroy
15872,Dwarf remains,Destroy, |  |  |  | Destroy
15873,Dwarf remains,Destroy, |  |  |  | Destroy
15874,Dwarf remains,Destroy, |  |  |  | Destroy
15875,Dwarf remains,Destroy, |  |  |  | Destroy
15876,Dwarf remains,Destroy, |  |  |  | Destroy
15877,Dwarf remains,Destroy, |  |  |  | Destroy
15878,Dwarf remains,Destroy, |  |  |  | Destroy
15879,Dwarf remains,Destroy, |  |  |  | Destroy
15880,Dwarf remains,Destroy, |  |  |  | Destroy
15881,Dwarf remains,Destroy, |  |  |  | Destroy
15882,Dwarf remains,Destroy, |  |  |  | Destroy
15883,Dwarf remains,Destroy, |  |  |  | Destroy
15884,Dwarf remains,Destroy, |  |  |  | Destroy
15885,Dwarf remains,Destroy, |  |  |  | Destroy
15886,Dwarf remains,Destroy, |  |  |  | Destroy
15887,Dwarf remains,Destroy, |  |  |  | Destroy
15888,Dwarf remains,Destroy, |  |  |  | Destroy
15889,Dwarf remains,Destroy, |  |  |  | Destroy
15890,Dwarf remains,Destroy, |  |  |  | Destroy
15891,Dwarf remains,Destroy, |  |  |  | Destroy
15892,Dwarf remains,Destroy, |  |  |  | Destroy
15893,Dwarf remains,Destroy, |  |  |  | Destroy
15894,Dwarf remains,Destroy, |  |  |  | Destroy
15895,Dwarf remains,Destroy, |  |  |  | Destroy
15896,Dwarf remains,Destroy, |  |  |  | Destroy
15897,Dwarf remains,Destroy, |  |  |  | Destroy
15898,Dwarf remains,Destroy, |  |  |  | Destroy
15899,Dwarf remains,Destroy, |  |  |  | Destroy
15900,Dwarf remains,Destroy, |  |  |  | Destroy
15901,Dwarf remains,Destroy, |  |  |  | Destroy
15902,Dwarf remains,Destroy, |  |  |  | Destroy
15903,Dwarf remains,Destroy, |  |  |  | Destroy
15904,Dwarf remains,Destroy, |  |  |  | Destroy
15905,Dwarf remains,Destroy, |  |  |  | Destroy
15906,Dwarf remains,Destroy, |  |  |  | Destroy
15907,Dwarf remains,Destroy, |  |  |  | Destroy
15908,Dwarf remains,Destroy, |  |  |  | Destroy
15909,Dwarf remains,Destroy, |  |  |  | Destroy
15910,Dwarf remains,Destroy, |  |  |  | Destroy
15911,Dwarf remains,Destroy, |  |  |  | Destroy
15912,Dwarf remains,Destroy, |  |  |  | Destroy
15913,Dwarf remains,Destroy, |  |  |  | Destroy
15914,Dwarf remains,Destroy, |  |  |  | Destroy
15915,Dwarf remains,Destroy, |  |  |  | Destroy
15916,Dwarf remains,Destroy, |  |  |  | Destroy
15917,Dwarf remains,Destroy, |  |  |  | Destroy
15918,Dwarf remains,Destroy, |  |  |  | Destroy
15919,Dwarf remains,Destroy, |  |  |  | Destroy
15920,Dwarf remains,Destroy, |  |  |  | Destroy
15921,Dwarf remains,Destroy, |  |  |  | Destroy
15922,Dwarf remains,Destroy, |  |  |  | Destroy
15923,Dwarf remains,Destroy, |  |  |  | Destroy
15924,Dwarf remains,Destroy, |  |  |  | Destroy
15925,Dwarf remains,Destroy, |  |  |  | Destroy
15926,Dwarf remains,Destroy, |  |  |  | Destroy
15927,Dwarf remains,Destroy, |  |  |  | Destroy
15928,Dwarf remains,Destroy, |  |  |  | Destroy
15929,Dwarf remains,Destroy, |  |  |  | Destroy
15930,Dwarf remains,Destroy, |  |  |  | Destroy
15931,Dwarf remains,Destroy, |  |  |  | Destroy
15932,Dwarf remains,Destroy, |  |  |  | Destroy
15933,Dwarf remains,Destroy, |  |  |  | Destroy
15934,Dwarf remains,Destroy, |  |  |  | Destroy
15935,Dwarf remains,Destroy, |  |  |  | Destroy
15936,Dwarf remains,Destroy, |  |  |  | Destroy
15937,Dwarf remains,Destroy, |  |  |  | Destroy
15938,Dwarf remains,Destroy, |  |  |  | Destroy
15939,Dwarf remains,Destroy, |  |  |  | Destroy
15940,Dwarf remains,Destroy, |  |  |  | Destroy
15941,Dwarf remains,Destroy, |  |  |  | Destroy
15942,Dwarf remains,Destroy, |  |  |  | Destroy
15943,Dwarf remains,Destroy, |  |  |  | Destroy
15944,Dwarf remains,Destroy, |  |  |  | Destroy
15945,Dwarf remains,Destroy, |  |  |  | Destroy
15946,Dwarf remains,Destroy, |  |  |  | Destroy
15947,Dwarf remains,Destroy, |  |  |  | Destroy
15948,Dwarf remains,Destroy, |  |  |  | Destroy
15949,Dwarf remains,Destroy, |  |  |  | Destroy
15950,Dwarf remains,Destroy, |  |  |  | Destroy
15951,Dwarf remains,Destroy, |  |  |  | Destroy
15952,Dwarf remains,Destroy, |  |  |  | Destroy
15953,Dwarf remains,Destroy, |  |  |  | Destroy
15954,Dwarf remains,Destroy, |  |  |  | Destroy
15955,Dwarf remains,Destroy, |  |  |  | Destroy
15956,Dwarf remains,Destroy, |  |  |  | Destroy
15957,Dwarf remains,Destroy, |  |  |  | Destroy
15958,Dwarf remains,Destroy, |  |  |  | Destroy
15959,Dwarf remains,Destroy, |  |  |  | Destroy
15960,Dwarf remains,Destroy, |  |  |  | Destroy
15961,Dwarf remains,Destroy, |  |  |  | Destroy
15962,Dwarf remains,Destroy, |  |  |  | Destroy
15963,Dwarf remains,Destroy, |  |  |  | Destroy
15964,Dwarf remains,Destroy, |  |  |  | Destroy
15965,Dwarf remains,Destroy, |  |  |  | Destroy
15966,Dwarf remains,Destroy, |  |  |  | Destroy
15967,Dwarf remains,Destroy, |  |  |  | Destroy
15968,Dwarf remains,Destroy, |  |  |  | Destroy
15969,Dwarf remains,Destroy, |  |  |  | Destroy
15970,Dwarf remains,Destroy, |  |  |  | Destroy
15971,Dwarf remains,Destroy, |  |  |  | Destroy
15972,Dwarf remains,Destroy, |  |  |  | Destroy
15973,Dwarf remains,Destroy, |  |  |  | Destroy
15974,Dwarf remains,Destroy, |  |  |  | Destroy
15975,Dwarf remains,Destroy, |  |  |  | Destroy
15976,Dwarf remains,Destroy, |  |  |  | Destroy
15977,Dwarf remains,Destroy, |  |  |  | Destroy
15978,Dwarf remains,Destroy, |  |  |  | Destroy
15979,Dwarf remains,Destroy, |  |  |  | Destroy
15980,Dwarf remains,Destroy, |  |  |  | Destroy
15981,Dwarf remains,Destroy, |  |  |  | Destroy
15982,Dwarf remains,Destroy, |  |  |  | Destroy
15983,Dwarf remains,Destroy, |  |  |  | Destroy
15984,Dwarf remains,Destroy, |  |  |  | Destroy
15985,Dwarf remains,Destroy, |  |  |  | Destroy
15986,Dwarf remains,Destroy, |  |  |  | Destroy
15987,Dwarf remains,Destroy, |  |  |  | Destroy
15988,Dwarf remains,Destroy, |  |  |  | Destroy
15989,Dwarf remains,Destroy, |  |  |  | Destroy
15990,Dwarf remains,Destroy, |  |  |  | Destroy
15991,Dwarf remains,Destroy, |  |  |  | Destroy
15992,Dwarf remains,Destroy, |  |  |  | Destroy
15993,Dwarf remains,Destroy, |  |  |  | Destroy
15994,Dwarf remains,Destroy, |  |  |  | Destroy
15995,Dwarf remains,Destroy, |  |  |  | Destroy
15996,Dwarf remains,Destroy, |  |  |  | Destroy
15997,Dwarf remains,Destroy, |  |  |  | Destroy
15998,Dwarf remains,Destroy, |  |  |  | Destroy
16008,Dwarf remains,Destroy, |  |  |  | Destroy
16009,Dwarf remains,Destroy, |  |  |  | Destroy
16010,Dwarf remains,Destroy, |  |  |  | Destroy
16011,Dwarf remains,Destroy, |  |  |  | Destroy
16012,Dwarf remains,Destroy, |  |  |  | Destroy
16013,Dwarf remains,Destroy, |  |  |  | Destroy
16014,Dwarf remains,Destroy, |  |  |  | Destroy
16015,Dwarf remains,Destroy, |  |  |  | Destroy
16016,Dwarf remains,Destroy, |  |  |  | Destroy
16017,Dwarf remains,Destroy, |  |  |  | Destroy
16018,Dwarf remains,Destroy, |  |  |  | Destroy
16019,Dwarf remains,Destroy, |  |  |  | Destroy
16020,Dwarf remains,Destroy, |  |  |  | Destroy
16021,Dwarf remains,Destroy, |  |  |  | Destroy
16022,Dwarf remains,Destroy, |  |  |  | Destroy
16023,Dwarf remains,Destroy, |  |  |  | Destroy
16024,Dwarf remains,Destroy, |  |  |  | Destroy
16025,Dwarf remains,Destroy, |  |  |  | Destroy
16026,Dwarf remains,Destroy, |  |  |  | Destroy
16027,Dwarf remains,Destroy, |  |  |  | Destroy
16028,Dwarf remains,Destroy, |  |  |  | Destroy
16029,Dwarf remains,Destroy, |  |  |  | Destroy
16030,Dwarf remains,Destroy, |  |  |  | Destroy
16031,Dwarf remains,Destroy, |  |  |  | Destroy
16032,Dwarf remains,Destroy, |  |  |  | Destroy
16033,Dwarf remains,Destroy, |  |  |  | Destroy
16034,Dwarf remains,Destroy, |  |  |  | Destroy
16035,Dwarf remains,Destroy, |  |  |  | Destroy
16036,Dwarf remains,Destroy, |  |  |  | Destroy
16037,Dwarf remains,Destroy, |  |  |  | Destroy
16038,Dwarf remains,Destroy, |  |  |  | Destroy
16039,Dwarf remains,Destroy, |  |  |  | Destroy
16040,Dwarf remains,Destroy, |  |  |  | Destroy
16041,Dwarf remains,Destroy, |  |  |  | Destroy
16042,Dwarf remains,Destroy, |  |  |  | Destroy
16043,Dwarf remains,Destroy, |  |  |  | Destroy
16044,Dwarf remains,Destroy, |  |  |  | Destroy
16045,Dwarf remains,Destroy, |  |  |  | Destroy
16046,Dwarf remains,Destroy, |  |  |  | Destroy
16047,Dwarf remains,Destroy, |  |  |  | Destroy
16048,Dwarf remains,Destroy, |  |  |  | Destroy
16049,Dwarf remains,Destroy, |  |  |  | Destroy
16050,@gre@Black santa hat,Destroy, |  |  |  | Destroy
16051,Dwarf remains,Destroy, |  |  |  | Destroy
16052,Dwarf remains,Destroy, |  |  |  | Destroy
16053,Dwarf remains,Destroy, |  |  |  | Destroy
16054,Dwarf remains,Destroy, |  |  |  | Destroy
16055,Dwarf remains,Destroy, |  |  |  | Destroy
16056,Dwarf remains,Destroy, |  |  |  | Destroy
16057,Dwarf remains,Destroy, |  |  |  | Destroy
16058,Dwarf remains,Destroy, |  |  |  | Destroy
16059,Dwarf remains,Destroy, |  |  |  | Destroy
16060,Dwarf remains,Destroy, |  |  |  | Destroy
16061,Dwarf remains,Destroy, |  |  |  | Destroy
16062,Dwarf remains,Destroy, |  |  |  | Destroy
16063,Dwarf remains,Destroy, |  |  |  | Destroy
16064,Dwarf remains,Destroy, |  |  |  | Destroy
16065,Dwarf remains,Destroy, |  |  |  | Destroy
16066,Dwarf remains,Destroy, |  |  |  | Destroy
16067,Dwarf remains,Destroy, |  |  |  | Destroy
16068,Dwarf remains,Destroy, |  |  |  | Destroy
16069,Dwarf remains,Destroy, |  |  |  | Destroy
16070,Dwarf remains,Destroy, |  |  |  | Destroy
16071,Dwarf remains,Destroy, |  |  |  | Destroy
16072,Dwarf remains,Destroy, |  |  |  | Destroy
16073,Dwarf remains,Destroy, |  |  |  | Destroy
16074,Dwarf remains,Destroy, |  |  |  | Destroy
16075,Dwarf remains,Destroy, |  |  |  | Destroy
16076,Dwarf remains,Destroy, |  |  |  | Destroy
16077,Dwarf remains,Destroy, |  |  |  | Destroy
16078,Dwarf remains,Destroy, |  |  |  | Destroy
16079,Dwarf remains,Destroy, |  |  |  | Destroy
16080,Dwarf remains,Destroy, |  |  |  | Destroy
16081,Dwarf remains,Destroy, |  |  |  | Destroy
16082,Dwarf remains,Destroy, |  |  |  | Destroy
16083,Dwarf remains,Destroy, |  |  |  | Destroy
16084,Dwarf remains,Destroy, |  |  |  | Destroy
16085,Dwarf remains,Destroy, |  |  |  | Destroy
16086,Dwarf remains,Destroy, |  |  |  | Destroy
16087,Dwarf remains,Destroy, |  |  |  | Destroy
16088,Dwarf remains,Destroy, |  |  |  | Destroy
16089,Dwarf remains,Destroy, |  |  |  | Destroy
16090,Dwarf remains,Destroy, |  |  |  | Destroy
16091,Dwarf remains,Destroy, |  |  |  | Destroy
16092,Dwarf remains,Destroy, |  |  |  | Destroy
16093,Dwarf remains,Destroy, |  |  |  | Destroy
16094,Dwarf remains,Destroy, |  |  |  | Destroy
16095,Dwarf remains,Destroy, |  |  |  | Destroy
16096,Dwarf remains,Destroy, |  |  |  | Destroy
16097,Dwarf remains,Destroy, |  |  |  | Destroy
16098,Dwarf remains,Destroy, |  |  |  | Destroy
16099,Dwarf remains,Destroy, |  |  |  | Destroy
16101,Dwarf remains,Destroy, |  |  |  | Destroy
16102,Dwarf remains,Destroy, |  |  |  | Destroy
16103,Dwarf remains,Destroy, |  |  |  | Destroy
16104,Dwarf remains,Destroy, |  |  |  | Destroy
16105,Dwarf remains,Destroy, |  |  |  | Destroy
16106,Dwarf remains,Destroy, |  |  |  | Destroy
16107,Dwarf remains,Destroy, |  |  |  | Destroy
16108,Dwarf remains,Destroy, |  |  |  | Destroy
16109,Dwarf remains,Destroy, |  |  |  | Destroy
16110,Dwarf remains,Destroy, |  |  |  | Destroy
16111,Dwarf remains,Destroy, |  |  |  | Destroy
16112,Dwarf remains,Destroy, |  |  |  | Destroy
16113,Dwarf remains,Destroy, |  |  |  | Destroy
16114,Dwarf remains,Destroy, |  |  |  | Destroy
16115,Dwarf remains,Destroy, |  |  |  | Destroy
16116,Dwarf remains,Destroy, |  |  |  | Destroy
16117,Dwarf remains,Destroy, |  |  |  | Destroy
16118,Dwarf remains,Destroy, |  |  |  | Destroy
16119,Dwarf remains,Destroy, |  |  |  | Destroy
16120,Dwarf remains,Destroy, |  |  |  | Destroy
16121,Dwarf remains,Destroy, |  |  |  | Destroy
16122,Dwarf remains,Destroy, |  |  |  | Destroy
16123,Dwarf remains,Destroy, |  |  |  | Destroy
16124,Dwarf remains,Destroy, |  |  |  | Destroy
16125,Dwarf remains,Destroy, |  |  |  | Destroy
16126,Dwarf remains,Destroy, |  |  |  | Destroy
16127,Dwarf remains,Destroy, |  |  |  | Destroy
16128,Dwarf remains,Destroy, |  |  |  | Destroy
16129,Dwarf remains,Destroy, |  |  |  | Destroy
16130,Dwarf remains,Destroy, |  |  |  | Destroy
16131,Dwarf remains,Destroy, |  |  |  | Destroy
16132,Dwarf remains,Destroy, |  |  |  | Destroy
16133,Dwarf remains,Destroy, |  |  |  | Destroy
16134,Dwarf remains,Destroy, |  |  |  | Destroy
16135,Dwarf remains,Destroy, |  |  |  | Destroy
16136,Dwarf remains,Destroy, |  |  |  | Destroy
16137,Dwarf remains,Destroy, |  |  |  | Destroy
16138,Dwarf remains,Destroy, |  |  |  | Destroy
16139,Dwarf remains,Destroy, |  |  |  | Destroy
16140,Dwarf remains,Destroy, |  |  |  | Destroy
16141,Dwarf remains,Destroy, |  |  |  | Destroy
16142,Dwarf remains,Destroy, |  |  |  | Destroy
16143,Dwarf remains,Destroy, |  |  |  | Destroy
16144,Dwarf remains,Destroy, |  |  |  | Destroy
16145,Dwarf remains,Destroy, |  |  |  | Destroy
16146,Dwarf remains,Destroy, |  |  |  | Destroy
16147,Dwarf remains,Destroy, |  |  |  | Destroy
16148,Dwarf remains,Destroy, |  |  |  | Destroy
16149,Dwarf remains,Destroy, |  |  |  | Destroy
16150,Dwarf remains,Destroy, |  |  |  | Destroy
16151,Dwarf remains,Destroy, |  |  |  | Destroy
16152,Dwarf remains,Destroy, |  |  |  | Destroy
16153,Dwarf remains,Destroy, |  |  |  | Destroy
16154,Dwarf remains,Destroy, |  |  |  | Destroy
16155,Dwarf remains,Destroy, |  |  |  | Destroy
16156,Dwarf remains,Destroy, |  |  |  | Destroy
16157,Dwarf remains,Destroy, |  |  |  | Destroy
16158,Dwarf remains,Destroy, |  |  |  | Destroy
16159,Dwarf remains,Destroy, |  |  |  | Destroy
16160,Dwarf remains,Destroy, |  |  |  | Destroy
16161,Dwarf remains,Destroy, |  |  |  | Destroy
16162,Dwarf remains,Destroy, |  |  |  | Destroy
16163,Dwarf remains,Destroy, |  |  |  | Destroy
16164,Dwarf remains,Destroy, |  |  |  | Destroy
16165,Dwarf remains,Destroy, |  |  |  | Destroy
16166,Dwarf remains,Destroy, |  |  |  | Destroy
16167,Dwarf remains,Destroy, |  |  |  | Destroy
16168,Dwarf remains,Destroy, |  |  |  | Destroy
16169,Dwarf remains,Destroy, |  |  |  | Destroy
16170,Dwarf remains,Destroy, |  |  |  | Destroy
16171,Dwarf remains,Destroy, |  |  |  | Destroy
16172,Dwarf remains,Destroy, |  |  |  | Destroy
16173,Dwarf remains,Destroy, |  |  |  | Destroy
16174,Dwarf remains,Destroy, |  |  |  | Destroy
16175,Dwarf remains,Destroy, |  |  |  | Destroy
16176,Dwarf remains,Destroy, |  |  |  | Destroy
16177,Dwarf remains,Destroy, |  |  |  | Destroy
16178,Dwarf remains,Destroy, |  |  |  | Destroy
16179,Dwarf remains,Destroy, |  |  |  | Destroy
16180,Dwarf remains,Destroy, |  |  |  | Destroy
16181,Dwarf remains,Destroy, |  |  |  | Destroy
16182,Dwarf remains,Destroy, |  |  |  | Destroy
16183,Dwarf remains,Destroy, |  |  |  | Destroy
16184,Dwarf remains,Destroy, |  |  |  | Destroy
16185,Dwarf remains,Destroy, |  |  |  | Destroy
16186,Dwarf remains,Destroy, |  |  |  | Destroy
16187,Dwarf remains,Destroy, |  |  |  | Destroy
16188,Dwarf remains,Destroy, |  |  |  | Destroy
16189,Dwarf remains,Destroy, |  |  |  | Destroy
16190,Dwarf remains,Destroy, |  |  |  | Destroy
16191,Dwarf remains,Destroy, |  |  |  | Destroy
16192,Dwarf remains,Destroy, |  |  |  | Destroy
16193,Dwarf remains,Destroy, |  |  |  | Destroy
16194,Dwarf remains,Destroy, |  |  |  | Destroy
16195,Dwarf remains,Destroy, |  |  |  | Destroy
16196,Dwarf remains,Destroy, |  |  |  | Destroy
16197,Dwarf remains,Destroy, |  |  |  | Destroy
16198,Dwarf remains,Destroy, |  |  |  | Destroy
16199,Dwarf remains,Destroy, |  |  |  | Destroy
16200,Dwarf remains,Destroy, |  |  |  | Destroy
16201,Dwarf remains,Destroy, |  |  |  | Destroy
16202,Dwarf remains,Destroy, |  |  |  | Destroy
16203,Dwarf remains,Destroy, |  |  |  | Destroy
16204,Dwarf remains,Destroy, |  |  |  | Destroy
16205,Dwarf remains,Destroy, |  |  |  | Destroy
16206,Dwarf remains,Destroy, |  |  |  | Destroy
16207,Dwarf remains,Destroy, |  |  |  | Destroy
16208,Dwarf remains,Destroy, |  |  |  | Destroy
16209,Dwarf remains,Destroy, |  |  |  | Destroy
16210,Dwarf remains,Destroy, |  |  |  | Destroy
16211,Dwarf remains,Destroy, |  |  |  | Destroy
16212,Dwarf remains,Destroy, |  |  |  | Destroy
16213,Dwarf remains,Destroy, |  |  |  | Destroy
16214,Dwarf remains,Destroy, |  |  |  | Destroy
16215,Dwarf remains,Destroy, |  |  |  | Destroy
16216,Dwarf remains,Destroy, |  |  |  | Destroy
16217,Dwarf remains,Destroy, |  |  |  | Destroy
16218,Dwarf remains,Destroy, |  |  |  | Destroy
16219,Dwarf remains,Destroy, |  |  |  | Destroy
16220,Dwarf remains,Destroy, |  |  |  | Destroy
16221,Dwarf remains,Destroy, |  |  |  | Destroy
16222,Dwarf remains,Destroy, |  |  |  | Destroy
16223,Dwarf remains,Destroy, |  |  |  | Destroy
16224,Dwarf remains,Destroy, |  |  |  | Destroy
16225,Dwarf remains,Destroy, |  |  |  | Destroy
16226,Dwarf remains,Destroy, |  |  |  | Destroy
16227,Dwarf remains,Destroy, |  |  |  | Destroy
16228,Dwarf remains,Destroy, |  |  |  | Destroy
16229,Dwarf remains,Destroy, |  |  |  | Destroy
16230,Dwarf remains,Destroy, |  |  |  | Destroy
16231,Dwarf remains,Destroy, |  |  |  | Destroy
16232,Dwarf remains,Destroy, |  |  |  | Destroy
16233,Dwarf remains,Destroy, |  |  |  | Destroy
16234,Dwarf remains,Destroy, |  |  |  | Destroy
16235,Dwarf remains,Destroy, |  |  |  | Destroy
16236,Dwarf remains,Destroy, |  |  |  | Destroy
16237,Dwarf remains,Destroy, |  |  |  | Destroy
16238,Dwarf remains,Destroy, |  |  |  | Destroy
16239,Dwarf remains,Destroy, |  |  |  | Destroy
16240,Dwarf remains,Destroy, |  |  |  | Destroy
16241,Dwarf remains,Destroy, |  |  |  | Destroy
16242,Dwarf remains,Destroy, |  |  |  | Destroy
16243,Dwarf remains,Destroy, |  |  |  | Destroy
16244,Dwarf remains,Destroy, |  |  |  | Destroy
16245,Dwarf remains,Destroy, |  |  |  | Destroy
16246,Dwarf remains,Destroy, |  |  |  | Destroy
16247,Dwarf remains,Destroy, |  |  |  | Destroy
16248,Dwarf remains,Destroy, |  |  |  | Destroy
16249,Dwarf remains,Destroy, |  |  |  | Destroy
16250,Dwarf remains,Destroy, |  |  |  | Destroy
16251,Dwarf remains,Destroy, |  |  |  | Destroy
16252,Dwarf remains,Destroy, |  |  |  | Destroy
16253,Dwarf remains,Destroy, |  |  |  | Destroy
16254,Dwarf remains,Destroy, |  |  |  | Destroy
16255,Dwarf remains,Destroy, |  |  |  | Destroy
16256,Dwarf remains,Destroy, |  |  |  | Destroy
16257,Dwarf remains,Destroy, |  |  |  | Destroy
16258,Dwarf remains,Destroy, |  |  |  | Destroy
16259,Dwarf remains,Destroy, |  |  |  | Destroy
16260,Dwarf remains,Destroy, |  |  |  | Destroy
16261,Dwarf remains,Destroy, |  |  |  | Destroy
16262,Dwarf remains,Destroy, |  |  |  | Destroy
16263,Dwarf remains,Destroy, |  |  |  | Destroy
16264,Dwarf remains,Destroy, |  |  |  | Destroy
16265,Dwarf remains,Destroy, |  |  |  | Destroy
16266,Dwarf remains,Destroy, |  |  |  | Destroy
16267,Dwarf remains,Destroy, |  |  |  | Destroy
16268,Dwarf remains,Destroy, |  |  |  | Destroy
16269,Dwarf remains,Destroy, |  |  |  | Destroy
16270,Dwarf remains,Destroy, |  |  |  | Destroy
16271,Dwarf remains,Destroy, |  |  |  | Destroy
16272,Dwarf remains,Destroy, |  |  |  | Destroy
16273,Dwarf remains,Destroy, |  |  |  | Destroy
16274,Dwarf remains,Destroy, |  |  |  | Destroy
16275,Dwarf remains,Destroy, |  |  |  | Destroy
16276,Dwarf remains,Destroy, |  |  |  | Destroy
16277,Dwarf remains,Destroy, |  |  |  | Destroy
16278,Dwarf remains,Destroy, |  |  |  | Destroy
16279,Dwarf remains,Destroy, |  |  |  | Destroy
16280,Dwarf remains,Destroy, |  |  |  | Destroy
16281,Dwarf remains,Destroy, |  |  |  | Destroy
16282,Dwarf remains,Destroy, |  |  |  | Destroy
16283,Dwarf remains,Destroy, |  |  |  | Destroy
16284,Dwarf remains,Destroy, |  |  |  | Destroy
16285,Dwarf remains,Destroy, |  |  |  | Destroy
16286,Dwarf remains,Destroy, |  |  |  | Destroy
16287,Dwarf remains,Destroy, |  |  |  | Destroy
16288,Dwarf remains,Destroy, |  |  |  | Destroy
16289,Dwarf remains,Destroy, |  |  |  | Destroy
16290,Dwarf remains,Destroy, |  |  |  | Destroy
16291,Dwarf remains,Destroy, |  |  |  | Destroy
16292,Dwarf remains,Destroy, |  |  |  | Destroy
16293,Dwarf remains,Destroy, |  |  |  | Destroy
16294,Dwarf remains,Destroy, |  |  |  | Destroy
16295,Dwarf remains,Destroy, |  |  |  | Destroy
16296,Dwarf remains,Destroy, |  |  |  | Destroy
16297,Dwarf remains,Destroy, |  |  |  | Destroy
16298,Dwarf remains,Destroy, |  |  |  | Destroy
16299,Dwarf remains,Destroy, |  |  |  | Destroy
16300,Dwarf remains,Destroy, |  |  |  | Destroy
16301,Dwarf remains,Destroy, |  |  |  | Destroy
16302,Dwarf remains,Destroy, |  |  |  | Destroy
16303,Dwarf remains,Destroy, |  |  |  | Destroy
16304,Dwarf remains,Destroy, |  |  |  | Destroy
16305,Dwarf remains,Destroy, |  |  |  | Destroy
16306,Dwarf remains,Destroy, |  |  |  | Destroy
16307,Dwarf remains,Destroy, |  |  |  | Destroy
16308,Dwarf remains,Destroy, |  |  |  | Destroy
16309,Dwarf remains,Destroy, |  |  |  | Destroy
16310,Dwarf remains,Destroy, |  |  |  | Destroy
16311,Dwarf remains,Destroy, |  |  |  | Destroy
16312,Dwarf remains,Destroy, |  |  |  | Destroy
16313,Dwarf remains,Destroy, |  |  |  | Destroy
16314,Dwarf remains,Destroy, |  |  |  | Destroy
16315,Dwarf remains,Destroy, |  |  |  | Destroy
16316,Dwarf remains,Destroy, |  |  |  | Destroy
16317,Dwarf remains,Destroy, |  |  |  | Destroy
16318,Dwarf remains,Destroy, |  |  |  | Destroy
16319,Dwarf remains,Destroy, |  |  |  | Destroy
16320,Dwarf remains,Destroy, |  |  |  | Destroy
16321,Dwarf remains,Destroy, |  |  |  | Destroy
16322,Dwarf remains,Destroy, |  |  |  | Destroy
16323,Dwarf remains,Destroy, |  |  |  | Destroy
16324,Dwarf remains,Destroy, |  |  |  | Destroy
16325,Dwarf remains,Destroy, |  |  |  | Destroy
16326,Dwarf remains,Destroy, |  |  |  | Destroy
16327,Dwarf remains,Destroy, |  |  |  | Destroy
16328,Dwarf remains,Destroy, |  |  |  | Destroy
16329,Dwarf remains,Destroy, |  |  |  | Destroy
16330,Dwarf remains,Destroy, |  |  |  | Destroy
16331,Dwarf remains,Destroy, |  |  |  | Destroy
16332,Dwarf remains,Destroy, |  |  |  | Destroy
16333,Dwarf remains,Destroy, |  |  |  | Destroy
16334,Dwarf remains,Destroy, |  |  |  | Destroy
16335,Dwarf remains,Destroy, |  |  |  | Destroy
16336,Dwarf remains,Destroy, |  |  |  | Destroy
16337,Dwarf remains,Destroy, |  |  |  | Destroy
16338,Dwarf remains,Destroy, |  |  |  | Destroy
16339,Dwarf remains,Destroy, |  |  |  | Destroy
16340,Dwarf remains,Destroy, |  |  |  | Destroy
16341,Dwarf remains,Destroy, |  |  |  | Destroy
16342,Dwarf remains,Destroy, |  |  |  | Destroy
16343,Dwarf remains,Destroy, |  |  |  | Destroy
16344,Dwarf remains,Destroy, |  |  |  | Destroy
16345,Dwarf remains,Destroy, |  |  |  | Destroy
16346,Dwarf remains,Destroy, |  |  |  | Destroy
16347,Dwarf remains,Destroy, |  |  |  | Destroy
16348,Dwarf remains,Destroy, |  |  |  | Destroy
16349,Dwarf remains,Destroy, |  |  |  | Destroy
16350,Dwarf remains,Destroy, |  |  |  | Destroy
16351,Dwarf remains,Destroy, |  |  |  | Destroy
16352,Dwarf remains,Destroy, |  |  |  | Destroy
16353,Dwarf remains,Destroy, |  |  |  | Destroy
16354,Dwarf remains,Destroy, |  |  |  | Destroy
16355,Dwarf remains,Destroy, |  |  |  | Destroy
16356,Dwarf remains,Destroy, |  |  |  | Destroy
16357,Dwarf remains,Destroy, |  |  |  | Destroy
16358,Dwarf remains,Destroy, |  |  |  | Destroy
16359,Dwarf remains,Destroy, |  |  |  | Destroy
16360,Dwarf remains,Destroy, |  |  |  | Destroy
16361,Dwarf remains,Destroy, |  |  |  | Destroy
16362,Dwarf remains,Destroy, |  |  |  | Destroy
16363,Dwarf remains,Destroy, |  |  |  | Destroy
16364,Dwarf remains,Destroy, |  |  |  | Destroy
16365,Dwarf remains,Destroy, |  |  |  | Destroy
16366,Dwarf remains,Destroy, |  |  |  | Destroy
16367,Dwarf remains,Destroy, |  |  |  | Destroy
16368,Dwarf remains,Destroy, |  |  |  | Destroy
16369,Dwarf remains,Destroy, |  |  |  | Destroy
16370,Dwarf remains,Destroy, |  |  |  | Destroy
16371,Dwarf remains,Destroy, |  |  |  | Destroy
16372,Dwarf remains,Destroy, |  |  |  | Destroy
16373,Dwarf remains,Destroy, |  |  |  | Destroy
16374,Dwarf remains,Destroy, |  |  |  | Destroy
16375,Dwarf remains,Destroy, |  |  |  | Destroy
16376,Dwarf remains,Destroy, |  |  |  | Destroy
16377,Dwarf remains,Destroy, |  |  |  | Destroy
16378,Dwarf remains,Destroy, |  |  |  | Destroy
16379,Dwarf remains,Destroy, |  |  |  | Destroy
16380,Dwarf remains,Destroy, |  |  |  | Destroy
16381,Dwarf remains,Destroy, |  |  |  | Destroy
16382,Dwarf remains,Destroy, |  |  |  | Destroy
16383,Dwarf remains,Destroy, |  |  |  | Destroy
16384,Dwarf remains,Destroy, |  |  |  | Destroy
16385,Dwarf remains,Destroy, |  |  |  | Destroy
16386,Dwarf remains,Destroy, |  |  |  | Destroy
16387,Dwarf remains,Destroy, |  |  |  | Destroy
16388,Dwarf remains,Destroy, |  |  |  | Destroy
16389,Dwarf remains,Destroy, |  |  |  | Destroy
16390,Dwarf remains,Destroy, |  |  |  | Destroy
16391,Dwarf remains,Destroy, |  |  |  | Destroy
16392,Dwarf remains,Destroy, |  |  |  | Destroy
16393,Dwarf remains,Destroy, |  |  |  | Destroy
16394,Dwarf remains,Destroy, |  |  |  | Destroy
16395,Dwarf remains,Destroy, |  |  |  | Destroy
16396,Dwarf remains,Destroy, |  |  |  | Destroy
16397,Dwarf remains,Destroy, |  |  |  | Destroy
16398,Dwarf remains,Destroy, |  |  |  | Destroy
16399,Dwarf remains,Destroy, |  |  |  | Destroy
16400,Dwarf remains,Destroy, |  |  |  | Destroy
16401,Dwarf remains,Destroy, |  |  |  | Destroy
16402,Dwarf remains,Destroy, |  |  |  | Destroy
16403,Dwarf remains,Destroy, |  |  |  | Destroy
16404,Dwarf remains,Destroy, |  |  |  | Destroy
16405,Dwarf remains,Destroy, |  |  |  | Destroy
16406,Dwarf remains,Destroy, |  |  |  | Destroy
16407,Dwarf remains,Destroy, |  |  |  | Destroy
16408,Dwarf remains,Destroy, |  |  |  | Destroy
16409,Dwarf remains,Destroy, |  |  |  | Destroy
16410,Dwarf remains,Destroy, |  |  |  | Destroy
16411,Dwarf remains,Destroy, |  |  |  | Destroy
16412,Dwarf remains,Destroy, |  |  |  | Destroy
16413,Dwarf remains,Destroy, |  |  |  | Destroy
16414,Dwarf remains,Destroy, |  |  |  | Destroy
16415,Dwarf remains,Destroy, |  |  |  | Destroy
16416,Dwarf remains,Destroy, |  |  |  | Destroy
16417,Dwarf remains,Destroy, |  |  |  | Destroy
16418,Dwarf remains,Destroy, |  |  |  | Destroy
16419,Dwarf remains,Destroy, |  |  |  | Destroy
16420,Dwarf remains,Destroy, |  |  |  | Destroy
16421,Dwarf remains,Destroy, |  |  |  | Destroy
16422,Dwarf remains,Destroy, |  |  |  | Destroy
16423,Dwarf remains,Destroy, |  |  |  | Destroy
16424,Dwarf remains,Destroy, |  |  |  | Destroy
16429,Dwarf remains,Destroy, |  |  |  | Destroy
16430,Dwarf remains,Destroy, |  |  |  | Destroy
16431,Dwarf remains,Destroy, |  |  |  | Destroy
16432,Dwarf remains,Destroy, |  |  |  | Destroy
16433,Dwarf remains,Destroy, |  |  |  | Destroy
16434,Dwarf remains,Destroy, |  |  |  | Destroy
16435,Dwarf remains,Destroy, |  |  |  | Destroy
16436,Dwarf remains,Destroy, |  |  |  | Destroy
16437,Dwarf remains,Destroy, |  |  |  | Destroy
16438,Dwarf remains,Destroy, |  |  |  | Destroy
16439,Dwarf remains,Destroy, |  |  |  | Destroy
16440,Dwarf remains,Destroy, |  |  |  | Destroy
16441,Dwarf remains,Destroy, |  |  |  | Destroy
16442,Dwarf remains,Destroy, |  |  |  | Destroy
16443,Dwarf remains,Destroy, |  |  |  | Destroy
16444,Dwarf remains,Destroy, |  |  |  | Destroy
16445,Dwarf remains,Destroy, |  |  |  | Destroy
16446,Dwarf remains,Destroy, |  |  |  | Destroy
16447,Dwarf remains,Destroy, |  |  |  | Destroy
16448,Dwarf remains,Destroy, |  |  |  | Destroy
16449,Dwarf remains,Destroy, |  |  |  | Destroy
16450,Dwarf remains,Destroy, |  |  |  | Destroy
16451,Dwarf remains,Destroy, |  |  |  | Destroy
16452,Dwarf remains,Destroy, |  |  |  | Destroy
16453,Dwarf remains,Destroy, |  |  |  | Destroy
16454,Dwarf remains,Destroy, |  |  |  | Destroy
16455,Dwarf remains,Destroy, |  |  |  | Destroy
16456,Dwarf remains,Destroy, |  |  |  | Destroy
16457,Dwarf remains,Destroy, |  |  |  | Destroy
16458,Dwarf remains,Destroy, |  |  |  | Destroy
16459,Dwarf remains,Destroy, |  |  |  | Destroy
16460,Dwarf remains,Destroy, |  |  |  | Destroy
16461,Dwarf remains,Destroy, |  |  |  | Destroy
16462,Dwarf remains,Destroy, |  |  |  | Destroy
16463,Dwarf remains,Destroy, |  |  |  | Destroy
16464,Dwarf remains,Destroy, |  |  |  | Destroy
16465,Dwarf remains,Destroy, |  |  |  | Destroy
16466,Dwarf remains,Destroy, |  |  |  | Destroy
16467,Dwarf remains,Destroy, |  |  |  | Destroy
16468,Dwarf remains,Destroy, |  |  |  | Destroy
16469,Dwarf remains,Destroy, |  |  |  | Destroy
16470,Dwarf remains,Destroy, |  |  |  | Destroy
16471,Dwarf remains,Destroy, |  |  |  | Destroy
16472,Dwarf remains,Destroy, |  |  |  | Destroy
16473,Dwarf remains,Destroy, |  |  |  | Destroy
16474,Dwarf remains,Destroy, |  |  |  | Destroy
16475,Dwarf remains,Destroy, |  |  |  | Destroy
16476,Dwarf remains,Destroy, |  |  |  | Destroy
16477,Dwarf remains,Destroy, |  |  |  | Destroy
16478,Dwarf remains,Destroy, |  |  |  | Destroy
16479,Dwarf remains,Destroy, |  |  |  | Destroy
16480,Dwarf remains,Destroy, |  |  |  | Destroy
16481,Dwarf remains,Destroy, |  |  |  | Destroy
16482,Dwarf remains,Destroy, |  |  |  | Destroy
16483,Dwarf remains,Destroy, |  |  |  | Destroy
16484,Dwarf remains,Destroy, |  |  |  | Destroy
16485,Dwarf remains,Destroy, |  |  |  | Destroy
16486,Dwarf remains,Destroy, |  |  |  | Destroy
16487,Dwarf remains,Destroy, |  |  |  | Destroy
16488,Dwarf remains,Destroy, |  |  |  | Destroy
16489,Dwarf remains,Destroy, |  |  |  | Destroy
16490,Dwarf remains,Destroy, |  |  |  | Destroy
16491,Dwarf remains,Destroy, |  |  |  | Destroy
16492,Dwarf remains,Destroy, |  |  |  | Destroy
16493,Dwarf remains,Destroy, |  |  |  | Destroy
16494,Dwarf remains,Destroy, |  |  |  | Destroy
16495,Dwarf remains,Destroy, |  |  |  | Destroy
16496,Dwarf remains,Destroy, |  |  |  | Destroy
16497,Dwarf remains,Destroy, |  |  |  | Destroy
16498,Dwarf remains,Destroy, |  |  |  | Destroy
16499,Dwarf remains,Destroy, |  |  |  | Destroy
16500,Dwarf remains,Destroy, |  |  |  | Destroy
16501,Dwarf remains,Destroy, |  |  |  | Destroy
16502,Dwarf remains,Destroy, |  |  |  | Destroy
16503,Dwarf remains,Destroy, |  |  |  | Destroy
16504,Dwarf remains,Destroy, |  |  |  | Destroy
16505,Dwarf remains,Destroy, |  |  |  | Destroy
16506,Dwarf remains,Destroy, |  |  |  | Destroy
16507,Dwarf remains,Destroy, |  |  |  | Destroy
16508,Dwarf remains,Destroy, |  |  |  | Destroy
16509,Dwarf remains,Destroy, |  |  |  | Destroy
16510,Dwarf remains,Destroy, |  |  |  | Destroy
16511,Dwarf remains,Destroy, |  |  |  | Destroy
16512,Dwarf remains,Destroy, |  |  |  | Destroy
16513,Dwarf remains,Destroy, |  |  |  | Destroy
16514,Dwarf remains,Destroy, |  |  |  | Destroy
16515,Dwarf remains,Destroy, |  |  |  | Destroy
16516,Dwarf remains,Destroy, |  |  |  | Destroy
16517,Dwarf remains,Destroy, |  |  |  | Destroy
16518,Dwarf remains,Destroy, |  |  |  | Destroy
16519,Dwarf remains,Destroy, |  |  |  | Destroy
16520,Dwarf remains,Destroy, |  |  |  | Destroy
16521,Dwarf remains,Destroy, |  |  |  | Destroy
16522,Dwarf remains,Destroy, |  |  |  | Destroy
16523,Dwarf remains,Destroy, |  |  |  | Destroy
16524,Dwarf remains,Destroy, |  |  |  | Destroy
16525,Dwarf remains,Destroy, |  |  |  | Destroy
16526,Dwarf remains,Destroy, |  |  |  | Destroy
16527,Dwarf remains,Destroy, |  |  |  | Destroy
16528,Dwarf remains,Destroy, |  |  |  | Destroy
16529,Dwarf remains,Destroy, |  |  |  | Destroy
16530,Dwarf remains,Destroy, |  |  |  | Destroy
16531,Dwarf remains,Destroy, |  |  |  | Destroy
16532,Dwarf remains,Destroy, |  |  |  | Destroy
16533,Dwarf remains,Destroy, |  |  |  | Destroy
16534,Dwarf remains,Destroy, |  |  |  | Destroy
16535,Dwarf remains,Destroy, |  |  |  | Destroy
16536,Dwarf remains,Destroy, |  |  |  | Destroy
16537,Dwarf remains,Destroy, |  |  |  | Destroy
16538,Dwarf remains,Destroy, |  |  |  | Destroy
16539,Dwarf remains,Destroy, |  |  |  | Destroy
16540,Dwarf remains,Destroy, |  |  |  | Destroy
16541,Dwarf remains,Destroy, |  |  |  | Destroy
16542,Dwarf remains,Destroy, |  |  |  | Destroy
16543,Dwarf remains,Destroy, |  |  |  | Destroy
16544,Dwarf remains,Destroy, |  |  |  | Destroy
16545,Dwarf remains,Destroy, |  |  |  | Destroy
16546,Dwarf remains,Destroy, |  |  |  | Destroy
16547,Dwarf remains,Destroy, |  |  |  | Destroy
16548,Dwarf remains,Destroy, |  |  |  | Destroy
16549,Dwarf remains,Destroy, |  |  |  | Destroy
16550,Dwarf remains,Destroy, |  |  |  | Destroy
16551,Dwarf remains,Destroy, |  |  |  | Destroy
16552,Dwarf remains,Destroy, |  |  |  | Destroy
16553,Dwarf remains,Destroy, |  |  |  | Destroy
16554,Dwarf remains,Destroy, |  |  |  | Destroy
16555,Dwarf remains,Destroy, |  |  |  | Destroy
16556,Dwarf remains,Destroy, |  |  |  | Destroy
16557,Dwarf remains,Destroy, |  |  |  | Destroy
16558,Dwarf remains,Destroy, |  |  |  | Destroy
16559,Dwarf remains,Destroy, |  |  |  | Destroy
16560,Dwarf remains,Destroy, |  |  |  | Destroy
16561,Dwarf remains,Destroy, |  |  |  | Destroy
16562,Dwarf remains,Destroy, |  |  |  | Destroy
16563,Dwarf remains,Destroy, |  |  |  | Destroy
16564,Dwarf remains,Destroy, |  |  |  | Destroy
16565,Dwarf remains,Destroy, |  |  |  | Destroy
16566,Dwarf remains,Destroy, |  |  |  | Destroy
16567,Dwarf remains,Destroy, |  |  |  | Destroy
16568,Dwarf remains,Destroy, |  |  |  | Destroy
16569,Dwarf remains,Destroy, |  |  |  | Destroy
16570,Dwarf remains,Destroy, |  |  |  | Destroy
16571,Dwarf remains,Destroy, |  |  |  | Destroy
16572,Dwarf remains,Destroy, |  |  |  | Destroy
16573,Dwarf remains,Destroy, |  |  |  | Destroy
16574,Dwarf remains,Destroy, |  |  |  | Destroy
16575,Dwarf remains,Destroy, |  |  |  | Destroy
16576,Dwarf remains,Destroy, |  |  |  | Destroy
16577,Dwarf remains,Destroy, |  |  |  | Destroy
16578,Dwarf remains,Destroy, |  |  |  | Destroy
16579,Dwarf remains,Destroy, |  |  |  | Destroy
16580,Dwarf remains,Destroy, |  |  |  | Destroy
16581,Dwarf remains,Destroy, |  |  |  | Destroy
16582,Dwarf remains,Destroy, |  |  |  | Destroy
16583,Dwarf remains,Destroy, |  |  |  | Destroy
16584,Dwarf remains,Destroy, |  |  |  | Destroy
16585,Dwarf remains,Destroy, |  |  |  | Destroy
16586,Dwarf remains,Destroy, |  |  |  | Destroy
16587,Dwarf remains,Destroy, |  |  |  | Destroy
16588,Dwarf remains,Destroy, |  |  |  | Destroy
16589,Dwarf remains,Destroy, |  |  |  | Destroy
16590,Dwarf remains,Destroy, |  |  |  | Destroy
16591,Dwarf remains,Destroy, |  |  |  | Destroy
16592,Dwarf remains,Destroy, |  |  |  | Destroy
16593,Dwarf remains,Destroy, |  |  |  | Destroy
16594,Dwarf remains,Destroy, |  |  |  | Destroy
16595,Dwarf remains,Destroy, |  |  |  | Destroy
16596,Dwarf remains,Destroy, |  |  |  | Destroy
16597,Dwarf remains,Destroy, |  |  |  | Destroy
16598,Dwarf remains,Destroy, |  |  |  | Destroy
16599,Dwarf remains,Destroy, |  |  |  | Destroy
16600,Dwarf remains,Destroy, |  |  |  | Destroy
16601,Dwarf remains,Destroy, |  |  |  | Destroy
16602,Dwarf remains,Destroy, |  |  |  | Destroy
16603,Dwarf remains,Destroy, |  |  |  | Destroy
16604,Dwarf remains,Destroy, |  |  |  | Destroy
16605,Dwarf remains,Destroy, |  |  |  | Destroy
16606,Dwarf remains,Destroy, |  |  |  | Destroy
16607,Dwarf remains,Destroy, |  |  |  | Destroy
16608,Dwarf remains,Destroy, |  |  |  | Destroy
16609,Dwarf remains,Destroy, |  |  |  | Destroy
16610,Dwarf remains,Destroy, |  |  |  | Destroy
16611,Dwarf remains,Destroy, |  |  |  | Destroy
16612,Dwarf remains,Destroy, |  |  |  | Destroy
16613,Dwarf remains,Destroy, |  |  |  | Destroy
16614,Dwarf remains,Destroy, |  |  |  | Destroy
16615,Dwarf remains,Destroy, |  |  |  | Destroy
16616,Dwarf remains,Destroy, |  |  |  | Destroy
16617,Dwarf remains,Destroy, |  |  |  | Destroy
16618,Dwarf remains,Destroy, |  |  |  | Destroy
16619,Dwarf remains,Destroy, |  |  |  | Destroy
16620,Dwarf remains,Destroy, |  |  |  | Destroy
16621,Dwarf remains,Destroy, |  |  |  | Destroy
16622,Dwarf remains,Destroy, |  |  |  | Destroy
16623,Dwarf remains,Destroy, |  |  |  | Destroy
16624,Dwarf remains,Destroy, |  |  |  | Destroy
16625,Dwarf remains,Destroy, |  |  |  | Destroy
16626,Dwarf remains,Destroy, |  |  |  | Destroy
16627,Dwarf remains,Destroy, |  |  |  | Destroy
16628,Dwarf remains,Destroy, |  |  |  | Destroy
16629,Dwarf remains,Destroy, |  |  |  | Destroy
16630,Dwarf remains,Destroy, |  |  |  | Destroy
16631,Dwarf remains,Destroy, |  |  |  | Destroy
16632,Dwarf remains,Destroy, |  |  |  | Destroy
16633,Dwarf remains,Destroy, |  |  |  | Destroy
16634,Dwarf remains,Destroy, |  |  |  | Destroy
16635,Dwarf remains,Destroy, |  |  |  | Destroy
16636,Dwarf remains,Destroy, |  |  |  | Destroy
16637,Dwarf remains,Destroy, |  |  |  | Destroy
16638,Dwarf remains,Destroy, |  |  |  | Destroy
16639,Dwarf remains,Destroy, |  |  |  | Destroy
16640,Dwarf remains,Destroy, |  |  |  | Destroy
16641,Dwarf remains,Destroy, |  |  |  | Destroy
16642,Dwarf remains,Destroy, |  |  |  | Destroy
16643,Dwarf remains,Destroy, |  |  |  | Destroy
16644,Dwarf remains,Destroy, |  |  |  | Destroy
16645,Dwarf remains,Destroy, |  |  |  | Destroy
16646,Dwarf remains,Destroy, |  |  |  | Destroy
16647,Dwarf remains,Destroy, |  |  |  | Destroy
16648,Dwarf remains,Destroy, |  |  |  | Destroy
16649,Dwarf remains,Destroy, |  |  |  | Destroy
16650,Dwarf remains,Destroy, |  |  |  | Destroy
16651,Dwarf remains,Destroy, |  |  |  | Destroy
16652,Dwarf remains,Destroy, |  |  |  | Destroy
16653,Dwarf remains,Destroy, |  |  |  | Destroy
16654,Dwarf remains,Destroy, |  |  |  | Destroy
16655,Dwarf remains,Destroy, |  |  |  | Destroy
16656,Dwarf remains,Destroy, |  |  |  | Destroy
16657,Dwarf remains,Destroy, |  |  |  | Destroy
16658,Dwarf remains,Destroy, |  |  |  | Destroy
16659,Dwarf remains,Destroy, |  |  |  | Destroy
16660,Dwarf remains,Destroy, |  |  |  | Destroy
16661,Dwarf remains,Destroy, |  |  |  | Destroy
16662,Dwarf remains,Destroy, |  |  |  | Destroy
16663,Dwarf remains,Destroy, |  |  |  | Destroy
16664,Dwarf remains,Destroy, |  |  |  | Destroy
16665,Dwarf remains,Destroy, |  |  |  | Destroy
16666,Dwarf remains,Destroy, |  |  |  | Destroy
16667,Dwarf remains,Destroy, |  |  |  | Destroy
16668,Dwarf remains,Destroy, |  |  |  | Destroy
16669,Dwarf remains,Destroy, |  |  |  | Destroy
16670,Dwarf remains,Destroy, |  |  |  | Destroy
16671,Dwarf remains,Destroy, |  |  |  | Destroy
16672,Dwarf remains,Destroy, |  |  |  | Destroy
16673,Dwarf remains,Destroy, |  |  |  | Destroy
16674,Dwarf remains,Destroy, |  |  |  | Destroy
16675,Dwarf remains,Destroy, |  |  |  | Destroy
16676,Dwarf remains,Destroy, |  |  |  | Destroy
16677,Dwarf remains,Destroy, |  |  |  | Destroy
16678,Dwarf remains,Destroy, |  |  |  | Destroy
16679,Dwarf remains,Destroy, |  |  |  | Destroy
16680,Dwarf remains,Destroy, |  |  |  | Destroy
16681,Dwarf remains,Destroy, |  |  |  | Destroy
16682,Dwarf remains,Destroy, |  |  |  | Destroy
16683,Dwarf remains,Destroy, |  |  |  | Destroy
16684,Dwarf remains,Destroy, |  |  |  | Destroy
16685,Dwarf remains,Destroy, |  |  |  | Destroy
16686,Dwarf remains,Destroy, |  |  |  | Destroy
16687,Dwarf remains,Destroy, |  |  |  | Destroy
16688,Dwarf remains,Destroy, |  |  |  | Destroy
16689,Dwarf remains,Destroy, |  |  |  | Destroy
16690,Dwarf remains,Destroy, |  |  |  | Destroy
16691,Dwarf remains,Destroy, |  |  |  | Destroy
16692,Dwarf remains,Destroy, |  |  |  | Destroy
16693,Dwarf remains,Destroy, |  |  |  | Destroy
16694,Dwarf remains,Destroy, |  |  |  | Destroy
16695,Dwarf remains,Destroy, |  |  |  | Destroy
16696,Dwarf remains,Destroy, |  |  |  | Destroy
16697,Dwarf remains,Destroy, |  |  |  | Destroy
16698,Dwarf remains,Destroy, |  |  |  | Destroy
16699,Dwarf remains,Destroy, |  |  |  | Destroy
16700,Dwarf remains,Destroy, |  |  |  | Destroy
16701,Dwarf remains,Destroy, |  |  |  | Destroy
16702,Dwarf remains,Destroy, |  |  |  | Destroy
16703,Dwarf remains,Destroy, |  |  |  | Destroy
16704,Dwarf remains,Destroy, |  |  |  | Destroy
16705,Dwarf remains,Destroy, |  |  |  | Destroy
16706,Dwarf remains,Destroy, |  |  |  | Destroy
16707,Dwarf remains,Destroy, |  |  |  | Destroy
16708,Dwarf remains,Destroy, |  |  |  | Destroy
16709,Dwarf remains,Destroy, |  |  |  | Destroy
16710,Dwarf remains,Destroy, |  |  |  | Destroy
16711,Dwarf remains,Destroy, |  |  |  | Destroy
16712,Dwarf remains,Destroy, |  |  |  | Destroy
16713,Dwarf remains,Destroy, |  |  |  | Destroy
16714,Dwarf remains,Destroy, |  |  |  | Destroy
16715,Dwarf remains,Destroy, |  |  |  | Destroy
16716,Dwarf remains,Destroy, |  |  |  | Destroy
16717,Dwarf remains,Destroy, |  |  |  | Destroy
16718,Dwarf remains,Destroy, |  |  |  | Destroy
16719,Dwarf remains,Destroy, |  |  |  | Destroy
16720,Dwarf remains,Destroy, |  |  |  | Destroy
16721,Dwarf remains,Destroy, |  |  |  | Destroy
16722,Dwarf remains,Destroy, |  |  |  | Destroy
16723,Dwarf remains,Destroy, |  |  |  | Destroy
16724,Dwarf remains,Destroy, |  |  |  | Destroy
16725,Dwarf remains,Destroy, |  |  |  | Destroy
16726,Dwarf remains,Destroy, |  |  |  | Destroy
16727,Dwarf remains,Destroy, |  |  |  | Destroy
16728,Dwarf remains,Destroy, |  |  |  | Destroy
16729,Dwarf remains,Destroy, |  |  |  | Destroy
16730,Dwarf remains,Destroy, |  |  |  | Destroy
16731,Dwarf remains,Destroy, |  |  |  | Destroy
16732,Dwarf remains,Destroy, |  |  |  | Destroy
16733,Dwarf remains,Destroy, |  |  |  | Destroy
16734,Dwarf remains,Destroy, |  |  |  | Destroy
16735,Dwarf remains,Destroy, |  |  |  | Destroy
16736,Dwarf remains,Destroy, |  |  |  | Destroy
16737,Dwarf remains,Destroy, |  |  |  | Destroy
16738,Dwarf remains,Destroy, |  |  |  | Destroy
16739,Dwarf remains,Destroy, |  |  |  | Destroy
16740,Dwarf remains,Destroy, |  |  |  | Destroy
16741,Dwarf remains,Destroy, |  |  |  | Destroy
16742,Dwarf remains,Destroy, |  |  |  | Destroy
16743,Dwarf remains,Destroy, |  |  |  | Destroy
16744,Dwarf remains,Destroy, |  |  |  | Destroy
16745,Dwarf remains,Destroy, |  |  |  | Destroy
16746,Dwarf remains,Destroy, |  |  |  | Destroy
16747,Dwarf remains,Destroy, |  |  |  | Destroy
16748,Dwarf remains,Destroy, |  |  |  | Destroy
16749,Dwarf remains,Destroy, |  |  |  | Destroy
16750,Dwarf remains,Destroy, |  |  |  | Destroy
16751,Dwarf remains,Destroy, |  |  |  | Destroy
16752,Dwarf remains,Destroy, |  |  |  | Destroy
16753,Dwarf remains,Destroy, |  |  |  | Destroy
16754,Dwarf remains,Destroy, |  |  |  | Destroy
16755,Dwarf remains,Destroy, |  |  |  | Destroy
16756,Dwarf remains,Destroy, |  |  |  | Destroy
16757,Dwarf remains,Destroy, |  |  |  | Destroy
16758,Dwarf remains,Destroy, |  |  |  | Destroy
16759,Dwarf remains,Destroy, |  |  |  | Destroy
16760,Dwarf remains,Destroy, |  |  |  | Destroy
16761,Dwarf remains,Destroy, |  |  |  | Destroy
16762,Dwarf remains,Destroy, |  |  |  | Destroy
16763,Dwarf remains,Destroy, |  |  |  | Destroy
16764,Dwarf remains,Destroy, |  |  |  | Destroy
16765,Dwarf remains,Destroy, |  |  |  | Destroy
16766,Dwarf remains,Destroy, |  |  |  | Destroy
16767,Dwarf remains,Destroy, |  |  |  | Destroy
16768,Dwarf remains,Destroy, |  |  |  | Destroy
16769,Dwarf remains,Destroy, |  |  |  | Destroy
16770,Dwarf remains,Destroy, |  |  |  | Destroy
16771,Dwarf remains,Destroy, |  |  |  | Destroy
16772,Dwarf remains,Destroy, |  |  |  | Destroy
16773,Dwarf remains,Destroy, |  |  |  | Destroy
16774,Dwarf remains,Destroy, |  |  |  | Destroy
16775,Dwarf remains,Destroy, |  |  |  | Destroy
16776,Dwarf remains,Destroy, |  |  |  | Destroy
16777,Dwarf remains,Destroy, |  |  |  | Destroy
16778,Dwarf remains,Destroy, |  |  |  | Destroy
16779,Dwarf remains,Destroy, |  |  |  | Destroy
16780,Dwarf remains,Destroy, |  |  |  | Destroy
16781,Dwarf remains,Destroy, |  |  |  | Destroy
16782,Dwarf remains,Destroy, |  |  |  | Destroy
16783,Dwarf remains,Destroy, |  |  |  | Destroy
16784,Dwarf remains,Destroy, |  |  |  | Destroy
16785,Dwarf remains,Destroy, |  |  |  | Destroy
16786,Dwarf remains,Destroy, |  |  |  | Destroy
16787,Dwarf remains,Destroy, |  |  |  | Destroy
16788,Dwarf remains,Destroy, |  |  |  | Destroy
16789,Dwarf remains,Destroy, |  |  |  | Destroy
16790,Dwarf remains,Destroy, |  |  |  | Destroy
16791,Dwarf remains,Destroy, |  |  |  | Destroy
16792,Dwarf remains,Destroy, |  |  |  | Destroy
16793,Dwarf remains,Destroy, |  |  |  | Destroy
16794,Dwarf remains,Destroy, |  |  |  | Destroy
16795,Dwarf remains,Destroy, |  |  |  | Destroy
16796,Dwarf remains,Destroy, |  |  |  | Destroy
16797,Dwarf remains,Destroy, |  |  |  | Destroy
16798,Dwarf remains,Destroy, |  |  |  | Destroy
16799,Dwarf remains,Destroy, |  |  |  | Destroy
16800,Dwarf remains,Destroy, |  |  |  | Destroy
16801,Dwarf remains,Destroy, |  |  |  | Destroy
16802,Dwarf remains,Destroy, |  |  |  | Destroy
16803,Dwarf remains,Destroy, |  |  |  | Destroy
16804,Dwarf remains,Destroy, |  |  |  | Destroy
16805,Dwarf remains,Destroy, |  |  |  | Destroy
16806,Dwarf remains,Destroy, |  |  |  | Destroy
16807,Dwarf remains,Destroy, |  |  |  | Destroy
16808,Dwarf remains,Destroy, |  |  |  | Destroy
16809,Dwarf remains,Destroy, |  |  |  | Destroy
16810,Dwarf remains,Destroy, |  |  |  | Destroy
16811,Dwarf remains,Destroy, |  |  |  | Destroy
16812,Dwarf remains,Destroy, |  |  |  | Destroy
16813,Dwarf remains,Destroy, |  |  |  | Destroy
16814,Dwarf remains,Destroy, |  |  |  | Destroy
16815,Dwarf remains,Destroy, |  |  |  | Destroy
16816,Dwarf remains,Destroy, |  |  |  | Destroy
16817,Dwarf remains,Destroy, |  |  |  | Destroy
16818,Dwarf remains,Destroy, |  |  |  | Destroy
16819,Dwarf remains,Destroy, |  |  |  | Destroy
16820,Dwarf remains,Destroy, |  |  |  | Destroy
16821,Dwarf remains,Destroy, |  |  |  | Destroy
16822,Dwarf remains,Destroy, |  |  |  | Destroy
16823,Dwarf remains,Destroy, |  |  |  | Destroy
16824,Dwarf remains,Destroy, |  |  |  | Destroy
16825,Dwarf remains,Destroy, |  |  |  | Destroy
16826,Dwarf remains,Destroy, |  |  |  | Destroy
16827,Dwarf remains,Destroy, |  |  |  | Destroy
16828,Dwarf remains,Destroy, |  |  |  | Destroy
16829,Dwarf remains,Destroy, |  |  |  | Destroy
16830,Dwarf remains,Destroy, |  |  |  | Destroy
16831,Dwarf remains,Destroy, |  |  |  | Destroy
16832,Dwarf remains,Destroy, |  |  |  | Destroy
16833,Dwarf remains,Destroy, |  |  |  | Destroy
16834,Dwarf remains,Destroy, |  |  |  | Destroy
16835,Dwarf remains,Destroy, |  |  |  | Destroy
16836,Dwarf remains,Destroy, |  |  |  | Destroy
16837,Dwarf remains,Destroy, |  |  |  | Destroy
16838,Dwarf remains,Destroy, |  |  |  | Destroy
16839,Dwarf remains,Destroy, |  |  |  | Destroy
16840,Dwarf remains,Destroy, |  |  |  | Destroy
16841,Dwarf remains,Destroy, |  |  |  | Destroy
16842,Dwarf remains,Destroy, |  |  |  | Destroy
16844,Dwarf remains,Destroy, |  |  |  | Destroy
16845,Dwarf remains,Destroy, |  |  |  | Destroy
16846,Dwarf remains,Destroy, |  |  |  | Destroy
16847,Dwarf remains,Destroy, |  |  |  | Destroy
16848,Dwarf remains,Destroy, |  |  |  | Destroy
16849,Dwarf remains,Destroy, |  |  |  | Destroy
16850,Dwarf remains,Destroy, |  |  |  | Destroy
16851,Dwarf remains,Destroy, |  |  |  | Destroy
16852,Dwarf remains,Destroy, |  |  |  | Destroy
16853,Dwarf remains,Destroy, |  |  |  | Destroy
16854,Dwarf remains,Destroy, |  |  |  | Destroy
16855,Dwarf remains,Destroy, |  |  |  | Destroy
16856,Dwarf remains,Destroy, |  |  |  | Destroy
16857,Dwarf remains,Destroy, |  |  |  | Destroy
16858,Dwarf remains,Destroy, |  |  |  | Destroy
16859,Dwarf remains,Destroy, |  |  |  | Destroy
16860,Dwarf remains,Destroy, |  |  |  | Destroy
16861,Dwarf remains,Destroy, |  |  |  | Destroy
16862,Dwarf remains,Destroy, |  |  |  | Destroy
16863,Dwarf remains,Destroy, |  |  |  | Destroy
16864,Dwarf remains,Destroy, |  |  |  | Destroy
16865,Dwarf remains,Destroy, |  |  |  | Destroy
16866,Dwarf remains,Destroy, |  |  |  | Destroy
16867,Dwarf remains,Destroy, |  |  |  | Destroy
16868,Dwarf remains,Destroy, |  |  |  | Destroy
16869,Dwarf remains,Destroy, |  |  |  | Destroy
16870,Dwarf remains,Destroy, |  |  |  | Destroy
16871,Dwarf remains,Destroy, |  |  |  | Destroy
16872,Dwarf remains,Destroy, |  |  |  | Destroy
16873,Dwarf remains,Destroy, |  |  |  | Destroy
16874,Dwarf remains,Destroy, |  |  |  | Destroy
16875,Dwarf remains,Destroy, |  |  |  | Destroy
16876,Dwarf remains,Destroy, |  |  |  | Destroy
16877,Dwarf remains,Destroy, |  |  |  | Destroy
16878,Dwarf remains,Destroy, |  |  |  | Destroy
16879,Dwarf remains,Destroy, |  |  |  | Destroy
16880,Dwarf remains,Destroy, |  |  |  | Destroy
16881,Dwarf remains,Destroy, |  |  |  | Destroy
16882,Dwarf remains,Destroy, |  |  |  | Destroy
16883,Dwarf remains,Destroy, |  |  |  | Destroy
16884,Dwarf remains,Destroy, |  |  |  | Destroy
16885,Dwarf remains,Destroy, |  |  |  | Destroy
16886,Dwarf remains,Destroy, |  |  |  | Destroy
16887,Dwarf remains,Destroy, |  |  |  | Destroy
16888,Dwarf remains,Destroy, |  |  |  | Destroy
16889,Dwarf remains,Destroy, |  |  |  | Destroy
16890,Dwarf remains,Destroy, |  |  |  | Destroy
16891,Dwarf remains,Destroy, |  |  |  | Destroy
16892,Dwarf remains,Destroy, |  |  |  | Destroy
16893,Dwarf remains,Destroy, |  |  |  | Destroy
16894,Dwarf remains,Destroy, |  |  |  | Destroy
16895,Dwarf remains,Destroy, |  |  |  | Destroy
16896,Dwarf remains,Destroy, |  |  |  | Destroy
16897,Dwarf remains,Destroy, |  |  |  | Destroy
16898,Dwarf remains,Destroy, |  |  |  | Destroy
16899,Dwarf remains,Destroy, |  |  |  | Destroy
16900,Dwarf remains,Destroy, |  |  |  | Destroy
16901,Dwarf remains,Destroy, |  |  |  | Destroy
16902,Dwarf remains,Destroy, |  |  |  | Destroy
16903,Dwarf remains,Destroy, |  |  |  | Destroy
16904,Dwarf remains,Destroy, |  |  |  | Destroy
16905,Dwarf remains,Destroy, |  |  |  | Destroy
16906,Dwarf remains,Destroy, |  |  |  | Destroy
16907,Dwarf remains,Destroy, |  |  |  | Destroy
16908,Dwarf remains,Destroy, |  |  |  | Destroy
16910,Dwarf remains,Destroy, |  |  |  | Destroy
16911,Dwarf remains,Destroy, |  |  |  | Destroy
16912,Dwarf remains,Destroy, |  |  |  | Destroy
16913,Dwarf remains,Destroy, |  |  |  | Destroy
16914,Dwarf remains,Destroy, |  |  |  | Destroy
16915,Dwarf remains,Destroy, |  |  |  | Destroy
16916,Dwarf remains,Destroy, |  |  |  | Destroy
16917,Dwarf remains,Destroy, |  |  |  | Destroy
16918,Dwarf remains,Destroy, |  |  |  | Destroy
16919,Dwarf remains,Destroy, |  |  |  | Destroy
16920,Dwarf remains,Destroy, |  |  |  | Destroy
16921,Dwarf remains,Destroy, |  |  |  | Destroy
16922,Dwarf remains,Destroy, |  |  |  | Destroy
16923,Dwarf remains,Destroy, |  |  |  | Destroy
16924,Dwarf remains,Destroy, |  |  |  | Destroy
16925,Dwarf remains,Destroy, |  |  |  | Destroy
16926,Dwarf remains,Destroy, |  |  |  | Destroy
16927,Dwarf remains,Destroy, |  |  |  | Destroy
16928,Dwarf remains,Destroy, |  |  |  | Destroy
16929,Dwarf remains,Destroy, |  |  |  | Destroy
16930,Dwarf remains,Destroy, |  |  |  | Destroy
16931,Dwarf remains,Destroy, |  |  |  | Destroy
16932,Dwarf remains,Destroy, |  |  |  | Destroy
16933,Dwarf remains,Destroy, |  |  |  | Destroy
16934,Dwarf remains,Destroy, |  |  |  | Destroy
16935,Dwarf remains,Destroy, |  |  |  | Destroy
16936,Dwarf remains,Destroy, |  |  |  | Destroy
16937,Dwarf remains,Destroy, |  |  |  | Destroy
16938,Dwarf remains,Destroy, |  |  |  | Destroy
16939,Dwarf remains,Destroy, |  |  |  | Destroy
16940,Dwarf remains,Destroy, |  |  |  | Destroy
16941,Dwarf remains,Destroy, |  |  |  | Destroy
16942,Dwarf remains,Destroy, |  |  |  | Destroy
16943,Dwarf remains,Destroy, |  |  |  | Destroy
16944,Dwarf remains,Destroy, |  |  |  | Destroy
16945,Dwarf remains,Destroy, |  |  |  | Destroy
16946,Dwarf remains,Destroy, |  |  |  | Destroy
16947,Dwarf remains,Destroy, |  |  |  | Destroy
16948,Dwarf remains,Destroy, |  |  |  | Destroy
16949,Dwarf remains,Destroy, |  |  |  | Destroy
16950,Dwarf remains,Destroy, |  |  |  | Destroy
16951,Dwarf remains,Destroy, |  |  |  | Destroy
16952,Dwarf remains,Destroy, |  |  |  | Destroy
16953,Dwarf remains,Destroy, |  |  |  | Destroy
16954,Dwarf remains,Destroy, |  |  |  | Destroy
16956,Dwarf remains,Destroy, |  |  |  | Destroy
16958,Dwarf remains,Destroy, |  |  |  | Destroy
16959,Dwarf remains,Destroy, |  |  |  | Destroy
16960,Dwarf remains,Destroy, |  |  |  | Destroy
16961,Dwarf remains,Destroy, |  |  |  | Destroy
16962,Dwarf remains,Destroy, |  |  |  | Destroy
16963,Dwarf remains,Destroy, |  |  |  | Destroy
16964,Dwarf remains,Destroy, |  |  |  | Destroy
16965,Dwarf remains,Destroy, |  |  |  | Destroy
16966,Dwarf remains,Destroy, |  |  |  | Destroy
16967,Dwarf remains,Destroy, |  |  |  | Destroy
16968,Dwarf remains,Destroy, |  |  |  | Destroy
16969,Dwarf remains,Destroy, |  |  |  | Destroy
16970,Dwarf remains,Destroy, |  |  |  | Destroy
16971,Dwarf remains,Destroy, |  |  |  | Destroy
16972,Dwarf remains,Destroy, |  |  |  | Destroy
16973,Dwarf remains,Destroy, |  |  |  | Destroy
16974,Dwarf remains,Destroy, |  |  |  | Destroy
16975,Dwarf remains,Destroy, |  |  |  | Destroy
16976,Dwarf remains,Destroy, |  |  |  | Destroy
16977,Dwarf remains,Destroy, |  |  |  | Destroy
16978,Dwarf remains,Destroy, |  |  |  | Destroy
16979,Dwarf remains,Destroy, |  |  |  | Destroy
16980,Dwarf remains,Destroy, |  |  |  | Destroy
16981,Dwarf remains,Destroy, |  |  |  | Destroy
16982,Dwarf remains,Destroy, |  |  |  | Destroy
16983,Dwarf remains,Destroy, |  |  |  | Destroy
16984,Dwarf remains,Destroy, |  |  |  | Destroy
16985,Dwarf remains,Destroy, |  |  |  | Destroy
16986,Dwarf remains,Destroy, |  |  |  | Destroy
16987,Dwarf remains,Destroy, |  |  |  | Destroy
16988,Dwarf remains,Destroy, |  |  |  | Destroy
16989,Dwarf remains,Destroy, |  |  |  | Destroy
16990,Dwarf remains,Destroy, |  |  |  | Destroy
16991,Dwarf remains,Destroy, |  |  |  | Destroy
16992,Dwarf remains,Destroy, |  |  |  | Destroy
16993,Dwarf remains,Destroy, |  |  |  | Destroy
16994,Dwarf remains,Destroy, |  |  |  | Destroy
16995,Dwarf remains,Destroy, |  |  |  | Destroy
16996,Dwarf remains,Destroy, |  |  |  | Destroy
16997,Dwarf remains,Destroy, |  |  |  | Destroy
16998,Dwarf remains,Destroy, |  |  |  | Destroy
16999,Dwarf remains,Destroy, |  |  |  | Destroy
17000,@gre@Vesta's chainbody (broken),Destroy, |  |  |  | Destroy
17001,@gre@Vesta's plateskirt (broken),Destroy, |  |  |  | Destroy
17002,@gre@Vesta's longsword (broken),Destroy, |  |  |  | Destroy
17003,@gre@Zuriel's robe top (broken),Destroy, |  |  |  | Destroy
17004,@gre@Zuriel's robe bot (broken),Destroy, |  |  |  | Destroy
17005,@gre@Zuriel's hood (broken),Destroy, |  |  |  | Destroy
17006,@gre@Statius's body (broken),Destroy, |  |  |  | Destroy
17007,@gre@Statius's legs (broken),Destroy, |  |  |  | Destroy
17008,@gre@Statius's helm (broken),Destroy, |  |  |  | Destroy
17009,@gre@Stat. warhammer (broken),Destroy, |  |  |  | Destroy
17010,@gre@Morrigan's body (broken),Destroy, |  |  |  | Destroy
17011,@gre@Morrigan's chaps (broken),Destroy, |  |  |  | Destroy
17012,@gre@Morrigan's coif (broken),Destroy, |  |  |  | Destroy
17013,@gre@Elite void top (broken),Destroy, |  |  |  | Destroy
17014,@gre@Elite void top (broken),Destroy, |  |  |  | Destroy
17015,Dwarf remains,Destroy, |  |  |  | Destroy
17016,Dwarf remains,Destroy, |  |  |  | Destroy
17017,Dwarf remains,Destroy, |  |  |  | Destroy
17018,Dwarf remains,Destroy, |  |  |  | Destroy
17019,Dwarf remains,Destroy, |  |  |  | Destroy
17020,Dwarf remains,Destroy, |  |  |  | Destroy
17021,Dwarf remains,Destroy, |  |  |  | Destroy
17022,Dwarf remains,Destroy, |  |  |  | Destroy
17023,Dwarf remains,Destroy, |  |  |  | Destroy
17024,Dwarf remains,Destroy, |  |  |  | Destroy
17025,Dwarf remains,Destroy, |  |  |  | Destroy
17026,Dwarf remains,Destroy, |  |  |  | Destroy
17027,Dwarf remains,Destroy, |  |  |  | Destroy
17028,Dwarf remains,Destroy, |  |  |  | Destroy
17029,Dwarf remains,Destroy, |  |  |  | Destroy
17030,Dwarf remains,Destroy, |  |  |  | Destroy
17031,Dwarf remains,Destroy, |  |  |  | Destroy
17032,Dwarf remains,Destroy, |  |  |  | Destroy
17033,Dwarf remains,Destroy, |  |  |  | Destroy
17034,Dwarf remains,Destroy, |  |  |  | Destroy
17035,Dwarf remains,Destroy, |  |  |  | Destroy
17036,Dwarf remains,Destroy, |  |  |  | Destroy
17037,Dwarf remains,Destroy, |  |  |  | Destroy
17038,Dwarf remains,Destroy, |  |  |  | Destroy
17039,Dwarf remains,Destroy, |  |  |  | Destroy
17040,Dwarf remains,Destroy, |  |  |  | Destroy
17041,Dwarf remains,Destroy, |  |  |  | Destroy
17042,Dwarf remains,Destroy, |  |  |  | Destroy
17043,Dwarf remains,Destroy, |  |  |  | Destroy
17044,Dwarf remains,Destroy, |  |  |  | Destroy
17045,Dwarf remains,Destroy, |  |  |  | Destroy
17046,Dwarf remains,Destroy, |  |  |  | Destroy
17047,Dwarf remains,Destroy, |  |  |  | Destroy
17048,Dwarf remains,Destroy, |  |  |  | Destroy
17049,Dwarf remains,Destroy, |  |  |  | Destroy
17050,Dwarf remains,Destroy, |  |  |  | Destroy
17051,Dwarf remains,Destroy, |  |  |  | Destroy
17052,Dwarf remains,Destroy, |  |  |  | Destroy
17053,Dwarf remains,Destroy, |  |  |  | Destroy
17054,Dwarf remains,Destroy, |  |  |  | Destroy
17055,Dwarf remains,Destroy, |  |  |  | Destroy
17056,Dwarf remains,Destroy, |  |  |  | Destroy
17057,Dwarf remains,Destroy, |  |  |  | Destroy
17058,Dwarf remains,Destroy, |  |  |  | Destroy
17059,Dwarf remains,Destroy, |  |  |  | Destroy
17060,Dwarf remains,Destroy, |  |  |  | Destroy
17061,Dwarf remains,Destroy, |  |  |  | Destroy
17062,Dwarf remains,Destroy, |  |  |  | Destroy
17063,Dwarf remains,Destroy, |  |  |  | Destroy
17064,Dwarf remains,Destroy, |  |  |  | Destroy
17065,Dwarf remains,Destroy, |  |  |  | Destroy
17066,Dwarf remains,Destroy, |  |  |  | Destroy
17067,Dwarf remains,Destroy, |  |  |  | Destroy
17068,Dwarf remains,Destroy, |  |  |  | Destroy
17069,Dwarf remains,Destroy, |  |  |  | Destroy
17070,Dwarf remains,Destroy, |  |  |  | Destroy
17071,Dwarf remains,Destroy, |  |  |  | Destroy
17072,Dwarf remains,Destroy, |  |  |  | Destroy
17073,Dwarf remains,Destroy, |  |  |  | Destroy
17074,Dwarf remains,Destroy, |  |  |  | Destroy
17075,Dwarf remains,Destroy, |  |  |  | Destroy
17076,Dwarf remains,Destroy, |  |  |  | Destroy
17077,Dwarf remains,Destroy, |  |  |  | Destroy
17078,Dwarf remains,Destroy, |  |  |  | Destroy
17079,Dwarf remains,Destroy, |  |  |  | Destroy
17080,Dwarf remains,Destroy, |  |  |  | Destroy
17081,Dwarf remains,Destroy, |  |  |  | Destroy
17082,Dwarf remains,Destroy, |  |  |  | Destroy
17083,Dwarf remains,Destroy, |  |  |  | Destroy
17084,Dwarf remains,Destroy, |  |  |  | Destroy
17085,Dwarf remains,Destroy, |  |  |  | Destroy
17086,Dwarf remains,Destroy, |  |  |  | Destroy
17087,Dwarf remains,Destroy, |  |  |  | Destroy
17088,Dwarf remains,Destroy, |  |  |  | Destroy
17089,Dwarf remains,Destroy, |  |  |  | Destroy
17090,Dwarf remains,Destroy, |  |  |  | Destroy
17091,Dwarf remains,Destroy, |  |  |  | Destroy
17092,Dwarf remains,Destroy, |  |  |  | Destroy
17093,Dwarf remains,Destroy, |  |  |  | Destroy
17094,Dwarf remains,Destroy, |  |  |  | Destroy
17095,Dwarf remains,Destroy, |  |  |  | Destroy
17096,Dwarf remains,Destroy, |  |  |  | Destroy
17097,Dwarf remains,Destroy, |  |  |  | Destroy
17098,Dwarf remains,Destroy, |  |  |  | Destroy
17099,Dwarf remains,Destroy, |  |  |  | Destroy
17100,@gre@Santa mask,Destroy, | Wear |  |  | Destroy
17101,@gre@Santa jacket,Destroy, | Wear |  |  | Destroy
17102,@gre@Santa pantaloons,Destroy, | Wear |  |  | Destroy
17103,@gre@Santa gloves,Destroy, | Wear |  |  | Destroy
17104,@gre@Santa boots,Destroy, | Wear |  |  | Destroy
17105,@gre@Antisanta mask,Destroy, | Wear |  |  | Destroy
17106,@gre@Antisanta jacket,Destroy, | Wear |  |  | Destroy
17107,@gre@Antisanta pantaloons,Destroy, | Wear |  |  | Destroy
17108,@gre@Antisanta gloves,Destroy, | Wear |  |  | Destroy
17109,@gre@Antisanta boots,Destroy, | Wear |  |  | Destroy
17110,Dwarf remains,Destroy, |  |  |  | Destroy
17111,Dwarf remains,Destroy, |  |  |  | Destroy
17112,Dwarf remains,Destroy, |  |  |  | Destroy
17113,Dwarf remains,Destroy, |  |  |  | Destroy
17114,Dwarf remains,Destroy, |  |  |  | Destroy
17115,Dwarf remains,Destroy, |  |  |  | Destroy
17116,Dwarf remains,Destroy, |  |  |  | Destroy
17117,Dwarf remains,Destroy, |  |  |  | Destroy
17118,Dwarf remains,Destroy, |  |  |  | Destroy
17119,Dwarf remains,Destroy, |  |  |  | Destroy
17120,Dwarf remains,Destroy, |  |  |  | Destroy
17121,Dwarf remains,Destroy, |  |  |  | Destroy
17122,Dwarf remains,Destroy, |  |  |  | Destroy
17123,Dwarf remains,Destroy, |  |  |  | Destroy
17124,Dwarf remains,Destroy, |  |  |  | Destroy
17125,Dwarf remains,Destroy, |  |  |  | Destroy
17126,Dwarf remains,Destroy, |  |  |  | Destroy
17127,Dwarf remains,Destroy, |  |  |  | Destroy
17128,Dwarf remains,Destroy, |  |  |  | Destroy
17129,Dwarf remains,Destroy, |  |  |  | Destroy
17130,Dwarf remains,Destroy, |  |  |  | Destroy
17131,Dwarf remains,Destroy, |  |  |  | Destroy
17132,Dwarf remains,Destroy, |  |  |  | Destroy
17133,Dwarf remains,Destroy, |  |  |  | Destroy
17134,Dwarf remains,Destroy, |  |  |  | Destroy
17135,Dwarf remains,Destroy, |  |  |  | Destroy
17136,Dwarf remains,Destroy, |  |  |  | Destroy
17137,Dwarf remains,Destroy, |  |  |  | Destroy
17138,Dwarf remains,Destroy, |  |  |  | Destroy
17139,Dwarf remains,Destroy, |  |  |  | Destroy
17140,Dwarf remains,Destroy, |  |  |  | Destroy
17141,Dwarf remains,Destroy, |  |  |  | Destroy
17142,Dwarf remains,Destroy, |  |  |  | Destroy
17143,Dwarf remains,Destroy, |  |  |  | Destroy
17144,Dwarf remains,Destroy, |  |  |  | Destroy
17145,Dwarf remains,Destroy, |  |  |  | Destroy
17146,Dwarf remains,Destroy, |  |  |  | Destroy
17147,Dwarf remains,Destroy, |  |  |  | Destroy
17148,Dwarf remains,Destroy, |  |  |  | Destroy
17149,Dwarf remains,Destroy, |  |  |  | Destroy
17150,Dwarf remains,Destroy, |  |  |  | Destroy
17151,Dwarf remains,Destroy, |  |  |  | Destroy
17152,Dwarf remains,Destroy, |  |  |  | Destroy
17153,Dwarf remains,Destroy, |  |  |  | Destroy
17154,Dwarf remains,Destroy, |  |  |  | Destroy
17155,Dwarf remains,Destroy, |  |  |  | Destroy
17156,Dwarf remains,Destroy, |  |  |  | Destroy
17157,Dwarf remains,Destroy, |  |  |  | Destroy
17158,Dwarf remains,Destroy, |  |  |  | Destroy
17159,Dwarf remains,Destroy, |  |  |  | Destroy
17160,Dwarf remains,Destroy, |  |  |  | Destroy
17161,Dwarf remains,Destroy, |  |  |  | Destroy
17162,Dwarf remains,Destroy, |  |  |  | Destroy
17163,Dwarf remains,Destroy, |  |  |  | Destroy
17164,Dwarf remains,Destroy, |  |  |  | Destroy
17165,Dwarf remains,Destroy, |  |  |  | Destroy
17166,Dwarf remains,Destroy, |  |  |  | Destroy
17167,Dwarf remains,Destroy, |  |  |  | Destroy
17168,Dwarf remains,Destroy, |  |  |  | Destroy
17169,Dwarf remains,Destroy, |  |  |  | Destroy
17170,Dwarf remains,Destroy, |  |  |  | Destroy
17171,Dwarf remains,Destroy, |  |  |  | Destroy
17172,Dwarf remains,Destroy, |  |  |  | Destroy
17173,Dwarf remains,Destroy, |  |  |  | Destroy
17174,Dwarf remains,Destroy, |  |  |  | Destroy
17175,Dwarf remains,Destroy, |  |  |  | Destroy
17176,Dwarf remains,Destroy, |  |  |  | Destroy
17177,Dwarf remains,Destroy, |  |  |  | Destroy
17178,Dwarf remains,Destroy, |  |  |  | Destroy
17179,Dwarf remains,Destroy, |  |  |  | Destroy
17180,Dwarf remains,Destroy, |  |  |  | Destroy
17181,Dwarf remains,Destroy, |  |  |  | Destroy
17182,Dwarf remains,Destroy, |  |  |  | Destroy
17183,Dwarf remains,Destroy, |  |  |  | Destroy
17184,Dwarf remains,Destroy, |  |  |  | Destroy
17185,Dwarf remains,Destroy, |  |  |  | Destroy
17186,Dwarf remains,Destroy, |  |  |  | Destroy
17187,Dwarf remains,Destroy, |  |  |  | Destroy
17188,Dwarf remains,Destroy, |  |  |  | Destroy
17189,Dwarf remains,Destroy, |  |  |  | Destroy
17190,Dwarf remains,Destroy, |  |  |  | Destroy
17191,Dwarf remains,Destroy, |  |  |  | Destroy
17192,Dwarf remains,Destroy, |  |  |  | Destroy
17193,Dwarf remains,Destroy, |  |  |  | Destroy
17194,Dwarf remains,Destroy, |  |  |  | Destroy
17195,Dwarf remains,Destroy, |  |  |  | Destroy
17196,Dwarf remains,Destroy, |  |  |  | Destroy
17197,Dwarf remains,Destroy, |  |  |  | Destroy
17198,Dwarf remains,Destroy, |  |  |  | Destroy
17199,Dwarf remains,Destroy, |  |  |  | Destroy
17200,Dwarf remains,Destroy, |  |  |  | Destroy
17201,Dwarf remains,Destroy, |  |  |  | Destroy
17202,Dwarf remains,Destroy, |  |  |  | Destroy
17203,Dwarf remains,Destroy, |  |  |  | Destroy
17204,Dwarf remains,Destroy, |  |  |  | Destroy
17205,Dwarf remains,Destroy, |  |  |  | Destroy
17206,Dwarf remains,Destroy, |  |  |  | Destroy
17207,Dwarf remains,Destroy, |  |  |  | Destroy
17208,Dwarf remains,Destroy, |  |  |  | Destroy
17209,Dwarf remains,Destroy, |  |  |  | Destroy
17210,Dwarf remains,Destroy, |  |  |  | Destroy
17211,Dwarf remains,Destroy, |  |  |  | Destroy
17212,Dwarf remains,Destroy, |  |  |  | Destroy
17213,Dwarf remains,Destroy, |  |  |  | Destroy
17214,Dwarf remains,Destroy, |  |  |  | Destroy
17215,Dwarf remains,Destroy, |  |  |  | Destroy
17216,Dwarf remains,Destroy, |  |  |  | Destroy
17217,Dwarf remains,Destroy, |  |  |  | Destroy
17218,Dwarf remains,Destroy, |  |  |  | Destroy
17219,Dwarf remains,Destroy, |  |  |  | Destroy
17220,Dwarf remains,Destroy, |  |  |  | Destroy
17221,Dwarf remains,Destroy, |  |  |  | Destroy
17222,Dwarf remains,Destroy, |  |  |  | Destroy
17223,Dwarf remains,Destroy, |  |  |  | Destroy
17224,Dwarf remains,Destroy, |  |  |  | Destroy
17225,Dwarf remains,Destroy, |  |  |  | Destroy
17226,Dwarf remains,Destroy, |  |  |  | Destroy
17227,Dwarf remains,Destroy, |  |  |  | Destroy
17228,Dwarf remains,Destroy, |  |  |  | Destroy
17229,Dwarf remains,Destroy, |  |  |  | Destroy
17230,Dwarf remains,Destroy, |  |  |  | Destroy
17231,Dwarf remains,Destroy, |  |  |  | Destroy
17232,Dwarf remains,Destroy, |  |  |  | Destroy
17233,Dwarf remains,Destroy, |  |  |  | Destroy
17234,Dwarf remains,Destroy, |  |  |  | Destroy
17235,Dwarf remains,Destroy, |  |  |  | Destroy
17236,Dwarf remains,Destroy, |  |  |  | Destroy
17237,Dwarf remains,Destroy, |  |  |  | Destroy
17238,Dwarf remains,Destroy, |  |  |  | Destroy
17239,Dwarf remains,Destroy, |  |  |  | Destroy
17240,Dwarf remains,Destroy, |  |  |  | Destroy
17241,Dwarf remains,Destroy, |  |  |  | Destroy
17242,Dwarf remains,Destroy, |  |  |  | Destroy
17243,Dwarf remains,Destroy, |  |  |  | Destroy
17244,Dwarf remains,Destroy, |  |  |  | Destroy
17245,Dwarf remains,Destroy, |  |  |  | Destroy
17246,Dwarf remains,Destroy, |  |  |  | Destroy
17247,Dwarf remains,Destroy, |  |  |  | Destroy
17248,Dwarf remains,Destroy, |  |  |  | Destroy
17249,Dwarf remains,Destroy, |  |  |  | Destroy
17250,Dwarf remains,Destroy, |  |  |  | Destroy
17251,Dwarf remains,Destroy, |  |  |  | Destroy
17252,Dwarf remains,Destroy, |  |  |  | Destroy
17253,Dwarf remains,Destroy, |  |  |  | Destroy
17254,Dwarf remains,Destroy, |  |  |  | Destroy
17255,Dwarf remains,Destroy, |  |  |  | Destroy
17256,Dwarf remains,Destroy, |  |  |  | Destroy
17257,Dwarf remains,Destroy, |  |  |  | Destroy
17258,Dwarf remains,Destroy, |  |  |  | Destroy
17259,Dwarf remains,Destroy, |  |  |  | Destroy
17260,Dwarf remains,Destroy, |  |  |  | Destroy
17261,Dwarf remains,Destroy, |  |  |  | Destroy
17262,Dwarf remains,Destroy, |  |  |  | Destroy
17263,Dwarf remains,Destroy, |  |  |  | Destroy
17264,Dwarf remains,Destroy, |  |  |  | Destroy
17265,Dwarf remains,Destroy, |  |  |  | Destroy
17266,Dwarf remains,Destroy, |  |  |  | Destroy
17267,Dwarf remains,Destroy, |  |  |  | Destroy
17268,Dwarf remains,Destroy, |  |  |  | Destroy
17269,Dwarf remains,Destroy, |  |  |  | Destroy
17270,Dwarf remains,Destroy, |  |  |  | Destroy
17271,Dwarf remains,Destroy, |  |  |  | Destroy
17272,Dwarf remains,Destroy, |  |  |  | Destroy
17274,Dwarf remains,Destroy, |  |  |  | Destroy
17275,Dwarf remains,Destroy, |  |  |  | Destroy
17276,Dwarf remains,Destroy, |  |  |  | Destroy
17277,Dwarf remains,Destroy, |  |  |  | Destroy
17278,Dwarf remains,Destroy, |  |  |  | Destroy
17279,Dwarf remains,Destroy, |  |  |  | Destroy
17280,Dwarf remains,Destroy, |  |  |  | Destroy
17281,Dwarf remains,Destroy, |  |  |  | Destroy
17282,Dwarf remains,Destroy, |  |  |  | Destroy
17283,Dwarf remains,Destroy, |  |  |  | Destroy
17284,Dwarf remains,Destroy, |  |  |  | Destroy
17285,Dwarf remains,Destroy, |  |  |  | Destroy
17286,Dwarf remains,Destroy, |  |  |  | Destroy
17287,Dwarf remains,Destroy, |  |  |  | Destroy
17288,Dwarf remains,Destroy, |  |  |  | Destroy
17289,Dwarf remains,Destroy, |  |  |  | Destroy
17290,Dwarf remains,Destroy, |  |  |  | Destroy
17291,Dwarf remains,Destroy, |  |  |  | Destroy
17292,Dwarf remains,Destroy, |  |  |  | Destroy
17293,Dwarf remains,Destroy, |  |  |  | Destroy
17294,Dwarf remains,Destroy, |  |  |  | Destroy
17295,Dwarf remains,Destroy, |  |  |  | Destroy
17296,Dwarf remains,Destroy, |  |  |  | Destroy
17297,Dwarf remains,Destroy, |  |  |  | Destroy
17298,Dwarf remains,Destroy, |  |  |  | Destroy
17299,Dwarf remains,Destroy, |  |  |  | Destroy
17300,Dwarf remains,Destroy, |  |  |  | Destroy
17301,Dwarf remains,Destroy, |  |  |  | Destroy
17302,Dwarf remains,Destroy, |  |  |  | Destroy
17303,Dwarf remains,Destroy, |  |  |  | Destroy
17304,Dwarf remains,Destroy, |  |  |  | Destroy
17305,Dwarf remains,Destroy, |  |  |  | Destroy
17306,Dwarf remains,Destroy, |  |  |  | Destroy
17307,Dwarf remains,Destroy, |  |  |  | Destroy
17308,Dwarf remains,Destroy, |  |  |  | Destroy
17309,Dwarf remains,Destroy, |  |  |  | Destroy
17310,Dwarf remains,Destroy, |  |  |  | Destroy
17311,Dwarf remains,Destroy, |  |  |  | Destroy
17312,Dwarf remains,Destroy, |  |  |  | Destroy
17313,Dwarf remains,Destroy, |  |  |  | Destroy
17314,Dwarf remains,Destroy, |  |  |  | Destroy
17315,Dwarf remains,Destroy, |  |  |  | Destroy
17316,Dwarf remains,Destroy, |  |  |  | Destroy
17317,Dwarf remains,Destroy, |  |  |  | Destroy
17318,Dwarf remains,Destroy, |  |  |  | Destroy
17319,Dwarf remains,Destroy, |  |  |  | Destroy
17320,Dwarf remains,Destroy, |  |  |  | Destroy
17321,Dwarf remains,Destroy, |  |  |  | Destroy
17322,Dwarf remains,Destroy, |  |  |  | Destroy
17323,Dwarf remains,Destroy, |  |  |  | Destroy
17324,Dwarf remains,Destroy, |  |  |  | Destroy
17325,Dwarf remains,Destroy, |  |  |  | Destroy
17326,Dwarf remains,Destroy, |  |  |  | Destroy
17327,Dwarf remains,Destroy, |  |  |  | Destroy
17328,Dwarf remains,Destroy, |  |  |  | Destroy
17329,Dwarf remains,Destroy, |  |  |  | Destroy
17330,Dwarf remains,Destroy, |  |  |  | Destroy
17331,Dwarf remains,Destroy, |  |  |  | Destroy
17332,Dwarf remains,Destroy, |  |  |  | Destroy
17333,Dwarf remains,Destroy, |  |  |  | Destroy
17334,Dwarf remains,Destroy, |  |  |  | Destroy
17335,Dwarf remains,Destroy, |  |  |  | Destroy
17336,Dwarf remains,Destroy, |  |  |  | Destroy
17337,Dwarf remains,Destroy, |  |  |  | Destroy
17338,Dwarf remains,Destroy, |  |  |  | Destroy
17339,Dwarf remains,Destroy, |  |  |  | Destroy
17340,Dwarf remains,Destroy, |  |  |  | Destroy
17341,Dwarf remains,Destroy, |  |  |  | Destroy
17342,Dwarf remains,Destroy, |  |  |  | Destroy
17343,Dwarf remains,Destroy, |  |  |  | Destroy
17344,Dwarf remains,Destroy, |  |  |  | Destroy
17345,Dwarf remains,Destroy, |  |  |  | Destroy
17346,Dwarf remains,Destroy, |  |  |  | Destroy
17347,Dwarf remains,Destroy, |  |  |  | Destroy
17348,Dwarf remains,Destroy, |  |  |  | Destroy
17349,Dwarf remains,Destroy, |  |  |  | Destroy
17350,Dwarf remains,Destroy, |  |  |  | Destroy
17351,Dwarf remains,Destroy, |  |  |  | Destroy
17352,Dwarf remains,Destroy, |  |  |  | Destroy
17353,Dwarf remains,Destroy, |  |  |  | Destroy
17354,Dwarf remains,Destroy, |  |  |  | Destroy
17355,Dwarf remains,Destroy, |  |  |  | Destroy
17356,Dwarf remains,Destroy, |  |  |  | Destroy
17357,Dwarf remains,Destroy, |  |  |  | Destroy
17358,Dwarf remains,Destroy, |  |  |  | Destroy
17359,Dwarf remains,Destroy, |  |  |  | Destroy
17360,Dwarf remains,Destroy, |  |  |  | Destroy
17361,Dwarf remains,Destroy, |  |  |  | Destroy
17362,Dwarf remains,Destroy, |  |  |  | Destroy
17363,Dwarf remains,Destroy, |  |  |  | Destroy
17364,Dwarf remains,Destroy, |  |  |  | Destroy
17365,Dwarf remains,Destroy, |  |  |  | Destroy
17366,Dwarf remains,Destroy, |  |  |  | Destroy
17367,Dwarf remains,Destroy, |  |  |  | Destroy
17368,Dwarf remains,Destroy, |  |  |  | Destroy
17369,Dwarf remains,Destroy, |  |  |  | Destroy
17370,Dwarf remains,Destroy, |  |  |  | Destroy
17371,Dwarf remains,Destroy, |  |  |  | Destroy
17372,Dwarf remains,Destroy, |  |  |  | Destroy
17373,Dwarf remains,Destroy, |  |  |  | Destroy
17374,Dwarf remains,Destroy, |  |  |  | Destroy
17375,Dwarf remains,Destroy, |  |  |  | Destroy
17376,Dwarf remains,Destroy, |  |  |  | Destroy
17377,Dwarf remains,Destroy, |  |  |  | Destroy
17378,Dwarf remains,Destroy, |  |  |  | Destroy
17379,Dwarf remains,Destroy, |  |  |  | Destroy
17380,Dwarf remains,Destroy, |  |  |  | Destroy
17381,Dwarf remains,Destroy, |  |  |  | Destroy
17382,Dwarf remains,Destroy, |  |  |  | Destroy
17383,Dwarf remains,Destroy, |  |  |  | Destroy
17384,Dwarf remains,Destroy, |  |  |  | Destroy
17385,Dwarf remains,Destroy, |  |  |  | Destroy
17386,Dwarf remains,Destroy, |  |  |  | Destroy
17387,Dwarf remains,Destroy, |  |  |  | Destroy
17388,Dwarf remains,Destroy, |  |  |  | Destroy
17389,Dwarf remains,Destroy, |  |  |  | Destroy
17390,Dwarf remains,Destroy, |  |  |  | Destroy
17391,Dwarf remains,Destroy, |  |  |  | Destroy
17392,Dwarf remains,Destroy, |  |  |  | Destroy
17393,Dwarf remains,Destroy, |  |  |  | Destroy
17394,Dwarf remains,Destroy, |  |  |  | Destroy
17395,Dwarf remains,Destroy, |  |  |  | Destroy
17396,Dwarf remains,Destroy, |  |  |  | Destroy
17397,Dwarf remains,Destroy, |  |  |  | Destroy
17398,Dwarf remains,Destroy, |  |  |  | Destroy
17399,Dwarf remains,Destroy, |  |  |  | Destroy
17400,Dwarf remains,Destroy, |  |  |  | Destroy
17401,Dwarf remains,Destroy, |  |  |  | Destroy
17402,Dwarf remains,Destroy, |  |  |  | Destroy
17403,Dwarf remains,Destroy, |  |  |  | Destroy
17404,Dwarf remains,Destroy, |  |  |  | Destroy
17405,Dwarf remains,Destroy, |  |  |  | Destroy
17406,Dwarf remains,Destroy, |  |  |  | Destroy
17407,Dwarf remains,Destroy, |  |  |  | Destroy
17408,Dwarf remains,Destroy, |  |  |  | Destroy
17409,Dwarf remains,Destroy, |  |  |  | Destroy
17410,Dwarf remains,Destroy, |  |  |  | Destroy
17411,Dwarf remains,Destroy, |  |  |  | Destroy
17412,Dwarf remains,Destroy, |  |  |  | Destroy
17413,Dwarf remains,Destroy, |  |  |  | Destroy
17414,Dwarf remains,Destroy, |  |  |  | Destroy
17415,Dwarf remains,Destroy, |  |  |  | Destroy
17416,Dwarf remains,Destroy, |  |  |  | Destroy
17417,Dwarf remains,Destroy, |  |  |  | Destroy
17418,Dwarf remains,Destroy, |  |  |  | Destroy
17419,Dwarf remains,Destroy, |  |  |  | Destroy
17420,Dwarf remains,Destroy, |  |  |  | Destroy
17421,Dwarf remains,Destroy, |  |  |  | Destroy
17422,Dwarf remains,Destroy, |  |  |  | Destroy
17423,Dwarf remains,Destroy, |  |  |  | Destroy
17424,Dwarf remains,Destroy, |  |  |  | Destroy
17425,Dwarf remains,Destroy, |  |  |  | Destroy
17426,Dwarf remains,Destroy, |  |  |  | Destroy
17427,Dwarf remains,Destroy, |  |  |  | Destroy
17428,Dwarf remains,Destroy, |  |  |  | Destroy
17429,Dwarf remains,Destroy, |  |  |  | Destroy
17430,Dwarf remains,Destroy, |  |  |  | Destroy
17431,Dwarf remains,Destroy, |  |  |  | Destroy
17432,Dwarf remains,Destroy, |  |  |  | Destroy
17433,Dwarf remains,Destroy, |  |  |  | Destroy
17434,Dwarf remains,Destroy, |  |  |  | Destroy
17435,Dwarf remains,Destroy, |  |  |  | Destroy
17436,Dwarf remains,Destroy, |  |  |  | Destroy
17437,Dwarf remains,Destroy, |  |  |  | Destroy
17438,Dwarf remains,Destroy, |  |  |  | Destroy
17439,Dwarf remains,Destroy, |  |  |  | Destroy
17440,Dwarf remains,Destroy, |  |  |  | Destroy
17441,Dwarf remains,Destroy, |  |  |  | Destroy
17442,Dwarf remains,Destroy, |  |  |  | Destroy
17443,Dwarf remains,Destroy, |  |  |  | Destroy
17444,Dwarf remains,Destroy, |  |  |  | Destroy
17445,Dwarf remains,Destroy, |  |  |  | Destroy
17446,Dwarf remains,Destroy, |  |  |  | Destroy
17447,Dwarf remains,Destroy, |  |  |  | Destroy
17448,Dwarf remains,Destroy, |  |  |  | Destroy
17449,Dwarf remains,Destroy, |  |  |  | Destroy
17450,Dwarf remains,Destroy, |  |  |  | Destroy
17451,Dwarf remains,Destroy, |  |  |  | Destroy
17452,Dwarf remains,Destroy, |  |  |  | Destroy
17453,Dwarf remains,Destroy, |  |  |  | Destroy
17454,Dwarf remains,Destroy, |  |  |  | Destroy
17455,Dwarf remains,Destroy, |  |  |  | Destroy
17456,Dwarf remains,Destroy, |  |  |  | Destroy
17457,Dwarf remains,Destroy, |  |  |  | Destroy
17458,Dwarf remains,Destroy, |  |  |  | Destroy
17459,Dwarf remains,Destroy, |  |  |  | Destroy
17460,Dwarf remains,Destroy, |  |  |  | Destroy
17461,Dwarf remains,Destroy, |  |  |  | Destroy
17462,Dwarf remains,Destroy, |  |  |  | Destroy
17463,Dwarf remains,Destroy, |  |  |  | Destroy
17464,Dwarf remains,Destroy, |  |  |  | Destroy
17465,Dwarf remains,Destroy, |  |  |  | Destroy
17466,Dwarf remains,Destroy, |  |  |  | Destroy
17467,Dwarf remains,Destroy, |  |  |  | Destroy
17468,Dwarf remains,Destroy, |  |  |  | Destroy
17469,Dwarf remains,Destroy, |  |  |  | Destroy
17470,Dwarf remains,Destroy, |  |  |  | Destroy
17471,Dwarf remains,Destroy, |  |  |  | Destroy
17472,Dwarf remains,Destroy, |  |  |  | Destroy
17473,Dwarf remains,Destroy, |  |  |  | Destroy
17474,Dwarf remains,Destroy, |  |  |  | Destroy
17475,Dwarf remains,Destroy, |  |  |  | Destroy
17476,Dwarf remains,Destroy, |  |  |  | Destroy
17477,Dwarf remains,Destroy, |  |  |  | Destroy
17478,Dwarf remains,Destroy, |  |  |  | Destroy
17479,Dwarf remains,Destroy, |  |  |  | Destroy
17480,Dwarf remains,Destroy, |  |  |  | Destroy
17481,Dwarf remains,Destroy, |  |  |  | Destroy
17482,Dwarf remains,Destroy, |  |  |  | Destroy
17483,Dwarf remains,Destroy, |  |  |  | Destroy
17484,Dwarf remains,Destroy, |  |  |  | Destroy
17485,Dwarf remains,Destroy, |  |  |  | Destroy
17486,Dwarf remains,Destroy, |  |  |  | Destroy
17487,Dwarf remains,Destroy, |  |  |  | Destroy
17488,Dwarf remains,Destroy, |  |  |  | Destroy
17489,Dwarf remains,Destroy, |  |  |  | Destroy
17490,Dwarf remains,Destroy, |  |  |  | Destroy
17491,Dwarf remains,Destroy, |  |  |  | Destroy
17492,Dwarf remains,Destroy, |  |  |  | Destroy
17493,Dwarf remains,Destroy, |  |  |  | Destroy
17494,Dwarf remains,Destroy, |  |  |  | Destroy
17495,Dwarf remains,Destroy, |  |  |  | Destroy
17496,Dwarf remains,Destroy, |  |  |  | Destroy
17497,Dwarf remains,Destroy, |  |  |  | Destroy
17498,Dwarf remains,Destroy, |  |  |  | Destroy
17499,Dwarf remains,Destroy, |  |  |  | Destroy
17500,Dwarf remains,Destroy, |  |  |  | Destroy
17501,Dwarf remains,Destroy, |  |  |  | Destroy
17502,Dwarf remains,Destroy, |  |  |  | Destroy
17503,Dwarf remains,Destroy, |  |  |  | Destroy
17504,Dwarf remains,Destroy, |  |  |  | Destroy
17505,Dwarf remains,Destroy, |  |  |  | Destroy
17506,Dwarf remains,Destroy, |  |  |  | Destroy
17507,Dwarf remains,Destroy, |  |  |  | Destroy
17508,Dwarf remains,Destroy, |  |  |  | Destroy
17509,Dwarf remains,Destroy, |  |  |  | Destroy
17510,Dwarf remains,Destroy, |  |  |  | Destroy
17511,Dwarf remains,Destroy, |  |  |  | Destroy
17512,Dwarf remains,Destroy, |  |  |  | Destroy
17513,Dwarf remains,Destroy, |  |  |  | Destroy
17514,Dwarf remains,Destroy, |  |  |  | Destroy
17515,Dwarf remains,Destroy, |  |  |  | Destroy
17516,Dwarf remains,Destroy, |  |  |  | Destroy
17517,Dwarf remains,Destroy, |  |  |  | Destroy
17518,Dwarf remains,Destroy, |  |  |  | Destroy
17519,Dwarf remains,Destroy, |  |  |  | Destroy
17520,Dwarf remains,Destroy, |  |  |  | Destroy
17521,Dwarf remains,Destroy, |  |  |  | Destroy
17522,Dwarf remains,Destroy, |  |  |  | Destroy
17523,Dwarf remains,Destroy, |  |  |  | Destroy
17524,Dwarf remains,Destroy, |  |  |  | Destroy
17525,Dwarf remains,Destroy, |  |  |  | Destroy
17526,Dwarf remains,Destroy, |  |  |  | Destroy
17527,Dwarf remains,Destroy, |  |  |  | Destroy
17528,Dwarf remains,Destroy, |  |  |  | Destroy
17529,Dwarf remains,Destroy, |  |  |  | Destroy
17530,Dwarf remains,Destroy, |  |  |  | Destroy
17531,Dwarf remains,Destroy, |  |  |  | Destroy
17532,Dwarf remains,Destroy, |  |  |  | Destroy
17533,Dwarf remains,Destroy, |  |  |  | Destroy
17534,Dwarf remains,Destroy, |  |  |  | Destroy
17535,Dwarf remains,Destroy, |  |  |  | Destroy
17536,Dwarf remains,Destroy, |  |  |  | Destroy
17537,Dwarf remains,Destroy, |  |  |  | Destroy
17538,Dwarf remains,Destroy, |  |  |  | Destroy
17539,Dwarf remains,Destroy, |  |  |  | Destroy
17540,Dwarf remains,Destroy, |  |  |  | Destroy
17541,Dwarf remains,Destroy, |  |  |  | Destroy
17542,Dwarf remains,Destroy, |  |  |  | Destroy
17543,Dwarf remains,Destroy, |  |  |  | Destroy
17544,Dwarf remains,Destroy, |  |  |  | Destroy
17545,Dwarf remains,Destroy, |  |  |  | Destroy
17546,Dwarf remains,Destroy, |  |  |  | Destroy
17547,Dwarf remains,Destroy, |  |  |  | Destroy
17548,Dwarf remains,Destroy, |  |  |  | Destroy
17549,Dwarf remains,Destroy, |  |  |  | Destroy
17550,Dwarf remains,Destroy, |  |  |  | Destroy
17551,Dwarf remains,Destroy, |  |  |  | Destroy
17552,Dwarf remains,Destroy, |  |  |  | Destroy
17553,Dwarf remains,Destroy, |  |  |  | Destroy
17554,Dwarf remains,Destroy, |  |  |  | Destroy
17555,Dwarf remains,Destroy, |  |  |  | Destroy
17556,Dwarf remains,Destroy, |  |  |  | Destroy
17557,Dwarf remains,Destroy, |  |  |  | Destroy
17558,Dwarf remains,Destroy, |  |  |  | Destroy
17559,Dwarf remains,Destroy, |  |  |  | Destroy
17560,Dwarf remains,Destroy, |  |  |  | Destroy
17561,Dwarf remains,Destroy, |  |  |  | Destroy
17562,Dwarf remains,Destroy, |  |  |  | Destroy
17563,Dwarf remains,Destroy, |  |  |  | Destroy
17564,Dwarf remains,Destroy, |  |  |  | Destroy
17565,Dwarf remains,Destroy, |  |  |  | Destroy
17566,Dwarf remains,Destroy, |  |  |  | Destroy
17567,Dwarf remains,Destroy, |  |  |  | Destroy
17568,Dwarf remains,Destroy, |  |  |  | Destroy
17569,Dwarf remains,Destroy, |  |  |  | Destroy
17570,Dwarf remains,Destroy, |  |  |  | Destroy
17571,Dwarf remains,Destroy, |  |  |  | Destroy
17572,Dwarf remains,Destroy, |  |  |  | Destroy
17573,Dwarf remains,Destroy, |  |  |  | Destroy
17574,Dwarf remains,Destroy, |  |  |  | Destroy
17575,Dwarf remains,Destroy, |  |  |  | Destroy
17576,Dwarf remains,Destroy, |  |  |  | Destroy
17577,Dwarf remains,Destroy, |  |  |  | Destroy
17578,Dwarf remains,Destroy, |  |  |  | Destroy
17579,Dwarf remains,Destroy, |  |  |  | Destroy
17580,Dwarf remains,Destroy, |  |  |  | Destroy
17581,Dwarf remains,Destroy, |  |  |  | Destroy
17582,Dwarf remains,Destroy, |  |  |  | Destroy
17583,Dwarf remains,Destroy, |  |  |  | Destroy
17584,Dwarf remains,Destroy, |  |  |  | Destroy
17585,Dwarf remains,Destroy, |  |  |  | Destroy
17586,Dwarf remains,Destroy, |  |  |  | Destroy
17587,Dwarf remains,Destroy, |  |  |  | Destroy
17588,Dwarf remains,Destroy, |  |  |  | Destroy
17589,Dwarf remains,Destroy, |  |  |  | Destroy
17590,Dwarf remains,Destroy, |  |  |  | Destroy
17591,Dwarf remains,Destroy, |  |  |  | Destroy
17592,Dwarf remains,Destroy, |  |  |  | Destroy
17593,Dwarf remains,Destroy, |  |  |  | Destroy
17594,Dwarf remains,Destroy, |  |  |  | Destroy
17595,Dwarf remains,Destroy, |  |  |  | Destroy
17596,Dwarf remains,Destroy, |  |  |  | Destroy
17597,Dwarf remains,Destroy, |  |  |  | Destroy
17598,Dwarf remains,Destroy, |  |  |  | Destroy
17599,Dwarf remains,Destroy, |  |  |  | Destroy
17600,Dwarf remains,Destroy, |  |  |  | Destroy
17601,Dwarf remains,Destroy, |  |  |  | Destroy
17602,Dwarf remains,Destroy, |  |  |  | Destroy
17603,Dwarf remains,Destroy, |  |  |  | Destroy
17604,Dwarf remains,Destroy, |  |  |  | Destroy
17605,Dwarf remains,Destroy, |  |  |  | Destroy
17606,Dwarf remains,Destroy, |  |  |  | Destroy
17607,Dwarf remains,Destroy, |  |  |  | Destroy
17608,Dwarf remains,Destroy, |  |  |  | Destroy
17609,Dwarf remains,Destroy, |  |  |  | Destroy
17610,Dwarf remains,Destroy, |  |  |  | Destroy
17611,Dwarf remains,Destroy, |  |  |  | Destroy
17612,Dwarf remains,Destroy, |  |  |  | Destroy
17613,Dwarf remains,Destroy, |  |  |  | Destroy
17614,Dwarf remains,Destroy, |  |  |  | Destroy
17615,Dwarf remains,Destroy, |  |  |  | Destroy
17616,Dwarf remains,Destroy, |  |  |  | Destroy
17617,Dwarf remains,Destroy, |  |  |  | Destroy
17618,Dwarf remains,Destroy, |  |  |  | Destroy
17619,Dwarf remains,Destroy, |  |  |  | Destroy
17620,Dwarf remains,Destroy, |  |  |  | Destroy
17621,Dwarf remains,Destroy, |  |  |  | Destroy
17622,Dwarf remains,Destroy, |  |  |  | Destroy
17623,Dwarf remains,Destroy, |  |  |  | Destroy
17624,Dwarf remains,Destroy, |  |  |  | Destroy
17625,Dwarf remains,Destroy, |  |  |  | Destroy
17626,Dwarf remains,Destroy, |  |  |  | Destroy
17627,Dwarf remains,Destroy, |  |  |  | Destroy
17628,Dwarf remains,Destroy, |  |  |  | Destroy
17629,Dwarf remains,Destroy, |  |  |  | Destroy
17630,Dwarf remains,Destroy, |  |  |  | Destroy
17631,Dwarf remains,Destroy, |  |  |  | Destroy
17632,Dwarf remains,Destroy, |  |  |  | Destroy
17633,Dwarf remains,Destroy, |  |  |  | Destroy
17634,Dwarf remains,Destroy, |  |  |  | Destroy
17635,Dwarf remains,Destroy, |  |  |  | Destroy
17636,Dwarf remains,Destroy, |  |  |  | Destroy
17637,Dwarf remains,Destroy, |  |  |  | Destroy
17638,Dwarf remains,Destroy, |  |  |  | Destroy
17639,Dwarf remains,Destroy, |  |  |  | Destroy
17640,Dwarf remains,Destroy, |  |  |  | Destroy
17641,Dwarf remains,Destroy, |  |  |  | Destroy
17642,Dwarf remains,Destroy, |  |  |  | Destroy
17643,Dwarf remains,Destroy, |  |  |  | Destroy
17644,Dwarf remains,Destroy, |  |  |  | Destroy
17645,Dwarf remains,Destroy, |  |  |  | Destroy
17646,Dwarf remains,Destroy, |  |  |  | Destroy
17647,Dwarf remains,Destroy, |  |  |  | Destroy
17648,Dwarf remains,Destroy, |  |  |  | Destroy
17649,Dwarf remains,Destroy, |  |  |  | Destroy
17650,Dwarf remains,Destroy, |  |  |  | Destroy
17651,Dwarf remains,Destroy, |  |  |  | Destroy
17652,Dwarf remains,Destroy, |  |  |  | Destroy
17653,Dwarf remains,Destroy, |  |  |  | Destroy
17654,Dwarf remains,Destroy, |  |  |  | Destroy
17655,Dwarf remains,Destroy, |  |  |  | Destroy
17656,Dwarf remains,Destroy, |  |  |  | Destroy
17657,Dwarf remains,Destroy, |  |  |  | Destroy
17658,Dwarf remains,Destroy, |  |  |  | Destroy
17659,Dwarf remains,Destroy, |  |  |  | Destroy
17660,Dwarf remains,Destroy, |  |  |  | Destroy
17661,Dwarf remains,Destroy, |  |  |  | Destroy
17662,Dwarf remains,Destroy, |  |  |  | Destroy
17663,Dwarf remains,Destroy, |  |  |  | Destroy
17664,Dwarf remains,Destroy, |  |  |  | Destroy
17665,Dwarf remains,Destroy, |  |  |  | Destroy
17666,Dwarf remains,Destroy, |  |  |  | Destroy
17667,Dwarf remains,Destroy, |  |  |  | Destroy
17668,Dwarf remains,Destroy, |  |  |  | Destroy
17669,Dwarf remains,Destroy, |  |  |  | Destroy
17670,Dwarf remains,Destroy, |  |  |  | Destroy
17671,Dwarf remains,Destroy, |  |  |  | Destroy
17672,Dwarf remains,Destroy, |  |  |  | Destroy
17673,Dwarf remains,Destroy, |  |  |  | Destroy
17674,Dwarf remains,Destroy, |  |  |  | Destroy
17675,Dwarf remains,Destroy, |  |  |  | Destroy
17676,Dwarf remains,Destroy, |  |  |  | Destroy
17677,Dwarf remains,Destroy, |  |  |  | Destroy
17678,Dwarf remains,Destroy, |  |  |  | Destroy
17679,Dwarf remains,Destroy, |  |  |  | Destroy
17680,Dwarf remains,Destroy, |  |  |  | Destroy
17681,Dwarf remains,Destroy, |  |  |  | Destroy
17682,Dwarf remains,Destroy, |  |  |  | Destroy
17683,Dwarf remains,Destroy, |  |  |  | Destroy
17684,Dwarf remains,Destroy, |  |  |  | Destroy
17685,Dwarf remains,Destroy, |  |  |  | Destroy
17686,Dwarf remains,Destroy, |  |  |  | Destroy
17687,Dwarf remains,Destroy, |  |  |  | Destroy
17688,Dwarf remains,Destroy, |  |  |  | Destroy
17689,Dwarf remains,Destroy, |  |  |  | Destroy
17690,Dwarf remains,Destroy, |  |  |  | Destroy
17691,Dwarf remains,Destroy, |  |  |  | Destroy
17692,Dwarf remains,Destroy, |  |  |  | Destroy
17693,Dwarf remains,Destroy, |  |  |  | Destroy
17694,Dwarf remains,Destroy, |  |  |  | Destroy
17695,Dwarf remains,Destroy, |  |  |  | Destroy
17696,Dwarf remains,Destroy, |  |  |  | Destroy
17697,Dwarf remains,Destroy, |  |  |  | Destroy
17698,Dwarf remains,Destroy, |  |  |  | Destroy
17699,Dwarf remains,Destroy, |  |  |  | Destroy
17700,Dwarf remains,Destroy, |  |  |  | Destroy
17701,Dwarf remains,Destroy, |  |  |  | Destroy
17702,Dwarf remains,Destroy, |  |  |  | Destroy
17703,Dwarf remains,Destroy, |  |  |  | Destroy
17704,Dwarf remains,Destroy, |  |  |  | Destroy
17705,Dwarf remains,Destroy, |  |  |  | Destroy
17706,Dwarf remains,Destroy, |  |  |  | Destroy
17707,Dwarf remains,Destroy, |  |  |  | Destroy
17708,Dwarf remains,Destroy, |  |  |  | Destroy
17709,Dwarf remains,Destroy, |  |  |  | Destroy
17710,Dwarf remains,Destroy, |  |  |  | Destroy
17711,Dwarf remains,Destroy, |  |  |  | Destroy
17712,Dwarf remains,Destroy, |  |  |  | Destroy
17713,Dwarf remains,Destroy, |  |  |  | Destroy
17714,Dwarf remains,Destroy, |  |  |  | Destroy
17715,Dwarf remains,Destroy, |  |  |  | Destroy
17716,Dwarf remains,Destroy, |  |  |  | Destroy
17717,Dwarf remains,Destroy, |  |  |  | Destroy
17718,Dwarf remains,Destroy, |  |  |  | Destroy
17719,Dwarf remains,Destroy, |  |  |  | Destroy
17720,Dwarf remains,Destroy, |  |  |  | Destroy
17721,Dwarf remains,Destroy, |  |  |  | Destroy
17722,Dwarf remains,Destroy, |  |  |  | Destroy
17723,Dwarf remains,Destroy, |  |  |  | Destroy
17724,Dwarf remains,Destroy, |  |  |  | Destroy
17725,Dwarf remains,Destroy, |  |  |  | Destroy
17726,Dwarf remains,Destroy, |  |  |  | Destroy
17727,Dwarf remains,Destroy, |  |  |  | Destroy
17728,Dwarf remains,Destroy, |  |  |  | Destroy
17729,Dwarf remains,Destroy, |  |  |  | Destroy
17730,Dwarf remains,Destroy, |  |  |  | Destroy
17731,Dwarf remains,Destroy, |  |  |  | Destroy
17732,Dwarf remains,Destroy, |  |  |  | Destroy
17733,Dwarf remains,Destroy, |  |  |  | Destroy
17734,Dwarf remains,Destroy, |  |  |  | Destroy
17735,Dwarf remains,Destroy, |  |  |  | Destroy
17736,Dwarf remains,Destroy, |  |  |  | Destroy
17737,Dwarf remains,Destroy, |  |  |  | Destroy
17738,Dwarf remains,Destroy, |  |  |  | Destroy
17739,Dwarf remains,Destroy, |  |  |  | Destroy
17740,Dwarf remains,Destroy, |  |  |  | Destroy
17741,Dwarf remains,Destroy, |  |  |  | Destroy
17742,Dwarf remains,Destroy, |  |  |  | Destroy
17743,Dwarf remains,Destroy, |  |  |  | Destroy
17744,Dwarf remains,Destroy, |  |  |  | Destroy
17745,Dwarf remains,Destroy, |  |  |  | Destroy
17746,Dwarf remains,Destroy, |  |  |  | Destroy
17747,Dwarf remains,Destroy, |  |  |  | Destroy
17748,Dwarf remains,Destroy, |  |  |  | Destroy
17749,Dwarf remains,Destroy, |  |  |  | Destroy
17750,Dwarf remains,Destroy, |  |  |  | Destroy
17751,Dwarf remains,Destroy, |  |  |  | Destroy
17752,Dwarf remains,Destroy, |  |  |  | Destroy
17753,Dwarf remains,Destroy, |  |  |  | Destroy
17754,Dwarf remains,Destroy, |  |  |  | Destroy
17755,Dwarf remains,Destroy, |  |  |  | Destroy
17756,Dwarf remains,Destroy, |  |  |  | Destroy
17757,Dwarf remains,Destroy, |  |  |  | Destroy
17758,Dwarf remains,Destroy, |  |  |  | Destroy
17759,Dwarf remains,Destroy, |  |  |  | Destroy
17760,Dwarf remains,Destroy, |  |  |  | Destroy
17761,Dwarf remains,Destroy, |  |  |  | Destroy
17762,Dwarf remains,Destroy, |  |  |  | Destroy
17763,Dwarf remains,Destroy, |  |  |  | Destroy
17764,Dwarf remains,Destroy, |  |  |  | Destroy
17765,Dwarf remains,Destroy, |  |  |  | Destroy
17766,Dwarf remains,Destroy, |  |  |  | Destroy
17767,Dwarf remains,Destroy, |  |  |  | Destroy
17768,Dwarf remains,Destroy, |  |  |  | Destroy
17769,Dwarf remains,Destroy, |  |  |  | Destroy
17770,Dwarf remains,Destroy, |  |  |  | Destroy
17771,Dwarf remains,Destroy, |  |  |  | Destroy
17772,Dwarf remains,Destroy, |  |  |  | Destroy
17773,Dwarf remains,Destroy, |  |  |  | Destroy
17774,Dwarf remains,Destroy, |  |  |  | Destroy
17775,Dwarf remains,Destroy, |  |  |  | Destroy
17776,Dwarf remains,Destroy, |  |  |  | Destroy
17777,Dwarf remains,Destroy, |  |  |  | Destroy
17778,Dwarf remains,Destroy, |  |  |  | Destroy
17779,Dwarf remains,Destroy, |  |  |  | Destroy
17780,Dwarf remains,Destroy, |  |  |  | Destroy
17781,Dwarf remains,Destroy, |  |  |  | Destroy
17782,Dwarf remains,Destroy, |  |  |  | Destroy
17783,Dwarf remains,Destroy, |  |  |  | Destroy
17784,Dwarf remains,Destroy, |  |  |  | Destroy
17785,Dwarf remains,Destroy, |  |  |  | Destroy
17786,Dwarf remains,Destroy, |  |  |  | Destroy
17787,Dwarf remains,Destroy, |  |  |  | Destroy
17788,Dwarf remains,Destroy, |  |  |  | Destroy
17789,Dwarf remains,Destroy, |  |  |  | Destroy
17790,Dwarf remains,Destroy, |  |  |  | Destroy
17791,Dwarf remains,Destroy, |  |  |  | Destroy
17792,Dwarf remains,Destroy, |  |  |  | Destroy
17793,Dwarf remains,Destroy, |  |  |  | Destroy
17794,Dwarf remains,Destroy, |  |  |  | Destroy
17795,Dwarf remains,Destroy, |  |  |  | Destroy
17796,Dwarf remains,Destroy, |  |  |  | Destroy
17797,Dwarf remains,Destroy, |  |  |  | Destroy
17798,Dwarf remains,Destroy, |  |  |  | Destroy
17799,Dwarf remains,Destroy, |  |  |  | Destroy
17800,Dwarf remains,Destroy, |  |  |  | Destroy
17801,Dwarf remains,Destroy, |  |  |  | Destroy
17802,Dwarf remains,Destroy, |  |  |  | Destroy
17803,Dwarf remains,Destroy, |  |  |  | Destroy
17804,Dwarf remains,Destroy, |  |  |  | Destroy
17805,Dwarf remains,Destroy, |  |  |  | Destroy
17806,Dwarf remains,Destroy, |  |  |  | Destroy
17807,Dwarf remains,Destroy, |  |  |  | Destroy
17808,Dwarf remains,Destroy, |  |  |  | Destroy
17809,Dwarf remains,Destroy, |  |  |  | Destroy
17810,Dwarf remains,Destroy, |  |  |  | Destroy
17811,Dwarf remains,Destroy, |  |  |  | Destroy
17812,Dwarf remains,Destroy, |  |  |  | Destroy
17813,Dwarf remains,Destroy, |  |  |  | Destroy
17814,Dwarf remains,Destroy, |  |  |  | Destroy
17815,Dwarf remains,Destroy, |  |  |  | Destroy
17816,Dwarf remains,Destroy, |  |  |  | Destroy
17817,Dwarf remains,Destroy, |  |  |  | Destroy
17818,Dwarf remains,Destroy, |  |  |  | Destroy
17819,Dwarf remains,Destroy, |  |  |  | Destroy
17820,Dwarf remains,Destroy, |  |  |  | Destroy
17821,Dwarf remains,Destroy, |  |  |  | Destroy
17822,Dwarf remains,Destroy, |  |  |  | Destroy
17823,Dwarf remains,Destroy, |  |  |  | Destroy
17824,Dwarf remains,Destroy, |  |  |  | Destroy
17825,Dwarf remains,Destroy, |  |  |  | Destroy
17826,Dwarf remains,Destroy, |  |  |  | Destroy
17827,Dwarf remains,Destroy, |  |  |  | Destroy
17828,Dwarf remains,Destroy, |  |  |  | Destroy
17829,Dwarf remains,Destroy, |  |  |  | Destroy
17830,Dwarf remains,Destroy, |  |  |  | Destroy
17831,Dwarf remains,Destroy, |  |  |  | Destroy
17832,Dwarf remains,Destroy, |  |  |  | Destroy
17833,Dwarf remains,Destroy, |  |  |  | Destroy
17834,Dwarf remains,Destroy, |  |  |  | Destroy
17835,Dwarf remains,Destroy, |  |  |  | Destroy
17836,Dwarf remains,Destroy, |  |  |  | Destroy
17837,Dwarf remains,Destroy, |  |  |  | Destroy
17838,Dwarf remains,Destroy, |  |  |  | Destroy
17839,Dwarf remains,Destroy, |  |  |  | Destroy
17840,Dwarf remains,Destroy, |  |  |  | Destroy
17841,Dwarf remains,Destroy, |  |  |  | Destroy
17842,Dwarf remains,Destroy, |  |  |  | Destroy
17843,Dwarf remains,Destroy, |  |  |  | Destroy
17844,Dwarf remains,Destroy, |  |  |  | Destroy
17845,Dwarf remains,Destroy, |  |  |  | Destroy
17846,Dwarf remains,Destroy, |  |  |  | Destroy
17847,Dwarf remains,Destroy, |  |  |  | Destroy
17848,Dwarf remains,Destroy, |  |  |  | Destroy
17849,Dwarf remains,Destroy, |  |  |  | Destroy
17850,Dwarf remains,Destroy, |  |  |  | Destroy
17851,Dwarf remains,Destroy, |  |  |  | Destroy
17852,Dwarf remains,Destroy, |  |  |  | Destroy
17853,Dwarf remains,Destroy, |  |  |  | Destroy
17854,Dwarf remains,Destroy, |  |  |  | Destroy
17855,Dwarf remains,Destroy, |  |  |  | Destroy
17856,Dwarf remains,Destroy, |  |  |  | Destroy
17857,Dwarf remains,Destroy, |  |  |  | Destroy
17858,Dwarf remains,Destroy, |  |  |  | Destroy
17859,Dwarf remains,Destroy, |  |  |  | Destroy
17860,Dwarf remains,Destroy, |  |  |  | Destroy
17861,Dwarf remains,Destroy, |  |  |  | Destroy
17862,Dwarf remains,Destroy, |  |  |  | Destroy
17863,Dwarf remains,Destroy, |  |  |  | Destroy
17864,Dwarf remains,Destroy, |  |  |  | Destroy
17865,Dwarf remains,Destroy, |  |  |  | Destroy
17866,Dwarf remains,Destroy, |  |  |  | Destroy
17867,Dwarf remains,Destroy, |  |  |  | Destroy
17868,Dwarf remains,Destroy, |  |  |  | Destroy
17869,Dwarf remains,Destroy, |  |  |  | Destroy
17870,Dwarf remains,Destroy, |  |  |  | Destroy
17871,Dwarf remains,Destroy, |  |  |  | Destroy
17872,Dwarf remains,Destroy, |  |  |  | Destroy
17873,Dwarf remains,Destroy, |  |  |  | Destroy
17874,Dwarf remains,Destroy, |  |  |  | Destroy
17875,Dwarf remains,Destroy, |  |  |  | Destroy
17876,Dwarf remains,Destroy, |  |  |  | Destroy
17877,Dwarf remains,Destroy, |  |  |  | Destroy
17878,Dwarf remains,Destroy, |  |  |  | Destroy
17879,Dwarf remains,Destroy, |  |  |  | Destroy
17880,Dwarf remains,Destroy, |  |  |  | Destroy
17881,Dwarf remains,Destroy, |  |  |  | Destroy
17882,Dwarf remains,Destroy, |  |  |  | Destroy
17883,Dwarf remains,Destroy, |  |  |  | Destroy
17884,Dwarf remains,Destroy, |  |  |  | Destroy
17885,Dwarf remains,Destroy, |  |  |  | Destroy
17886,Dwarf remains,Destroy, |  |  |  | Destroy
17887,Dwarf remains,Destroy, |  |  |  | Destroy
17888,Dwarf remains,Destroy, |  |  |  | Destroy
17889,Dwarf remains,Destroy, |  |  |  | Destroy
17890,Dwarf remains,Destroy, |  |  |  | Destroy
17891,Dwarf remains,Destroy, |  |  |  | Destroy
17892,Dwarf remains,Destroy, |  |  |  | Destroy
17893,Dwarf remains,Destroy, |  |  |  | Destroy
17894,Dwarf remains,Destroy, |  |  |  | Destroy
17895,Dwarf remains,Destroy, |  |  |  | Destroy
17896,Dwarf remains,Destroy, |  |  |  | Destroy
17897,Dwarf remains,Destroy, |  |  |  | Destroy
17898,Dwarf remains,Destroy, |  |  |  | Destroy
17899,Dwarf remains,Destroy, |  |  |  | Destroy
17900,Dwarf remains,Destroy, |  |  |  | Destroy
17901,Dwarf remains,Destroy, |  |  |  | Destroy
17902,Dwarf remains,Destroy, |  |  |  | Destroy
17903,Dwarf remains,Destroy, |  |  |  | Destroy
17904,Dwarf remains,Destroy, |  |  |  | Destroy
17905,Dwarf remains,Destroy, |  |  |  | Destroy
17906,Dwarf remains,Destroy, |  |  |  | Destroy
17907,Dwarf remains,Destroy, |  |  |  | Destroy
17908,Dwarf remains,Destroy, |  |  |  | Destroy
17909,Dwarf remains,Destroy, |  |  |  | Destroy
17910,Dwarf remains,Destroy, |  |  |  | Destroy
17911,Dwarf remains,Destroy, |  |  |  | Destroy
17912,Dwarf remains,Destroy, |  |  |  | Destroy
17913,Dwarf remains,Destroy, |  |  |  | Destroy
17914,Dwarf remains,Destroy, |  |  |  | Destroy
17915,Dwarf remains,Destroy, |  |  |  | Destroy
17916,Dwarf remains,Destroy, |  |  |  | Destroy
17917,Dwarf remains,Destroy, |  |  |  | Destroy
17918,Dwarf remains,Destroy, |  |  |  | Destroy
17919,Dwarf remains,Destroy, |  |  |  | Destroy
17920,Dwarf remains,Destroy, |  |  |  | Destroy
17921,Dwarf remains,Destroy, |  |  |  | Destroy
17922,Dwarf remains,Destroy, |  |  |  | Destroy
17923,Dwarf remains,Destroy, |  |  |  | Destroy
17924,Dwarf remains,Destroy, |  |  |  | Destroy
17925,Dwarf remains,Destroy, |  |  |  | Destroy
17926,Dwarf remains,Destroy, |  |  |  | Destroy
17927,Dwarf remains,Destroy, |  |  |  | Destroy
17928,Dwarf remains,Destroy, |  |  |  | Destroy
17929,Dwarf remains,Destroy, |  |  |  | Destroy
17930,Dwarf remains,Destroy, |  |  |  | Destroy
17931,Dwarf remains,Destroy, |  |  |  | Destroy
17932,Dwarf remains,Destroy, |  |  |  | Destroy
17933,Dwarf remains,Destroy, |  |  |  | Destroy
17934,Dwarf remains,Destroy, |  |  |  | Destroy
17935,Dwarf remains,Destroy, |  |  |  | Destroy
17936,Dwarf remains,Destroy, |  |  |  | Destroy
17937,Dwarf remains,Destroy, |  |  |  | Destroy
17938,Dwarf remains,Destroy, |  |  |  | Destroy
17939,Dwarf remains,Destroy, |  |  |  | Destroy
17940,Dwarf remains,Destroy, |  |  |  | Destroy
17941,Dwarf remains,Destroy, |  |  |  | Destroy
17942,Dwarf remains,Destroy, |  |  |  | Destroy
17943,Dwarf remains,Destroy, |  |  |  | Destroy
17944,Dwarf remains,Destroy, |  |  |  | Destroy
17945,Dwarf remains,Destroy, |  |  |  | Destroy
17946,Dwarf remains,Destroy, |  |  |  | Destroy
17947,Dwarf remains,Destroy, |  |  |  | Destroy
17948,Dwarf remains,Destroy, |  |  |  | Destroy
17949,Dwarf remains,Destroy, |  |  |  | Destroy
17950,Dwarf remains,Destroy, |  |  |  | Destroy
17951,Dwarf remains,Destroy, |  |  |  | Destroy
17952,Dwarf remains,Destroy, |  |  |  | Destroy
17953,Dwarf remains,Destroy, |  |  |  | Destroy
17954,Dwarf remains,Destroy, |  |  |  | Destroy
17955,Dwarf remains,Destroy, |  |  |  | Destroy
17956,Dwarf remains,Destroy, |  |  |  | Destroy
17957,Dwarf remains,Destroy, |  |  |  | Destroy
17958,Dwarf remains,Destroy, |  |  |  | Destroy
17959,Dwarf remains,Destroy, |  |  |  | Destroy
17960,Dwarf remains,Destroy, |  |  |  | Destroy
17961,Dwarf remains,Destroy, |  |  |  | Destroy
17962,Dwarf remains,Destroy, |  |  |  | Destroy
17963,Dwarf remains,Destroy, |  |  |  | Destroy
17964,Dwarf remains,Destroy, |  |  |  | Destroy
17965,Dwarf remains,Destroy, |  |  |  | Destroy
17966,Dwarf remains,Destroy, |  |  |  | Destroy
17967,Dwarf remains,Destroy, |  |  |  | Destroy
17968,Dwarf remains,Destroy, |  |  |  | Destroy
17969,Dwarf remains,Destroy, |  |  |  | Destroy
17970,Dwarf remains,Destroy, |  |  |  | Destroy
17971,Dwarf remains,Destroy, |  |  |  | Destroy
17972,Dwarf remains,Destroy, |  |  |  | Destroy
17973,Dwarf remains,Destroy, |  |  |  | Destroy
17974,Dwarf remains,Destroy, |  |  |  | Destroy
17975,Dwarf remains,Destroy, |  |  |  | Destroy
17976,Dwarf remains,Destroy, |  |  |  | Destroy
17977,Dwarf remains,Destroy, |  |  |  | Destroy
17978,Dwarf remains,Destroy, |  |  |  | Destroy
17979,Dwarf remains,Destroy, |  |  |  | Destroy
17980,Dwarf remains,Destroy, |  |  |  | Destroy
17981,Dwarf remains,Destroy, |  |  |  | Destroy
17982,Dwarf remains,Destroy, |  |  |  | Destroy
17983,Dwarf remains,Destroy, |  |  |  | Destroy
17984,Dwarf remains,Destroy, |  |  |  | Destroy
17985,Dwarf remains,Destroy, |  |  |  | Destroy
17986,Dwarf remains,Destroy, |  |  |  | Destroy
17987,Dwarf remains,Destroy, |  |  |  | Destroy
17988,Dwarf remains,Destroy, |  |  |  | Destroy
17989,Dwarf remains,Destroy, |  |  |  | Destroy
17990,Dwarf remains,Destroy, |  |  |  | Destroy
17991,Dwarf remains,Destroy, |  |  |  | Destroy
17992,Dwarf remains,Destroy, |  |  |  | Destroy
17993,Dwarf remains,Destroy, |  |  |  | Destroy
17994,Dwarf remains,Destroy, |  |  |  | Destroy
17995,Dwarf remains,Destroy, |  |  |  | Destroy
17996,Dwarf remains,Destroy, |  |  |  | Destroy
17997,Dwarf remains,Destroy, |  |  |  | Destroy
17998,Dwarf remains,Destroy, |  |  |  | Destroy
17999,Dwarf remains,Destroy, |  |  |  | Destroy
18000,Dwarf remains,Destroy, |  |  |  | Destroy
18001,Dwarf remains,Destroy, |  |  |  | Destroy
18002,Dwarf remains,Destroy, |  |  |  | Destroy
18003,Dwarf remains,Destroy, |  |  |  | Destroy
18004,Dwarf remains,Destroy, |  |  |  | Destroy
18005,Dwarf remains,Destroy, |  |  |  | Destroy
18006,Dwarf remains,Destroy, |  |  |  | Destroy
18007,Dwarf remains,Destroy, |  |  |  | Destroy
18008,Dwarf remains,Destroy, |  |  |  | Destroy
18009,Dwarf remains,Destroy, |  |  |  | Destroy
18010,Dwarf remains,Destroy, |  |  |  | Destroy
18011,Dwarf remains,Destroy, |  |  |  | Destroy
18012,Dwarf remains,Destroy, |  |  |  | Destroy
18013,Dwarf remains,Destroy, |  |  |  | Destroy
18014,Dwarf remains,Destroy, |  |  |  | Destroy
18015,Dwarf remains,Destroy, |  |  |  | Destroy
18016,Dwarf remains,Destroy, |  |  |  | Destroy
18017,Dwarf remains,Destroy, |  |  |  | Destroy
18018,Dwarf remains,Destroy, |  |  |  | Destroy
18019,Dwarf remains,Destroy, |  |  |  | Destroy
18020,Dwarf remains,Destroy, |  |  |  | Destroy
18021,Dwarf remains,Destroy, |  |  |  | Destroy
18022,Dwarf remains,Destroy, |  |  |  | Destroy
18023,Dwarf remains,Destroy, |  |  |  | Destroy
18024,Dwarf remains,Destroy, |  |  |  | Destroy
18025,Dwarf remains,Destroy, |  |  |  | Destroy
18026,Dwarf remains,Destroy, |  |  |  | Destroy
18027,Dwarf remains,Destroy, |  |  |  | Destroy
18028,Dwarf remains,Destroy, |  |  |  | Destroy
18029,Dwarf remains,Destroy, |  |  |  | Destroy
18030,Dwarf remains,Destroy, |  |  |  | Destroy
18031,Dwarf remains,Destroy, |  |  |  | Destroy
18032,Dwarf remains,Destroy, |  |  |  | Destroy
18033,Dwarf remains,Destroy, |  |  |  | Destroy
18034,Dwarf remains,Destroy, |  |  |  | Destroy
18035,Dwarf remains,Destroy, |  |  |  | Destroy
18036,Dwarf remains,Destroy, |  |  |  | Destroy
18037,Dwarf remains,Destroy, |  |  |  | Destroy
18038,Dwarf remains,Destroy, |  |  |  | Destroy
18039,Dwarf remains,Destroy, |  |  |  | Destroy
18040,Dwarf remains,Destroy, |  |  |  | Destroy
18041,Dwarf remains,Destroy, |  |  |  | Destroy
18042,Dwarf remains,Destroy, |  |  |  | Destroy
18043,Dwarf remains,Destroy, |  |  |  | Destroy
18044,Dwarf remains,Destroy, |  |  |  | Destroy
18045,Dwarf remains,Destroy, |  |  |  | Destroy
18046,Dwarf remains,Destroy, |  |  |  | Destroy
18047,Dwarf remains,Destroy, |  |  |  | Destroy
18048,Dwarf remains,Destroy, |  |  |  | Destroy
18049,Dwarf remains,Destroy, |  |  |  | Destroy
18050,Dwarf remains,Destroy, |  |  |  | Destroy
18051,Dwarf remains,Destroy, |  |  |  | Destroy
18052,Dwarf remains,Destroy, |  |  |  | Destroy
18053,Dwarf remains,Destroy, |  |  |  | Destroy
18054,Dwarf remains,Destroy, |  |  |  | Destroy
18055,Dwarf remains,Destroy, |  |  |  | Destroy
18056,Dwarf remains,Destroy, |  |  |  | Destroy
18057,Dwarf remains,Destroy, |  |  |  | Destroy
18058,Dwarf remains,Destroy, |  |  |  | Destroy
18059,Dwarf remains,Destroy, |  |  |  | Destroy
18060,Dwarf remains,Destroy, |  |  |  | Destroy
18061,Dwarf remains,Destroy, |  |  |  | Destroy
18062,Dwarf remains,Destroy, |  |  |  | Destroy
18063,Dwarf remains,Destroy, |  |  |  | Destroy
18064,Dwarf remains,Destroy, |  |  |  | Destroy
18065,Dwarf remains,Destroy, |  |  |  | Destroy
18066,Dwarf remains,Destroy, |  |  |  | Destroy
18067,Dwarf remains,Destroy, |  |  |  | Destroy
18068,Dwarf remains,Destroy, |  |  |  | Destroy
18069,Dwarf remains,Destroy, |  |  |  | Destroy
18070,Dwarf remains,Destroy, |  |  |  | Destroy
18071,Dwarf remains,Destroy, |  |  |  | Destroy
18072,Dwarf remains,Destroy, |  |  |  | Destroy
18073,Dwarf remains,Destroy, |  |  |  | Destroy
18074,Dwarf remains,Destroy, |  |  |  | Destroy
18075,Dwarf remains,Destroy, |  |  |  | Destroy
18076,Dwarf remains,Destroy, |  |  |  | Destroy
18077,Dwarf remains,Destroy, |  |  |  | Destroy
18078,Dwarf remains,Destroy, |  |  |  | Destroy
18079,Dwarf remains,Destroy, |  |  |  | Destroy
18080,Dwarf remains,Destroy, |  |  |  | Destroy
18081,Dwarf remains,Destroy, |  |  |  | Destroy
18082,Dwarf remains,Destroy, |  |  |  | Destroy
18083,Dwarf remains,Destroy, |  |  |  | Destroy
18084,Dwarf remains,Destroy, |  |  |  | Destroy
18085,Dwarf remains,Destroy, |  |  |  | Destroy
18086,Dwarf remains,Destroy, |  |  |  | Destroy
18087,Dwarf remains,Destroy, |  |  |  | Destroy
18088,Dwarf remains,Destroy, |  |  |  | Destroy
18089,Dwarf remains,Destroy, |  |  |  | Destroy
18090,Dwarf remains,Destroy, |  |  |  | Destroy
18091,Dwarf remains,Destroy, |  |  |  | Destroy
18092,Dwarf remains,Destroy, |  |  |  | Destroy
18093,Dwarf remains,Destroy, |  |  |  | Destroy
18094,Dwarf remains,Destroy, |  |  |  | Destroy
18095,Dwarf remains,Destroy, |  |  |  | Destroy
18096,Dwarf remains,Destroy, |  |  |  | Destroy
18097,Dwarf remains,Destroy, |  |  |  | Destroy
18098,Dwarf remains,Destroy, |  |  |  | Destroy
18099,Dwarf remains,Destroy, |  |  |  | Destroy
18100,Dwarf remains,Destroy, |  |  |  | Destroy
18101,Dwarf remains,Destroy, |  |  |  | Destroy
18102,Dwarf remains,Destroy, |  |  |  | Destroy
18103,Dwarf remains,Destroy, |  |  |  | Destroy
18104,Dwarf remains,Destroy, |  |  |  | Destroy
18105,Dwarf remains,Destroy, |  |  |  | Destroy
18106,Dwarf remains,Destroy, |  |  |  | Destroy
18107,Dwarf remains,Destroy, |  |  |  | Destroy
18108,Dwarf remains,Destroy, |  |  |  | Destroy
18109,Dwarf remains,Destroy, |  |  |  | Destroy
18110,Dwarf remains,Destroy, |  |  |  | Destroy
18111,Dwarf remains,Destroy, |  |  |  | Destroy
18112,Dwarf remains,Destroy, |  |  |  | Destroy
18113,Dwarf remains,Destroy, |  |  |  | Destroy
18114,Dwarf remains,Destroy, |  |  |  | Destroy
18115,Dwarf remains,Destroy, |  |  |  | Destroy
18116,Dwarf remains,Destroy, |  |  |  | Destroy
18117,Dwarf remains,Destroy, |  |  |  | Destroy
18118,Dwarf remains,Destroy, |  |  |  | Destroy
18119,Dwarf remains,Destroy, |  |  |  | Destroy
18120,Dwarf remains,Destroy, |  |  |  | Destroy
18121,Dwarf remains,Destroy, |  |  |  | Destroy
18122,Dwarf remains,Destroy, |  |  |  | Destroy
18123,Dwarf remains,Destroy, |  |  |  | Destroy
18124,Dwarf remains,Destroy, |  |  |  | Destroy
18125,Dwarf remains,Destroy, |  |  |  | Destroy
18126,Dwarf remains,Destroy, |  |  |  | Destroy
18127,Dwarf remains,Destroy, |  |  |  | Destroy
18128,Dwarf remains,Destroy, |  |  |  | Destroy
18129,Dwarf remains,Destroy, |  |  |  | Destroy
18130,Dwarf remains,Destroy, |  |  |  | Destroy
18131,Dwarf remains,Destroy, |  |  |  | Destroy
18132,Dwarf remains,Destroy, |  |  |  | Destroy
18133,Dwarf remains,Destroy, |  |  |  | Destroy
18134,Dwarf remains,Destroy, |  |  |  | Destroy
18135,Dwarf remains,Destroy, |  |  |  | Destroy
18136,Dwarf remains,Destroy, |  |  |  | Destroy
18137,Dwarf remains,Destroy, |  |  |  | Destroy
18138,Dwarf remains,Destroy, |  |  |  | Destroy
18139,Dwarf remains,Destroy, |  |  |  | Destroy
18140,Dwarf remains,Destroy, |  |  |  | Destroy
18141,Dwarf remains,Destroy, |  |  |  | Destroy
18142,Dwarf remains,Destroy, |  |  |  | Destroy
18143,Dwarf remains,Destroy, |  |  |  | Destroy
18144,Dwarf remains,Destroy, |  |  |  | Destroy
18145,Dwarf remains,Destroy, |  |  |  | Destroy
18146,Dwarf remains,Destroy, |  |  |  | Destroy
18147,Dwarf remains,Destroy, |  |  |  | Destroy
18148,Dwarf remains,Destroy, |  |  |  | Destroy
18149,Dwarf remains,Destroy, |  |  |  | Destroy
18150,Dwarf remains,Destroy, |  |  |  | Destroy
18151,Dwarf remains,Destroy, |  |  |  | Destroy
18152,Dwarf remains,Destroy, |  |  |  | Destroy
18153,Dwarf remains,Destroy, |  |  |  | Destroy
18154,Dwarf remains,Destroy, |  |  |  | Destroy
18155,Dwarf remains,Destroy, |  |  |  | Destroy
18156,Dwarf remains,Destroy, |  |  |  | Destroy
18157,Dwarf remains,Destroy, |  |  |  | Destroy
18158,Dwarf remains,Destroy, |  |  |  | Destroy
18159,Dwarf remains,Destroy, |  |  |  | Destroy
18160,Dwarf remains,Destroy, |  |  |  | Destroy
18161,Dwarf remains,Destroy, |  |  |  | Destroy
18162,Dwarf remains,Destroy, |  |  |  | Destroy
18163,Dwarf remains,Destroy, |  |  |  | Destroy
18164,Dwarf remains,Destroy, |  |  |  | Destroy
18165,Dwarf remains,Destroy, |  |  |  | Destroy
18166,Dwarf remains,Destroy, |  |  |  | Destroy
18167,Dwarf remains,Destroy, |  |  |  | Destroy
18168,Dwarf remains,Destroy, |  |  |  | Destroy
18169,Dwarf remains,Destroy, |  |  |  | Destroy
18170,Dwarf remains,Destroy, |  |  |  | Destroy
18171,Dwarf remains,Destroy, |  |  |  | Destroy
18172,Dwarf remains,Destroy, |  |  |  | Destroy
18173,Dwarf remains,Destroy, |  |  |  | Destroy
18174,Dwarf remains,Destroy, |  |  |  | Destroy
18175,Dwarf remains,Destroy, |  |  |  | Destroy
18176,Dwarf remains,Destroy, |  |  |  | Destroy
18177,Dwarf remains,Destroy, |  |  |  | Destroy
18178,Dwarf remains,Destroy, |  |  |  | Destroy
18179,Dwarf remains,Destroy, |  |  |  | Destroy
18180,Dwarf remains,Destroy, |  |  |  | Destroy
18181,Dwarf remains,Destroy, |  |  |  | Destroy
18182,Dwarf remains,Destroy, |  |  |  | Destroy
18183,Dwarf remains,Destroy, |  |  |  | Destroy
18184,Dwarf remains,Destroy, |  |  |  | Destroy
18185,Dwarf remains,Destroy, |  |  |  | Destroy
18186,Dwarf remains,Destroy, |  |  |  | Destroy
18187,Dwarf remains,Destroy, |  |  |  | Destroy
18188,Dwarf remains,Destroy, |  |  |  | Destroy
18189,Dwarf remains,Destroy, |  |  |  | Destroy
18190,Dwarf remains,Destroy, |  |  |  | Destroy
18191,Dwarf remains,Destroy, |  |  |  | Destroy
18192,Dwarf remains,Destroy, |  |  |  | Destroy
18193,Dwarf remains,Destroy, |  |  |  | Destroy
18194,Dwarf remains,Destroy, |  |  |  | Destroy
18195,Dwarf remains,Destroy, |  |  |  | Destroy
18196,Dwarf remains,Destroy, |  |  |  | Destroy
18197,Dwarf remains,Destroy, |  |  |  | Destroy
18198,Dwarf remains,Destroy, |  |  |  | Destroy
18199,Dwarf remains,Destroy, |  |  |  | Destroy
18200,Dwarf remains,Destroy, |  |  |  | Destroy
18201,Dwarf remains,Destroy, |  |  |  | Destroy
18202,Dwarf remains,Destroy, |  |  |  | Destroy
18203,Dwarf remains,Destroy, |  |  |  | Destroy
18204,Dwarf remains,Destroy, |  |  |  | Destroy
18205,Dwarf remains,Destroy, |  |  |  | Destroy
18206,Dwarf remains,Destroy, |  |  |  | Destroy
18207,Dwarf remains,Destroy, |  |  |  | Destroy
18208,Dwarf remains,Destroy, |  |  |  | Destroy
18209,Dwarf remains,Destroy, |  |  |  | Destroy
18210,Dwarf remains,Destroy, |  |  |  | Destroy
18211,Dwarf remains,Destroy, |  |  |  | Destroy
18212,Dwarf remains,Destroy, |  |  |  | Destroy
18213,Dwarf remains,Destroy, |  |  |  | Destroy
18214,Dwarf remains,Destroy, |  |  |  | Destroy
18215,Dwarf remains,Destroy, |  |  |  | Destroy
18216,Dwarf remains,Destroy, |  |  |  | Destroy
18217,Dwarf remains,Destroy, |  |  |  | Destroy
18218,Dwarf remains,Destroy, |  |  |  | Destroy
18219,Dwarf remains,Destroy, |  |  |  | Destroy
18220,Dwarf remains,Destroy, |  |  |  | Destroy
18221,Dwarf remains,Destroy, |  |  |  | Destroy
18222,Dwarf remains,Destroy, |  |  |  | Destroy
18223,Dwarf remains,Destroy, |  |  |  | Destroy
18224,Dwarf remains,Destroy, |  |  |  | Destroy
18225,Dwarf remains,Destroy, |  |  |  | Destroy
18226,Dwarf remains,Destroy, |  |  |  | Destroy
18227,Dwarf remains,Destroy, |  |  |  | Destroy
18228,Dwarf remains,Destroy, |  |  |  | Destroy
18229,Dwarf remains,Destroy, |  |  |  | Destroy
18230,Dwarf remains,Destroy, |  |  |  | Destroy
18231,Dwarf remains,Destroy, |  |  |  | Destroy
18232,Dwarf remains,Destroy, |  |  |  | Destroy
18233,Dwarf remains,Destroy, |  |  |  | Destroy
18234,Dwarf remains,Destroy, |  |  |  | Destroy
18235,Dwarf remains,Destroy, |  |  |  | Destroy
18236,Dwarf remains,Destroy, |  |  |  | Destroy
18237,Dwarf remains,Destroy, |  |  |  | Destroy
18238,Dwarf remains,Destroy, |  |  |  | Destroy
18239,Dwarf remains,Destroy, |  |  |  | Destroy
18240,Dwarf remains,Destroy, |  |  |  | Destroy
18241,Dwarf remains,Destroy, |  |  |  | Destroy
18242,Dwarf remains,Destroy, |  |  |  | Destroy
18243,Dwarf remains,Destroy, |  |  |  | Destroy
18244,Dwarf remains,Destroy, |  |  |  | Destroy
18245,Dwarf remains,Destroy, |  |  |  | Destroy
18246,Dwarf remains,Destroy, |  |  |  | Destroy
18247,Dwarf remains,Destroy, |  |  |  | Destroy
18248,Dwarf remains,Destroy, |  |  |  | Destroy
18249,Dwarf remains,Destroy, |  |  |  | Destroy
18250,Dwarf remains,Destroy, |  |  |  | Destroy
18251,Dwarf remains,Destroy, |  |  |  | Destroy
18252,Dwarf remains,Destroy, |  |  |  | Destroy
18253,Dwarf remains,Destroy, |  |  |  | Destroy
18254,Dwarf remains,Destroy, |  |  |  | Destroy
18255,Dwarf remains,Destroy, |  |  |  | Destroy
18256,Dwarf remains,Destroy, |  |  |  | Destroy
18257,Dwarf remains,Destroy, |  |  |  | Destroy
18258,Dwarf remains,Destroy, |  |  |  | Destroy
18259,Dwarf remains,Destroy, |  |  |  | Destroy
18260,Dwarf remains,Destroy, |  |  |  | Destroy
18261,Dwarf remains,Destroy, |  |  |  | Destroy
18262,Dwarf remains,Destroy, |  |  |  | Destroy
18263,Dwarf remains,Destroy, |  |  |  | Destroy
18264,Dwarf remains,Destroy, |  |  |  | Destroy
18265,Dwarf remains,Destroy, |  |  |  | Destroy
18266,Dwarf remains,Destroy, |  |  |  | Destroy
18267,Dwarf remains,Destroy, |  |  |  | Destroy
18268,Dwarf remains,Destroy, |  |  |  | Destroy
18269,Dwarf remains,Destroy, |  |  |  | Destroy
18270,Dwarf remains,Destroy, |  |  |  | Destroy
18271,Dwarf remains,Destroy, |  |  |  | Destroy
18272,Dwarf remains,Destroy, |  |  |  | Destroy
18273,Dwarf remains,Destroy, |  |  |  | Destroy
18274,Dwarf remains,Destroy, |  |  |  | Destroy
18275,Dwarf remains,Destroy, |  |  |  | Destroy
18276,Dwarf remains,Destroy, |  |  |  | Destroy
18277,Dwarf remains,Destroy, |  |  |  | Destroy
18278,Dwarf remains,Destroy, |  |  |  | Destroy
18279,Dwarf remains,Destroy, |  |  |  | Destroy
18280,Dwarf remains,Destroy, |  |  |  | Destroy
18281,Dwarf remains,Destroy, |  |  |  | Destroy
18282,Dwarf remains,Destroy, |  |  |  | Destroy
18283,Dwarf remains,Destroy, |  |  |  | Destroy
18284,Dwarf remains,Destroy, |  |  |  | Destroy
18285,Dwarf remains,Destroy, |  |  |  | Destroy
18286,Dwarf remains,Destroy, |  |  |  | Destroy
18287,Dwarf remains,Destroy, |  |  |  | Destroy
18288,Dwarf remains,Destroy, |  |  |  | Destroy
18289,Dwarf remains,Destroy, |  |  |  | Destroy
18290,Dwarf remains,Destroy, |  |  |  | Destroy
18291,Dwarf remains,Destroy, |  |  |  | Destroy
18292,Dwarf remains,Destroy, |  |  |  | Destroy
18293,Dwarf remains,Destroy, |  |  |  | Destroy
18294,Dwarf remains,Destroy, |  |  |  | Destroy
18295,Dwarf remains,Destroy, |  |  |  | Destroy
18296,Dwarf remains,Destroy, |  |  |  | Destroy
18297,Dwarf remains,Destroy, |  |  |  | Destroy
18298,Dwarf remains,Destroy, |  |  |  | Destroy
18299,Dwarf remains,Destroy, |  |  |  | Destroy
18300,Dwarf remains,Destroy, |  |  |  | Destroy
18301,Dwarf remains,Destroy, |  |  |  | Destroy
18302,Dwarf remains,Destroy, |  |  |  | Destroy
18303,Dwarf remains,Destroy, |  |  |  | Destroy
18304,Dwarf remains,Destroy, |  |  |  | Destroy
18305,Dwarf remains,Destroy, |  |  |  | Destroy
18306,Dwarf remains,Destroy, |  |  |  | Destroy
18307,Dwarf remains,Destroy, |  |  |  | Destroy
18308,Dwarf remains,Destroy, |  |  |  | Destroy
18309,Dwarf remains,Destroy, |  |  |  | Destroy
18310,Dwarf remains,Destroy, |  |  |  | Destroy
18311,Dwarf remains,Destroy, |  |  |  | Destroy
18312,Dwarf remains,Destroy, |  |  |  | Destroy
18313,Dwarf remains,Destroy, |  |  |  | Destroy
18314,Dwarf remains,Destroy, |  |  |  | Destroy
18315,Dwarf remains,Destroy, |  |  |  | Destroy
18316,Dwarf remains,Destroy, |  |  |  | Destroy
18317,Dwarf remains,Destroy, |  |  |  | Destroy
18318,Dwarf remains,Destroy, |  |  |  | Destroy
18319,Dwarf remains,Destroy, |  |  |  | Destroy
18320,Dwarf remains,Destroy, |  |  |  | Destroy
18321,Dwarf remains,Destroy, |  |  |  | Destroy
18322,Dwarf remains,Destroy, |  |  |  | Destroy
18323,Dwarf remains,Destroy, |  |  |  | Destroy
18324,Dwarf remains,Destroy, |  |  |  | Destroy
18325,Dwarf remains,Destroy, |  |  |  | Destroy
18326,Dwarf remains,Destroy, |  |  |  | Destroy
18327,Dwarf remains,Destroy, |  |  |  | Destroy
18328,Dwarf remains,Destroy, |  |  |  | Destroy
18329,Dwarf remains,Destroy, |  |  |  | Destroy
18330,Dwarf remains,Destroy, |  |  |  | Destroy
18331,Dwarf remains,Destroy, |  |  |  | Destroy
18332,Dwarf remains,Destroy, |  |  |  | Destroy
18333,Dwarf remains,Destroy, |  |  |  | Destroy
18334,Dwarf remains,Destroy, |  |  |  | Destroy
18336,Dwarf remains,Destroy, |  |  |  | Destroy
18337,Dwarf remains,Destroy, |  |  |  | Destroy
18338,Dwarf remains,Destroy, |  |  |  | Destroy
18339,Dwarf remains,Destroy, |  |  |  | Destroy
18340,Dwarf remains,Destroy, |  |  |  | Destroy
18341,Dwarf remains,Destroy, |  |  |  | Destroy
18342,Dwarf remains,Destroy, |  |  |  | Destroy
18343,Dwarf remains,Destroy, |  |  |  | Destroy
18344,Dwarf remains,Destroy, |  |  |  | Destroy
18345,Dwarf remains,Destroy, |  |  |  | Destroy
18346,Dwarf remains,Destroy, |  |  |  | Destroy
18347,Dwarf remains,Destroy, |  |  |  | Destroy
18348,Dwarf remains,Destroy, |  |  |  | Destroy
18349,Dwarf remains,Destroy, |  |  |  | Destroy
18350,Dwarf remains,Destroy, |  |  |  | Destroy
18351,Dwarf remains,Destroy, |  |  |  | Destroy
18352,Dwarf remains,Destroy, |  |  |  | Destroy
18353,Dwarf remains,Destroy, |  |  |  | Destroy
18354,Dwarf remains,Destroy, |  |  |  | Destroy
18355,Dwarf remains,Destroy, |  |  |  | Destroy
18356,Dwarf remains,Destroy, |  |  |  | Destroy
18357,Dwarf remains,Destroy, |  |  |  | Destroy
18358,Dwarf remains,Destroy, |  |  |  | Destroy
18359,Dwarf remains,Destroy, |  |  |  | Destroy
18360,Dwarf remains,Destroy, |  |  |  | Destroy
18361,Dwarf remains,Destroy, |  |  |  | Destroy
18362,Dwarf remains,Destroy, |  |  |  | Destroy
18363,Dwarf remains,Destroy, |  |  |  | Destroy
18364,Dwarf remains,Destroy, |  |  |  | Destroy
18365,Dwarf remains,Destroy, |  |  |  | Destroy
18366,Dwarf remains,Destroy, |  |  |  | Destroy
18367,Dwarf remains,Destroy, |  |  |  | Destroy
18368,Dwarf remains,Destroy, |  |  |  | Destroy
18369,Dwarf remains,Destroy, |  |  |  | Destroy
18370,Dwarf remains,Destroy, |  |  |  | Destroy
18371,Dwarf remains,Destroy, |  |  |  | Destroy
18372,Dwarf remains,Destroy, |  |  |  | Destroy
18373,Dwarf remains,Destroy, |  |  |  | Destroy
18374,Dwarf remains,Destroy, |  |  |  | Destroy
18375,Dwarf remains,Destroy, |  |  |  | Destroy
18376,Dwarf remains,Destroy, |  |  |  | Destroy
18377,Dwarf remains,Destroy, |  |  |  | Destroy
18378,Dwarf remains,Destroy, |  |  |  | Destroy
18379,Dwarf remains,Destroy, |  |  |  | Destroy
18380,Dwarf remains,Destroy, |  |  |  | Destroy
18381,Dwarf remains,Destroy, |  |  |  | Destroy
18382,Dwarf remains,Destroy, |  |  |  | Destroy
18383,Dwarf remains,Destroy, |  |  |  | Destroy
18384,Dwarf remains,Destroy, |  |  |  | Destroy
18385,Dwarf remains,Destroy, |  |  |  | Destroy
18386,Dwarf remains,Destroy, |  |  |  | Destroy
18387,Dwarf remains,Destroy, |  |  |  | Destroy
18388,Dwarf remains,Destroy, |  |  |  | Destroy
18389,Dwarf remains,Destroy, |  |  |  | Destroy
18390,Dwarf remains,Destroy, |  |  |  | Destroy
18391,Dwarf remains,Destroy, |  |  |  | Destroy
18392,Dwarf remains,Destroy, |  |  |  | Destroy
18393,Dwarf remains,Destroy, |  |  |  | Destroy
18394,Dwarf remains,Destroy, |  |  |  | Destroy
18395,Dwarf remains,Destroy, |  |  |  | Destroy
18396,Dwarf remains,Destroy, |  |  |  | Destroy
18397,Dwarf remains,Destroy, |  |  |  | Destroy
18398,Dwarf remains,Destroy, |  |  |  | Destroy
18399,Dwarf remains,Destroy, |  |  |  | Destroy
18400,Dwarf remains,Destroy, |  |  |  | Destroy
18401,Dwarf remains,Destroy, |  |  |  | Destroy
18402,Dwarf remains,Destroy, |  |  |  | Destroy
18403,Dwarf remains,Destroy, |  |  |  | Destroy
18404,Dwarf remains,Destroy, |  |  |  | Destroy
18405,Dwarf remains,Destroy, |  |  |  | Destroy
18406,Dwarf remains,Destroy, |  |  |  | Destroy
18407,Dwarf remains,Destroy, |  |  |  | Destroy
18408,Dwarf remains,Destroy, |  |  |  | Destroy
18409,Dwarf remains,Destroy, |  |  |  | Destroy
18410,Dwarf remains,Destroy, |  |  |  | Destroy
18411,Dwarf remains,Destroy, |  |  |  | Destroy
18412,Dwarf remains,Destroy, |  |  |  | Destroy
18413,Dwarf remains,Destroy, |  |  |  | Destroy
18414,Dwarf remains,Destroy, |  |  |  | Destroy
18415,Dwarf remains,Destroy, |  |  |  | Destroy
18416,Dwarf remains,Destroy, |  |  |  | Destroy
18417,Dwarf remains,Destroy, |  |  |  | Destroy
18418,Dwarf remains,Destroy, |  |  |  | Destroy
18419,Dwarf remains,Destroy, |  |  |  | Destroy
18420,Dwarf remains,Destroy, |  |  |  | Destroy
18421,Dwarf remains,Destroy, |  |  |  | Destroy
18422,Dwarf remains,Destroy, |  |  |  | Destroy
18423,Dwarf remains,Destroy, |  |  |  | Destroy
18424,Dwarf remains,Destroy, |  |  |  | Destroy
18425,Dwarf remains,Destroy, |  |  |  | Destroy
18426,Dwarf remains,Destroy, |  |  |  | Destroy
18427,Dwarf remains,Destroy, |  |  |  | Destroy
18428,Dwarf remains,Destroy, |  |  |  | Destroy
18429,Dwarf remains,Destroy, |  |  |  | Destroy
18430,Dwarf remains,Destroy, |  |  |  | Destroy
18431,Dwarf remains,Destroy, |  |  |  | Destroy
18433,Dwarf remains,Destroy, |  |  |  | Destroy
18434,Dwarf remains,Destroy, |  |  |  | Destroy
18435,Dwarf remains,Destroy, |  |  |  | Destroy
18436,Dwarf remains,Destroy, |  |  |  | Destroy
18437,Dwarf remains,Destroy, |  |  |  | Destroy
18438,Dwarf remains,Destroy, |  |  |  | Destroy
18439,Dwarf remains,Destroy, |  |  |  | Destroy
18440,Dwarf remains,Destroy, |  |  |  | Destroy
18441,Dwarf remains,Destroy, |  |  |  | Destroy
18442,Dwarf remains,Destroy, |  |  |  | Destroy
18443,Dwarf remains,Destroy, |  |  |  | Destroy
18444,Dwarf remains,Destroy, |  |  |  | Destroy
18445,Dwarf remains,Destroy, |  |  |  | Destroy
18446,Dwarf remains,Destroy, |  |  |  | Destroy
18447,Dwarf remains,Destroy, |  |  |  | Destroy
18448,Dwarf remains,Destroy, |  |  |  | Destroy
18449,Dwarf remains,Destroy, |  |  |  | Destroy
18453,Dwarf remains,Destroy, |  |  |  | Destroy
18454,Dwarf remains,Destroy, |  |  |  | Destroy
18455,Dwarf remains,Destroy, |  |  |  | Destroy
18456,Dwarf remains,Destroy, |  |  |  | Destroy
18457,Dwarf remains,Destroy, |  |  |  | Destroy
18458,Dwarf remains,Destroy, |  |  |  | Destroy
18459,Dwarf remains,Destroy, |  |  |  | Destroy
18460,Dwarf remains,Destroy, |  |  |  | Destroy
18461,Dwarf remains,Destroy, |  |  |  | Destroy
18462,Dwarf remains,Destroy, |  |  |  | Destroy
18463,Dwarf remains,Destroy, |  |  |  | Destroy
18464,Dwarf remains,Destroy, |  |  |  | Destroy
18465,Dwarf remains,Destroy, |  |  |  | Destroy
18466,Dwarf remains,Destroy, |  |  |  | Destroy
18467,Dwarf remains,Destroy, |  |  |  | Destroy
18468,Dwarf remains,Destroy, |  |  |  | Destroy
18469,Dwarf remains,Destroy, |  |  |  | Destroy
18470,Dwarf remains,Destroy, |  |  |  | Destroy
18471,Dwarf remains,Destroy, |  |  |  | Destroy
18472,Dwarf remains,Destroy, |  |  |  | Destroy
18473,Dwarf remains,Destroy, |  |  |  | Destroy
18474,Dwarf remains,Destroy, |  |  |  | Destroy
18475,Dwarf remains,Destroy, |  |  |  | Destroy
18476,Dwarf remains,Destroy, |  |  |  | Destroy
18477,Dwarf remains,Destroy, |  |  |  | Destroy
18478,Dwarf remains,Destroy, |  |  |  | Destroy
18479,Dwarf remains,Destroy, |  |  |  | Destroy
18480,Dwarf remains,Destroy, |  |  |  | Destroy
18481,Dwarf remains,Destroy, |  |  |  | Destroy
18482,Dwarf remains,Destroy, |  |  |  | Destroy
18483,Dwarf remains,Destroy, |  |  |  | Destroy
18484,Dwarf remains,Destroy, |  |  |  | Destroy
18485,Dwarf remains,Destroy, |  |  |  | Destroy
18486,Dwarf remains,Destroy, |  |  |  | Destroy
18487,Dwarf remains,Destroy, |  |  |  | Destroy
18488,Dwarf remains,Destroy, |  |  |  | Destroy
18489,Dwarf remains,Destroy, |  |  |  | Destroy
18490,Dwarf remains,Destroy, |  |  |  | Destroy
18491,Dwarf remains,Destroy, |  |  |  | Destroy
18492,Dwarf remains,Destroy, |  |  |  | Destroy
18493,Dwarf remains,Destroy, |  |  |  | Destroy
18494,Dwarf remains,Destroy, |  |  |  | Destroy
18495,Dwarf remains,Destroy, |  |  |  | Destroy
18496,Dwarf remains,Destroy, |  |  |  | Destroy
18497,Dwarf remains,Destroy, |  |  |  | Destroy
18498,Dwarf remains,Destroy, |  |  |  | Destroy
18499,Dwarf remains,Destroy, |  |  |  | Destroy
18500,Dwarf remains,Destroy, |  |  |  | Destroy
18501,Dwarf remains,Destroy, |  |  |  | Destroy
18502,Dwarf remains,Destroy, |  |  |  | Destroy
18503,Dwarf remains,Destroy, |  |  |  | Destroy
18504,Dwarf remains,Destroy, |  |  |  | Destroy
18505,Dwarf remains,Destroy, |  |  |  | Destroy
18506,Dwarf remains,Destroy, |  |  |  | Destroy
18507,Dwarf remains,Destroy, |  |  |  | Destroy
18508,Dwarf remains,Destroy, |  |  |  | Destroy
18509,Dwarf remains,Destroy, |  |  |  | Destroy
18510,Dwarf remains,Destroy, |  |  |  | Destroy
18511,Dwarf remains,Destroy, |  |  |  | Destroy
18512,Dwarf remains,Destroy, |  |  |  | Destroy
18513,Dwarf remains,Destroy, |  |  |  | Destroy
18514,Dwarf remains,Destroy, |  |  |  | Destroy
18515,Dwarf remains,Destroy, |  |  |  | Destroy
18516,Dwarf remains,Destroy, |  |  |  | Destroy
18517,Dwarf remains,Destroy, |  |  |  | Destroy
18518,Dwarf remains,Destroy, |  |  |  | Destroy
18519,Dwarf remains,Destroy, |  |  |  | Destroy
18520,Dwarf remains,Destroy, |  |  |  | Destroy
18521,Dwarf remains,Destroy, |  |  |  | Destroy
18522,Dwarf remains,Destroy, |  |  |  | Destroy
18523,Dwarf remains,Destroy, |  |  |  | Destroy
18524,Dwarf remains,Destroy, |  |  |  | Destroy
18525,Dwarf remains,Destroy, |  |  |  | Destroy
18526,Dwarf remains,Destroy, |  |  |  | Destroy
18527,Dwarf remains,Destroy, |  |  |  | Destroy
18528,Dwarf remains,Destroy, |  |  |  | Destroy
18529,Dwarf remains,Destroy, |  |  |  | Destroy
18530,Dwarf remains,Destroy, |  |  |  | Destroy
18531,Dwarf remains,Destroy, |  |  |  | Destroy
18532,Dwarf remains,Destroy, |  |  |  | Destroy
18533,Dwarf remains,Destroy, |  |  |  | Destroy
18534,Dwarf remains,Destroy, |  |  |  | Destroy
18535,Dwarf remains,Destroy, |  |  |  | Destroy
18536,Dwarf remains,Destroy, |  |  |  | Destroy
18537,Dwarf remains,Destroy, |  |  |  | Destroy
18538,Dwarf remains,Destroy, |  |  |  | Destroy
18539,Dwarf remains,Destroy, |  |  |  | Destroy
18540,Dwarf remains,Destroy, |  |  |  | Destroy
18541,Dwarf remains,Destroy, |  |  |  | Destroy
18542,Dwarf remains,Destroy, |  |  |  | Destroy
18543,Dwarf remains,Destroy, |  |  |  | Destroy
18544,Dwarf remains,Destroy, |  |  |  | Destroy
18545,Dwarf remains,Destroy, |  |  |  | Destroy
18546,Dwarf remains,Destroy, |  |  |  | Destroy
18547,Dwarf remains,Destroy, |  |  |  | Destroy
18548,Dwarf remains,Destroy, |  |  |  | Destroy
18549,Dwarf remains,Destroy, |  |  |  | Destroy
18550,Dwarf remains,Destroy, |  |  |  | Destroy
18551,Dwarf remains,Destroy, |  |  |  | Destroy
18552,Dwarf remains,Destroy, |  |  |  | Destroy
18553,Dwarf remains,Destroy, |  |  |  | Destroy
18554,Dwarf remains,Destroy, |  |  |  | Destroy
18555,Dwarf remains,Destroy, |  |  |  | Destroy
18556,Dwarf remains,Destroy, |  |  |  | Destroy
18557,Dwarf remains,Destroy, |  |  |  | Destroy
18558,Dwarf remains,Destroy, |  |  |  | Destroy
18559,Dwarf remains,Destroy, |  |  |  | Destroy
18560,Dwarf remains,Destroy, |  |  |  | Destroy
18561,Dwarf remains,Destroy, |  |  |  | Destroy
18562,Dwarf remains,Destroy, |  |  |  | Destroy
18563,Dwarf remains,Destroy, |  |  |  | Destroy
18564,Dwarf remains,Destroy, |  |  |  | Destroy
18565,Dwarf remains,Destroy, |  |  |  | Destroy
18566,Dwarf remains,Destroy, |  |  |  | Destroy
18567,Dwarf remains,Destroy, |  |  |  | Destroy
18568,Dwarf remains,Destroy, |  |  |  | Destroy
18569,Dwarf remains,Destroy, |  |  |  | Destroy
18570,Dwarf remains,Destroy, |  |  |  | Destroy
18571,Dwarf remains,Destroy, |  |  |  | Destroy
18572,Dwarf remains,Destroy, |  |  |  | Destroy
18573,Dwarf remains,Destroy, |  |  |  | Destroy
18574,Dwarf remains,Destroy, |  |  |  | Destroy
18575,Dwarf remains,Destroy, |  |  |  | Destroy
18576,Dwarf remains,Destroy, |  |  |  | Destroy
18577,Dwarf remains,Destroy, |  |  |  | Destroy
18578,Dwarf remains,Destroy, |  |  |  | Destroy
18579,Dwarf remains,Destroy, |  |  |  | Destroy
18580,Dwarf remains,Destroy, |  |  |  | Destroy
18581,Dwarf remains,Destroy, |  |  |  | Destroy
18582,Dwarf remains,Destroy, |  |  |  | Destroy
18583,Dwarf remains,Destroy, |  |  |  | Destroy
18584,Dwarf remains,Destroy, |  |  |  | Destroy
18585,Dwarf remains,Destroy, |  |  |  | Destroy
18586,Dwarf remains,Destroy, |  |  |  | Destroy
18587,Dwarf remains,Destroy, |  |  |  | Destroy
18588,Dwarf remains,Destroy, |  |  |  | Destroy
18589,Dwarf remains,Destroy, |  |  |  | Destroy
18590,Dwarf remains,Destroy, |  |  |  | Destroy
18591,Dwarf remains,Destroy, |  |  |  | Destroy
18592,Dwarf remains,Destroy, |  |  |  | Destroy
18593,Dwarf remains,Destroy, |  |  |  | Destroy
18594,Dwarf remains,Destroy, |  |  |  | Destroy
18595,Dwarf remains,Destroy, |  |  |  | Destroy
18596,Dwarf remains,Destroy, |  |  |  | Destroy
18597,Dwarf remains,Destroy, |  |  |  | Destroy
18598,Dwarf remains,Destroy, |  |  |  | Destroy
18599,Dwarf remains,Destroy, |  |  |  | Destroy
18600,Dwarf remains,Destroy, |  |  |  | Destroy
18601,Dwarf remains,Destroy, |  |  |  | Destroy
18602,Dwarf remains,Destroy, |  |  |  | Destroy
18603,Dwarf remains,Destroy, |  |  |  | Destroy
18604,Dwarf remains,Destroy, |  |  |  | Destroy
18605,Dwarf remains,Destroy, |  |  |  | Destroy
18606,Dwarf remains,Destroy, |  |  |  | Destroy
18607,Dwarf remains,Destroy, |  |  |  | Destroy
18608,Dwarf remains,Destroy, |  |  |  | Destroy
18609,Dwarf remains,Destroy, |  |  |  | Destroy
18610,Dwarf remains,Destroy, |  |  |  | Destroy
18611,Dwarf remains,Destroy, |  |  |  | Destroy
18612,Dwarf remains,Destroy, |  |  |  | Destroy
18613,Dwarf remains,Destroy, |  |  |  | Destroy
18614,Dwarf remains,Destroy, |  |  |  | Destroy
18615,Dwarf remains,Destroy, |  |  |  | Destroy
18616,Dwarf remains,Destroy, |  |  |  | Destroy
18617,Dwarf remains,Destroy, |  |  |  | Destroy
18618,Dwarf remains,Destroy, |  |  |  | Destroy
18619,Dwarf remains,Destroy, |  |  |  | Destroy
18620,Dwarf remains,Destroy, |  |  |  | Destroy
18621,Dwarf remains,Destroy, |  |  |  | Destroy
18622,Dwarf remains,Destroy, |  |  |  | Destroy
18623,Dwarf remains,Destroy, |  |  |  | Destroy
18624,Dwarf remains,Destroy, |  |  |  | Destroy
18625,Dwarf remains,Destroy, |  |  |  | Destroy
18626,Dwarf remains,Destroy, |  |  |  | Destroy
18627,Dwarf remains,Destroy, |  |  |  | Destroy
18628,Dwarf remains,Destroy, |  |  |  | Destroy
18629,Dwarf remains,Destroy, |  |  |  | Destroy
18630,Dwarf remains,Destroy, |  |  |  | Destroy
18631,Dwarf remains,Destroy, |  |  |  | Destroy
18632,Dwarf remains,Destroy, |  |  |  | Destroy
18633,Dwarf remains,Destroy, |  |  |  | Destroy
18634,Dwarf remains,Destroy, |  |  |  | Destroy
18635,Dwarf remains,Destroy, |  |  |  | Destroy
18636,Dwarf remains,Destroy, |  |  |  | Destroy
18637,Dwarf remains,Destroy, |  |  |  | Destroy
18638,Dwarf remains,Destroy, |  |  |  | Destroy
18639,Dwarf remains,Destroy, |  |  |  | Destroy
18640,Dwarf remains,Destroy, |  |  |  | Destroy
18641,Dwarf remains,Destroy, |  |  |  | Destroy
18642,Dwarf remains,Destroy, |  |  |  | Destroy
18643,Dwarf remains,Destroy, |  |  |  | Destroy
18644,Dwarf remains,Destroy, |  |  |  | Destroy
18645,Dwarf remains,Destroy, |  |  |  | Destroy
18646,Dwarf remains,Destroy, |  |  |  | Destroy
18647,Dwarf remains,Destroy, |  |  |  | Destroy
18648,Dwarf remains,Destroy, |  |  |  | Destroy
18649,Dwarf remains,Destroy, |  |  |  | Destroy
18650,Dwarf remains,Destroy, |  |  |  | Destroy
18651,Dwarf remains,Destroy, |  |  |  | Destroy
18652,Dwarf remains,Destroy, |  |  |  | Destroy
18653,Dwarf remains,Destroy, |  |  |  | Destroy
18654,Dwarf remains,Destroy, |  |  |  | Destroy
18655,Dwarf remains,Destroy, |  |  |  | Destroy
18656,Dwarf remains,Destroy, |  |  |  | Destroy
18657,Dwarf remains,Destroy, |  |  |  | Destroy
18658,Dwarf remains,Destroy, |  |  |  | Destroy
18659,Dwarf remains,Destroy, |  |  |  | Destroy
18660,Dwarf remains,Destroy, |  |  |  | Destroy
18661,Dwarf remains,Destroy, |  |  |  | Destroy
18662,Dwarf remains,Destroy, |  |  |  | Destroy
18663,Dwarf remains,Destroy, |  |  |  | Destroy
18664,Dwarf remains,Destroy, |  |  |  | Destroy
18665,Dwarf remains,Destroy, |  |  |  | Destroy
18666,Dwarf remains,Destroy, |  |  |  | Destroy
18667,Dwarf remains,Destroy, |  |  |  | Destroy
18668,Dwarf remains,Destroy, |  |  |  | Destroy
18669,Dwarf remains,Destroy, |  |  |  | Destroy
18670,Dwarf remains,Destroy, |  |  |  | Destroy
18671,Dwarf remains,Destroy, |  |  |  | Destroy
18672,Dwarf remains,Destroy, |  |  |  | Destroy
18673,Dwarf remains,Destroy, |  |  |  | Destroy
18674,Dwarf remains,Destroy, |  |  |  | Destroy
18675,Dwarf remains,Destroy, |  |  |  | Destroy
18676,Dwarf remains,Destroy, |  |  |  | Destroy
18677,Dwarf remains,Destroy, |  |  |  | Destroy
18678,Dwarf remains,Destroy, |  |  |  | Destroy
18679,Dwarf remains,Destroy, |  |  |  | Destroy
18680,Dwarf remains,Destroy, |  |  |  | Destroy
18681,Dwarf remains,Destroy, |  |  |  | Destroy
18682,Dwarf remains,Destroy, |  |  |  | Destroy
18683,Dwarf remains,Destroy, |  |  |  | Destroy
18684,Dwarf remains,Destroy, |  |  |  | Destroy
18685,Dwarf remains,Destroy, |  |  |  | Destroy
18686,Dwarf remains,Destroy, |  |  |  | Destroy
18687,Dwarf remains,Destroy, |  |  |  | Destroy
18688,Dwarf remains,Destroy, |  |  |  | Destroy
18689,Dwarf remains,Destroy, |  |  |  | Destroy
18690,Dwarf remains,Destroy, |  |  |  | Destroy
18691,Dwarf remains,Destroy, |  |  |  | Destroy
18692,Dwarf remains,Destroy, |  |  |  | Destroy
18693,Dwarf remains,Destroy, |  |  |  | Destroy
18694,Dwarf remains,Destroy, |  |  |  | Destroy
18695,Dwarf remains,Destroy, |  |  |  | Destroy
18696,Dwarf remains,Destroy, |  |  |  | Destroy
18697,Dwarf remains,Destroy, |  |  |  | Destroy
18698,Dwarf remains,Destroy, |  |  |  | Destroy
18699,Dwarf remains,Destroy, |  |  |  | Destroy
18700,Dwarf remains,Destroy, |  |  |  | Destroy
18701,Dwarf remains,Destroy, |  |  |  | Destroy
18702,Dwarf remains,Destroy, |  |  |  | Destroy
18703,Dwarf remains,Destroy, |  |  |  | Destroy
18704,Dwarf remains,Destroy, |  |  |  | Destroy
18705,Dwarf remains,Destroy, |  |  |  | Destroy
18706,Dwarf remains,Destroy, |  |  |  | Destroy
18707,Dwarf remains,Destroy, |  |  |  | Destroy
18708,Dwarf remains,Destroy, |  |  |  | Destroy
18709,Dwarf remains,Destroy, |  |  |  | Destroy
18710,Dwarf remains,Destroy, |  |  |  | Destroy
18711,Dwarf remains,Destroy, |  |  |  | Destroy
18712,Dwarf remains,Destroy, |  |  |  | Destroy
18713,Dwarf remains,Destroy, |  |  |  | Destroy
18714,Dwarf remains,Destroy, |  |  |  | Destroy
18715,Dwarf remains,Destroy, |  |  |  | Destroy
18716,Dwarf remains,Destroy, |  |  |  | Destroy
18717,Dwarf remains,Destroy, |  |  |  | Destroy
18718,Dwarf remains,Destroy, |  |  |  | Destroy
18719,Dwarf remains,Destroy, |  |  |  | Destroy
18720,Dwarf remains,Destroy, |  |  |  | Destroy
18721,Dwarf remains,Destroy, |  |  |  | Destroy
18722,Dwarf remains,Destroy, |  |  |  | Destroy
18723,Dwarf remains,Destroy, |  |  |  | Destroy
18724,Dwarf remains,Destroy, |  |  |  | Destroy
18725,Dwarf remains,Destroy, |  |  |  | Destroy
18726,Dwarf remains,Destroy, |  |  |  | Destroy
18727,Dwarf remains,Destroy, |  |  |  | Destroy
18728,Dwarf remains,Destroy, |  |  |  | Destroy
18729,Dwarf remains,Destroy, |  |  |  | Destroy
18730,Dwarf remains,Destroy, |  |  |  | Destroy
18731,Dwarf remains,Destroy, |  |  |  | Destroy
18732,Dwarf remains,Destroy, |  |  |  | Destroy
18733,Dwarf remains,Destroy, |  |  |  | Destroy
18734,Dwarf remains,Destroy, |  |  |  | Destroy
18735,Dwarf remains,Destroy, |  |  |  | Destroy
18736,Dwarf remains,Destroy, |  |  |  | Destroy
18737,Dwarf remains,Destroy, |  |  |  | Destroy
18738,Dwarf remains,Destroy, |  |  |  | Destroy
18739,Dwarf remains,Destroy, |  |  |  | Destroy
18740,Dwarf remains,Destroy, |  |  |  | Destroy
18741,Dwarf remains,Destroy, |  |  |  | Destroy
18742,Dwarf remains,Destroy, |  |  |  | Destroy
18743,Dwarf remains,Destroy, |  |  |  | Destroy
18744,Dwarf remains,Destroy, |  |  |  | Destroy
18745,Dwarf remains,Destroy, |  |  |  | Destroy
18746,Dwarf remains,Destroy, |  |  |  | Destroy
18747,Dwarf remains,Destroy, |  |  |  | Destroy
18748,Dwarf remains,Destroy, |  |  |  | Destroy
18749,Dwarf remains,Destroy, |  |  |  | Destroy
18750,Dwarf remains,Destroy, |  |  |  | Destroy
18751,Dwarf remains,Destroy, |  |  |  | Destroy
18752,Dwarf remains,Destroy, |  |  |  | Destroy
18753,Dwarf remains,Destroy, |  |  |  | Destroy
18754,Dwarf remains,Destroy, |  |  |  | Destroy
18755,Dwarf remains,Destroy, |  |  |  | Destroy
18756,Dwarf remains,Destroy, |  |  |  | Destroy
18757,Dwarf remains,Destroy, |  |  |  | Destroy
18758,Dwarf remains,Destroy, |  |  |  | Destroy
18759,Dwarf remains,Destroy, |  |  |  | Destroy
18760,Dwarf remains,Destroy, |  |  |  | Destroy
18761,Dwarf remains,Destroy, |  |  |  | Destroy
18762,Dwarf remains,Destroy, |  |  |  | Destroy
18763,Dwarf remains,Destroy, |  |  |  | Destroy
18764,Dwarf remains,Destroy, |  |  |  | Destroy
18765,Dwarf remains,Destroy, |  |  |  | Destroy
18766,Dwarf remains,Destroy, |  |  |  | Destroy
18767,Dwarf remains,Destroy, |  |  |  | Destroy
18768,Dwarf remains,Destroy, |  |  |  | Destroy
18769,Dwarf remains,Destroy, |  |  |  | Destroy
18770,Dwarf remains,Destroy, |  |  |  | Destroy
18771,Dwarf remains,Destroy, |  |  |  | Destroy
18772,Dwarf remains,Destroy, |  |  |  | Destroy
18773,Dwarf remains,Destroy, |  |  |  | Destroy
18774,Dwarf remains,Destroy, |  |  |  | Destroy
18775,Dwarf remains,Destroy, |  |  |  | Destroy
18776,Dwarf remains,Destroy, |  |  |  | Destroy
18777,Dwarf remains,Destroy, |  |  |  | Destroy
18778,Dwarf remains,Destroy, |  |  |  | Destroy
18779,Dwarf remains,Destroy, |  |  |  | Destroy
18780,Dwarf remains,Destroy, |  |  |  | Destroy
18781,Dwarf remains,Destroy, |  |  |  | Destroy
18782,Dwarf remains,Destroy, |  |  |  | Destroy
18783,Dwarf remains,Destroy, |  |  |  | Destroy
18784,Dwarf remains,Destroy, |  |  |  | Destroy
18785,Dwarf remains,Destroy, |  |  |  | Destroy
18786,Dwarf remains,Destroy, |  |  |  | Destroy
18787,Dwarf remains,Destroy, |  |  |  | Destroy
18788,Dwarf remains,Destroy, |  |  |  | Destroy
18789,Dwarf remains,Destroy, |  |  |  | Destroy
18790,Dwarf remains,Destroy, |  |  |  | Destroy
18791,Dwarf remains,Destroy, |  |  |  | Destroy
18792,Dwarf remains,Destroy, |  |  |  | Destroy
18793,Dwarf remains,Destroy, |  |  |  | Destroy
18794,Dwarf remains,Destroy, |  |  |  | Destroy
18795,Dwarf remains,Destroy, |  |  |  | Destroy
18796,Dwarf remains,Destroy, |  |  |  | Destroy
18797,Dwarf remains,Destroy, |  |  |  | Destroy
18798,Dwarf remains,Destroy, |  |  |  | Destroy
18799,Dwarf remains,Destroy, |  |  |  | Destroy
18800,Dwarf remains,Destroy, |  |  |  | Destroy
18801,Dwarf remains,Destroy, |  |  |  | Destroy
18802,Dwarf remains,Destroy, |  |  |  | Destroy
18803,Dwarf remains,Destroy, |  |  |  | Destroy
18804,Dwarf remains,Destroy, |  |  |  | Destroy
18805,Dwarf remains,Destroy, |  |  |  | Destroy
18806,Dwarf remains,Destroy, |  |  |  | Destroy
18807,Dwarf remains,Destroy, |  |  |  | Destroy
18808,Dwarf remains,Destroy, |  |  |  | Destroy
18809,Dwarf remains,Destroy, |  |  |  | Destroy
18810,Dwarf remains,Destroy, |  |  |  | Destroy
18811,Dwarf remains,Destroy, |  |  |  | Destroy
18812,Dwarf remains,Destroy, |  |  |  | Destroy
18813,Dwarf remains,Destroy, |  |  |  | Destroy
18814,Dwarf remains,Destroy, |  |  |  | Destroy
18815,Dwarf remains,Destroy, |  |  |  | Destroy
18816,Dwarf remains,Destroy, |  |  |  | Destroy
18817,Dwarf remains,Destroy, |  |  |  | Destroy
18818,Dwarf remains,Destroy, |  |  |  | Destroy
18819,Dwarf remains,Destroy, |  |  |  | Destroy
18820,Dwarf remains,Destroy, |  |  |  | Destroy
18821,Dwarf remains,Destroy, |  |  |  | Destroy
18822,Dwarf remains,Destroy, |  |  |  | Destroy
18823,Dwarf remains,Destroy, |  |  |  | Destroy
18824,Dwarf remains,Destroy, |  |  |  | Destroy
18825,Dwarf remains,Destroy, |  |  |  | Destroy
18826,Dwarf remains,Destroy, |  |  |  | Destroy
18827,Dwarf remains,Destroy, |  |  |  | Destroy
18828,Dwarf remains,Destroy, |  |  |  | Destroy
18829,Dwarf remains,Destroy, |  |  |  | Destroy
18830,Dwarf remains,Destroy, |  |  |  | Destroy
18831,Dwarf remains,Destroy, |  |  |  | Destroy
18832,Dwarf remains,Destroy, |  |  |  | Destroy
18833,Dwarf remains,Destroy, |  |  |  | Destroy
18834,Dwarf remains,Destroy, |  |  |  | Destroy
18835,Dwarf remains,Destroy, |  |  |  | Destroy
18836,Dwarf remains,Destroy, |  |  |  | Destroy
18837,Dwarf remains,Destroy, |  |  |  | Destroy
18838,Dwarf remains,Destroy, |  |  |  | Destroy
18839,Dwarf remains,Destroy, |  |  |  | Destroy
18840,Dwarf remains,Destroy, |  |  |  | Destroy
18841,Dwarf remains,Destroy, |  |  |  | Destroy
18842,Dwarf remains,Destroy, |  |  |  | Destroy
18843,Dwarf remains,Destroy, |  |  |  | Destroy
18844,Dwarf remains,Destroy, |  |  |  | Destroy
18845,Dwarf remains,Destroy, |  |  |  | Destroy
18846,Dwarf remains,Destroy, |  |  |  | Destroy
18847,Dwarf remains,Destroy, |  |  |  | Destroy
18848,Dwarf remains,Destroy, |  |  |  | Destroy
18849,Dwarf remains,Destroy, |  |  |  | Destroy
18850,Dwarf remains,Destroy, |  |  |  | Destroy
18851,Dwarf remains,Destroy, |  |  |  | Destroy
18852,Dwarf remains,Destroy, |  |  |  | Destroy
18853,Dwarf remains,Destroy, |  |  |  | Destroy
18854,Dwarf remains,Destroy, |  |  |  | Destroy
18855,Dwarf remains,Destroy, |  |  |  | Destroy
18856,Dwarf remains,Destroy, |  |  |  | Destroy
18857,Dwarf remains,Destroy, |  |  |  | Destroy
18858,Dwarf remains,Destroy, |  |  |  | Destroy
18859,Dwarf remains,Destroy, |  |  |  | Destroy
18860,Dwarf remains,Destroy, |  |  |  | Destroy
18861,Dwarf remains,Destroy, |  |  |  | Destroy
18862,Dwarf remains,Destroy, |  |  |  | Destroy
18863,Dwarf remains,Destroy, |  |  |  | Destroy
18864,Dwarf remains,Destroy, |  |  |  | Destroy
18865,Dwarf remains,Destroy, |  |  |  | Destroy
18866,Dwarf remains,Destroy, |  |  |  | Destroy
18867,Dwarf remains,Destroy, |  |  |  | Destroy
18868,Dwarf remains,Destroy, |  |  |  | Destroy
18869,Dwarf remains,Destroy, |  |  |  | Destroy
18870,Dwarf remains,Destroy, |  |  |  | Destroy
18871,Dwarf remains,Destroy, |  |  |  | Destroy
18872,Dwarf remains,Destroy, |  |  |  | Destroy
18873,Dwarf remains,Destroy, |  |  |  | Destroy
18874,Dwarf remains,Destroy, |  |  |  | Destroy
18875,Dwarf remains,Destroy, |  |  |  | Destroy
18876,Dwarf remains,Destroy, |  |  |  | Destroy
18877,Dwarf remains,Destroy, |  |  |  | Destroy
18878,Dwarf remains,Destroy, |  |  |  | Destroy
18879,Dwarf remains,Destroy, |  |  |  | Destroy
18880,Dwarf remains,Destroy, |  |  |  | Destroy
18881,Dwarf remains,Destroy, |  |  |  | Destroy
18882,Dwarf remains,Destroy, |  |  |  | Destroy
18883,Dwarf remains,Destroy, |  |  |  | Destroy
18884,Dwarf remains,Destroy, |  |  |  | Destroy
18885,Dwarf remains,Destroy, |  |  |  | Destroy
18886,Dwarf remains,Destroy, |  |  |  | Destroy
18887,Dwarf remains,Destroy, |  |  |  | Destroy
18888,Dwarf remains,Destroy, |  |  |  | Destroy
18889,Dwarf remains,Destroy, |  |  |  | Destroy
18890,Dwarf remains,Destroy, |  |  |  | Destroy
18891,Dwarf remains,Destroy, |  |  |  | Destroy
18892,Dwarf remains,Destroy, |  |  |  | Destroy
18893,Dwarf remains,Destroy, |  |  |  | Destroy
18894,Dwarf remains,Destroy, |  |  |  | Destroy
18895,Dwarf remains,Destroy, |  |  |  | Destroy
18896,Dwarf remains,Destroy, |  |  |  | Destroy
18897,Dwarf remains,Destroy, |  |  |  | Destroy
18898,Dwarf remains,Destroy, |  |  |  | Destroy
18899,Dwarf remains,Destroy, |  |  |  | Destroy
18900,Dwarf remains,Destroy, |  |  |  | Destroy
18901,Dwarf remains,Destroy, |  |  |  | Destroy
18902,Dwarf remains,Destroy, |  |  |  | Destroy
18903,Dwarf remains,Destroy, |  |  |  | Destroy
18904,Dwarf remains,Destroy, |  |  |  | Destroy
18905,Dwarf remains,Destroy, |  |  |  | Destroy
18906,Dwarf remains,Destroy, |  |  |  | Destroy
18907,Dwarf remains,Destroy, |  |  |  | Destroy
18908,Dwarf remains,Destroy, |  |  |  | Destroy
18909,Dwarf remains,Destroy, |  |  |  | Destroy
18910,Dwarf remains,Destroy, |  |  |  | Destroy
18911,Dwarf remains,Destroy, |  |  |  | Destroy
18912,Dwarf remains,Destroy, |  |  |  | Destroy
18913,Dwarf remains,Destroy, |  |  |  | Destroy
18914,Dwarf remains,Destroy, |  |  |  | Destroy
18915,Dwarf remains,Destroy, |  |  |  | Destroy
18916,Dwarf remains,Destroy, |  |  |  | Destroy
18917,Dwarf remains,Destroy, |  |  |  | Destroy
18918,Dwarf remains,Destroy, |  |  |  | Destroy
18919,Dwarf remains,Destroy, |  |  |  | Destroy
18920,Dwarf remains,Destroy, |  |  |  | Destroy
18921,Dwarf remains,Destroy, |  |  |  | Destroy
18922,Dwarf remains,Destroy, |  |  |  | Destroy
18923,Dwarf remains,Destroy, |  |  |  | Destroy
18924,Dwarf remains,Destroy, |  |  |  | Destroy
18925,Dwarf remains,Destroy, |  |  |  | Destroy
18926,Dwarf remains,Destroy, |  |  |  | Destroy
18927,Dwarf remains,Destroy, |  |  |  | Destroy
18928,Dwarf remains,Destroy, |  |  |  | Destroy
18929,Dwarf remains,Destroy, |  |  |  | Destroy
18930,Dwarf remains,Destroy, |  |  |  | Destroy
18931,Dwarf remains,Destroy, |  |  |  | Destroy
18932,Dwarf remains,Destroy, |  |  |  | Destroy
18933,Dwarf remains,Destroy, |  |  |  | Destroy
18934,Dwarf remains,Destroy, |  |  |  | Destroy
18935,Dwarf remains,Destroy, |  |  |  | Destroy
18936,Dwarf remains,Destroy, |  |  |  | Destroy
18937,Dwarf remains,Destroy, |  |  |  | Destroy
18938,Dwarf remains,Destroy, |  |  |  | Destroy
18939,Dwarf remains,Destroy, |  |  |  | Destroy
18940,Dwarf remains,Destroy, |  |  |  | Destroy
18941,Dwarf remains,Destroy, |  |  |  | Destroy
18942,Dwarf remains,Destroy, |  |  |  | Destroy
18943,Dwarf remains,Destroy, |  |  |  | Destroy
18944,Dwarf remains,Destroy, |  |  |  | Destroy
18945,Dwarf remains,Destroy, |  |  |  | Destroy
18946,Dwarf remains,Destroy, |  |  |  | Destroy
18947,Dwarf remains,Destroy, |  |  |  | Destroy
18948,Dwarf remains,Destroy, |  |  |  | Destroy
18949,Dwarf remains,Destroy, |  |  |  | Destroy
18950,Dwarf remains,Destroy, |  |  |  | Destroy
18951,Dwarf remains,Destroy, |  |  |  | Destroy
18952,Dwarf remains,Destroy, |  |  |  | Destroy
18953,Dwarf remains,Destroy, |  |  |  | Destroy
18954,Dwarf remains,Destroy, |  |  |  | Destroy
18955,Dwarf remains,Destroy, |  |  |  | Destroy
18956,Dwarf remains,Destroy, |  |  |  | Destroy
18957,Dwarf remains,Destroy, |  |  |  | Destroy
18958,Dwarf remains,Destroy, |  |  |  | Destroy
18959,Dwarf remains,Destroy, |  |  |  | Destroy
18960,Dwarf remains,Destroy, |  |  |  | Destroy
18961,Dwarf remains,Destroy, |  |  |  | Destroy
18962,Dwarf remains,Destroy, |  |  |  | Destroy
18963,Dwarf remains,Destroy, |  |  |  | Destroy
18964,Dwarf remains,Destroy, |  |  |  | Destroy
18965,Dwarf remains,Destroy, |  |  |  | Destroy
18966,Dwarf remains,Destroy, |  |  |  | Destroy
18967,Dwarf remains,Destroy, |  |  |  | Destroy
18968,Dwarf remains,Destroy, |  |  |  | Destroy
18969,Dwarf remains,Destroy, |  |  |  | Destroy
18970,Dwarf remains,Destroy, |  |  |  | Destroy
18971,Dwarf remains,Destroy, |  |  |  | Destroy
18972,Dwarf remains,Destroy, |  |  |  | Destroy
18973,Dwarf remains,Destroy, |  |  |  | Destroy
18974,Dwarf remains,Destroy, |  |  |  | Destroy
18975,Dwarf remains,Destroy, |  |  |  | Destroy
18976,Dwarf remains,Destroy, |  |  |  | Destroy
18977,Dwarf remains,Destroy, |  |  |  | Destroy
18978,Dwarf remains,Destroy, |  |  |  | Destroy
18979,Dwarf remains,Destroy, |  |  |  | Destroy
18980,Dwarf remains,Destroy, |  |  |  | Destroy
18981,Dwarf remains,Destroy, |  |  |  | Destroy
18982,Dwarf remains,Destroy, |  |  |  | Destroy
18983,Dwarf remains,Destroy, |  |  |  | Destroy
18984,Dwarf remains,Destroy, |  |  |  | Destroy
18985,Dwarf remains,Destroy, |  |  |  | Destroy
18986,Dwarf remains,Destroy, |  |  |  | Destroy
18987,Dwarf remains,Destroy, |  |  |  | Destroy
18988,Dwarf remains,Destroy, |  |  |  | Destroy
18989,Dwarf remains,Destroy, |  |  |  | Destroy
18990,Dwarf remains,Destroy, |  |  |  | Destroy
18991,Dwarf remains,Destroy, |  |  |  | Destroy
18992,Dwarf remains,Destroy, |  |  |  | Destroy
18993,Dwarf remains,Destroy, |  |  |  | Destroy
18994,Dwarf remains,Destroy, |  |  |  | Destroy
18995,Dwarf remains,Destroy, |  |  |  | Destroy
18996,Dwarf remains,Destroy, |  |  |  | Destroy
18997,Dwarf remains,Destroy, |  |  |  | Destroy
18998,Dwarf remains,Destroy, |  |  |  | Destroy
18999,Dwarf remains,Destroy, |  |  |  | Destroy
19001,Dwarf remains,Destroy, |  |  |  | Destroy
19002,Dwarf remains,Destroy, |  |  |  | Destroy
19003,Dwarf remains,Destroy, |  |  |  | Destroy
19004,Dwarf remains,Destroy, |  |  |  | Destroy
19005,Dwarf remains,Destroy, |  |  |  | Destroy
19006,Dwarf remains,Destroy, |  |  |  | Destroy
19007,Dwarf remains,Destroy, |  |  |  | Destroy
19008,Dwarf remains,Destroy, |  |  |  | Destroy
19009,Dwarf remains,Destroy, |  |  |  | Destroy
19010,Dwarf remains,Destroy, |  |  |  | Destroy
19011,Dwarf remains,Destroy, |  |  |  | Destroy
19012,Dwarf remains,Destroy, |  |  |  | Destroy
19013,Dwarf remains,Destroy, |  |  |  | Destroy
19014,Dwarf remains,Destroy, |  |  |  | Destroy
19015,Dwarf remains,Destroy, |  |  |  | Destroy
19016,Dwarf remains,Destroy, |  |  |  | Destroy
19017,Dwarf remains,Destroy, |  |  |  | Destroy
19018,Dwarf remains,Destroy, |  |  |  | Destroy
19019,Dwarf remains,Destroy, |  |  |  | Destroy
19020,Dwarf remains,Destroy, |  |  |  | Destroy
19021,Dwarf remains,Destroy, |  |  |  | Destroy
19025,Dwarf remains,Destroy, |  |  |  | Destroy
19026,Dwarf remains,Destroy, |  |  |  | Destroy
19027,Dwarf remains,Destroy, |  |  |  | Destroy
19028,Dwarf remains,Destroy, |  |  |  | Destroy
19029,Dwarf remains,Destroy, |  |  |  | Destroy
19030,Dwarf remains,Destroy, |  |  |  | Destroy
19031,Dwarf remains,Destroy, |  |  |  | Destroy
19032,Dwarf remains,Destroy, |  |  |  | Destroy
19033,Dwarf remains,Destroy, |  |  |  | Destroy
19034,Dwarf remains,Destroy, |  |  |  | Destroy
19035,Dwarf remains,Destroy, |  |  |  | Destroy
19036,Dwarf remains,Destroy, |  |  |  | Destroy
19037,Dwarf remains,Destroy, |  |  |  | Destroy
19038,Dwarf remains,Destroy, |  |  |  | Destroy
19039,Dwarf remains,Destroy, |  |  |  | Destroy
19040,Dwarf remains,Destroy, |  |  |  | Destroy
19041,Dwarf remains,Destroy, |  |  |  | Destroy
19044,Dwarf remains,Destroy, |  |  |  | Destroy
19045,Dwarf remains,Destroy, |  |  |  | Destroy
19046,Dwarf remains,Destroy, |  |  |  | Destroy
19047,Dwarf remains,Destroy, |  |  |  | Destroy
19048,Dwarf remains,Destroy, |  |  |  | Destroy
19049,Dwarf remains,Destroy, |  |  |  | Destroy
19052,Dwarf remains,Destroy, |  |  |  | Destroy
19053,Dwarf remains,Destroy, |  |  |  | Destroy
19054,Dwarf remains,Destroy, |  |  |  | Destroy
19055,Dwarf remains,Destroy, |  |  |  | Destroy
19056,Dwarf remains,Destroy, |  |  |  | Destroy
19057,Dwarf remains,Destroy, |  |  |  | Destroy
19058,Dwarf remains,Destroy, |  |  |  | Destroy
19059,Dwarf remains,Destroy, |  |  |  | Destroy
19060,Dwarf remains,Destroy, |  |  |  | Destroy
19061,Dwarf remains,Destroy, |  |  |  | Destroy
19062,Dwarf remains,Destroy, |  |  |  | Destroy
19063,Dwarf remains,Destroy, |  |  |  | Destroy
19064,Dwarf remains,Destroy, |  |  |  | Destroy
19065,Dwarf remains,Destroy, |  |  |  | Destroy
19066,Dwarf remains,Destroy, |  |  |  | Destroy
19067,Dwarf remains,Destroy, |  |  |  | Destroy
19068,Dwarf remains,Destroy, |  |  |  | Destroy
19069,Dwarf remains,Destroy, |  |  |  | Destroy
19070,Dwarf remains,Destroy, |  |  |  | Destroy
19071,Dwarf remains,Destroy, |  |  |  | Destroy
19072,Dwarf remains,Destroy, |  |  |  | Destroy
19073,Dwarf remains,Destroy, |  |  |  | Destroy
19074,Dwarf remains,Destroy, |  |  |  | Destroy
19075,Dwarf remains,Destroy, |  |  |  | Destroy
19076,Dwarf remains,Destroy, |  |  |  | Destroy
19077,Dwarf remains,Destroy, |  |  |  | Destroy
19078,Dwarf remains,Destroy, |  |  |  | Destroy
19079,Dwarf remains,Destroy, |  |  |  | Destroy
19080,Dwarf remains,Destroy, |  |  |  | Destroy
19081,Dwarf remains,Destroy, |  |  |  | Destroy
19082,Dwarf remains,Destroy, |  |  |  | Destroy
19083,Dwarf remains,Destroy, |  |  |  | Destroy
19084,Dwarf remains,Destroy, |  |  |  | Destroy
19085,Dwarf remains,Destroy, |  |  |  | Destroy
19086,Dwarf remains,Destroy, |  |  |  | Destroy
19087,Dwarf remains,Destroy, |  |  |  | Destroy
19088,Dwarf remains,Destroy, |  |  |  | Destroy
19089,Dwarf remains,Destroy, |  |  |  | Destroy
19090,Dwarf remains,Destroy, |  |  |  | Destroy
19091,Dwarf remains,Destroy, |  |  |  | Destroy
19092,Dwarf remains,Destroy, |  |  |  | Destroy
19093,Dwarf remains,Destroy, |  |  |  | Destroy
19094,Dwarf remains,Destroy, |  |  |  | Destroy
19095,Dwarf remains,Destroy, |  |  |  | Destroy
19096,Dwarf remains,Destroy, |  |  |  | Destroy
19097,Dwarf remains,Destroy, |  |  |  | Destroy
19098,Dwarf remains,Destroy, |  |  |  | Destroy
19099,Dwarf remains,Destroy, |  |  |  | Destroy
19100,Dwarf remains,Destroy, |  |  |  | Destroy
19101,Dwarf remains,Destroy, |  |  |  | Destroy
19102,Dwarf remains,Destroy, |  |  |  | Destroy
19103,Dwarf remains,Destroy, |  |  |  | Destroy
19104,Dwarf remains,Destroy, |  |  |  | Destroy
19105,Dwarf remains,Destroy, |  |  |  | Destroy
19106,Dwarf remains,Destroy, |  |  |  | Destroy
19107,Dwarf remains,Destroy, |  |  |  | Destroy
19108,Dwarf remains,Destroy, |  |  |  | Destroy
19109,Dwarf remains,Destroy, |  |  |  | Destroy
19110,Dwarf remains,Destroy, |  |  |  | Destroy
19111,Dwarf remains,Destroy, |  |  |  | Destroy
19112,Dwarf remains,Destroy, |  |  |  | Destroy
19113,Dwarf remains,Destroy, |  |  |  | Destroy
19114,Dwarf remains,Destroy, |  |  |  | Destroy
19115,Dwarf remains,Destroy, |  |  |  | Destroy
19116,Dwarf remains,Destroy, |  |  |  | Destroy
19117,Dwarf remains,Destroy, |  |  |  | Destroy
19118,Dwarf remains,Destroy, |  |  |  | Destroy
19119,Dwarf remains,Destroy, |  |  |  | Destroy
19120,Dwarf remains,Destroy, |  |  |  | Destroy
19121,Dwarf remains,Destroy, |  |  |  | Destroy
19122,Dwarf remains,Destroy, |  |  |  | Destroy
19123,Dwarf remains,Destroy, |  |  |  | Destroy
19124,Dwarf remains,Destroy, |  |  |  | Destroy
19125,Dwarf remains,Destroy, |  |  |  | Destroy
19126,Dwarf remains,Destroy, |  |  |  | Destroy
19127,Dwarf remains,Destroy, |  |  |  | Destroy
19128,Dwarf remains,Destroy, |  |  |  | Destroy
19129,Dwarf remains,Destroy, |  |  |  | Destroy
19130,Dwarf remains,Destroy, |  |  |  | Destroy
19131,Dwarf remains,Destroy, |  |  |  | Destroy
19132,Dwarf remains,Destroy, |  |  |  | Destroy
19133,Dwarf remains,Destroy, |  |  |  | Destroy
19134,Dwarf remains,Destroy, |  |  |  | Destroy
19135,Dwarf remains,Destroy, |  |  |  | Destroy
19136,Dwarf remains,Destroy, |  |  |  | Destroy
19137,Dwarf remains,Destroy, |  |  |  | Destroy
19138,Dwarf remains,Destroy, |  |  |  | Destroy
19139,Dwarf remains,Destroy, |  |  |  | Destroy
19140,Dwarf remains,Destroy, |  |  |  | Destroy
19141,Dwarf remains,Destroy, |  |  |  | Destroy
19142,Dwarf remains,Destroy, |  |  |  | Destroy
19143,Dwarf remains,Destroy, |  |  |  | Destroy
19144,Dwarf remains,Destroy, |  |  |  | Destroy
19145,Dwarf remains,Destroy, |  |  |  | Destroy
19146,Dwarf remains,Destroy, |  |  |  | Destroy
19147,Dwarf remains,Destroy, |  |  |  | Destroy
19148,Dwarf remains,Destroy, |  |  |  | Destroy
19149,Dwarf remains,Destroy, |  |  |  | Destroy
19150,Dwarf remains,Destroy, |  |  |  | Destroy
19151,Dwarf remains,Destroy, |  |  |  | Destroy
19152,Dwarf remains,Destroy, |  |  |  | Destroy
19153,Dwarf remains,Destroy, |  |  |  | Destroy
19154,Dwarf remains,Destroy, |  |  |  | Destroy
19155,Dwarf remains,Destroy, |  |  |  | Destroy
19156,Dwarf remains,Destroy, |  |  |  | Destroy
19157,Dwarf remains,Destroy, |  |  |  | Destroy
19158,Dwarf remains,Destroy, |  |  |  | Destroy
19159,Dwarf remains,Destroy, |  |  |  | Destroy
19160,Dwarf remains,Destroy, |  |  |  | Destroy
19161,Dwarf remains,Destroy, |  |  |  | Destroy
19162,Dwarf remains,Destroy, |  |  |  | Destroy
19163,Dwarf remains,Destroy, |  |  |  | Destroy
19164,Dwarf remains,Destroy, |  |  |  | Destroy
19165,Dwarf remains,Destroy, |  |  |  | Destroy
19166,Dwarf remains,Destroy, |  |  |  | Destroy
19167,Dwarf remains,Destroy, |  |  |  | Destroy
19168,Dwarf remains,Destroy, |  |  |  | Destroy
19169,Dwarf remains,Destroy, |  |  |  | Destroy
19170,Dwarf remains,Destroy, |  |  |  | Destroy
19171,Dwarf remains,Destroy, |  |  |  | Destroy
19172,Dwarf remains,Destroy, |  |  |  | Destroy
19173,Dwarf remains,Destroy, |  |  |  | Destroy
19174,Dwarf remains,Destroy, |  |  |  | Destroy
19175,Dwarf remains,Destroy, |  |  |  | Destroy
19176,Dwarf remains,Destroy, |  |  |  | Destroy
19177,Dwarf remains,Destroy, |  |  |  | Destroy
19178,Dwarf remains,Destroy, |  |  |  | Destroy
19179,Dwarf remains,Destroy, |  |  |  | Destroy
19180,Dwarf remains,Destroy, |  |  |  | Destroy
19181,Dwarf remains,Destroy, |  |  |  | Destroy
19182,Dwarf remains,Destroy, |  |  |  | Destroy
19183,Dwarf remains,Destroy, |  |  |  | Destroy
19184,Dwarf remains,Destroy, |  |  |  | Destroy
19185,Dwarf remains,Destroy, |  |  |  | Destroy
19186,Dwarf remains,Destroy, |  |  |  | Destroy
19187,Dwarf remains,Destroy, |  |  |  | Destroy
19188,Dwarf remains,Destroy, |  |  |  | Destroy
19189,Dwarf remains,Destroy, |  |  |  | Destroy
19190,Dwarf remains,Destroy, |  |  |  | Destroy
19191,Dwarf remains,Destroy, |  |  |  | Destroy
19192,Dwarf remains,Destroy, |  |  |  | Destroy
19193,Dwarf remains,Destroy, |  |  |  | Destroy
19194,Dwarf remains,Destroy, |  |  |  | Destroy
19195,Dwarf remains,Destroy, |  |  |  | Destroy
19196,Dwarf remains,Destroy, |  |  |  | Destroy
19197,Dwarf remains,Destroy, |  |  |  | Destroy
19198,Dwarf remains,Destroy, |  |  |  | Destroy
19199,Dwarf remains,Destroy, |  |  |  | Destroy
19200,Dwarf remains,Destroy, |  |  |  | Destroy
19201,Dwarf remains,Destroy, |  |  |  | Destroy
19202,Dwarf remains,Destroy, |  |  |  | Destroy
19203,Dwarf remains,Destroy, |  |  |  | Destroy
19204,Dwarf remains,Destroy, |  |  |  | Destroy
19206,Dwarf remains,Destroy, |  |  |  | Destroy
19207,Dwarf remains,Destroy, |  |  |  | Destroy
19208,Dwarf remains,Destroy, |  |  |  | Destroy
19209,Dwarf remains,Destroy, |  |  |  | Destroy
19210,Dwarf remains,Destroy, |  |  |  | Destroy
19211,Dwarf remains,Destroy, |  |  |  | Destroy
19212,Dwarf remains,Destroy, |  |  |  | Destroy
19213,Dwarf remains,Destroy, |  |  |  | Destroy
19214,Dwarf remains,Destroy, |  |  |  | Destroy
19215,Dwarf remains,Destroy, |  |  |  | Destroy
19216,Dwarf remains,Destroy, |  |  |  | Destroy
19217,Dwarf remains,Destroy, |  |  |  | Destroy
19218,Dwarf remains,Destroy, |  |  |  | Destroy
19219,Dwarf remains,Destroy, |  |  |  | Destroy
19220,Dwarf remains,Destroy, |  |  |  | Destroy
19221,Dwarf remains,Destroy, |  |  |  | Destroy
19222,Dwarf remains,Destroy, |  |  |  | Destroy
19223,Dwarf remains,Destroy, |  |  |  | Destroy
19224,Dwarf remains,Destroy, |  |  |  | Destroy
19225,Dwarf remains,Destroy, |  |  |  | Destroy
19226,Dwarf remains,Destroy, |  |  |  | Destroy
19227,Dwarf remains,Destroy, |  |  |  | Destroy
19228,Dwarf remains,Destroy, |  |  |  | Destroy
19229,Dwarf remains,Destroy, |  |  |  | Destroy
19230,Dwarf remains,Destroy, |  |  |  | Destroy
19231,Dwarf remains,Destroy, |  |  |  | Destroy
19232,Dwarf remains,Destroy, |  |  |  | Destroy
19236,Dwarf remains,Destroy, |  |  |  | Destroy
19237,Dwarf remains,Destroy, |  |  |  | Destroy
19238,Dwarf remains,Destroy, |  |  |  | Destroy
19239,Dwarf remains,Destroy, |  |  |  | Destroy
19241,Dwarf remains,Destroy, |  |  |  | Destroy
19242,Dwarf remains,Destroy, |  |  |  | Destroy
19243,Dwarf remains,Destroy, |  |  |  | Destroy
19244,Dwarf remains,Destroy, |  |  |  | Destroy
19245,Dwarf remains,Destroy, |  |  |  | Destroy
19246,Dwarf remains,Destroy, |  |  |  | Destroy
19247,Dwarf remains,Destroy, |  |  |  | Destroy
19248,Dwarf remains,Destroy, |  |  |  | Destroy
19249,Dwarf remains,Destroy, |  |  |  | Destroy
19250,Dwarf remains,Destroy, |  |  |  | Destroy
19251,Dwarf remains,Destroy, |  |  |  | Destroy
19252,Dwarf remains,Destroy, |  |  |  | Destroy
19253,Dwarf remains,Destroy, |  |  |  | Destroy
19254,Dwarf remains,Destroy, |  |  |  | Destroy
19255,Dwarf remains,Destroy, |  |  |  | Destroy
19256,Dwarf remains,Destroy, |  |  |  | Destroy
19257,Dwarf remains,Destroy, |  |  |  | Destroy
19258,Dwarf remains,Destroy, |  |  |  | Destroy
19259,Dwarf remains,Destroy, |  |  |  | Destroy
19260,Dwarf remains,Destroy, |  |  |  | Destroy
19261,Dwarf remains,Destroy, |  |  |  | Destroy
19262,Dwarf remains,Destroy, |  |  |  | Destroy
19263,Dwarf remains,Destroy, |  |  |  | Destroy
19264,Dwarf remains,Destroy, |  |  |  | Destroy
19265,Dwarf remains,Destroy, |  |  |  | Destroy
19266,Dwarf remains,Destroy, |  |  |  | Destroy
19267,Dwarf remains,Destroy, |  |  |  | Destroy
19268,Dwarf remains,Destroy, |  |  |  | Destroy
19269,Dwarf remains,Destroy, |  |  |  | Destroy
19270,Dwarf remains,Destroy, |  |  |  | Destroy
19271,Dwarf remains,Destroy, |  |  |  | Destroy
19272,Dwarf remains,Destroy, |  |  |  | Destroy
19273,Dwarf remains,Destroy, |  |  |  | Destroy
19274,Dwarf remains,Destroy, |  |  |  | Destroy
19275,Dwarf remains,Destroy, |  |  |  | Destroy
19276,Dwarf remains,Destroy, |  |  |  | Destroy
19277,Dwarf remains,Destroy, |  |  |  | Destroy
19278,Dwarf remains,Destroy, |  |  |  | Destroy
19279,Dwarf remains,Destroy, |  |  |  | Destroy
19280,Dwarf remains,Destroy, |  |  |  | Destroy
19281,Dwarf remains,Destroy, |  |  |  | Destroy
19282,Dwarf remains,Destroy, |  |  |  | Destroy
19283,Dwarf remains,Destroy, |  |  |  | Destroy
19284,Dwarf remains,Destroy, |  |  |  | Destroy
19285,Dwarf remains,Destroy, |  |  |  | Destroy
19286,Dwarf remains,Destroy, |  |  |  | Destroy
19287,Dwarf remains,Destroy, |  |  |  | Destroy
19288,Dwarf remains,Destroy, |  |  |  | Destroy
19289,Dwarf remains,Destroy, |  |  |  | Destroy
19290,Dwarf remains,Destroy, |  |  |  | Destroy
19291,Dwarf remains,Destroy, |  |  |  | Destroy
19292,Dwarf remains,Destroy, |  |  |  | Destroy
19293,Dwarf remains,Destroy, |  |  |  | Destroy
19294,Dwarf remains,Destroy, |  |  |  | Destroy
19295,Dwarf remains,Destroy, |  |  |  | Destroy
19296,Dwarf remains,Destroy, |  |  |  | Destroy
19297,Dwarf remains,Destroy, |  |  |  | Destroy
19298,Dwarf remains,Destroy, |  |  |  | Destroy
19299,Dwarf remains,Destroy, |  |  |  | Destroy
19306,Dwarf remains,Destroy, |  |  |  | Destroy
19307,Dwarf remains,Destroy, |  |  |  | Destroy
19308,Dwarf remains,Destroy, |  |  |  | Destroy
19309,Dwarf remains,Destroy, |  |  |  | Destroy
19310,Dwarf remains,Destroy, |  |  |  | Destroy
19311,Dwarf remains,Destroy, |  |  |  | Destroy
19312,Dwarf remains,Destroy, |  |  |  | Destroy
19313,Dwarf remains,Destroy, |  |  |  | Destroy
19314,Dwarf remains,Destroy, |  |  |  | Destroy
19315,Dwarf remains,Destroy, |  |  |  | Destroy
19316,Dwarf remains,Destroy, |  |  |  | Destroy
19317,Dwarf remains,Destroy, |  |  |  | Destroy
19318,Dwarf remains,Destroy, |  |  |  | Destroy
19319,Dwarf remains,Destroy, |  |  |  | Destroy
19320,Dwarf remains,Destroy, |  |  |  | Destroy
19321,Dwarf remains,Destroy, |  |  |  | Destroy
19322,Dwarf remains,Destroy, |  |  |  | Destroy
19324,Dwarf remains,Destroy, |  |  |  | Destroy
19325,Dwarf remains,Destroy, |  |  |  | Destroy
19326,Dwarf remains,Destroy, |  |  |  | Destroy
19327,Dwarf remains,Destroy, |  |  |  | Destroy
19328,Dwarf remains,Destroy, |  |  |  | Destroy
19329,Dwarf remains,Destroy, |  |  |  | Destroy
19330,Dwarf remains,Destroy, |  |  |  | Destroy
19331,Dwarf remains,Destroy, |  |  |  | Destroy
19332,Dwarf remains,Destroy, |  |  |  | Destroy
19333,Dwarf remains,Destroy, |  |  |  | Destroy
19334,Dwarf remains,Destroy, |  |  |  | Destroy
19336,Dwarf remains,Destroy, |  |  |  | Destroy
19337,Dwarf remains,Destroy, |  |  |  | Destroy
19338,Dwarf remains,Destroy, |  |  |  | Destroy
19339,Dwarf remains,Destroy, |  |  |  | Destroy
19340,Dwarf remains,Destroy, |  |  |  | Destroy
19341,Dwarf remains,Destroy, |  |  |  | Destroy
19342,Dwarf remains,Destroy, |  |  |  | Destroy
19343,Dwarf remains,Destroy, |  |  |  | Destroy
19344,Dwarf remains,Destroy, |  |  |  | Destroy
19345,Dwarf remains,Destroy, |  |  |  | Destroy
19346,Dwarf remains,Destroy, |  |  |  | Destroy
19347,Dwarf remains,Destroy, |  |  |  | Destroy
19348,Dwarf remains,Destroy, |  |  |  | Destroy
19349,Dwarf remains,Destroy, |  |  |  | Destroy
19350,Dwarf remains,Destroy, |  |  |  | Destroy
19351,Dwarf remains,Destroy, |  |  |  | Destroy
19352,Dwarf remains,Destroy, |  |  |  | Destroy
19353,Dwarf remains,Destroy, |  |  |  | Destroy
19354,Dwarf remains,Destroy, |  |  |  | Destroy
19355,Dwarf remains,Destroy, |  |  |  | Destroy
19356,Dwarf remains,Destroy, |  |  |  | Destroy
19357,Dwarf remains,Destroy, |  |  |  | Destroy
19358,Dwarf remains,Destroy, |  |  |  | Destroy
19359,Dwarf remains,Destroy, |  |  |  | Destroy
19360,Dwarf remains,Destroy, |  |  |  | Destroy
19361,Dwarf remains,Destroy, |  |  |  | Destroy
19362,Dwarf remains,Destroy, |  |  |  | Destroy
19363,Dwarf remains,Destroy, |  |  |  | Destroy
19364,Dwarf remains,Destroy, |  |  |  | Destroy
19365,Dwarf remains,Destroy, |  |  |  | Destroy
19366,Dwarf remains,Destroy, |  |  |  | Destroy
19367,Dwarf remains,Destroy, |  |  |  | Destroy
19368,Dwarf remains,Destroy, |  |  |  | Destroy
19369,Dwarf remains,Destroy, |  |  |  | Destroy
19370,Dwarf remains,Destroy, |  |  |  | Destroy
19371,Dwarf remains,Destroy, |  |  |  | Destroy
19372,Dwarf remains,Destroy, |  |  |  | Destroy
19373,Dwarf remains,Destroy, |  |  |  | Destroy
19374,Dwarf remains,Destroy, |  |  |  | Destroy
19375,Dwarf remains,Destroy, |  |  |  | Destroy
19376,Dwarf remains,Destroy, |  |  |  | Destroy
19377,Dwarf remains,Destroy, |  |  |  | Destroy
19378,Dwarf remains,Destroy, |  |  |  | Destroy
19379,Dwarf remains,Destroy, |  |  |  | Destroy
19380,Dwarf remains,Destroy, |  |  |  | Destroy
19383,Dwarf remains,Destroy, |  |  |  | Destroy
19384,Dwarf remains,Destroy, |  |  |  | Destroy
19385,Dwarf remains,Destroy, |  |  |  | Destroy
19386,Dwarf remains,Destroy, |  |  |  | Destroy
19387,Dwarf remains,Destroy, |  |  |  | Destroy
19388,Dwarf remains,Destroy, |  |  |  | Destroy
19389,Dwarf remains,Destroy, |  |  |  | Destroy
19390,Dwarf remains,Destroy, |  |  |  | Destroy
19391,Dwarf remains,Destroy, |  |  |  | Destroy
19392,Dwarf remains,Destroy, |  |  |  | Destroy
19393,Dwarf remains,Destroy, |  |  |  | Destroy
19394,Dwarf remains,Destroy, |  |  |  | Destroy
19395,Dwarf remains,Destroy, |  |  |  | Destroy
19396,Dwarf remains,Destroy, |  |  |  | Destroy
19397,Dwarf remains,Destroy, |  |  |  | Destroy
19398,Dwarf remains,Destroy, |  |  |  | Destroy
19399,Dwarf remains,Destroy, |  |  |  | Destroy
19400,Dwarf remains,Destroy, |  |  |  | Destroy
19401,Dwarf remains,Destroy, |  |  |  | Destroy
19402,Dwarf remains,Destroy, |  |  |  | Destroy
19403,Dwarf remains,Destroy, |  |  |  | Destroy
19404,Dwarf remains,Destroy, |  |  |  | Destroy
19405,Dwarf remains,Destroy, |  |  |  | Destroy
19406,Dwarf remains,Destroy, |  |  |  | Destroy
19407,Dwarf remains,Destroy, |  |  |  | Destroy
19408,Dwarf remains,Destroy, |  |  |  | Destroy
19409,Dwarf remains,Destroy, |  |  |  | Destroy
19410,Dwarf remains,Destroy, |  |  |  | Destroy
19411,Dwarf remains,Destroy, |  |  |  | Destroy
19412,Dwarf remains,Destroy, |  |  |  | Destroy
19413,Dwarf remains,Destroy, |  |  |  | Destroy
19414,Dwarf remains,Destroy, |  |  |  | Destroy
19415,Dwarf remains,Destroy, |  |  |  | Destroy
19416,Dwarf remains,Destroy, |  |  |  | Destroy
19417,Dwarf remains,Destroy, |  |  |  | Destroy
19418,Dwarf remains,Destroy, |  |  |  | Destroy
19419,Dwarf remains,Destroy, |  |  |  | Destroy
19420,Dwarf remains,Destroy, |  |  |  | Destroy
19421,Dwarf remains,Destroy, |  |  |  | Destroy
19422,Dwarf remains,Destroy, |  |  |  | Destroy
19423,Dwarf remains,Destroy, |  |  |  | Destroy
19424,Dwarf remains,Destroy, |  |  |  | Destroy
19425,Dwarf remains,Destroy, |  |  |  | Destroy
19426,Dwarf remains,Destroy, |  |  |  | Destroy
19427,Dwarf remains,Destroy, |  |  |  | Destroy
19428,Dwarf remains,Destroy, |  |  |  | Destroy
19429,Dwarf remains,Destroy, |  |  |  | Destroy
19430,Dwarf remains,Destroy, |  |  |  | Destroy
19431,Dwarf remains,Destroy, |  |  |  | Destroy
19432,Dwarf remains,Destroy, |  |  |  | Destroy
19436,Dwarf remains,Destroy, |  |  |  | Destroy
19437,Dwarf remains,Destroy, |  |  |  | Destroy
19438,Dwarf remains,Destroy, |  |  |  | Destroy
19439,Dwarf remains,Destroy, |  |  |  | Destroy
19440,Dwarf remains,Destroy, |  |  |  | Destroy
19441,Dwarf remains,Destroy, |  |  |  | Destroy
19442,Dwarf remains,Destroy, |  |  |  | Destroy
19443,Dwarf remains,Destroy, |  |  |  | Destroy
19444,Dwarf remains,Destroy, |  |  |  | Destroy
19445,Dwarf remains,Destroy, |  |  |  | Destroy
19446,Dwarf remains,Destroy, |  |  |  | Destroy
19447,Dwarf remains,Destroy, |  |  |  | Destroy
19448,Dwarf remains,Destroy, |  |  |  | Destroy
19449,Dwarf remains,Destroy, |  |  |  | Destroy
19450,Dwarf remains,Destroy, |  |  |  | Destroy
19451,Dwarf remains,Destroy, |  |  |  | Destroy
19452,Dwarf remains,Destroy, |  |  |  | Destroy
19453,Dwarf remains,Destroy, |  |  |  | Destroy
19454,Dwarf remains,Destroy, |  |  |  | Destroy
19455,Dwarf remains,Destroy, |  |  |  | Destroy
19456,Dwarf remains,Destroy, |  |  |  | Destroy
19457,Dwarf remains,Destroy, |  |  |  | Destroy
19458,Dwarf remains,Destroy, |  |  |  | Destroy
19459,Dwarf remains,Destroy, |  |  |  | Destroy
19460,Dwarf remains,Destroy, |  |  |  | Destroy
19461,Dwarf remains,Destroy, |  |  |  | Destroy
19462,Dwarf remains,Destroy, |  |  |  | Destroy
19463,Dwarf remains,Destroy, |  |  |  | Destroy
19464,Dwarf remains,Destroy, |  |  |  | Destroy
19465,Dwarf remains,Destroy, |  |  |  | Destroy
19466,Dwarf remains,Destroy, |  |  |  | Destroy
19467,Dwarf remains,Destroy, |  |  |  | Destroy
19468,Dwarf remains,Destroy, |  |  |  | Destroy
19469,Dwarf remains,Destroy, |  |  |  | Destroy
19470,Dwarf remains,Destroy, |  |  |  | Destroy
19471,Dwarf remains,Destroy, |  |  |  | Destroy
19472,Dwarf remains,Destroy, |  |  |  | Destroy
19473,Dwarf remains,Destroy, |  |  |  | Destroy
19474,Dwarf remains,Destroy, |  |  |  | Destroy
19475,Dwarf remains,Destroy, |  |  |  | Destroy
19476,Dwarf remains,Destroy, |  |  |  | Destroy
19477,Dwarf remains,Destroy, |  |  |  | Destroy
19478,Dwarf remains,Destroy, |  |  |  | Destroy
19479,Dwarf remains,Destroy, |  |  |  | Destroy
19480,Dwarf remains,Destroy, |  |  |  | Destroy
19481,Dwarf remains,Destroy, |  |  |  | Destroy
19482,Dwarf remains,Destroy, |  |  |  | Destroy
19483,Dwarf remains,Destroy, |  |  |  | Destroy
19485,Dwarf remains,Destroy, |  |  |  | Destroy
19486,Dwarf remains,Destroy, |  |  |  | Destroy
19487,Dwarf remains,Destroy, |  |  |  | Destroy
19488,Dwarf remains,Destroy, |  |  |  | Destroy
19489,Dwarf remains,Destroy, |  |  |  | Destroy
19490,Dwarf remains,Destroy, |  |  |  | Destroy
19491,Dwarf remains,Destroy, |  |  |  | Destroy
19492,Dwarf remains,Destroy, |  |  |  | Destroy
19493,Dwarf remains,Destroy, |  |  |  | Destroy
19494,Dwarf remains,Destroy, |  |  |  | Destroy
19495,Dwarf remains,Destroy, |  |  |  | Destroy
19496,Dwarf remains,Destroy, |  |  |  | Destroy
19497,Dwarf remains,Destroy, |  |  |  | Destroy
19498,Dwarf remains,Destroy, |  |  |  | Destroy
19499,Dwarf remains,Destroy, |  |  |  | Destroy
19500,Dwarf remains,Destroy, |  |  |  | Destroy
19501,Dwarf remains,Destroy, |  |  |  | Destroy
19502,Dwarf remains,Destroy, |  |  |  | Destroy
19503,Dwarf remains,Destroy, |  |  |  | Destroy
19504,Dwarf remains,Destroy, |  |  |  | Destroy
19505,Dwarf remains,Destroy, |  |  |  | Destroy
19506,Dwarf remains,Destroy, |  |  |  | Destroy
19507,Dwarf remains,Destroy, |  |  |  | Destroy
19508,Dwarf remains,Destroy, |  |  |  | Destroy
19509,Dwarf remains,Destroy, |  |  |  | Destroy
19510,Dwarf remains,Destroy, |  |  |  | Destroy
19511,Dwarf remains,Destroy, |  |  |  | Destroy
19512,Dwarf remains,Destroy, |  |  |  | Destroy
19513,Dwarf remains,Destroy, |  |  |  | Destroy
19514,Dwarf remains,Destroy, |  |  |  | Destroy
19515,Dwarf remains,Destroy, |  |  |  | Destroy
19516,Dwarf remains,Destroy, |  |  |  | Destroy
19517,Dwarf remains,Destroy, |  |  |  | Destroy
19518,Dwarf remains,Destroy, |  |  |  | Destroy
19519,Dwarf remains,Destroy, |  |  |  | Destroy
19520,Dwarf remains,Destroy, |  |  |  | Destroy
19521,Dwarf remains,Destroy, |  |  |  | Destroy
19522,Dwarf remains,Destroy, |  |  |  | Destroy
19523,Dwarf remains,Destroy, |  |  |  | Destroy
19524,Dwarf remains,Destroy, |  |  |  | Destroy
19525,Dwarf remains,Destroy, |  |  |  | Destroy
19526,Dwarf remains,Destroy, |  |  |  | Destroy
19527,Dwarf remains,Destroy, |  |  |  | Destroy
19528,Dwarf remains,Destroy, |  |  |  | Destroy
19529,Dwarf remains,Destroy, |  |  |  | Destroy
19530,Dwarf remains,Destroy, |  |  |  | Destroy
19531,Dwarf remains,Destroy, |  |  |  | Destroy
19532,Dwarf remains,Destroy, |  |  |  | Destroy
19533,Dwarf remains,Destroy, |  |  |  | Destroy
19534,Dwarf remains,Destroy, |  |  |  | Destroy
19535,Dwarf remains,Destroy, |  |  |  | Destroy
19536,Dwarf remains,Destroy, |  |  |  | Destroy
19537,Dwarf remains,Destroy, |  |  |  | Destroy
19538,Dwarf remains,Destroy, |  |  |  | Destroy
19539,Dwarf remains,Destroy, |  |  |  | Destroy
19540,Dwarf remains,Destroy, |  |  |  | Destroy
19541,Dwarf remains,Destroy, |  |  |  | Destroy
19542,Dwarf remains,Destroy, |  |  |  | Destroy
19543,Dwarf remains,Destroy, |  |  |  | Destroy
19545,Dwarf remains,Destroy, |  |  |  | Destroy
19546,Dwarf remains,Destroy, |  |  |  | Destroy
19550,Dwarf remains,Destroy, |  |  |  | Destroy
19551,Dwarf remains,Destroy, |  |  |  | Destroy
19552,Dwarf remains,Destroy, |  |  |  | Destroy
19556,Dwarf remains,Destroy, |  |  |  | Destroy
19557,Dwarf remains,Destroy, |  |  |  | Destroy
19558,Dwarf remains,Destroy, |  |  |  | Destroy
19559,Dwarf remains,Destroy, |  |  |  | Destroy
19560,Dwarf remains,Destroy, |  |  |  | Destroy
19561,Dwarf remains,Destroy, |  |  |  | Destroy
19562,Dwarf remains,Destroy, |  |  |  | Destroy
19563,Dwarf remains,Destroy, |  |  |  | Destroy
19564,Dwarf remains,Destroy, |  |  |  | Destroy
19565,Dwarf remains,Destroy, |  |  |  | Destroy
19566,Dwarf remains,Destroy, |  |  |  | Destroy
19567,Dwarf remains,Destroy, |  |  |  | Destroy
19568,Dwarf remains,Destroy, |  |  |  | Destroy
19569,Dwarf remains,Destroy, |  |  |  | Destroy
19570,Dwarf remains,Destroy, |  |  |  | Destroy
19571,Dwarf remains,Destroy, |  |  |  | Destroy
19572,Dwarf remains,Destroy, |  |  |  | Destroy
19573,Dwarf remains,Destroy, |  |  |  | Destroy
19574,Dwarf remains,Destroy, |  |  |  | Destroy
19575,Dwarf remains,Destroy, |  |  |  | Destroy
19576,Dwarf remains,Destroy, |  |  |  | Destroy
19577,Dwarf remains,Destroy, |  |  |  | Destroy
19578,Dwarf remains,Destroy, |  |  |  | Destroy
19579,Dwarf remains,Destroy, |  |  |  | Destroy
19580,Dwarf remains,Destroy, |  |  |  | Destroy
19581,Dwarf remains,Destroy, |  |  |  | Destroy
19582,Dwarf remains,Destroy, |  |  |  | Destroy
19583,Dwarf remains,Destroy, |  |  |  | Destroy
19584,Dwarf remains,Destroy, |  |  |  | Destroy
19585,Dwarf remains,Destroy, |  |  |  | Destroy
19586,Dwarf remains,Destroy, |  |  |  | Destroy
19587,Dwarf remains,Destroy, |  |  |  | Destroy
19588,Dwarf remains,Destroy, |  |  |  | Destroy
19589,Dwarf remains,Destroy, |  |  |  | Destroy
19590,Dwarf remains,Destroy, |  |  |  | Destroy
19591,Dwarf remains,Destroy, |  |  |  | Destroy
19592,Dwarf remains,Destroy, |  |  |  | Destroy
19593,Dwarf remains,Destroy, |  |  |  | Destroy
19594,Dwarf remains,Destroy, |  |  |  | Destroy
19595,Dwarf remains,Destroy, |  |  |  | Destroy
19596,Dwarf remains,Destroy, |  |  |  | Destroy
19597,Dwarf remains,Destroy, |  |  |  | Destroy
19598,Dwarf remains,Destroy, |  |  |  | Destroy
19599,Dwarf remains,Destroy, |  |  |  | Destroy
19600,Dwarf remains,Destroy, |  |  |  | Destroy
19601,Dwarf remains,Destroy, |  |  |  | Destroy
19602,Dwarf remains,Destroy, |  |  |  | Destroy
19603,Dwarf remains,Destroy, |  |  |  | Destroy
19604,Dwarf remains,Destroy, |  |  |  | Destroy
19605,Dwarf remains,Destroy, |  |  |  | Destroy
19606,Dwarf remains,Destroy, |  |  |  | Destroy
19607,Dwarf remains,Destroy, |  |  |  | Destroy
19608,Dwarf remains,Destroy, |  |  |  | Destroy
19609,Dwarf remains,Destroy, |  |  |  | Destroy
19610,Dwarf remains,Destroy, |  |  |  | Destroy
19611,Dwarf remains,Destroy, |  |  |  | Destroy
19612,Dwarf remains,Destroy, |  |  |  | Destroy
19613,Dwarf remains,Destroy, |  |  |  | Destroy
19614,Dwarf remains,Destroy, |  |  |  | Destroy
19615,Dwarf remains,Destroy, |  |  |  | Destroy
19616,Dwarf remains,Destroy, |  |  |  | Destroy
19617,Dwarf remains,Destroy, |  |  |  | Destroy
19618,Dwarf remains,Destroy, |  |  |  | Destroy
19619,Dwarf remains,Destroy, |  |  |  | Destroy
19620,Dwarf remains,Destroy, |  |  |  | Destroy
19621,Dwarf remains,Destroy, |  |  |  | Destroy
19622,Dwarf remains,Destroy, |  |  |  | Destroy
19623,Dwarf remains,Destroy, |  |  |  | Destroy
19624,Dwarf remains,Destroy, |  |  |  | Destroy
19625,Dwarf remains,Destroy, |  |  |  | Destroy
19626,Dwarf remains,Destroy, |  |  |  | Destroy
19627,Dwarf remains,Destroy, |  |  |  | Destroy
19628,Dwarf remains,Destroy, |  |  |  | Destroy
19629,Dwarf remains,Destroy, |  |  |  | Destroy
19630,Dwarf remains,Destroy, |  |  |  | Destroy
19631,Dwarf remains,Destroy, |  |  |  | Destroy
19632,Dwarf remains,Destroy, |  |  |  | Destroy
19633,Dwarf remains,Destroy, |  |  |  | Destroy
19634,Dwarf remains,Destroy, |  |  |  | Destroy
19635,Dwarf remains,Destroy, |  |  |  | Destroy
19636,Dwarf remains,Destroy, |  |  |  | Destroy
19637,Dwarf remains,Destroy, |  |  |  | Destroy
19638,Dwarf remains,Destroy, |  |  |  | Destroy
19639,Dwarf remains,Destroy, |  |  |  | Destroy
19640,Dwarf remains,Destroy, |  |  |  | Destroy
19641,Dwarf remains,Destroy, |  |  |  | Destroy
19642,Dwarf remains,Destroy, |  |  |  | Destroy
19643,Dwarf remains,Destroy, |  |  |  | Destroy
19644,Dwarf remains,Destroy, |  |  |  | Destroy
19645,Dwarf remains,Destroy, |  |  |  | Destroy
19646,Dwarf remains,Destroy, |  |  |  | Destroy
19647,Dwarf remains,Destroy, |  |  |  | Destroy
19648,Dwarf remains,Destroy, |  |  |  | Destroy
19649,Dwarf remains,Destroy, |  |  |  | Destroy
19650,Dwarf remains,Destroy, |  |  |  | Destroy
19651,Dwarf remains,Destroy, |  |  |  | Destroy
19652,Dwarf remains,Destroy, |  |  |  | Destroy
19653,Dwarf remains,Destroy, |  |  |  | Destroy
19654,Dwarf remains,Destroy, |  |  |  | Destroy
19655,Dwarf remains,Destroy, |  |  |  | Destroy
19656,Dwarf remains,Destroy, |  |  |  | Destroy
19657,Dwarf remains,Destroy, |  |  |  | Destroy
19658,Dwarf remains,Destroy, |  |  |  | Destroy
19659,Dwarf remains,Destroy, |  |  |  | Destroy
19660,Dwarf remains,Destroy, |  |  |  | Destroy
19661,Dwarf remains,Destroy, |  |  |  | Destroy
19662,Dwarf remains,Destroy, |  |  |  | Destroy
19663,Dwarf remains,Destroy, |  |  |  | Destroy
19664,Dwarf remains,Destroy, |  |  |  | Destroy
19665,Dwarf remains,Destroy, |  |  |  | Destroy
19666,Dwarf remains,Destroy, |  |  |  | Destroy
19667,Dwarf remains,Destroy, |  |  |  | Destroy
19668,Dwarf remains,Destroy, |  |  |  | Destroy
19671,Dwarf remains,Destroy, |  |  |  | Destroy
19672,Dwarf remains,Destroy, |  |  |  | Destroy
19673,Dwarf remains,Destroy, |  |  |  | Destroy
19674,Dwarf remains,Destroy, |  |  |  | Destroy
19675,Dwarf remains,Destroy, |  |  |  | Destroy
19676,Dwarf remains,Destroy, |  |  |  | Destroy
19677,Dwarf remains,Destroy, |  |  |  | Destroy
19678,Dwarf remains,Destroy, |  |  |  | Destroy
19679,Dwarf remains,Destroy, |  |  |  | Destroy
19680,Dwarf remains,Destroy, |  |  |  | Destroy
19681,Dwarf remains,Destroy, |  |  |  | Destroy
19682,Dwarf remains,Destroy, |  |  |  | Destroy
19683,Dwarf remains,Destroy, |  |  |  | Destroy
19684,Dwarf remains,Destroy, |  |  |  | Destroy
19686,Dwarf remains,Destroy, |  |  |  | Destroy
19687,Dwarf remains,Destroy, |  |  |  | Destroy
19688,Dwarf remains,Destroy, |  |  |  | Destroy
19689,Dwarf remains,Destroy, |  |  |  | Destroy
19690,Dwarf remains,Destroy, |  |  |  | Destroy
19691,Dwarf remains,Destroy, |  |  |  | Destroy
19692,Dwarf remains,Destroy, |  |  |  | Destroy
19693,Dwarf remains,Destroy, |  |  |  | Destroy
19694,Dwarf remains,Destroy, |  |  |  | Destroy
19695,Dwarf remains,Destroy, |  |  |  | Destroy
19696,Dwarf remains,Destroy, |  |  |  | Destroy
19697,Dwarf remains,Destroy, |  |  |  | Destroy
19698,Dwarf remains,Destroy, |  |  |  | Destroy
19699,Dwarf remains,Destroy, |  |  |  | Destroy
19700,Dwarf remains,Destroy, |  |  |  | Destroy
19701,Dwarf remains,Destroy, |  |  |  | Destroy
19702,Dwarf remains,Destroy, |  |  |  | Destroy
19703,Dwarf remains,Destroy, |  |  |  | Destroy
19704,Dwarf remains,Destroy, |  |  |  | Destroy
19705,Dwarf remains,Destroy, |  |  |  | Destroy
19706,Dwarf remains,Destroy, |  |  |  | Destroy
19707,Dwarf remains,Destroy, |  |  |  | Destroy
19708,Dwarf remains,Destroy, |  |  |  | Destroy
19709,Dwarf remains,Destroy, |  |  |  | Destroy
19711,Dwarf remains,Destroy, |  |  |  | Destroy
19713,Dwarf remains,Destroy, |  |  |  | Destroy
19714,Dwarf remains,Destroy, |  |  |  | Destroy
19715,Dwarf remains,Destroy, |  |  |  | Destroy
19716,Dwarf remains,Destroy, |  |  |  | Destroy
19717,Dwarf remains,Destroy, |  |  |  | Destroy
19718,Dwarf remains,Destroy, |  |  |  | Destroy
19719,Dwarf remains,Destroy, |  |  |  | Destroy
19721,Dwarf remains,Destroy, |  |  |  | Destroy
19722,Dwarf remains,Destroy, |  |  |  | Destroy
19723,Dwarf remains,Destroy, |  |  |  | Destroy
19724,Dwarf remains,Destroy, |  |  |  | Destroy
19725,Dwarf remains,Destroy, |  |  |  | Destroy
19726,Dwarf remains,Destroy, |  |  |  | Destroy
19727,Dwarf remains,Destroy, |  |  |  | Destroy
19728,Dwarf remains,Destroy, |  |  |  | Destroy
19729,Dwarf remains,Destroy, |  |  |  | Destroy
19730,Dwarf remains,Destroy, |  |  |  | Destroy
19731,Dwarf remains,Destroy, |  |  |  | Destroy
19732,Dwarf remains,Destroy, |  |  |  | Destroy
19733,Dwarf remains,Destroy, |  |  |  | Destroy
19734,Dwarf remains,Destroy, |  |  |  | Destroy
19735,Dwarf remains,Destroy, |  |  |  | Destroy
19736,Dwarf remains,Destroy, |  |  |  | Destroy
19737,Dwarf remains,Destroy, |  |  |  | Destroy
19738,Dwarf remains,Destroy, |  |  |  | Destroy
19739,Dwarf remains,Destroy, |  |  |  | Destroy
19740,Dwarf remains,Destroy, |  |  |  | Destroy
19741,Dwarf remains,Destroy, |  |  |  | Destroy
19742,Dwarf remains,Destroy, |  |  |  | Destroy
19743,Dwarf remains,Destroy, |  |  |  | Destroy
19744,Dwarf remains,Destroy, |  |  |  | Destroy
19745,Dwarf remains,Destroy, |  |  |  | Destroy
19746,Dwarf remains,Destroy, |  |  |  | Destroy
19747,Dwarf remains,Destroy, |  |  |  | Destroy
19748,Dwarf remains,Destroy, |  |  |  | Destroy
19749,Dwarf remains,Destroy, |  |  |  | Destroy
19750,Dwarf remains,Destroy, |  |  |  | Destroy
19751,Dwarf remains,Destroy, |  |  |  | Destroy
19752,Dwarf remains,Destroy, |  |  |  | Destroy
19753,Dwarf remains,Destroy, |  |  |  | Destroy
19754,Dwarf remains,Destroy, |  |  |  | Destroy
19755,Dwarf remains,Destroy, |  |  |  | Destroy
19756,Dwarf remains,Destroy, |  |  |  | Destroy
19757,Dwarf remains,Destroy, |  |  |  | Destroy
19758,Dwarf remains,Destroy, |  |  |  | Destroy
19759,Dwarf remains,Destroy, |  |  |  | Destroy
19760,Dwarf remains,Destroy, |  |  |  | Destroy
19761,Dwarf remains,Destroy, |  |  |  | Destroy
19762,Dwarf remains,Destroy, |  |  |  | Destroy
19763,Dwarf remains,Destroy, |  |  |  | Destroy
19764,Dwarf remains,Destroy, |  |  |  | Destroy
19765,Dwarf remains,Destroy, |  |  |  | Destroy
19766,Dwarf remains,Destroy, |  |  |  | Destroy
19767,Dwarf remains,Destroy, |  |  |  | Destroy
19768,Dwarf remains,Destroy, |  |  |  | Destroy
19769,Dwarf remains,Destroy, |  |  |  | Destroy
19770,Dwarf remains,Destroy, |  |  |  | Destroy
19771,Dwarf remains,Destroy, |  |  |  | Destroy
19772,Dwarf remains,Destroy, |  |  |  | Destroy
19773,Dwarf remains,Destroy, |  |  |  | Destroy
19774,Dwarf remains,Destroy, |  |  |  | Destroy
19775,Dwarf remains,Destroy, |  |  |  | Destroy
19776,Dwarf remains,Destroy, |  |  |  | Destroy
19777,Dwarf remains,Destroy, |  |  |  | Destroy
19778,Dwarf remains,Destroy, |  |  |  | Destroy
19779,Dwarf remains,Destroy, |  |  |  | Destroy
19780,Dwarf remains,Destroy, |  |  |  | Destroy
19781,Dwarf remains,Destroy, |  |  |  | Destroy
19782,Dwarf remains,Destroy, |  |  |  | Destroy
19783,Dwarf remains,Destroy, |  |  |  | Destroy
19784,Dwarf remains,Destroy, |  |  |  | Destroy
19785,Dwarf remains,Destroy, |  |  |  | Destroy
19786,Dwarf remains,Destroy, |  |  |  | Destroy
19787,Dwarf remains,Destroy, |  |  |  | Destroy
19788,Dwarf remains,Destroy, |  |  |  | Destroy
19789,Dwarf remains,Destroy, |  |  |  | Destroy
19790,Dwarf remains,Destroy, |  |  |  | Destroy
19791,Dwarf remains,Destroy, |  |  |  | Destroy
19792,Dwarf remains,Destroy, |  |  |  | Destroy
19793,Dwarf remains,Destroy, |  |  |  | Destroy
19794,Dwarf remains,Destroy, |  |  |  | Destroy
19795,Dwarf remains,Destroy, |  |  |  | Destroy
19796,Dwarf remains,Destroy, |  |  |  | Destroy
19797,Dwarf remains,Destroy, |  |  |  | Destroy
19798,Dwarf remains,Destroy, |  |  |  | Destroy
19799,Dwarf remains,Destroy, |  |  |  | Destroy
19800,Dwarf remains,Destroy, |  |  |  | Destroy
19801,Dwarf remains,Destroy, |  |  |  | Destroy
19802,Dwarf remains,Destroy, |  |  |  | Destroy
19803,Dwarf remains,Destroy, |  |  |  | Destroy
19804,Dwarf remains,Destroy, |  |  |  | Destroy
19805,Dwarf remains,Destroy, |  |  |  | Destroy
19806,Dwarf remains,Destroy, |  |  |  | Destroy
19807,Dwarf remains,Destroy, |  |  |  | Destroy
19808,Dwarf remains,Destroy, |  |  |  | Destroy
19809,Dwarf remains,Destroy, |  |  |  | Destroy
19810,Dwarf remains,Destroy, |  |  |  | Destroy
19811,Dwarf remains,Destroy, |  |  |  | Destroy
19812,Dwarf remains,Destroy, |  |  |  | Destroy
19813,Dwarf remains,Destroy, |  |  |  | Destroy
19814,Dwarf remains,Destroy, |  |  |  | Destroy
19815,Dwarf remains,Destroy, |  |  |  | Destroy
19816,Dwarf remains,Destroy, |  |  |  | Destroy
19817,Dwarf remains,Destroy, |  |  |  | Destroy
19818,Dwarf remains,Destroy, |  |  |  | Destroy
19819,Dwarf remains,Destroy, |  |  |  | Destroy
19820,Dwarf remains,Destroy, |  |  |  | Destroy
19821,Dwarf remains,Destroy, |  |  |  | Destroy
19822,Dwarf remains,Destroy, |  |  |  | Destroy
19823,Dwarf remains,Destroy, |  |  |  | Destroy
19824,Dwarf remains,Destroy, |  |  |  | Destroy
19825,Dwarf remains,Destroy, |  |  |  | Destroy
19826,Dwarf remains,Destroy, |  |  |  | Destroy
19827,Dwarf remains,Destroy, |  |  |  | Destroy
19828,Dwarf remains,Destroy, |  |  |  | Destroy
19829,Dwarf remains,Destroy, |  |  |  | Destroy
19830,Dwarf remains,Destroy, |  |  |  | Destroy
19831,Dwarf remains,Destroy, |  |  |  | Destroy
19832,Dwarf remains,Destroy, |  |  |  | Destroy
19833,Dwarf remains,Destroy, |  |  |  | Destroy
19834,Dwarf remains,Destroy, |  |  |  | Destroy
19835,Dwarf remains,Destroy, |  |  |  | Destroy
19836,Dwarf remains,Destroy, |  |  |  | Destroy
19837,Dwarf remains,Destroy, |  |  |  | Destroy
19838,Dwarf remains,Destroy, |  |  |  | Destroy
19839,Dwarf remains,Destroy, |  |  |  | Destroy
19840,Dwarf remains,Destroy, |  |  |  | Destroy
19841,Dwarf remains,Destroy, |  |  |  | Destroy
19842,Dwarf remains,Destroy, |  |  |  | Destroy
19843,Dwarf remains,Destroy, |  |  |  | Destroy
19844,Dwarf remains,Destroy, |  |  |  | Destroy
19845,Dwarf remains,Destroy, |  |  |  | Destroy
19846,Dwarf remains,Destroy, |  |  |  | Destroy
19847,Dwarf remains,Destroy, |  |  |  | Destroy
19848,Dwarf remains,Destroy, |  |  |  | Destroy
19849,Dwarf remains,Destroy, |  |  |  | Destroy
19850,Dwarf remains,Destroy, |  |  |  | Destroy
19851,Dwarf remains,Destroy, |  |  |  | Destroy
19852,Dwarf remains,Destroy, |  |  |  | Destroy
19853,Dwarf remains,Destroy, |  |  |  | Destroy
19854,Dwarf remains,Destroy, |  |  |  | Destroy
19855,Dwarf remains,Destroy, |  |  |  | Destroy
19856,Dwarf remains,Destroy, |  |  |  | Destroy
19857,Dwarf remains,Destroy, |  |  |  | Destroy
19858,Dwarf remains,Destroy, |  |  |  | Destroy
19859,Dwarf remains,Destroy, |  |  |  | Destroy
19860,Dwarf remains,Destroy, |  |  |  | Destroy
19861,Dwarf remains,Destroy, |  |  |  | Destroy
19862,Dwarf remains,Destroy, |  |  |  | Destroy
19863,Dwarf remains,Destroy, |  |  |  | Destroy
19864,Dwarf remains,Destroy, |  |  |  | Destroy
19865,Dwarf remains,Destroy, |  |  |  | Destroy
19866,Dwarf remains,Destroy, |  |  |  | Destroy
19867,Dwarf remains,Destroy, |  |  |  | Destroy
19868,Dwarf remains,Destroy, |  |  |  | Destroy
19869,Dwarf remains,Destroy, |  |  |  | Destroy
19870,Dwarf remains,Destroy, |  |  |  | Destroy
19871,Dwarf remains,Destroy, |  |  |  | Destroy
19872,Dwarf remains,Destroy, |  |  |  | Destroy
19873,Dwarf remains,Destroy, |  |  |  | Destroy
19874,Dwarf remains,Destroy, |  |  |  | Destroy
19875,Dwarf remains,Destroy, |  |  |  | Destroy
19876,Dwarf remains,Destroy, |  |  |  | Destroy
19877,Dwarf remains,Destroy, |  |  |  | Destroy
19878,Dwarf remains,Destroy, |  |  |  | Destroy
19879,Dwarf remains,Destroy, |  |  |  | Destroy
19880,Dwarf remains,Destroy, |  |  |  | Destroy
19881,Dwarf remains,Destroy, |  |  |  | Destroy
19882,Dwarf remains,Destroy, |  |  |  | Destroy
19883,Dwarf remains,Destroy, |  |  |  | Destroy
19884,Dwarf remains,Destroy, |  |  |  | Destroy
19885,Dwarf remains,Destroy, |  |  |  | Destroy
19886,Dwarf remains,Destroy, |  |  |  | Destroy
19887,Dwarf remains,Destroy, |  |  |  | Destroy
19888,Dwarf remains,Destroy, |  |  |  | Destroy
19889,Dwarf remains,Destroy, |  |  |  | Destroy
19890,Dwarf remains,Destroy, |  |  |  | Destroy
19891,Dwarf remains,Destroy, |  |  |  | Destroy
19892,Dwarf remains,Destroy, |  |  |  | Destroy
19893,Dwarf remains,Destroy, |  |  |  | Destroy
19894,Dwarf remains,Destroy, |  |  |  | Destroy
19895,Dwarf remains,Destroy, |  |  |  | Destroy
19896,Dwarf remains,Destroy, |  |  |  | Destroy
19897,Dwarf remains,Destroy, |  |  |  | Destroy
19898,Dwarf remains,Destroy, |  |  |  | Destroy
19899,Dwarf remains,Destroy, |  |  |  | Destroy
19900,Dwarf remains,Destroy, |  |  |  | Destroy
19901,Dwarf remains,Destroy, |  |  |  | Destroy
19902,Dwarf remains,Destroy, |  |  |  | Destroy
19903,Dwarf remains,Destroy, |  |  |  | Destroy
19904,Dwarf remains,Destroy, |  |  |  | Destroy
19905,Dwarf remains,Destroy, |  |  |  | Destroy
19906,Dwarf remains,Destroy, |  |  |  | Destroy
19907,Dwarf remains,Destroy, |  |  |  | Destroy
19908,Dwarf remains,Destroy, |  |  |  | Destroy
19909,Dwarf remains,Destroy, |  |  |  | Destroy
19910,Dwarf remains,Destroy, |  |  |  | Destroy
19911,Dwarf remains,Destroy, |  |  |  | Destroy
19912,Dwarf remains,Destroy, |  |  |  | Destroy
19913,Dwarf remains,Destroy, |  |  |  | Destroy
19914,Dwarf remains,Destroy, |  |  |  | Destroy
19915,Dwarf remains,Destroy, |  |  |  | Destroy
19916,Dwarf remains,Destroy, |  |  |  | Destroy
19917,Dwarf remains,Destroy, |  |  |  | Destroy
19919,Dwarf remains,Destroy, |  |  |  | Destroy
19920,Dwarf remains,Destroy, |  |  |  | Destroy
19921,Dwarf remains,Destroy, |  |  |  | Destroy
19922,Dwarf remains,Destroy, |  |  |  | Destroy
19923,Dwarf remains,Destroy, |  |  |  | Destroy
19924,Dwarf remains,Destroy, |  |  |  | Destroy
19925,Dwarf remains,Destroy, |  |  |  | Destroy
19926,Dwarf remains,Destroy, |  |  |  | Destroy
19927,Dwarf remains,Destroy, |  |  |  | Destroy
19928,Dwarf remains,Destroy, |  |  |  | Destroy
19929,Dwarf remains,Destroy, |  |  |  | Destroy
19930,Dwarf remains,Destroy, |  |  |  | Destroy
19931,Dwarf remains,Destroy, |  |  |  | Destroy
19932,Dwarf remains,Destroy, |  |  |  | Destroy
19933,Dwarf remains,Destroy, |  |  |  | Destroy
19934,Dwarf remains,Destroy, |  |  |  | Destroy
19935,Dwarf remains,Destroy, |  |  |  | Destroy
19936,Dwarf remains,Destroy, |  |  |  | Destroy
19937,Dwarf remains,Destroy, |  |  |  | Destroy
19938,Dwarf remains,Destroy, |  |  |  | Destroy
19939,Dwarf remains,Destroy, |  |  |  | Destroy
19940,Dwarf remains,Destroy, |  |  |  | Destroy
19941,Dwarf remains,Destroy, |  |  |  | Destroy
19942,Dwarf remains,Destroy, |  |  |  | Destroy
19943,Dwarf remains,Destroy, |  |  |  | Destroy
19944,Dwarf remains,Destroy, |  |  |  | Destroy
19945,Dwarf remains,Destroy, |  |  |  | Destroy
19946,Dwarf remains,Destroy, |  |  |  | Destroy
19947,Dwarf remains,Destroy, |  |  |  | Destroy
19948,Dwarf remains,Destroy, |  |  |  | Destroy
19949,Dwarf remains,Destroy, |  |  |  | Destroy
19950,Dwarf remains,Destroy, |  |  |  | Destroy
19951,Dwarf remains,Destroy, |  |  |  | Destroy
19952,Dwarf remains,Destroy, |  |  |  | Destroy
19953,Dwarf remains,Destroy, |  |  |  | Destroy
19954,Dwarf remains,Destroy, |  |  |  | Destroy
19955,Dwarf remains,Destroy, |  |  |  | Destroy
19956,Dwarf remains,Destroy, |  |  |  | Destroy
19957,Dwarf remains,Destroy, |  |  |  | Destroy
19958,Dwarf remains,Destroy, |  |  |  | Destroy
19959,Dwarf remains,Destroy, |  |  |  | Destroy
19960,Dwarf remains,Destroy, |  |  |  | Destroy
19961,Dwarf remains,Destroy, |  |  |  | Destroy
19962,Dwarf remains,Destroy, |  |  |  | Destroy
19963,Dwarf remains,Destroy, |  |  |  | Destroy
19964,Dwarf remains,Destroy, |  |  |  | Destroy
19965,Dwarf remains,Destroy, |  |  |  | Destroy
19966,Dwarf remains,Destroy, |  |  |  | Destroy
19967,Dwarf remains,Destroy, |  |  |  | Destroy
19968,Dwarf remains,Destroy, |  |  |  | Destroy
19969,Dwarf remains,Destroy, |  |  |  | Destroy
19970,Dwarf remains,Destroy, |  |  |  | Destroy
19971,Dwarf remains,Destroy, |  |  |  | Destroy
19972,Dwarf remains,Destroy, |  |  |  | Destroy
19973,Dwarf remains,Destroy, |  |  |  | Destroy
19974,Dwarf remains,Destroy, |  |  |  | Destroy
19975,Dwarf remains,Destroy, |  |  |  | Destroy
19976,Dwarf remains,Destroy, |  |  |  | Destroy
19977,Dwarf remains,Destroy, |  |  |  | Destroy
19978,Dwarf remains,Destroy, |  |  |  | Destroy
19979,Dwarf remains,Destroy, |  |  |  | Destroy
19980,Dwarf remains,Destroy, |  |  |  | Destroy
19981,Dwarf remains,Destroy, |  |  |  | Destroy
19982,Dwarf remains,Destroy, |  |  |  | Destroy
19983,Dwarf remains,Destroy, |  |  |  | Destroy
19984,Dwarf remains,Destroy, |  |  |  | Destroy
19985,Dwarf remains,Destroy, |  |  |  | Destroy
19986,Dwarf remains,Destroy, |  |  |  | Destroy
19987,Dwarf remains,Destroy, |  |  |  | Destroy
19988,Dwarf remains,Destroy, |  |  |  | Destroy
19989,Dwarf remains,Destroy, |  |  |  | Destroy
19990,Dwarf remains,Destroy, |  |  |  | Destroy
19991,Dwarf remains,Destroy, |  |  |  | Destroy
19992,Dwarf remains,Destroy, |  |  |  | Destroy
19993,Dwarf remains,Destroy, |  |  |  | Destroy
19994,Dwarf remains,Destroy, |  |  |  | Destroy
19995,Dwarf remains,Destroy, |  |  |  | Destroy
19996,Dwarf remains,Destroy, |  |  |  | Destroy
19997,Dwarf remains,Destroy, |  |  |  | Destroy
19998,Dwarf remains,Destroy, |  |  |  | Destroy
19999,Dwarf remains,Destroy, |  |  |  | Destroy
20000,Dwarf remains,Destroy, |  |  |  | Destroy
20001,Dwarf remains,Destroy, |  |  |  | Destroy
20002,Dwarf remains,Destroy, |  |  |  | Destroy
20003,Dwarf remains,Destroy, |  |  |  | Destroy
20004,Dwarf remains,Destroy, |  |  |  | Destroy
20005,Dwarf remains,Destroy, |  |  |  | Destroy
20006,Dwarf remains,Destroy, |  |  |  | Destroy
20007,Dwarf remains,Destroy, |  |  |  | Destroy
20008,Dwarf remains,Destroy, |  |  |  | Destroy
20009,Dwarf remains,Destroy, |  |  |  | Destroy
20010,Dwarf remains,Destroy, |  |  |  | Destroy
20011,Dwarf remains,Destroy, |  |  |  | Destroy
20012,Dwarf remains,Destroy, |  |  |  | Destroy
20013,Dwarf remains,Destroy, |  |  |  | Destroy
20014,Dwarf remains,Destroy, |  |  |  | Destroy
20015,Dwarf remains,Destroy, |  |  |  | Destroy
20016,Dwarf remains,Destroy, |  |  |  | Destroy
20017,Dwarf remains,Destroy, |  |  |  | Destroy
20018,Dwarf remains,Destroy, |  |  |  | Destroy
20019,Dwarf remains,Destroy, |  |  |  | Destroy
20021,Dwarf remains,Destroy, |  |  |  | Destroy
20022,Dwarf remains,Destroy, |  |  |  | Destroy
20024,Dwarf remains,Destroy, |  |  |  | Destroy
20025,Dwarf remains,Destroy, |  |  |  | Destroy
20027,Dwarf remains,Destroy, |  |  |  | Destroy
20028,Dwarf remains,Destroy, |  |  |  | Destroy
20029,Dwarf remains,Destroy, |  |  |  | Destroy
20030,Dwarf remains,Destroy, |  |  |  | Destroy
20031,Dwarf remains,Destroy, |  |  |  | Destroy
20033,Dwarf remains,Destroy, |  |  |  | Destroy
20034,Dwarf remains,Destroy, |  |  |  | Destroy
20035,Dwarf remains,Destroy, |  |  |  | Destroy
20036,Dwarf remains,Destroy, |  |  |  | Destroy
20037,Dwarf remains,Destroy, |  |  |  | Destroy
20038,Dwarf remains,Destroy, |  |  |  | Destroy
20039,Dwarf remains,Destroy, |  |  |  | Destroy
20040,Dwarf remains,Destroy, |  |  |  | Destroy
20041,Dwarf remains,Destroy, |  |  |  | Destroy
20042,Dwarf remains,Destroy, |  |  |  | Destroy
20043,Dwarf remains,Destroy, |  |  |  | Destroy
20044,Dwarf remains,Destroy, |  |  |  | Destroy
20045,Dwarf remains,Destroy, |  |  |  | Destroy
20046,Dwarf remains,Destroy, |  |  |  | Destroy
20047,Dwarf remains,Destroy, |  |  |  | Destroy
20048,Dwarf remains,Destroy, |  |  |  | Destroy
20049,Dwarf remains,Destroy, |  |  |  | Destroy
20050,Dwarf remains,Destroy, |  |  |  | Destroy
20051,Dwarf remains,Destroy, |  |  |  | Destroy
20052,Dwarf remains,Destroy, |  |  |  | Destroy
20053,Dwarf remains,Destroy, |  |  |  | Destroy
20054,Dwarf remains,Destroy, |  |  |  | Destroy
20055,Dwarf remains,Destroy, |  |  |  | Destroy
20056,Dwarf remains,Destroy, |  |  |  | Destroy
20057,Dwarf remains,Destroy, |  |  |  | Destroy
20058,Dwarf remains,Destroy, |  |  |  | Destroy
20060,Dwarf remains,Destroy, |  |  |  | Destroy
20061,Dwarf remains,Destroy, |  |  |  | Destroy
20062,Dwarf remains,Destroy, |  |  |  | Destroy
20063,Dwarf remains,Destroy, |  |  |  | Destroy
20064,Dwarf remains,Destroy, |  |  |  | Destroy
20066,Dwarf remains,Destroy, |  |  |  | Destroy
20067,Dwarf remains,Destroy, |  |  |  | Destroy
20068,Dwarf remains,Destroy, |  |  |  | Destroy
20069,Dwarf remains,Destroy, |  |  |  | Destroy
20070,Dwarf remains,Destroy, |  |  |  | Destroy
20071,Dwarf remains,Destroy, |  |  |  | Destroy
20072,Dwarf remains,Destroy, |  |  |  | Destroy
20073,Dwarf remains,Destroy, |  |  |  | Destroy
20074,Dwarf remains,Destroy, |  |  |  | Destroy
20075,Dwarf remains,Destroy, |  |  |  | Destroy
20076,Dwarf remains,Destroy, |  |  |  | Destroy
20077,Dwarf remains,Destroy, |  |  |  | Destroy
20078,Dwarf remains,Destroy, |  |  |  | Destroy
20079,Dwarf remains,Destroy, |  |  |  | Destroy
20080,Dwarf remains,Destroy, |  |  |  | Destroy
20081,Dwarf remains,Destroy, |  |  |  | Destroy
20082,Dwarf remains,Destroy, |  |  |  | Destroy
20083,Dwarf remains,Destroy, |  |  |  | Destroy
20084,Dwarf remains,Destroy, |  |  |  | Destroy
20085,Dwarf remains,Destroy, |  |  |  | Destroy
20086,Dwarf remains,Destroy, |  |  |  | Destroy
20087,Dwarf remains,Destroy, |  |  |  | Destroy
20088,Dwarf remains,Destroy, |  |  |  | Destroy
20089,Dwarf remains,Destroy, |  |  |  | Destroy
20090,Dwarf remains,Destroy, |  |  |  | Destroy
20091,Dwarf remains,Destroy, |  |  |  | Destroy
20092,Dwarf remains,Destroy, |  |  |  | Destroy
20093,Dwarf remains,Destroy, |  |  |  | Destroy
20094,Dwarf remains,Destroy, |  |  |  | Destroy
20096,Dwarf remains,Destroy, |  |  |  | Destroy
20097,Dwarf remains,Destroy, |  |  |  | Destroy
20099,Dwarf remains,Destroy, |  |  |  | Destroy
20100,Dwarf remains,Destroy, |  |  |  | Destroy
20102,Dwarf remains,Destroy, |  |  |  | Destroy
20103,Dwarf remains,Destroy, |  |  |  | Destroy
20105,Dwarf remains,Destroy, |  |  |  | Destroy
20106,Dwarf remains,Destroy, |  |  |  | Destroy
20108,Dwarf remains,Destroy, |  |  |  | Destroy
20109,Dwarf remains,Destroy, |  |  |  | Destroy
20110,Dwarf remains,Destroy, |  |  |  | Destroy
20111,Dwarf remains,Destroy, |  |  |  | Destroy
20112,Dwarf remains,Destroy, |  |  |  | Destroy
20113,Dwarf remains,Destroy, |  |  |  | Destroy
20114,Dwarf remains,Destroy, |  |  |  | Destroy
20115,Dwarf remains,Destroy, |  |  |  | Destroy
20116,Dwarf remains,Destroy, |  |  |  | Destroy
20117,Dwarf remains,Destroy, |  |  |  | Destroy
20118,Dwarf remains,Destroy, |  |  |  | Destroy
20119,Dwarf remains,Destroy, |  |  |  | Destroy
20120,Dwarf remains,Destroy, |  |  |  | Destroy
20121,Dwarf remains,Destroy, |  |  |  | Destroy
20122,Dwarf remains,Destroy, |  |  |  | Destroy
20123,Dwarf remains,Destroy, |  |  |  | Destroy
20124,Dwarf remains,Destroy, |  |  |  | Destroy
20125,Dwarf remains,Destroy, |  |  |  | Destroy
20126,Dwarf remains,Destroy, |  |  |  | Destroy
20127,Dwarf remains,Destroy, |  |  |  | Destroy
20128,Dwarf remains,Destroy, |  |  |  | Destroy
20129,Dwarf remains,Destroy, |  |  |  | Destroy
20130,Dwarf remains,Destroy, |  |  |  | Destroy
20131,Dwarf remains,Destroy, |  |  |  | Destroy
20132,Dwarf remains,Destroy, |  |  |  | Destroy
20133,Dwarf remains,Destroy, |  |  |  | Destroy
20134,Dwarf remains,Destroy, |  |  |  | Destroy
20135,Dwarf remains,Destroy, |  |  |  | Destroy
20136,Dwarf remains,Destroy, |  |  |  | Destroy
20137,Dwarf remains,Destroy, |  |  |  | Destroy
20138,Dwarf remains,Destroy, |  |  |  | Destroy
20139,Dwarf remains,Destroy, |  |  |  | Destroy
20140,Dwarf remains,Destroy, |  |  |  | Destroy
20141,Dwarf remains,Destroy, |  |  |  | Destroy
20142,Dwarf remains,Destroy, |  |  |  | Destroy
20143,Dwarf remains,Destroy, |  |  |  | Destroy
20144,Dwarf remains,Destroy, |  |  |  | Destroy
20145,Dwarf remains,Destroy, |  |  |  | Destroy
20146,Dwarf remains,Destroy, |  |  |  | Destroy
20147,Dwarf remains,Destroy, |  |  |  | Destroy
20148,Dwarf remains,Destroy, |  |  |  | Destroy
20149,Dwarf remains,Destroy, |  |  |  | Destroy
20150,Dwarf remains,Destroy, |  |  |  | Destroy
20151,Dwarf remains,Destroy, |  |  |  | Destroy
20152,Dwarf remains,Destroy, |  |  |  | Destroy
20153,Dwarf remains,Destroy, |  |  |  | Destroy
20154,Dwarf remains,Destroy, |  |  |  | Destroy
20155,Dwarf remains,Destroy, |  |  |  | Destroy
20156,Dwarf remains,Destroy, |  |  |  | Destroy
20157,Dwarf remains,Destroy, |  |  |  | Destroy
20158,Dwarf remains,Destroy, |  |  |  | Destroy
20159,Dwarf remains,Destroy, |  |  |  | Destroy
20160,Dwarf remains,Destroy, |  |  |  | Destroy
20161,Dwarf remains,Destroy, |  |  |  | Destroy
20162,Dwarf remains,Destroy, |  |  |  | Destroy
20163,Dwarf remains,Destroy, |  |  |  | Destroy
20164,Dwarf remains,Destroy, |  |  |  | Destroy
20165,Dwarf remains,Destroy, |  |  |  | Destroy
20166,Dwarf remains,Destroy, |  |  |  | Destroy
20167,Dwarf remains,Destroy, |  |  |  | Destroy
20168,Dwarf remains,Destroy, |  |  |  | Destroy
20169,Dwarf remains,Destroy, |  |  |  | Destroy
20170,Dwarf remains,Destroy, |  |  |  | Destroy
20171,Dwarf remains,Destroy, |  |  |  | Destroy
20172,Dwarf remains,Destroy, |  |  |  | Destroy
20173,Dwarf remains,Destroy, |  |  |  | Destroy
20174,Dwarf remains,Destroy, |  |  |  | Destroy
20175,Dwarf remains,Destroy, |  |  |  | Destroy
20176,Dwarf remains,Destroy, |  |  |  | Destroy
20177,Dwarf remains,Destroy, |  |  |  | Destroy
20178,Dwarf remains,Destroy, |  |  |  | Destroy
20179,Dwarf remains,Destroy, |  |  |  | Destroy
20180,Dwarf remains,Destroy, |  |  |  | Destroy
20181,Dwarf remains,Destroy, |  |  |  | Destroy
20182,Dwarf remains,Destroy, |  |  |  | Destroy
20183,Dwarf remains,Destroy, |  |  |  | Destroy
20184,Dwarf remains,Destroy, |  |  |  | Destroy
20185,Dwarf remains,Destroy, |  |  |  | Destroy
20186,Dwarf remains,Destroy, |  |  |  | Destroy
20187,Dwarf remains,Destroy, |  |  |  | Destroy
20188,Dwarf remains,Destroy, |  |  |  | Destroy
20189,Dwarf remains,Destroy, |  |  |  | Destroy
20190,Dwarf remains,Destroy, |  |  |  | Destroy
20191,Dwarf remains,Destroy, |  |  |  | Destroy
20192,Dwarf remains,Destroy, |  |  |  | Destroy
20193,Dwarf remains,Destroy, |  |  |  | Destroy
20194,Dwarf remains,Destroy, |  |  |  | Destroy
20195,Dwarf remains,Destroy, |  |  |  | Destroy
20196,Dwarf remains,Destroy, |  |  |  | Destroy
20197,Dwarf remains,Destroy, |  |  |  | Destroy
20198,Dwarf remains,Destroy, |  |  |  | Destroy
20199,Dwarf remains,Destroy, |  |  |  | Destroy
20200,Dwarf remains,Destroy, |  |  |  | Destroy
20201,Dwarf remains,Destroy, |  |  |  | Destroy
20202,Dwarf remains,Destroy, |  |  |  | Destroy
20203,Dwarf remains,Destroy, |  |  |  | Destroy
20204,Dwarf remains,Destroy, |  |  |  | Destroy
20205,Dwarf remains,Destroy, |  |  |  | Destroy
20206,Dwarf remains,Destroy, |  |  |  | Destroy
20207,Dwarf remains,Destroy, |  |  |  | Destroy
20208,Dwarf remains,Destroy, |  |  |  | Destroy
20209,Dwarf remains,Destroy, |  |  |  | Destroy
20210,Dwarf remains,Destroy, |  |  |  | Destroy
20211,Dwarf remains,Destroy, |  |  |  | Destroy
20212,Dwarf remains,Destroy, |  |  |  | Destroy
20213,Dwarf remains,Destroy, |  |  |  | Destroy
20214,Dwarf remains,Destroy, |  |  |  | Destroy
20215,Dwarf remains,Destroy, |  |  |  | Destroy
20216,Dwarf remains,Destroy, |  |  |  | Destroy
20217,Dwarf remains,Destroy, |  |  |  | Destroy
20218,Dwarf remains,Destroy, |  |  |  | Destroy
20219,Dwarf remains,Destroy, |  |  |  | Destroy
20220,Dwarf remains,Destroy, |  |  |  | Destroy
20221,Dwarf remains,Destroy, |  |  |  | Destroy
20222,Dwarf remains,Destroy, |  |  |  | Destroy
20223,Dwarf remains,Destroy, |  |  |  | Destroy
20224,Dwarf remains,Destroy, |  |  |  | Destroy
20225,Dwarf remains,Destroy, |  |  |  | Destroy
20226,Dwarf remains,Destroy, |  |  |  | Destroy
20227,Dwarf remains,Destroy, |  |  |  | Destroy
20228,Dwarf remains,Destroy, |  |  |  | Destroy
20229,Dwarf remains,Destroy, |  |  |  | Destroy
20230,Dwarf remains,Destroy, |  |  |  | Destroy
20231,Dwarf remains,Destroy, |  |  |  | Destroy
20232,Dwarf remains,Destroy, |  |  |  | Destroy
20233,Dwarf remains,Destroy, |  |  |  | Destroy
20234,Dwarf remains,Destroy, |  |  |  | Destroy
20235,Dwarf remains,Destroy, |  |  |  | Destroy
20236,Dwarf remains,Destroy, |  |  |  | Destroy
20237,Dwarf remains,Destroy, |  |  |  | Destroy
20238,Dwarf remains,Destroy, |  |  |  | Destroy
20239,Dwarf remains,Destroy, |  |  |  | Destroy
20240,Dwarf remains,Destroy, |  |  |  | Destroy
20241,Dwarf remains,Destroy, |  |  |  | Destroy
20242,Dwarf remains,Destroy, |  |  |  | Destroy
20243,Dwarf remains,Destroy, |  |  |  | Destroy
20244,Dwarf remains,Destroy, |  |  |  | Destroy
20245,Dwarf remains,Destroy, |  |  |  | Destroy
20246,Dwarf remains,Destroy, |  |  |  | Destroy
20247,Dwarf remains,Destroy, |  |  |  | Destroy
20248,Dwarf remains,Destroy, |  |  |  | Destroy
20249,Dwarf remains,Destroy, |  |  |  | Destroy
20250,Dwarf remains,Destroy, |  |  |  | Destroy
20251,Dwarf remains,Destroy, |  |  |  | Destroy
20252,Dwarf remains,Destroy, |  |  |  | Destroy
20253,Dwarf remains,Destroy, |  |  |  | Destroy
20254,Dwarf remains,Destroy, |  |  |  | Destroy
20255,Dwarf remains,Destroy, |  |  |  | Destroy
20256,Dwarf remains,Destroy, |  |  |  | Destroy
20257,Dwarf remains,Destroy, |  |  |  | Destroy
20258,Dwarf remains,Destroy, |  |  |  | Destroy
20259,Dwarf remains,Destroy, |  |  |  | Destroy
20260,Dwarf remains,Destroy, |  |  |  | Destroy
20261,Dwarf remains,Destroy, |  |  |  | Destroy
20262,Dwarf remains,Destroy, |  |  |  | Destroy
20263,Dwarf remains,Destroy, |  |  |  | Destroy
20264,Dwarf remains,Destroy, |  |  |  | Destroy
20265,Dwarf remains,Destroy, |  |  |  | Destroy
20266,Dwarf remains,Destroy, |  |  |  | Destroy
20267,Dwarf remains,Destroy, |  |  |  | Destroy
20268,Dwarf remains,Destroy, |  |  |  | Destroy
20269,Dwarf remains,Destroy, |  |  |  | Destroy
20270,Dwarf remains,Destroy, |  |  |  | Destroy
20271,Dwarf remains,Destroy, |  |  |  | Destroy
20272,Dwarf remains,Destroy, |  |  |  | Destroy
20273,Dwarf remains,Destroy, |  |  |  | Destroy
20274,Dwarf remains,Destroy, |  |  |  | Destroy
20275,Dwarf remains,Destroy, |  |  |  | Destroy
20276,Dwarf remains,Destroy, |  |  |  | Destroy
20277,Dwarf remains,Destroy, |  |  |  | Destroy
20278,Dwarf remains,Destroy, |  |  |  | Destroy
20279,Dwarf remains,Destroy, |  |  |  | Destroy
20280,Dwarf remains,Destroy, |  |  |  | Destroy
20281,Dwarf remains,Destroy, |  |  |  | Destroy
20282,Dwarf remains,Destroy, |  |  |  | Destroy
20283,Dwarf remains,Destroy, |  |  |  | Destroy
20284,Dwarf remains,Destroy, |  |  |  | Destroy
20285,Dwarf remains,Destroy, |  |  |  | Destroy
20286,Dwarf remains,Destroy, |  |  |  | Destroy
20287,Dwarf remains,Destroy, |  |  |  | Destroy
20288,Dwarf remains,Destroy, |  |  |  | Destroy
20289,Dwarf remains,Destroy, |  |  |  | Destroy
20290,Dwarf remains,Destroy, |  |  |  | Destroy
20291,Dwarf remains,Destroy, |  |  |  | Destroy
20292,Dwarf remains,Destroy, |  |  |  | Destroy
20293,Dwarf remains,Destroy, |  |  |  | Destroy
20294,Dwarf remains,Destroy, |  |  |  | Destroy
20295,Dwarf remains,Destroy, |  |  |  | Destroy
20296,Dwarf remains,Destroy, |  |  |  | Destroy
20297,Dwarf remains,Destroy, |  |  |  | Destroy
20298,Dwarf remains,Destroy, |  |  |  | Destroy
20299,Dwarf remains,Destroy, |  |  |  | Destroy
20300,Dwarf remains,Destroy, |  |  |  | Destroy
20301,Dwarf remains,Destroy, |  |  |  | Destroy
20302,Dwarf remains,Destroy, |  |  |  | Destroy
20303,Dwarf remains,Destroy, |  |  |  | Destroy
20304,Dwarf remains,Destroy, |  |  |  | Destroy
20305,Dwarf remains,Destroy, |  |  |  | Destroy
20306,Dwarf remains,Destroy, |  |  |  | Destroy
20307,Dwarf remains,Destroy, |  |  |  | Destroy
20308,Dwarf remains,Destroy, |  |  |  | Destroy
20309,Dwarf remains,Destroy, |  |  |  | Destroy
20310,Dwarf remains,Destroy, |  |  |  | Destroy
20311,Dwarf remains,Destroy, |  |  |  | Destroy
20312,Dwarf remains,Destroy, |  |  |  | Destroy
20313,Dwarf remains,Destroy, |  |  |  | Destroy
20314,Dwarf remains,Destroy, |  |  |  | Destroy
20315,Dwarf remains,Destroy, |  |  |  | Destroy
20316,Dwarf remains,Destroy, |  |  |  | Destroy
20317,Dwarf remains,Destroy, |  |  |  | Destroy
20318,Dwarf remains,Destroy, |  |  |  | Destroy
20319,Dwarf remains,Destroy, |  |  |  | Destroy
20320,Dwarf remains,Destroy, |  |  |  | Destroy
20321,Dwarf remains,Destroy, |  |  |  | Destroy
20322,Dwarf remains,Destroy, |  |  |  | Destroy
20323,Dwarf remains,Destroy, |  |  |  | Destroy
20324,Dwarf remains,Destroy, |  |  |  | Destroy
20325,Dwarf remains,Destroy, |  |  |  | Destroy
20326,Dwarf remains,Destroy, |  |  |  | Destroy
20327,Dwarf remains,Destroy, |  |  |  | Destroy
20328,Dwarf remains,Destroy, |  |  |  | Destroy
20329,Dwarf remains,Destroy, |  |  |  | Destroy
20330,Dwarf remains,Destroy, |  |  |  | Destroy
20331,Dwarf remains,Destroy, |  |  |  | Destroy
20332,Dwarf remains,Destroy, |  |  |  | Destroy
20333,Dwarf remains,Destroy, |  |  |  | Destroy
20334,Dwarf remains,Destroy, |  |  |  | Destroy
20335,Dwarf remains,Destroy, |  |  |  | Destroy
20336,Dwarf remains,Destroy, |  |  |  | Destroy
20337,Dwarf remains,Destroy, |  |  |  | Destroy
20338,Dwarf remains,Destroy, |  |  |  | Destroy
20339,Dwarf remains,Destroy, |  |  |  | Destroy
20340,Dwarf remains,Destroy, |  |  |  | Destroy
20341,Dwarf remains,Destroy, |  |  |  | Destroy
20342,Dwarf remains,Destroy, |  |  |  | Destroy
20343,Dwarf remains,Destroy, |  |  |  | Destroy
20344,Dwarf remains,Destroy, |  |  |  | Destroy
20345,Dwarf remains,Destroy, |  |  |  | Destroy
20346,Dwarf remains,Destroy, |  |  |  | Destroy
20347,Dwarf remains,Destroy, |  |  |  | Destroy
20348,Dwarf remains,Destroy, |  |  |  | Destroy
20349,Dwarf remains,Destroy, |  |  |  | Destroy
20350,Dwarf remains,Destroy, |  |  |  | Destroy
20351,Dwarf remains,Destroy, |  |  |  | Destroy
20352,Dwarf remains,Destroy, |  |  |  | Destroy
20353,Dwarf remains,Destroy, |  |  |  | Destroy
20354,Dwarf remains,Destroy, |  |  |  | Destroy
20355,Dwarf remains,Destroy, |  |  |  | Destroy
20356,Dwarf remains,Destroy, |  |  |  | Destroy
20357,Dwarf remains,Destroy, |  |  |  | Destroy
20358,Dwarf remains,Destroy, |  |  |  | Destroy
20359,Dwarf remains,Destroy, |  |  |  | Destroy
20360,Dwarf remains,Destroy, |  |  |  | Destroy
20361,Dwarf remains,Destroy, |  |  |  | Destroy
20362,Dwarf remains,Destroy, |  |  |  | Destroy
20363,Dwarf remains,Destroy, |  |  |  | Destroy
20364,Dwarf remains,Destroy, |  |  |  | Destroy
20365,Dwarf remains,Destroy, |  |  |  | Destroy
20366,Dwarf remains,Destroy, |  |  |  | Destroy
20367,Dwarf remains,Destroy, |  |  |  | Destroy
20368,Dwarf remains,Destroy, |  |  |  | Destroy
20369,Dwarf remains,Destroy, |  |  |  | Destroy
20370,Dwarf remains,Destroy, |  |  |  | Destroy
20371,Dwarf remains,Destroy, |  |  |  | Destroy
20372,Dwarf remains,Destroy, |  |  |  | Destroy
20373,Dwarf remains,Destroy, |  |  |  | Destroy
20374,Dwarf remains,Destroy, |  |  |  | Destroy
20375,Dwarf remains,Destroy, |  |  |  | Destroy
20376,Dwarf remains,Destroy, |  |  |  | Destroy
20377,Dwarf remains,Destroy, |  |  |  | Destroy
20378,Dwarf remains,Destroy, |  |  |  | Destroy
20379,Dwarf remains,Destroy, |  |  |  | Destroy
20380,Dwarf remains,Destroy, |  |  |  | Destroy
20381,Dwarf remains,Destroy, |  |  |  | Destroy
20382,Dwarf remains,Destroy, |  |  |  | Destroy
20383,Dwarf remains,Destroy, |  |  |  | Destroy
20384,Dwarf remains,Destroy, |  |  |  | Destroy
20385,Dwarf remains,Destroy, |  |  |  | Destroy
20386,Dwarf remains,Destroy, |  |  |  | Destroy
20387,Dwarf remains,Destroy, |  |  |  | Destroy
20388,Dwarf remains,Destroy, |  |  |  | Destroy
20389,Dwarf remains,Destroy, |  |  |  | Destroy
20390,Dwarf remains,Destroy, |  |  |  | Destroy
20391,Dwarf remains,Destroy, |  |  |  | Destroy
20392,Dwarf remains,Destroy, |  |  |  | Destroy
20393,Dwarf remains,Destroy, |  |  |  | Destroy
20394,Dwarf remains,Destroy, |  |  |  | Destroy
20395,Dwarf remains,Destroy, |  |  |  | Destroy
20396,Dwarf remains,Destroy, |  |  |  | Destroy
20397,Dwarf remains,Destroy, |  |  |  | Destroy
20398,Dwarf remains,Destroy, |  |  |  | Destroy
20399,Dwarf remains,Destroy, |  |  |  | Destroy
20401,Dwarf remains,Destroy, |  |  |  | Destroy
20402,Dwarf remains,Destroy, |  |  |  | Destroy
20403,Dwarf remains,Destroy, |  |  |  | Destroy
20404,Dwarf remains,Destroy, |  |  |  | Destroy
20405,Dwarf remains,Destroy, |  |  |  | Destroy
20406,Dwarf remains,Destroy, |  |  |  | Destroy
20407,Dwarf remains,Destroy, |  |  |  | Destroy
20408,Dwarf remains,Destroy, |  |  |  | Destroy
20409,Dwarf remains,Destroy, |  |  |  | Destroy
20410,Dwarf remains,Destroy, |  |  |  | Destroy
20411,Dwarf remains,Destroy, |  |  |  | Destroy
20412,Dwarf remains,Destroy, |  |  |  | Destroy
20413,Dwarf remains,Destroy, |  |  |  | Destroy
20414,Dwarf remains,Destroy, |  |  |  | Destroy
20415,Dwarf remains,Destroy, |  |  |  | Destroy
20416,Dwarf remains,Destroy, |  |  |  | Destroy
20417,Dwarf remains,Destroy, |  |  |  | Destroy
20418,Dwarf remains,Destroy, |  |  |  | Destroy
20419,Dwarf remains,Destroy, |  |  |  | Destroy
20420,Dwarf remains,Destroy, |  |  |  | Destroy
20421,Dwarf remains,Destroy, |  |  |  | Destroy
20422,Dwarf remains,Destroy, |  |  |  | Destroy
20423,Dwarf remains,Destroy, |  |  |  | Destroy
20424,Dwarf remains,Destroy, |  |  |  | Destroy
20425,Dwarf remains,Destroy, |  |  |  | Destroy
20426,Dwarf remains,Destroy, |  |  |  | Destroy
20427,Dwarf remains,Destroy, |  |  |  | Destroy
20428,Dwarf remains,Destroy, |  |  |  | Destroy
20429,Dwarf remains,Destroy, |  |  |  | Destroy
20430,Dwarf remains,Destroy, |  |  |  | Destroy
20431,Dwarf remains,Destroy, |  |  |  | Destroy
20432,Dwarf remains,Destroy, |  |  |  | Destroy
20433,Dwarf remains,Destroy, |  |  |  | Destroy
20434,Dwarf remains,Destroy, |  |  |  | Destroy
20435,Dwarf remains,Destroy, |  |  |  | Destroy
20436,Dwarf remains,Destroy, |  |  |  | Destroy
20437,Dwarf remains,Destroy, |  |  |  | Destroy
20438,Dwarf remains,Destroy, |  |  |  | Destroy
20439,Dwarf remains,Destroy, |  |  |  | Destroy
20440,Dwarf remains,Destroy, |  |  |  | Destroy
20441,Dwarf remains,Destroy, |  |  |  | Destroy
20442,Dwarf remains,Destroy, |  |  |  | Destroy
20443,Dwarf remains,Destroy, |  |  |  | Destroy
20444,Dwarf remains,Destroy, |  |  |  | Destroy
20445,Dwarf remains,Destroy, |  |  |  | Destroy
20446,Dwarf remains,Destroy, |  |  |  | Destroy
20447,Dwarf remains,Destroy, |  |  |  | Destroy
20448,Dwarf remains,Destroy, |  |  |  | Destroy
20450,Dwarf remains,Destroy, |  |  |  | Destroy
20451,Dwarf remains,Destroy, |  |  |  | Destroy
20452,Dwarf remains,Destroy, |  |  |  | Destroy
20453,Dwarf remains,Destroy, |  |  |  | Destroy
20454,Dwarf remains,Destroy, |  |  |  | Destroy
20455,Dwarf remains,Destroy, |  |  |  | Destroy
20456,Dwarf remains,Destroy, |  |  |  | Destroy
20457,Dwarf remains,Destroy, |  |  |  | Destroy
20458,Dwarf remains,Destroy, |  |  |  | Destroy
20459,Dwarf remains,Destroy, |  |  |  | Destroy
20460,Dwarf remains,Destroy, |  |  |  | Destroy
20461,Dwarf remains,Destroy, |  |  |  | Destroy
20462,Dwarf remains,Destroy, |  |  |  | Destroy
20463,Dwarf remains,Destroy, |  |  |  | Destroy
20464,Dwarf remains,Destroy, |  |  |  | Destroy
20465,Dwarf remains,Destroy, |  |  |  | Destroy
20487,Dwarf remains,Destroy, |  |  |  | Destroy
20488,Dwarf remains,Destroy, |  |  |  | Destroy
20489,Dwarf remains,Destroy, |  |  |  | Destroy
20490,Dwarf remains,Destroy, |  |  |  | Destroy
20491,Dwarf remains,Destroy, |  |  |  | Destroy
20492,Dwarf remains,Destroy, |  |  |  | Destroy
20493,Dwarf remains,Destroy, |  |  |  | Destroy
20494,Dwarf remains,Destroy, |  |  |  | Destroy
20495,Dwarf remains,Destroy, |  |  |  | Destroy
20496,Dwarf remains,Destroy, |  |  |  | Destroy
20497,Dwarf remains,Destroy, |  |  |  | Destroy
20498,Dwarf remains,Destroy, |  |  |  | Destroy
20499,Dwarf remains,Destroy, |  |  |  | Destroy
20500,Dwarf remains,Destroy, |  |  |  | Destroy
20501,Dwarf remains,Destroy, |  |  |  | Destroy
20502,Dwarf remains,Destroy, |  |  |  | Destroy
20518,Dwarf remains,Destroy, |  |  |  | Destroy
20519,Dwarf remains,Destroy, |  |  |  | Destroy
20585,Dwarf remains,Destroy, |  |  |  | Destroy
20586,Dwarf remains,Destroy, |  |  |  | Destroy
20587,Dwarf remains,Destroy, |  |  |  | Destroy
20588,Dwarf remains,Destroy, |  |  |  | Destroy
20589,Dwarf remains,Destroy, |  |  |  | Destroy
20590,Dwarf remains,Destroy, |  |  |  | Destroy
20591,Dwarf remains,Destroy, |  |  |  | Destroy
20592,Dwarf remains,Destroy, |  |  |  | Destroy
20593,Dwarf remains,Destroy, |  |  |  | Destroy
20594,Dwarf remains,Destroy, |  |  |  | Destroy
20596,Dwarf remains,Destroy, |  |  |  | Destroy
20597,Dwarf remains,Destroy, |  |  |  | Destroy
20598,Dwarf remains,Destroy, |  |  |  | Destroy
20599,Dwarf remains,Destroy, |  |  |  | Destroy
20600,Dwarf remains,Destroy, |  |  |  | Destroy
20601,Dwarf remains,Destroy, |  |  |  | Destroy
20602,Dwarf remains,Destroy, |  |  |  | Destroy
20603,Dwarf remains,Destroy, |  |  |  | Destroy
20604,Dwarf remains,Destroy, |  |  |  | Destroy
20605,Dwarf remains,Destroy, |  |  |  | Destroy
20606,Dwarf remains,Destroy, |  |  |  | Destroy
20607,Dwarf remains,Destroy, |  |  |  | Destroy
20608,Dwarf remains,Destroy, |  |  |  | Destroy
20609,Dwarf remains,Destroy, |  |  |  | Destroy
20610,Dwarf remains,Destroy, |  |  |  | Destroy
20611,Dwarf remains,Destroy, |  |  |  | Destroy
20612,Dwarf remains,Destroy, |  |  |  | Destroy
20613,Dwarf remains,Destroy, |  |  |  | Destroy
20614,Dwarf remains,Destroy, |  |  |  | Destroy
20615,Dwarf remains,Destroy, |  |  |  | Destroy
20616,Dwarf remains,Destroy, |  |  |  | Destroy
20617,Dwarf remains,Destroy, |  |  |  | Destroy
20618,Dwarf remains,Destroy, |  |  |  | Destroy
20619,Dwarf remains,Destroy, |  |  |  | Destroy
20620,Dwarf remains,Destroy, |  |  |  | Destroy
20621,Dwarf remains,Destroy, |  |  |  | Destroy
20622,Dwarf remains,Destroy, |  |  |  | Destroy
20623,Dwarf remains,Destroy, |  |  |  | Destroy
20624,Dwarf remains,Destroy, |  |  |  | Destroy
20625,Dwarf remains,Destroy, |  |  |  | Destroy
20626,Dwarf remains,Destroy, |  |  |  | Destroy
20627,Dwarf remains,Destroy, |  |  |  | Destroy
20628,Dwarf remains,Destroy, |  |  |  | Destroy
20629,Dwarf remains,Destroy, |  |  |  | Destroy
20630,Dwarf remains,Destroy, |  |  |  | Destroy
20631,Dwarf remains,Destroy, |  |  |  | Destroy
20632,Dwarf remains,Destroy, |  |  |  | Destroy
20633,Dwarf remains,Destroy, |  |  |  | Destroy
20634,Dwarf remains,Destroy, |  |  |  | Destroy
20635,Dwarf remains,Destroy, |  |  |  | Destroy
20636,Dwarf remains,Destroy, |  |  |  | Destroy
20637,Dwarf remains,Destroy, |  |  |  | Destroy
20638,Dwarf remains,Destroy, |  |  |  | Destroy
20639,Dwarf remains,Destroy, |  |  |  | Destroy
20640,Dwarf remains,Destroy, |  |  |  | Destroy
20641,Dwarf remains,Destroy, |  |  |  | Destroy
20642,Dwarf remains,Destroy, |  |  |  | Destroy
20643,Dwarf remains,Destroy, |  |  |  | Destroy
20644,Dwarf remains,Destroy, |  |  |  | Destroy
20645,Dwarf remains,Destroy, |  |  |  | Destroy
20646,Dwarf remains,Destroy, |  |  |  | Destroy
20647,Dwarf remains,Destroy, |  |  |  | Destroy
20648,Dwarf remains,Destroy, |  |  |  | Destroy
20649,Dwarf remains,Destroy, |  |  |  | Destroy
20650,Dwarf remains,Destroy, |  |  |  | Destroy
20651,Dwarf remains,Destroy, |  |  |  | Destroy
20652,Dwarf remains,Destroy, |  |  |  | Destroy
20653,Dwarf remains,Destroy, |  |  |  | Destroy
20654,Dwarf remains,Destroy, |  |  |  | Destroy
20655,Dwarf remains,Destroy, |  |  |  | Destroy
20656,Dwarf remains,Destroy, |  |  |  | Destroy
20657,Dwarf remains,Destroy, |  |  |  | Destroy
20658,Dwarf remains,Destroy, |  |  |  | Destroy
20659,Dwarf remains,Destroy, |  |  |  | Destroy
20660,Dwarf remains,Destroy, |  |  |  | Destroy
20661,Dwarf remains,Destroy, |  |  |  | Destroy
20662,Dwarf remains,Destroy, |  |  |  | Destroy
20663,Dwarf remains,Destroy, |  |  |  | Destroy
20664,Dwarf remains,Destroy, |  |  |  | Destroy
20665,Dwarf remains,Destroy, |  |  |  | Destroy
20666,Dwarf remains,Destroy, |  |  |  | Destroy
20667,Dwarf remains,Destroy, |  |  |  | Destroy
20668,Dwarf remains,Destroy, |  |  |  | Destroy
20669,Dwarf remains,Destroy, |  |  |  | Destroy
20670,Dwarf remains,Destroy, |  |  |  | Destroy
20671,Dwarf remains,Destroy, |  |  |  | Destroy
20672,@gre@Event hunter garb,Destroy, | Wear | Exchange |  | Destroy
20673,@gre@Event hunter gloves,Destroy, | Wear | Exchange |  | Destroy
20674,@gre@Event hunter trousers,Destroy, | Wear | Exchange |  | Destroy
20675,@gre@Event hunter boots,Destroy, | Wear | Exchange |  | Destroy
20676,@gre@Event hunter cloak,Destroy, | Wear | Exchange |  | Destroy
20691,@gre@Looting bag,Destroy,Open | Deposit | Check |  | Destroy
20697,@gre@Zuriel's staff (broken),Destroy, |  |  |  | Destroy
20700,@gre@Vesta's spear (broken),Destroy, |  |  |  | Destroy
20741,@gre@Candy cane,Destroy, | Wield |  |  | Destroy
20745,@gre@Guthix rest(4),Destroy, |  |  |  | Destroy
20747,@gre@Guthix rest(3),Destroy, |  |  |  | Destroy
20749,@gre@Guthix rest(2),Destroy, |  |  |  | Destroy
20751,@gre@Guthix rest(1),Destroy, |  |  |  | Destroy
20753,@gre@Feather headdress,Destroy, |  |  |  | Destroy
20756,@gre@Feather headdress,Destroy, |  |  |  | Destroy
20759,@gre@Feather headdress,Destroy, |  |  |  | Destroy
20762,@gre@Feather headdress,Destroy, |  |  |  | Destroy
20765,@gre@Feather headdress,Destroy, |  |  |  | Destroy
20777,@gre@Health spirit pet,Destroy, |  |  |  | Destroy
20778,@gre@Prayer spirit pet,Destroy, |  |  |  | Destroy
20779,@gre@Special spirit pet,Destroy, |  |  |  | Destroy
20809,@gre@Super combat flask (6),Destroy, |  |  |  | Destroy
20812,Dwarf remains,Destroy, |  |  |  | Destroy
20813,Dwarf remains,Destroy, |  |  |  | Destroy
20814,Dwarf remains,Destroy, |  |  |  | Destroy
20815,Dwarf remains,Destroy, |  |  |  | Destroy
20816,Dwarf remains,Destroy, |  |  |  | Destroy
20817,Dwarf remains,Destroy, |  |  |  | Destroy
20818,Dwarf remains,Destroy, |  |  |  | Destroy
20819,Dwarf remains,Destroy, |  |  |  | Destroy
20820,Dwarf remains,Destroy, |  |  |  | Destroy
20821,Dwarf remains,Destroy, |  |  |  | Destroy
20825,Dwarf remains,Destroy, |  |  |  | Destroy
20826,Dwarf remains,Destroy, |  |  |  | Destroy
20827,Dwarf remains,Destroy, |  |  |  | Destroy
20828,Dwarf remains,Destroy, |  |  |  | Destroy
20829,Dwarf remains,Destroy, |  |  |  | Destroy
20830,Dwarf remains,Destroy, |  |  |  | Destroy
20831,Dwarf remains,Destroy, |  |  |  | Destroy
20832,Dwarf remains,Destroy, |  |  |  | Destroy
20833,Dwarf remains,Destroy, |  |  |  | Destroy
20834,Dwarf remains,Destroy, |  |  |  | Destroy
20835,Dwarf remains,Destroy, |  |  |  | Destroy
20836,Dwarf remains,Destroy, |  |  |  | Destroy
20837,Dwarf remains,Destroy, |  |  |  | Destroy
20838,Dwarf remains,Destroy, |  |  |  | Destroy
20839,Dwarf remains,Destroy, |  |  |  | Destroy
20840,Dwarf remains,Destroy, |  |  |  | Destroy
20841,Dwarf remains,Destroy, |  |  |  | Destroy
20842,Dwarf remains,Destroy, |  |  |  | Destroy
20843,Dwarf remains,Destroy, |  |  |  | Destroy
20844,Dwarf remains,Destroy, |  |  |  | Destroy
20845,Dwarf remains,Destroy, |  |  |  | Destroy
20846,Dwarf remains,Destroy, |  |  |  | Destroy
20847,Dwarf remains,Destroy, |  |  |  | Destroy
20848,Dwarf remains,Destroy, |  |  |  | Destroy
20849,Dwarf remains,Destroy, |  |  |  | Destroy
20850,Dwarf remains,Destroy, |  |  |  | Destroy
20851,Dwarf remains,Destroy, |  |  |  | Destroy
20852,Dwarf remains,Destroy, |  |  |  | Destroy
20853,Dwarf remains,Destroy, |  |  |  | Destroy
20854,Dwarf remains,Destroy, |  |  |  | Destroy
20855,Dwarf remains,Destroy, |  |  |  | Destroy
20856,Dwarf remains,Destroy, |  |  |  | Destroy
20857,Dwarf remains,Destroy, |  |  |  | Destroy
20858,Dwarf remains,Destroy, |  |  |  | Destroy
20859,Dwarf remains,Destroy, |  |  |  | Destroy
20860,Dwarf remains,Destroy, |  |  |  | Destroy
20861,Dwarf remains,Destroy, |  |  |  | Destroy
20862,Dwarf remains,Destroy, |  |  |  | Destroy
20863,Dwarf remains,Destroy, |  |  |  | Destroy
20864,Dwarf remains,Destroy, |  |  |  | Destroy
20865,Dwarf remains,Destroy, |  |  |  | Destroy
20866,Dwarf remains,Destroy, |  |  |  | Destroy
20867,Dwarf remains,Destroy, |  |  |  | Destroy
20868,Dwarf remains,Destroy, |  |  |  | Destroy
20869,Dwarf remains,Destroy, |  |  |  | Destroy
20870,Dwarf remains,Destroy, |  |  |  | Destroy
20871,Dwarf remains,Destroy, |  |  |  | Destroy
20872,Dwarf remains,Destroy, |  |  |  | Destroy
20873,Dwarf remains,Destroy, |  |  |  | Destroy
20874,Dwarf remains,Destroy, |  |  |  | Destroy
20875,Dwarf remains,Destroy, |  |  |  | Destroy
20876,Dwarf remains,Destroy, |  |  |  | Destroy
20877,Dwarf remains,Destroy, |  |  |  | Destroy
20878,Dwarf remains,Destroy, |  |  |  | Destroy
20879,Dwarf remains,Destroy, |  |  |  | Destroy
20880,Dwarf remains,Destroy, |  |  |  | Destroy
20881,Dwarf remains,Destroy, |  |  |  | Destroy
20882,Dwarf remains,Destroy, |  |  |  | Destroy
20883,Dwarf remains,Destroy, |  |  |  | Destroy
20884,Dwarf remains,Destroy, |  |  |  | Destroy
20885,Dwarf remains,Destroy, |  |  |  | Destroy
20886,Dwarf remains,Destroy, |  |  |  | Destroy
20887,Dwarf remains,Destroy, |  |  |  | Destroy
20888,Dwarf remains,Destroy, |  |  |  | Destroy
20889,Dwarf remains,Destroy, |  |  |  | Destroy
20890,Dwarf remains,Destroy, |  |  |  | Destroy
20891,Dwarf remains,Destroy, |  |  |  | Destroy
20892,Dwarf remains,Destroy, |  |  |  | Destroy
20893,Dwarf remains,Destroy, |  |  |  | Destroy
20894,Dwarf remains,Destroy, |  |  |  | Destroy
20895,Dwarf remains,Destroy, |  |  |  | Destroy
20896,Dwarf remains,Destroy, |  |  |  | Destroy
20897,Dwarf remains,Destroy, |  |  |  | Destroy
20898,Dwarf remains,Destroy, |  |  |  | Destroy
20899,Dwarf remains,Destroy, |  |  |  | Destroy
20900,Dwarf remains,Destroy, |  |  |  | Destroy
20901,Dwarf remains,Destroy, |  |  |  | Destroy
20902,Dwarf remains,Destroy, |  |  |  | Destroy
20903,Dwarf remains,Destroy, |  |  |  | Destroy
20904,Dwarf remains,Destroy, |  |  |  | Destroy
20905,Dwarf remains,Destroy, |  |  |  | Destroy
20906,Dwarf remains,Destroy, |  |  |  | Destroy
20907,Dwarf remains,Destroy, |  |  |  | Destroy
20908,Dwarf remains,Destroy, |  |  |  | Destroy
20909,Dwarf remains,Destroy, |  |  |  | Destroy
20910,Dwarf remains,Destroy, |  |  |  | Destroy
20911,Dwarf remains,Destroy, |  |  |  | Destroy
20912,Dwarf remains,Destroy, |  |  |  | Destroy
20913,Dwarf remains,Destroy, |  |  |  | Destroy
20914,Dwarf remains,Destroy, |  |  |  | Destroy
20915,Dwarf remains,Destroy, |  |  |  | Destroy
20916,Dwarf remains,Destroy, |  |  |  | Destroy
20917,Dwarf remains,Destroy, |  |  |  | Destroy
20918,Dwarf remains,Destroy, |  |  |  | Destroy
20919,Dwarf remains,Destroy, |  |  |  | Destroy
20920,Dwarf remains,Destroy, |  |  |  | Destroy
20921,Dwarf remains,Destroy, |  |  |  | Destroy
20922,Dwarf remains,Destroy, |  |  |  | Destroy
20923,Dwarf remains,Destroy, |  |  |  | Destroy
20924,Dwarf remains,Destroy, |  |  |  | Destroy
20925,Dwarf remains,Destroy, |  |  |  | Destroy
20926,Dwarf remains,Destroy, |  |  |  | Destroy
20927,Dwarf remains,Destroy, |  |  |  | Destroy
20928,Dwarf remains,Destroy, |  |  |  | Destroy
20929,Dwarf remains,Destroy, |  |  |  | Destroy
20930,Dwarf remains,Destroy, |  |  |  | Destroy
20931,Dwarf remains,Destroy, |  |  |  | Destroy
20932,Dwarf remains,Destroy, |  |  |  | Destroy
20933,Dwarf remains,Destroy, |  |  |  | Destroy
20934,Dwarf remains,Destroy, |  |  |  | Destroy
20935,Dwarf remains,Destroy, |  |  |  | Destroy
20936,Dwarf remains,Destroy, |  |  |  | Destroy
20937,Dwarf remains,Destroy, |  |  |  | Destroy
20938,Dwarf remains,Destroy, |  |  |  | Destroy
20939,Dwarf remains,Destroy, |  |  |  | Destroy
20940,Dwarf remains,Destroy, |  |  |  | Destroy
20941,Dwarf remains,Destroy, |  |  |  | Destroy
20942,Dwarf remains,Destroy, |  |  |  | Destroy
20943,Dwarf remains,Destroy, |  |  |  | Destroy
20944,Dwarf remains,Destroy, |  |  |  | Destroy
20945,Dwarf remains,Destroy, |  |  |  | Destroy
20946,Dwarf remains,Destroy, |  |  |  | Destroy
20947,Dwarf remains,Destroy, |  |  |  | Destroy
20948,Dwarf remains,Destroy, |  |  |  | Destroy
20949,Dwarf remains,Destroy, |  |  |  | Destroy
20950,Dwarf remains,Destroy, |  |  |  | Destroy
20951,Dwarf remains,Destroy, |  |  |  | Destroy
20953,Dwarf remains,Destroy, |  |  |  | Destroy
20954,Dwarf remains,Destroy, |  |  |  | Destroy
20955,Dwarf remains,Destroy, |  |  |  | Destroy
20956,Dwarf remains,Destroy, |  |  |  | Destroy
20957,Dwarf remains,Destroy, |  |  |  | Destroy
20958,Dwarf remains,Destroy, |  |  |  | Destroy
20959,Dwarf remains,Destroy, |  |  |  | Destroy
20960,Dwarf remains,Destroy, |  |  |  | Destroy
20961,Dwarf remains,Destroy, |  |  |  | Destroy
20962,Dwarf remains,Destroy, |  |  |  | Destroy
20963,Dwarf remains,Destroy, |  |  |  | Destroy
20964,Dwarf remains,Destroy, |  |  |  | Destroy
20965,Dwarf remains,Destroy, |  |  |  | Destroy
20966,Dwarf remains,Destroy, |  |  |  | Destroy
20967,Dwarf remains,Destroy, |  |  |  | Destroy
20968,Dwarf remains,Destroy, |  |  |  | Destroy
20969,Dwarf remains,Destroy, |  |  |  | Destroy
20970,Dwarf remains,Destroy, |  |  |  | Destroy
20971,Dwarf remains,Destroy, |  |  |  | Destroy
20972,Dwarf remains,Destroy, |  |  |  | Destroy
20973,Dwarf remains,Destroy, |  |  |  | Destroy
20974,Dwarf remains,Destroy, |  |  |  | Destroy
20975,Dwarf remains,Destroy, |  |  |  | Destroy
20976,Dwarf remains,Destroy, |  |  |  | Destroy
20977,Dwarf remains,Destroy, |  |  |  | Destroy
20978,Dwarf remains,Destroy, |  |  |  | Destroy
20979,Dwarf remains,Destroy, |  |  |  | Destroy
20980,Dwarf remains,Destroy, |  |  |  | Destroy
20981,Dwarf remains,Destroy, |  |  |  | Destroy
20982,Dwarf remains,Destroy, |  |  |  | Destroy
20983,Dwarf remains,Destroy, |  |  |  | Destroy
20984,Dwarf remains,Destroy, |  |  |  | Destroy
20985,Dwarf remains,Destroy, |  |  |  | Destroy
20986,Dwarf remains,Destroy, |  |  |  | Destroy
21043,@gre@Broken statue headdress (st.),Destroy,Exchange |  |  |  | Destroy
21044,@gre@Third age carafe (st.),Destroy,Exchange |  |  |  | Destroy
21045,@gre@Bronzed dragon claw (st.),Destroy,Exchange |  |  |  | Destroy
21046,@gre@Ancient psaltery bridge (st.),Destroy,Exchange |  |  |  | Destroy
21047,@gre@Saradomin amphora (st.),Destroy,Exchange |  |  |  | Destroy
21048,@gre@Bandos scrimshaw (st.),Destroy,Exchange |  |  |  | Destroy
21049,@gre@Saradomin carving (st.),Destroy,Exchange |  |  |  | Destroy
21050,@gre@Zamorak medallion (st.),Destroy,Exchange |  |  |  | Destroy
21051,@gre@Armadyl totem (st.),Destroy,Exchange |  |  |  | Destroy
21052,@gre@Guthixian brazier (st.),Destroy,Exchange |  |  |  | Destroy
21053,@gre@Ruby chalice (st.),Destroy,Exchange |  |  |  | Destroy
21054,@gre@Bandos statuette (st.),Destroy,Exchange |  |  |  | Destroy
21055,@gre@Zamorak statuette (st.),Destroy,Exchange |  |  |  | Destroy
21056,@gre@Armadyl statuette (st.),Destroy,Exchange |  |  |  | Destroy
21057,@gre@Seren statuette (st.),Destroy,Exchange |  |  |  | Destroy
21058,@gre@Ancient statuette (st.),Destroy,Exchange |  |  |  | Destroy
21071,@gre@Enchanted statuette (st.),Destroy,Exchange |  |  |  | Destroy
21072,@gre@Eternal statuette (st.),Destroy,Exchange |  |  |  | Destroy
21087,@gre@Blood statuette (st.),Destroy,Exchange |  |  |  | Destroy
21102,@gre@Royal seed pod,Destroy,Commune | Configure |  |  | Destroy
21136,@gre@Druidic wreath,Destroy, | Wear | Check rank |  | Destroy
21150,@gre@Cursed helm (broken),Destroy, |  |  |  | Destroy
21151,@gre@Cursed platebody (broken),Destroy, |  |  |  | Destroy
21152,@gre@Cursed platelegs (broken),Destroy, |  |  |  | Destroy
21153,@gre@Ring of vigour (i) (broken),Destroy, |  |  |  | Destroy
21154,@gre@Amulet of torture (or) (broken),Destroy, |  |  |  | Destroy
21155,@gre@Necklace of anguish (or) (broken),Destroy, |  |  |  | Destroy
21156,@gre@Occult necklace (or) (broken),Destroy, |  |  |  | Destroy
21164,Dwarf remains,Destroy, |  |  |  | Destroy
21165,Dwarf remains,Destroy, |  |  |  | Destroy
21166,Dwarf remains,Destroy, |  |  |  | Destroy
21167,Dwarf remains,Destroy, |  |  |  | Destroy
21168,Dwarf remains,Destroy, |  |  |  | Destroy
21169,Dwarf remains,Destroy, |  |  |  | Destroy
21170,Dwarf remains,Destroy, |  |  |  | Destroy
21171,Dwarf remains,Destroy, |  |  |  | Destroy
21172,Dwarf remains,Destroy, |  |  |  | Destroy
21173,Dwarf remains,Destroy, |  |  |  | Destroy
21174,Dwarf remains,Destroy, |  |  |  | Destroy
21175,Dwarf remains,Destroy, |  |  |  | Destroy
21176,Dwarf remains,Destroy, |  |  |  | Destroy
21177,Dwarf remains,Destroy, |  |  |  | Destroy
21178,Dwarf remains,Destroy, |  |  |  | Destroy
21179,Dwarf remains,Destroy, |  |  |  | Destroy
21180,Dwarf remains,Destroy, |  |  |  | Destroy
21181,Dwarf remains,Destroy, |  |  |  | Destroy
21182,Dwarf remains,Destroy, |  |  |  | Destroy
21183,Dwarf remains,Destroy, |  |  |  | Destroy
21184,Dwarf remains,Destroy, |  |  |  | Destroy
21185,Dwarf remains,Destroy, |  |  |  | Destroy
21186,Dwarf remains,Destroy, |  |  |  | Destroy
21187,Dwarf remains,Destroy, |  |  |  | Destroy
21188,Dwarf remains,Destroy, |  |  |  | Destroy
21189,Dwarf remains,Destroy, |  |  |  | Destroy
21190,Dwarf remains,Destroy, |  |  |  | Destroy
21191,Dwarf remains,Destroy, |  |  |  | Destroy
21192,Dwarf remains,Destroy, |  |  |  | Destroy
21193,Dwarf remains,Destroy, |  |  |  | Destroy
21194,Dwarf remains,Destroy, |  |  |  | Destroy
21195,Dwarf remains,Destroy, |  |  |  | Destroy
21196,Dwarf remains,Destroy, |  |  |  | Destroy
21197,Dwarf remains,Destroy, |  |  |  | Destroy
21198,Dwarf remains,Destroy, |  |  |  | Destroy
21199,Dwarf remains,Destroy, |  |  |  | Destroy
21200,Dwarf remains,Destroy, |  |  |  | Destroy
21201,Dwarf remains,Destroy, |  |  |  | Destroy
21202,Dwarf remains,Destroy, |  |  |  | Destroy
21203,Dwarf remains,Destroy, |  |  |  | Destroy
21204,Dwarf remains,Destroy, |  |  |  | Destroy
21205,Dwarf remains,Destroy, |  |  |  | Destroy
21206,Dwarf remains,Destroy, |  |  |  | Destroy
21207,Dwarf remains,Destroy, |  |  |  | Destroy
21208,Dwarf remains,Destroy, |  |  |  | Destroy
21209,Dwarf remains,Destroy, |  |  |  | Destroy
21210,Dwarf remains,Destroy, |  |  |  | Destroy
21211,Dwarf remains,Destroy, |  |  |  | Destroy
21212,Dwarf remains,Destroy, |  |  |  | Destroy
21213,Dwarf remains,Destroy, |  |  |  | Destroy
21214,Dwarf remains,Destroy, |  |  |  | Destroy
21215,Dwarf remains,Destroy, |  |  |  | Destroy
21216,Dwarf remains,Destroy, |  |  |  | Destroy
21217,Dwarf remains,Destroy, |  |  |  | Destroy
21218,Dwarf remains,Destroy, |  |  |  | Destroy
21219,Dwarf remains,Destroy, |  |  |  | Destroy
21220,Dwarf remains,Destroy, |  |  |  | Destroy
21221,Dwarf remains,Destroy, |  |  |  | Destroy
21222,Dwarf remains,Destroy, |  |  |  | Destroy
21223,Dwarf remains,Destroy, |  |  |  | Destroy
21224,Dwarf remains,Destroy, |  |  |  | Destroy
21225,Dwarf remains,Destroy, |  |  |  | Destroy
21226,Dwarf remains,Destroy, |  |  |  | Destroy
21227,Dwarf remains,Destroy, |  |  |  | Destroy
21228,Dwarf remains,Destroy, |  |  |  | Destroy
21229,Dwarf remains,Destroy, |  |  |  | Destroy
21230,Dwarf remains,Destroy, |  |  |  | Destroy
21231,Dwarf remains,Destroy, |  |  |  | Destroy
21232,Dwarf remains,Destroy, |  |  |  | Destroy
21233,Dwarf remains,Destroy, |  |  |  | Destroy
21234,Dwarf remains,Destroy, |  |  |  | Destroy
21235,Dwarf remains,Destroy, |  |  |  | Destroy
21236,Dwarf remains,Destroy, |  |  |  | Destroy
21237,Dwarf remains,Destroy, |  |  |  | Destroy
21238,Dwarf remains,Destroy, |  |  |  | Destroy
21239,Dwarf remains,Destroy, |  |  |  | Destroy
21240,Dwarf remains,Destroy, |  |  |  | Destroy
21241,Dwarf remains,Destroy, |  |  |  | Destroy
21242,Dwarf remains,Destroy, |  |  |  | Destroy
21243,Dwarf remains,Destroy, |  |  |  | Destroy
21244,Dwarf remains,Destroy, |  |  |  | Destroy
21245,Dwarf remains,Destroy, |  |  |  | Destroy
21246,Dwarf remains,Destroy, |  |  |  | Destroy
21247,Dwarf remains,Destroy, |  |  |  | Destroy
21248,Dwarf remains,Destroy, |  |  |  | Destroy
21249,Dwarf remains,Destroy, |  |  |  | Destroy
21259,@gre@Blood impling jar,Destroy, |  | Loot |  | Destroy
21264,Dwarf remains,Destroy, |  |  |  | Destroy
21265,Dwarf remains,Destroy, |  |  |  | Destroy
21266,Dwarf remains,Destroy, |  |  |  | Destroy
21267,Dwarf remains,Destroy, |  |  |  | Destroy
21268,Dwarf remains,Destroy, |  |  |  | Destroy
21288,Dwarf remains,Destroy, |  |  |  | Destroy
21289,Dwarf remains,Destroy, |  |  |  | Destroy
21290,Dwarf remains,Destroy, |  |  |  | Destroy
21291,Dwarf remains,Destroy, |  |  |  | Destroy
21292,Dwarf remains,Destroy, |  |  |  | Destroy
21293,Dwarf remains,Destroy, |  |  |  | Destroy
21294,Dwarf remains,Destroy, |  |  |  | Destroy
21295,Dwarf remains,Destroy, |  |  |  | Destroy
21296,Dwarf remains,Destroy, |  |  |  | Destroy
21297,Dwarf remains,Destroy, |  |  |  | Destroy
21298,Dwarf remains,Destroy, |  |  |  | Destroy
21299,Dwarf remains,Destroy, |  |  |  | Destroy
21300,Dwarf remains,Destroy, |  |  |  | Destroy
21301,Dwarf remains,Destroy, |  |  |  | Destroy
21302,Dwarf remains,Destroy, |  |  |  | Destroy
21303,Dwarf remains,Destroy, |  |  |  | Destroy
21304,Dwarf remains,Destroy, |  |  |  | Destroy
21305,Dwarf remains,Destroy, |  |  |  | Destroy
21306,Dwarf remains,Destroy, |  |  |  | Destroy
21307,Dwarf remains,Destroy, |  |  |  | Destroy
21308,Dwarf remains,Destroy, |  |  |  | Destroy
21309,Dwarf remains,Destroy, |  |  |  | Destroy
21310,Dwarf remains,Destroy, |  |  |  | Destroy
21311,Dwarf remains,Destroy, |  |  |  | Destroy
21312,Dwarf remains,Destroy, |  |  |  | Destroy
21313,Dwarf remains,Destroy, |  |  |  | Destroy
21314,Dwarf remains,Destroy, |  |  |  | Destroy
21315,Dwarf remains,Destroy, |  |  |  | Destroy
21316,Dwarf remains,Destroy, |  |  |  | Destroy
21317,Dwarf remains,Destroy, |  |  |  | Destroy
21318,Dwarf remains,Destroy, |  |  |  | Destroy
21319,Dwarf remains,Destroy, |  |  |  | Destroy
21320,Dwarf remains,Destroy, |  |  |  | Destroy
21321,Dwarf remains,Destroy, |  |  |  | Destroy
21322,Dwarf remains,Destroy, |  |  |  | Destroy
21323,Dwarf remains,Destroy, |  |  |  | Destroy
21324,Dwarf remains,Destroy, |  |  |  | Destroy
21325,Dwarf remains,Destroy, |  |  |  | Destroy
21326,Dwarf remains,Destroy, |  |  |  | Destroy
21327,Dwarf remains,Destroy, |  |  |  | Destroy
21328,Dwarf remains,Destroy, |  |  |  | Destroy
21329,Dwarf remains,Destroy, |  |  |  | Destroy
21330,Dwarf remains,Destroy, |  |  |  | Destroy
21331,Dwarf remains,Destroy, |  |  |  | Destroy
21332,Dwarf remains,Destroy, |  |  |  | Destroy
21333,Dwarf remains,Destroy, |  |  |  | Destroy
21334,Dwarf remains,Destroy, |  |  |  | Destroy
21335,Dwarf remains,Destroy, |  |  |  | Destroy
21336,Dwarf remains,Destroy, |  |  |  | Destroy
21337,Dwarf remains,Destroy, |  |  |  | Destroy
21338,Dwarf remains,Destroy, |  |  |  | Destroy
21339,Dwarf remains,Destroy, |  |  |  | Destroy
21340,Dwarf remains,Destroy, |  |  |  | Destroy
21341,Dwarf remains,Destroy, |  |  |  | Destroy
21342,Dwarf remains,Destroy, |  |  |  | Destroy
21343,Dwarf remains,Destroy, |  |  |  | Destroy
21344,Dwarf remains,Destroy, |  |  |  | Destroy
21345,Dwarf remains,Destroy, |  |  |  | Destroy
21346,Dwarf remains,Destroy, |  |  |  | Destroy
21347,Dwarf remains,Destroy, |  |  |  | Destroy
21348,Dwarf remains,Destroy, |  |  |  | Destroy
21349,Dwarf remains,Destroy, |  |  |  | Destroy
21350,Dwarf remains,Destroy, |  |  |  | Destroy
21351,Dwarf remains,Destroy, |  |  |  | Destroy
21352,Dwarf remains,Destroy, |  |  |  | Destroy
21353,Dwarf remains,Destroy, |  |  |  | Destroy
21354,Dwarf remains,Destroy, |  |  |  | Destroy
21355,Dwarf remains,Destroy, |  |  |  | Destroy
21356,Dwarf remains,Destroy, |  |  |  | Destroy
21357,Dwarf remains,Destroy, |  |  |  | Destroy
21358,Dwarf remains,Destroy, |  |  |  | Destroy
21359,Dwarf remains,Destroy, |  |  |  | Destroy
21360,Dwarf remains,Destroy, |  |  |  | Destroy
21361,Dwarf remains,Destroy, |  |  |  | Destroy
21362,Dwarf remains,Destroy, |  |  |  | Destroy
21363,Dwarf remains,Destroy, |  |  |  | Destroy
21364,Dwarf remains,Destroy, |  |  |  | Destroy
21365,Dwarf remains,Destroy, |  |  |  | Destroy
21366,Dwarf remains,Destroy, |  |  |  | Destroy
21367,Dwarf remains,Destroy, |  |  |  | Destroy
21368,Dwarf remains,Destroy, |  |  |  | Destroy
21369,Dwarf remains,Destroy, |  |  |  | Destroy
21370,Dwarf remains,Destroy, |  |  |  | Destroy
21371,Dwarf remains,Destroy, |  |  |  | Destroy
21372,Dwarf remains,Destroy, |  |  |  | Destroy
21373,Dwarf remains,Destroy, |  |  |  | Destroy
21374,Dwarf remains,Destroy, |  |  |  | Destroy
21375,Dwarf remains,Destroy, |  |  |  | Destroy
21376,Dwarf remains,Destroy, |  |  |  | Destroy
21377,Dwarf remains,Destroy, |  |  |  | Destroy
21378,Dwarf remains,Destroy, |  |  |  | Destroy
21379,Dwarf remains,Destroy, |  |  |  | Destroy
21380,Dwarf remains,Destroy, |  |  |  | Destroy
21381,Dwarf remains,Destroy, |  |  |  | Destroy
21382,Dwarf remains,Destroy, |  |  |  | Destroy
21383,Dwarf remains,Destroy, |  |  |  | Destroy
21384,Dwarf remains,Destroy, |  |  |  | Destroy
21385,Dwarf remains,Destroy, |  |  |  | Destroy
21386,Dwarf remains,Destroy, |  |  |  | Destroy
21387,Dwarf remains,Destroy, |  |  |  | Destroy
21388,Dwarf remains,Destroy, |  |  |  | Destroy
21389,Dwarf remains,Destroy, |  |  |  | Destroy
21390,Dwarf remains,Destroy, |  |  |  | Destroy
21391,Dwarf remains,Destroy, |  |  |  | Destroy
21392,Dwarf remains,Destroy, |  |  |  | Destroy
21393,Dwarf remains,Destroy, |  |  |  | Destroy
21394,Dwarf remains,Destroy, |  |  |  | Destroy
21395,Dwarf remains,Destroy, |  |  |  | Destroy
21396,Dwarf remains,Destroy, |  |  |  | Destroy
21397,Dwarf remains,Destroy, |  |  |  | Destroy
21398,Dwarf remains,Destroy, |  |  |  | Destroy
21399,Dwarf remains,Destroy, |  |  |  | Destroy
21400,Dwarf remains,Destroy, |  |  |  | Destroy
21401,Dwarf remains,Destroy, |  |  |  | Destroy
21402,Dwarf remains,Destroy, |  |  |  | Destroy
21403,Dwarf remains,Destroy, |  |  |  | Destroy
21404,Dwarf remains,Destroy, |  |  |  | Destroy
21410,Dwarf remains,Destroy, |  |  |  | Destroy
21411,Dwarf remains,Destroy, |  |  |  | Destroy
21412,Dwarf remains,Destroy, |  |  |  | Destroy
21413,Dwarf remains,Destroy, |  |  |  | Destroy
21414,Dwarf remains,Destroy, |  |  |  | Destroy
21415,Dwarf remains,Destroy, |  |  |  | Destroy
21416,Dwarf remains,Destroy, |  |  |  | Destroy
21417,Dwarf remains,Destroy, |  |  |  | Destroy
21418,Dwarf remains,Destroy, |  |  |  | Destroy
21419,Dwarf remains,Destroy, |  |  |  | Destroy
21420,Dwarf remains,Destroy, |  |  |  | Destroy
21421,Dwarf remains,Destroy, |  |  |  | Destroy
21422,Dwarf remains,Destroy, |  |  |  | Destroy
21423,Dwarf remains,Destroy, |  |  |  | Destroy
21424,Dwarf remains,Destroy, |  |  |  | Destroy
21425,Dwarf remains,Destroy, |  |  |  | Destroy
21426,Dwarf remains,Destroy, |  |  |  | Destroy
21427,Dwarf remains,Destroy, |  |  |  | Destroy
21428,Dwarf remains,Destroy, |  |  |  | Destroy
21429,Dwarf remains,Destroy, |  |  |  | Destroy
21430,Dwarf remains,Destroy, |  |  |  | Destroy
21431,Dwarf remains,Destroy, |  |  |  | Destroy
21432,Dwarf remains,Destroy, |  |  |  | Destroy
21433,Dwarf remains,Destroy, |  |  |  | Destroy
21434,Dwarf remains,Destroy, |  |  |  | Destroy
21435,Dwarf remains,Destroy, |  |  |  | Destroy
21436,Dwarf remains,Destroy, |  |  |  | Destroy
21437,Dwarf remains,Destroy, |  |  |  | Destroy
21438,Dwarf remains,Destroy, |  |  |  | Destroy
21439,Dwarf remains,Destroy, |  |  |  | Destroy
21440,Dwarf remains,Destroy, |  |  |  | Destroy
21441,Dwarf remains,Destroy, |  |  |  | Destroy
21442,Dwarf remains,Destroy, |  |  |  | Destroy
21443,Dwarf remains,Destroy, |  |  |  | Destroy
21444,Dwarf remains,Destroy, |  |  |  | Destroy
21445,Dwarf remains,Destroy, |  |  |  | Destroy
21446,Dwarf remains,Destroy, |  |  |  | Destroy
21447,Dwarf remains,Destroy, |  |  |  | Destroy
21448,Dwarf remains,Destroy, |  |  |  | Destroy
21449,Dwarf remains,Destroy, |  |  |  | Destroy
21450,Dwarf remains,Destroy, |  |  |  | Destroy
21451,Dwarf remains,Destroy, |  |  |  | Destroy
21452,Dwarf remains,Destroy, |  |  |  | Destroy
21453,Dwarf remains,Destroy, |  |  |  | Destroy
21454,Dwarf remains,Destroy, |  |  |  | Destroy
21455,Dwarf remains,Destroy, |  |  |  | Destroy
21456,Dwarf remains,Destroy, |  |  |  | Destroy
21457,Dwarf remains,Destroy, |  |  |  | Destroy
21458,Dwarf remains,Destroy, |  |  |  | Destroy
21459,Dwarf remains,Destroy, |  |  |  | Destroy
21460,Dwarf remains,Destroy, |  |  |  | Destroy
21461,Dwarf remains,Destroy, |  |  |  | Destroy
21462,Dwarf remains,Destroy, |  |  |  | Destroy
21463,Dwarf remains,Destroy, |  |  |  | Destroy
21464,Dwarf remains,Destroy, |  |  |  | Destroy
21465,Dwarf remains,Destroy, |  |  |  | Destroy
21466,Dwarf remains,Destroy, |  |  |  | Destroy
21467,Dwarf remains,Destroy, |  |  |  | Destroy
21468,Dwarf remains,Destroy, |  |  |  | Destroy
21469,Dwarf remains,Destroy, |  |  |  | Destroy
21470,Dwarf remains,Destroy, |  |  |  | Destroy
21471,Dwarf remains,Destroy, |  |  |  | Destroy
21472,Dwarf remains,Destroy, |  |  |  | Destroy
21473,Dwarf remains,Destroy, |  |  |  | Destroy
21474,Dwarf remains,Destroy, |  |  |  | Destroy
21475,Dwarf remains,Destroy, |  |  |  | Destroy
21476,Dwarf remains,Destroy, |  |  |  | Destroy
21477,Dwarf remains,Destroy, |  |  |  | Destroy
21478,Dwarf remains,Destroy, |  |  |  | Destroy
21479,Dwarf remains,Destroy, |  |  |  | Destroy
21480,Dwarf remains,Destroy, |  |  |  | Destroy
21481,Dwarf remains,Destroy, |  |  |  | Destroy
21482,Dwarf remains,Destroy, |  |  |  | Destroy
21483,Dwarf remains,Destroy, |  |  |  | Destroy
21484,Dwarf remains,Destroy, |  |  |  | Destroy
21485,Dwarf remains,Destroy, |  |  |  | Destroy
21486,Dwarf remains,Destroy, |  |  |  | Destroy
21487,Dwarf remains,Destroy, |  |  |  | Destroy
21488,Dwarf remains,Destroy, |  |  |  | Destroy
21489,Dwarf remains,Destroy, |  |  |  | Destroy
21490,Dwarf remains,Destroy, |  |  |  | Destroy
21491,Dwarf remains,Destroy, |  |  |  | Destroy
21492,Dwarf remains,Destroy, |  |  |  | Destroy
21493,Dwarf remains,Destroy, |  |  |  | Destroy
21494,Dwarf remains,Destroy, |  |  |  | Destroy
21495,Dwarf remains,Destroy, |  |  |  | Destroy
21496,Dwarf remains,Destroy, |  |  |  | Destroy
21497,Dwarf remains,Destroy, |  |  |  | Destroy
21498,Dwarf remains,Destroy, |  |  |  | Destroy
21499,Dwarf remains,Destroy, |  |  |  | Destroy
21500,Dwarf remains,Destroy, |  |  |  | Destroy
21501,Dwarf remains,Destroy, |  |  |  | Destroy
21502,Dwarf remains,Destroy, |  |  |  | Destroy
21503,Dwarf remains,Destroy, |  |  |  | Destroy
21504,Dwarf remains,Destroy, |  |  |  | Destroy
21505,Dwarf remains,Destroy, |  |  |  | Destroy
21506,Dwarf remains,Destroy, |  |  |  | Destroy
21507,Dwarf remains,Destroy, |  |  |  | Destroy
21508,Dwarf remains,Destroy, |  |  |  | Destroy
21509,Dwarf remains,Destroy, |  |  |  | Destroy
21510,Dwarf remains,Destroy, |  |  |  | Destroy
21511,Dwarf remains,Destroy, |  |  |  | Destroy
21512,Dwarf remains,Destroy, |  |  |  | Destroy
21513,Dwarf remains,Destroy, |  |  |  | Destroy
21514,Dwarf remains,Destroy, |  |  |  | Destroy
21515,Dwarf remains,Destroy, |  |  |  | Destroy
21516,Dwarf remains,Destroy, |  |  |  | Destroy
21517,Dwarf remains,Destroy, |  |  |  | Destroy
21518,Dwarf remains,Destroy, |  |  |  | Destroy
21519,Dwarf remains,Destroy, |  |  |  | Destroy
21520,Dwarf remains,Destroy, |  |  |  | Destroy
21521,Dwarf remains,Destroy, |  |  |  | Destroy
21522,Dwarf remains,Destroy, |  |  |  | Destroy
21523,Dwarf remains,Destroy, |  |  |  | Destroy
21524,Dwarf remains,Destroy, |  |  |  | Destroy
21525,Dwarf remains,Destroy, |  |  |  | Destroy
21526,Dwarf remains,Destroy, |  |  |  | Destroy
21527,Dwarf remains,Destroy, |  |  |  | Destroy
21528,Dwarf remains,Destroy, |  |  |  | Destroy
21529,Dwarf remains,Destroy, |  |  |  | Destroy
21530,Dwarf remains,Destroy, |  |  |  | Destroy
21531,Dwarf remains,Destroy, |  |  |  | Destroy
21532,Dwarf remains,Destroy, |  |  |  | Destroy
21533,Dwarf remains,Destroy, |  |  |  | Destroy
21534,Dwarf remains,Destroy, |  |  |  | Destroy
21535,Dwarf remains,Destroy, |  |  |  | Destroy
21536,Dwarf remains,Destroy, |  |  |  | Destroy
21537,Dwarf remains,Destroy, |  |  |  | Destroy
21538,Dwarf remains,Destroy, |  |  |  | Destroy
21539,Dwarf remains,Destroy, |  |  |  | Destroy
21540,Dwarf remains,Destroy, |  |  |  | Destroy
21541,Dwarf remains,Destroy, |  |  |  | Destroy
21542,Dwarf remains,Destroy, |  |  |  | Destroy
21543,Dwarf remains,Destroy, |  |  |  | Destroy
21544,Dwarf remains,Destroy, |  |  |  | Destroy
21545,Dwarf remains,Destroy, |  |  |  | Destroy
21546,Dwarf remains,Destroy, |  |  |  | Destroy
21547,Dwarf remains,Destroy, |  |  |  | Destroy
21548,Dwarf remains,Destroy, |  |  |  | Destroy
21549,Dwarf remains,Destroy, |  |  |  | Destroy
21550,Dwarf remains,Destroy, |  |  |  | Destroy
21551,Dwarf remains,Destroy, |  |  |  | Destroy
21552,Dwarf remains,Destroy, |  |  |  | Destroy
21553,Dwarf remains,Destroy, |  |  |  | Destroy
21554,Dwarf remains,Destroy, |  |  |  | Destroy
21555,Dwarf remains,Destroy, |  |  |  | Destroy
21556,Dwarf remains,Destroy, |  |  |  | Destroy
21557,@gre@Dragon defender (t) (broken),Destroy, |  |  |  | Destroy
21558,@gre@Enchanted gloves (broken),Destroy, |  |  |  | Destroy
21559,@gre@Enchanted boots (broken),Destroy, |  |  |  | Destroy
21573,@gre@Avernic defender (broken),Destroy, |  |  |  | Destroy
21580,@gre@Bracelet of ethereum,Uncharge, | Wear | Check | Toggle-absorption | Uncharge
21583,@gre@Craw's bow,Uncharge, | Wield | Check |  | Uncharge
21585,@gre@Viggora's chainmace,Uncharge, | Wield | Check |  | Uncharge
21587,@gre@Thammaron's sceptre,Uncharge, | Wield | Check |  | Uncharge
21590,@gre@Ancient emblem,Destroy, |  |  |  | Destroy
21591,@gre@Ancient statuette,Destroy, |  |  |  | Destroy
21592,@gre@Ancient medallion,Destroy, |  |  |  | Destroy
21593,@gre@Ancient effigy,Destroy, |  |  |  | Destroy
21594,@gre@Ancient artifact,Destroy, |  |  |  | Destroy
21606,@gre@Restoration pool,Destroy, |  |  |  | Destroy
21607,@gre@Blood pool,Destroy, |  |  |  | Destroy
21608,@gre@Enchanted pool,Destroy, |  |  |  | Destroy
21626,@gre@Blood fountain,Destroy, |  |  |  | Destroy
21635,Dwarf remains,Destroy, |  |  |  | Destroy
21636,Dwarf remains,Destroy, |  |  |  | Destroy
21637,Dwarf remains,Destroy, |  |  |  | Destroy
21638,Dwarf remains,Destroy, |  |  |  | Destroy
21639,Dwarf remains,Destroy, |  |  |  | Destroy
21648,@gre@Gilded anchor,Destroy, | Wield |  |  | Destroy
21650,Dwarf remains,Destroy, |  |  |  | Destroy
21651,Dwarf remains,Destroy, |  |  |  | Destroy
21684,@gre@Blood halo (broken),Destroy, |  |  |  | Destroy
21685,@gre@Charmed halo (broken),Destroy, |  |  |  | Destroy
21686,@gre@Infernal halo (broken),Destroy, |  |  |  | Destroy
21687,Dwarf remains,Destroy, |  |  |  | Destroy
21688,Dwarf remains,Destroy, |  |  |  | Destroy
21697,@gre@Jack phantom cloak,Destroy, | Wear |  |  | Destroy
21698,@gre@Jack phantom mask,Destroy, | Wear |  |  | Destroy
21716,@gre@Blood slayer boots,Destroy, | Wear |  |  | Destroy
21730,@gre@Blood slayer helm (broken),Destroy, |  |  |  | Destroy
21740,Dwarf remains,Destroy, |  |  |  | Destroy
21741,Dwarf remains,Destroy, |  |  |  | Destroy
21742,Dwarf remains,Destroy, |  |  |  | Destroy
21743,Dwarf remains,Destroy, |  |  |  | Destroy
21744,Dwarf remains,Destroy, |  |  |  | Destroy
21745,Dwarf remains,Destroy, |  |  |  | Destroy
21746,Dwarf remains,Destroy, |  |  |  | Destroy
21747,Dwarf remains,Destroy, |  |  |  | Destroy
21748,Dwarf remains,Destroy, |  |  |  | Destroy
21749,Dwarf remains,Destroy, |  |  |  | Destroy
21750,Dwarf remains,Destroy, |  |  |  | Destroy
21751,Dwarf remains,Destroy, |  |  |  | Destroy
21752,Dwarf remains,Destroy, |  |  |  | Destroy
21753,Dwarf remains,Destroy, |  |  |  | Destroy
21754,Dwarf remains,Destroy, |  |  |  | Destroy
21755,Dwarf remains,Destroy, |  |  |  | Destroy
21756,Dwarf remains,Destroy, |  |  |  | Destroy
21757,Dwarf remains,Destroy, |  |  |  | Destroy
21758,Dwarf remains,Destroy, |  |  |  | Destroy
21759,Dwarf remains,Destroy, |  |  |  | Destroy
21761,@gre@Barrows dye,Destroy, |  |  |  | Destroy
21775,@gre@Jolly cane,Destroy, | Wield |  |  | Destroy
21788,Dwarf remains,Destroy, |  |  |  | Destroy
21789,Dwarf remains,Destroy, |  |  |  | Destroy
21791,Dwarf remains,Destroy, |  |  |  | Destroy
21792,Dwarf remains,Destroy, |  |  |  | Destroy
21794,Dwarf remains,Destroy, |  |  |  | Destroy
21795,Dwarf remains,Destroy, |  |  |  | Destroy
21796,Dwarf remains,Destroy, |  |  |  | Destroy
21797,Dwarf remains,Destroy, |  |  |  | Destroy
21798,Dwarf remains,Destroy, |  |  |  | Destroy
21799,Dwarf remains,Destroy, |  |  |  | Destroy
21806,@gre@Bloody key,Destroy, |  |  |  | Destroy
21807,@gre@Bloodier key,Destroy, |  |  |  | Destroy
21825,@gre@Cursed fighter hat (broken),Destroy, |  |  |  | Destroy
21826,@gre@Cursed fighter torso (broken),Destroy, |  |  |  | Destroy
21875,Dwarf remains,Destroy, |  |  |  | Destroy
21876,Dwarf remains,Destroy, |  |  |  | Destroy
21878,Dwarf remains,Destroy, |  |  |  | Destroy
21879,Dwarf remains,Destroy, |  |  |  | Destroy
21880,@gre@Easter dye 2020,Destroy, |  |  |  | Destroy
21884,Dwarf remains,Destroy, |  |  |  | Destroy
21885,Dwarf remains,Destroy, |  |  |  | Destroy
21886,Dwarf remains,Destroy, |  |  |  | Destroy
21887,Dwarf remains,Destroy, |  |  |  | Destroy
21888,Dwarf remains,Destroy, |  |  |  | Destroy
21889,Dwarf remains,Destroy, |  |  |  | Destroy
21890,Dwarf remains,Destroy, |  |  |  | Destroy
21891,Dwarf remains,Destroy, |  |  |  | Destroy
21892,Dwarf remains,Destroy, |  |  |  | Destroy
21893,Dwarf remains,Destroy, |  |  |  | Destroy
21894,Dwarf remains,Destroy, |  |  |  | Destroy
21895,Dwarf remains,Destroy, |  |  |  | Destroy
21896,Dwarf remains,Destroy, |  |  |  | Destroy
21961,@gre@Enchanted gloves (i) (broken),Destroy, |  |  |  | Destroy
21962,@gre@Enchanted boots (i) (broken),Destroy, |  |  |  | Destroy
21965,Dwarf remains,Destroy, |  |  |  | Destroy
21966,Dwarf remains,Destroy, |  |  |  | Destroy
21967,Dwarf remains,Destroy, |  |  |  | Destroy
21968,Dwarf remains,Destroy, |  |  |  | Destroy
21969,Dwarf remains,Destroy, |  |  |  | Destroy
21970,Dwarf remains,Destroy, |  |  |  | Destroy
21971,Dwarf remains,Destroy, |  |  |  | Destroy
21972,Dwarf remains,Destroy, |  |  |  | Destroy
21973,Dwarf remains,Destroy, |  |  |  | Destroy
21974,Dwarf remains,Destroy, |  |  |  | Destroy
21975,Dwarf remains,Destroy, |  |  |  | Destroy
21976,Dwarf remains,Destroy, |  |  |  | Destroy
21977,Dwarf remains,Destroy, |  |  |  | Destroy
21978,Dwarf remains,Destroy, |  |  |  | Destroy
21979,Dwarf remains,Destroy, |  |  |  | Destroy
21980,Dwarf remains,Destroy, |  |  |  | Destroy
21981,Dwarf remains,Destroy, |  |  |  | Destroy
21982,Dwarf remains,Destroy, |  |  |  | Destroy
21983,Dwarf remains,Destroy, |  |  |  | Destroy
21984,Dwarf remains,Destroy, |  |  |  | Destroy
21985,Dwarf remains,Destroy, |  |  |  | Destroy
21986,Dwarf remains,Destroy, |  |  |  | Destroy
21987,Dwarf remains,Destroy, |  |  |  | Destroy
21988,Dwarf remains,Destroy, |  |  |  | Destroy
21989,Dwarf remains,Destroy, |  |  |  | Destroy
21990,Dwarf remains,Destroy, |  |  |  | Destroy
21991,Dwarf remains,Destroy, |  |  |  | Destroy
21992,Dwarf remains,Destroy, |  |  |  | Destroy
21993,Dwarf remains,Destroy, |  |  |  | Destroy
21994,Dwarf remains,Destroy, |  |  |  | Destroy
21995,Dwarf remains,Destroy, |  |  |  | Destroy
21996,Dwarf remains,Destroy, |  |  |  | Destroy
21997,Dwarf remains,Destroy, |  |  |  | Destroy
21998,Dwarf remains,Destroy, |  |  |  | Destroy
21999,Dwarf remains,Destroy, |  |  |  | Destroy
22000,Dwarf remains,Destroy, |  |  |  | Destroy
22026,Dwarf remains,Destroy, |  |  |  | Destroy
22047,@gre@Vesta's chainbody (broken),Destroy, |  |  |  | Destroy
22048,@gre@Vesta's plateskirt (broken),Destroy, |  |  |  | Destroy
22049,@gre@Zuriel's robe top (broken),Destroy, |  |  |  | Destroy
22050,@gre@Zuriel's robe bot (broken),Destroy, |  |  |  | Destroy
22051,@gre@Morrigan's body (broken),Destroy, |  |  |  | Destroy
22052,@gre@Morrigan's chaps (broken),Destroy, |  |  |  | Destroy
22065,@gre@Bandages,Destroy, |  |  |  | Destroy
22066,Dwarf remains,Destroy, |  |  |  | Destroy
22102,@gre@Bound looting bag,Destroy,Open | Deposit | Check |  | Destroy
22103,@gre@Bound looting bag,Destroy,Close | Deposit | Check |  | Destroy
22140,@gre@Halloween dye 2020,Destroy, |  |  |  | Destroy
22163,Dwarf remains,Destroy, |  |  |  | Destroy
22164,Dwarf remains,Destroy, |  |  |  | Destroy
22165,Dwarf remains,Destroy, |  |  |  | Destroy
22166,Dwarf remains,Destroy, |  |  |  | Destroy
22186,Dwarf remains,Destroy, |  |  |  | Destroy
22193,Dwarf remains,Destroy, |  |  |  | Destroy
22194,Dwarf remains,Destroy, |  |  |  | Destroy
22195,Dwarf remains,Destroy, |  |  |  | Destroy
22196,Dwarf remains,Destroy, |  |  |  | Destroy
22197,Dwarf remains,Destroy, |  |  |  | Destroy
22201,Dwarf remains,Destroy, |  |  |  | Destroy
22202,Dwarf remains,Destroy, |  |  |  | Destroy
22203,Dwarf remains,Destroy, |  |  |  | Destroy
22204,Dwarf remains,Destroy, |  |  |  | Destroy
22205,Dwarf remains,Destroy, |  |  |  | Destroy
22207,Dwarf remains,Destroy, |  |  |  | Destroy
22208,Dwarf remains,Destroy, |  |  |  | Destroy
22209,Dwarf remains,Destroy, |  |  |  | Destroy
22223,Dwarf remains,Destroy, |  |  |  | Destroy
22224,Dwarf remains,Destroy, |  |  |  | Destroy
22235,Dwarf remains,Destroy, |  |  |  | Destroy
22236,Dwarf remains,Destroy, |  |  |  | Destroy
22237,@gre@Giant bonesack,Destroy, | Wear |  |  | Destroy
22239,Dwarf remains,Destroy, |  |  |  | Destroy
22240,Dwarf remains,Destroy, |  |  |  | Destroy
22241,Dwarf remains,Destroy, |  |  |  | Destroy
22244,Dwarf remains,Destroy, |  |  |  | Destroy
22246,Dwarf remains,Destroy, |  |  |  | Destroy
22247,Dwarf remains,Destroy, |  |  |  | Destroy
22248,Dwarf remains,Destroy, |  |  |  | Destroy
22249,Dwarf remains,Destroy, |  |  |  | Destroy
22254,Dwarf remains,Destroy, |  |  |  | Destroy
22266,Dwarf remains,Destroy, |  |  |  | Destroy
22267,Dwarf remains,Destroy, |  |  |  | Destroy
22268,Dwarf remains,Destroy, |  |  |  | Destroy
22269,Dwarf remains,Destroy, |  |  |  | Destroy
22282,@gre@Winter dye 2020,Destroy, |  |  |  | Destroy
22289,@gre@Enchanted gloves (i) (broken),Destroy, |  |  |  | Destroy
22290,@gre@Enchanted boots (i) (broken),Destroy, |  |  |  | Destroy
22298,Dwarf remains,Destroy, |  |  |  | Destroy
22299,Dwarf remains,Destroy, |  |  |  | Destroy
22300,Dwarf remains,Destroy, |  |  |  | Destroy
22301,Dwarf remains,Destroy, |  |  |  | Destroy
22302,Dwarf remains,Destroy, |  |  |  | Destroy
22303,Dwarf remains,Destroy, |  |  |  | Destroy
22304,Dwarf remains,Destroy, |  |  |  | Destroy
22305,Dwarf remains,Destroy, |  |  |  | Destroy
22306,Dwarf remains,Destroy, |  |  |  | Destroy
22307,Dwarf remains,Destroy, |  |  |  | Destroy
22308,Dwarf remains,Destroy, |  |  |  | Destroy
22309,Dwarf remains,Destroy, |  |  |  | Destroy
22310,Dwarf remains,Destroy, |  |  |  | Destroy
22311,Dwarf remains,Destroy, |  |  |  | Destroy
22312,Dwarf remains,Destroy, |  |  |  | Destroy
22313,Dwarf remains,Destroy, |  |  |  | Destroy
22314,Dwarf remains,Destroy, |  |  |  | Destroy
22315,Dwarf remains,Destroy, |  |  |  | Destroy
22316,Dwarf remains,Destroy, |  |  |  | Destroy
22317,Dwarf remains,Destroy, |  |  |  | Destroy
22318,Dwarf remains,Destroy, |  |  |  | Destroy
22319,Dwarf remains,Destroy, |  |  |  | Destroy
22320,Dwarf remains,Destroy, |  |  |  | Destroy
22321,Dwarf remains,Destroy, |  |  |  | Destroy
22322,Dwarf remains,Destroy, |  |  |  | Destroy
22323,Dwarf remains,Destroy, |  |  |  | Destroy
22324,Dwarf remains,Destroy, |  |  |  | Destroy
22325,Dwarf remains,Destroy, |  |  |  | Destroy
22326,Dwarf remains,Destroy, |  |  |  | Destroy
22327,Dwarf remains,Destroy, |  |  |  | Destroy
22328,Dwarf remains,Destroy, |  |  |  | Destroy
22329,Dwarf remains,Destroy, |  |  |  | Destroy
22330,Dwarf remains,Destroy, |  |  |  | Destroy
22331,Dwarf remains,Destroy, |  |  |  | Destroy
22332,Dwarf remains,Destroy, |  |  |  | Destroy
22333,Dwarf remains,Destroy, |  |  |  | Destroy
22334,Dwarf remains,Destroy, |  |  |  | Destroy
22335,Dwarf remains,Destroy, |  |  |  | Destroy
22336,Dwarf remains,Destroy, |  |  |  | Destroy
22337,Dwarf remains,Destroy, |  |  |  | Destroy
22338,Dwarf remains,Destroy, |  |  |  | Destroy
22339,Dwarf remains,Destroy, |  |  |  | Destroy
22340,Dwarf remains,Destroy, |  |  |  | Destroy
22341,Dwarf remains,Destroy, |  |  |  | Destroy
22342,Dwarf remains,Destroy, |  |  |  | Destroy
22343,Dwarf remains,Destroy, |  |  |  | Destroy
22344,Dwarf remains,Destroy, |  |  |  | Destroy
22345,Dwarf remains,Destroy, |  |  |  | Destroy
22346,Dwarf remains,Destroy, |  |  |  | Destroy
22347,Dwarf remains,Destroy, |  |  |  | Destroy
22348,Dwarf remains,Destroy, |  |  |  | Destroy
22349,Dwarf remains,Destroy, |  |  |  | Destroy
22350,Dwarf remains,Destroy, |  |  |  | Destroy
22351,Dwarf remains,Destroy, |  |  |  | Destroy
22352,Dwarf remains,Destroy, |  |  |  | Destroy
22353,Dwarf remains,Destroy, |  |  |  | Destroy
22354,Dwarf remains,Destroy, |  |  |  | Destroy
22355,Dwarf remains,Destroy, |  |  |  | Destroy
22356,Dwarf remains,Destroy, |  |  |  | Destroy
22357,Dwarf remains,Destroy, |  |  |  | Destroy
22370,Dwarf remains,Destroy, |  |  |  | Destroy
22371,Dwarf remains,Destroy, |  |  |  | Destroy
22372,Dwarf remains,Destroy, |  |  |  | Destroy
22373,Dwarf remains,Destroy, |  |  |  | Destroy
22374,Dwarf remains,Destroy, |  |  |  | Destroy
22375,Dwarf remains,Destroy, |  |  |  | Destroy
22376,Dwarf remains,Destroy, |  |  |  | Destroy
22377,Dwarf remains,Destroy, |  |  |  | Destroy
22378,Dwarf remains,Destroy, |  |  |  | Destroy
22379,Dwarf remains,Destroy, |  |  |  | Destroy
22380,Dwarf remains,Destroy, |  |  |  | Destroy
22381,Dwarf remains,Destroy, |  |  |  | Destroy
22382,Dwarf remains,Destroy, |  |  |  | Destroy
22383,Dwarf remains,Destroy, |  |  |  | Destroy
22384,Dwarf remains,Destroy, |  |  |  | Destroy
22385,Dwarf remains,Destroy, |  |  |  | Destroy
22386,Dwarf remains,Destroy, |  |  |  | Destroy
22387,Dwarf remains,Destroy, |  |  |  | Destroy
22388,Dwarf remains,Destroy, |  |  |  | Destroy
22389,Dwarf remains,Destroy, |  |  |  | Destroy
22390,Dwarf remains,Destroy, |  |  |  | Destroy
22391,Dwarf remains,Destroy, |  |  |  | Destroy
22392,Dwarf remains,Destroy, |  |  |  | Destroy
22393,Dwarf remains,Destroy, |  |  |  | Destroy
22394,Dwarf remains,Destroy, |  |  |  | Destroy
22395,Dwarf remains,Destroy, |  |  |  | Destroy
22396,Dwarf remains,Destroy, |  |  |  | Destroy
22397,Dwarf remains,Destroy, |  |  |  | Destroy
22398,Dwarf remains,Destroy, |  |  |  | Destroy
22399,Dwarf remains,Destroy, |  |  |  | Destroy
22400,Dwarf remains,Destroy, |  |  |  | Destroy
22401,Dwarf remains,Destroy, |  |  |  | Destroy
22402,Dwarf remains,Destroy, |  |  |  | Destroy
22403,Dwarf remains,Destroy, |  |  |  | Destroy
22404,Dwarf remains,Destroy, |  |  |  | Destroy
22405,Dwarf remains,Destroy, |  |  |  | Destroy
22406,Dwarf remains,Destroy, |  |  |  | Destroy
22407,Dwarf remains,Destroy, |  |  |  | Destroy
22408,Dwarf remains,Destroy, |  |  |  | Destroy
22409,Dwarf remains,Destroy, |  |  |  | Destroy
22410,Dwarf remains,Destroy, |  |  |  | Destroy
22411,Dwarf remains,Destroy, |  |  |  | Destroy
22412,Dwarf remains,Destroy, |  |  |  | Destroy
22413,Dwarf remains,Destroy, |  |  |  | Destroy
22414,Dwarf remains,Destroy, |  |  |  | Destroy
22415,Dwarf remains,Destroy, |  |  |  | Destroy
22416,Dwarf remains,Destroy, |  |  |  | Destroy
22417,Dwarf remains,Destroy, |  |  |  | Destroy
22418,Dwarf remains,Destroy, |  |  |  | Destroy
22419,Dwarf remains,Destroy, |  |  |  | Destroy
22420,Dwarf remains,Destroy, |  |  |  | Destroy
22421,Dwarf remains,Destroy, |  |  |  | Destroy
22422,Dwarf remains,Destroy, |  |  |  | Destroy
22423,Dwarf remains,Destroy, |  |  |  | Destroy
22424,Dwarf remains,Destroy, |  |  |  | Destroy
22425,Dwarf remains,Destroy, |  |  |  | Destroy
22426,Dwarf remains,Destroy, |  |  |  | Destroy
22427,Dwarf remains,Destroy, |  |  |  | Destroy
22428,Dwarf remains,Destroy, |  |  |  | Destroy
22429,Dwarf remains,Destroy, |  |  |  | Destroy
22430,Dwarf remains,Destroy, |  |  |  | Destroy
22431,Dwarf remains,Destroy, |  |  |  | Destroy
22432,Dwarf remains,Destroy, |  |  |  | Destroy
22433,Dwarf remains,Destroy, |  |  |  | Destroy
22434,Dwarf remains,Destroy, |  |  |  | Destroy
22435,Dwarf remains,Destroy, |  |  |  | Destroy
22436,Dwarf remains,Destroy, |  |  |  | Destroy
22437,Dwarf remains,Destroy, |  |  |  | Destroy
22438,Dwarf remains,Destroy, |  |  |  | Destroy
22439,Dwarf remains,Destroy, |  |  |  | Destroy
22440,Dwarf remains,Destroy, |  |  |  | Destroy
22441,Dwarf remains,Destroy, |  |  |  | Destroy
22442,Dwarf remains,Destroy, |  |  |  | Destroy
22443,Dwarf remains,Destroy, |  |  |  | Destroy
22444,Dwarf remains,Destroy, |  |  |  | Destroy
22445,Dwarf remains,Destroy, |  |  |  | Destroy
22446,Dwarf remains,Destroy, |  |  |  | Destroy
22447,Dwarf remains,Destroy, |  |  |  | Destroy
22448,Dwarf remains,Destroy, |  |  |  | Destroy
22449,Dwarf remains,Destroy, |  |  |  | Destroy
22466,Dwarf remains,Destroy, |  |  |  | Destroy
22467,Dwarf remains,Destroy, |  |  |  | Destroy
22468,Dwarf remains,Destroy, |  |  |  | Destroy
22469,Dwarf remains,Destroy, |  |  |  | Destroy
22470,Dwarf remains,Destroy, |  |  |  | Destroy
22471,Dwarf remains,Destroy, |  |  |  | Destroy
22472,Dwarf remains,Destroy, |  |  |  | Destroy
22473,Dwarf remains,Destroy, |  |  |  | Destroy
22474,Dwarf remains,Destroy, |  |  |  | Destroy
22475,Dwarf remains,Destroy, |  |  |  | Destroy
22476,Dwarf remains,Destroy, |  |  |  | Destroy
22477,Dwarf remains,Destroy, |  |  |  | Destroy
22478,Dwarf remains,Destroy, |  |  |  | Destroy
22479,Dwarf remains,Destroy, |  |  |  | Destroy
22480,Dwarf remains,Destroy, |  |  |  | Destroy
22481,Dwarf remains,Destroy, |  |  |  | Destroy
22482,Dwarf remains,Destroy, |  |  |  | Destroy
22483,Dwarf remains,Destroy, |  |  |  | Destroy
22484,Dwarf remains,Destroy, |  |  |  | Destroy
22517,@gre@Easter dye 2021,Destroy, |  |  |  | Destroy
22523,@gre@Rabbit's foot,Destroy, |  |  |  | Destroy
22529,@gre@Blood looting bag,Destroy,Open | Deposit | Check |  | Destroy
22530,@gre@Blood looting bag,Destroy,Close | Deposit | Check |  | Destroy
22531,Dwarf remains,Destroy, |  |  |  | Destroy
22532,Dwarf remains,Destroy, |  |  |  | Destroy
22533,Dwarf remains,Destroy, |  |  |  | Destroy
22534,Dwarf remains,Destroy, |  |  |  | Destroy
22535,Dwarf remains,Destroy, |  |  |  | Destroy
22536,Dwarf remains,Destroy, |  |  |  | Destroy
22537,Dwarf remains,Destroy, |  |  |  | Destroy
22538,Dwarf remains,Destroy, |  |  |  | Destroy
22539,Dwarf remains,Destroy, |  |  |  | Destroy
22540,Dwarf remains,Destroy, |  |  |  | Destroy
22541,Dwarf remains,Destroy, |  |  |  | Destroy
22542,Dwarf remains,Destroy, |  |  |  | Destroy
22543,Dwarf remains,Destroy, |  |  |  | Destroy
22544,Dwarf remains,Destroy, |  |  |  | Destroy
22545,Dwarf remains,Destroy, |  |  |  | Destroy
22546,Dwarf remains,Destroy, |  |  |  | Destroy
22547,Dwarf remains,Destroy, |  |  |  | Destroy
22548,Dwarf remains,Destroy, |  |  |  | Destroy
22549,Dwarf remains,Destroy, |  |  |  | Destroy
22550,Dwarf remains,Destroy, |  |  |  | Destroy
22551,Dwarf remains,Destroy, |  |  |  | Destroy
22552,Dwarf remains,Destroy, |  |  |  | Destroy
22553,Dwarf remains,Destroy, |  |  |  | Destroy
22554,Dwarf remains,Destroy, |  |  |  | Destroy
22555,Dwarf remains,Destroy, |  |  |  | Destroy
22556,Dwarf remains,Destroy, |  |  |  | Destroy
22557,Dwarf remains,Destroy, |  |  |  | Destroy
22558,Dwarf remains,Destroy, |  |  |  | Destroy
22559,Dwarf remains,Destroy, |  |  |  | Destroy
22560,Dwarf remains,Destroy, |  |  |  | Destroy
22561,Dwarf remains,Destroy, |  |  |  | Destroy
22562,Dwarf remains,Destroy, |  |  |  | Destroy
22563,Dwarf remains,Destroy, |  |  |  | Destroy
22564,Dwarf remains,Destroy, |  |  |  | Destroy
22565,Dwarf remains,Destroy, |  |  |  | Destroy
22566,Dwarf remains,Destroy, |  |  |  | Destroy
22567,Dwarf remains,Destroy, |  |  |  | Destroy
22568,Dwarf remains,Destroy, |  |  |  | Destroy
22569,Dwarf remains,Destroy, |  |  |  | Destroy
22570,Dwarf remains,Destroy, |  |  |  | Destroy
22571,Dwarf remains,Destroy, |  |  |  | Destroy
22572,Dwarf remains,Destroy, |  |  |  | Destroy
22573,Dwarf remains,Destroy, |  |  |  | Destroy
22574,Dwarf remains,Destroy, |  |  |  | Destroy
22575,Dwarf remains,Destroy, |  |  |  | Destroy
22576,Dwarf remains,Destroy, |  |  |  | Destroy
22577,Dwarf remains,Destroy, |  |  |  | Destroy
22578,Dwarf remains,Destroy, |  |  |  | Destroy
22579,Dwarf remains,Destroy, |  |  |  | Destroy
22580,Dwarf remains,Destroy, |  |  |  | Destroy
22581,Dwarf remains,Destroy, |  |  |  | Destroy
22582,Dwarf remains,Destroy, |  |  |  | Destroy
22583,Dwarf remains,Destroy, |  |  |  | Destroy
22584,Dwarf remains,Destroy, |  |  |  | Destroy
22585,Dwarf remains,Destroy, |  |  |  | Destroy
22586,Dwarf remains,Destroy, |  |  |  | Destroy
22587,Dwarf remains,Destroy, |  |  |  | Destroy
22588,Dwarf remains,Destroy, |  |  |  | Destroy
22589,Dwarf remains,Destroy, |  |  |  | Destroy
22590,Dwarf remains,Destroy, |  |  |  | Destroy
22591,Dwarf remains,Destroy, |  |  |  | Destroy
22592,Dwarf remains,Destroy, |  |  |  | Destroy
22593,Dwarf remains,Destroy, |  |  |  | Destroy
22594,Dwarf remains,Destroy, |  |  |  | Destroy
22595,Dwarf remains,Destroy, |  |  |  | Destroy
22596,Dwarf remains,Destroy, |  |  |  | Destroy
22597,Dwarf remains,Destroy, |  |  |  | Destroy
22598,Dwarf remains,Destroy, |  |  |  | Destroy
22599,Dwarf remains,Destroy, |  |  |  | Destroy
22600,Dwarf remains,Destroy, |  |  |  | Destroy
22601,Dwarf remains,Destroy, |  |  |  | Destroy
22602,Dwarf remains,Destroy, |  |  |  | Destroy
22603,Dwarf remains,Destroy, |  |  |  | Destroy
22604,Dwarf remains,Destroy, |  |  |  | Destroy
22605,Dwarf remains,Destroy, |  |  |  | Destroy
22606,Dwarf remains,Destroy, |  |  |  | Destroy
22607,Dwarf remains,Destroy, |  |  |  | Destroy
22608,Dwarf remains,Destroy, |  |  |  | Destroy
22609,Dwarf remains,Destroy, |  |  |  | Destroy
22610,Dwarf remains,Destroy, |  |  |  | Destroy
22611,Dwarf remains,Destroy, |  |  |  | Destroy
22612,Dwarf remains,Destroy, |  |  |  | Destroy
22613,Dwarf remains,Destroy, |  |  |  | Destroy
22614,Dwarf remains,Destroy, |  |  |  | Destroy
22615,Dwarf remains,Destroy, |  |  |  | Destroy
22616,Dwarf remains,Destroy, |  |  |  | Destroy
22617,Dwarf remains,Destroy, |  |  |  | Destroy
22618,Dwarf remains,Destroy, |  |  |  | Destroy
22619,Dwarf remains,Destroy, |  |  |  | Destroy
22620,Dwarf remains,Destroy, |  |  |  | Destroy
22621,Dwarf remains,Destroy, |  |  |  | Destroy
22622,Dwarf remains,Destroy, |  |  |  | Destroy
22623,Dwarf remains,Destroy, |  |  |  | Destroy
22624,Dwarf remains,Destroy, |  |  |  | Destroy
22625,Dwarf remains,Destroy, |  |  |  | Destroy
22626,Dwarf remains,Destroy, |  |  |  | Destroy
22627,Dwarf remains,Destroy, |  |  |  | Destroy
22628,Dwarf remains,Destroy, |  |  |  | Destroy
22629,Dwarf remains,Destroy, |  |  |  | Destroy
22630,Dwarf remains,Destroy, |  |  |  | Destroy
22631,Dwarf remains,Destroy, |  |  |  | Destroy
22632,Dwarf remains,Destroy, |  |  |  | Destroy
22633,Dwarf remains,Destroy, |  |  |  | Destroy
22634,Dwarf remains,Destroy, |  |  |  | Destroy
22635,Dwarf remains,Destroy, |  |  |  | Destroy
22636,Dwarf remains,Destroy, |  |  |  | Destroy
22637,Dwarf remains,Destroy, |  |  |  | Destroy
22638,Dwarf remains,Destroy, |  |  |  | Destroy
22639,Dwarf remains,Destroy, |  |  |  | Destroy
22640,Dwarf remains,Destroy, |  |  |  | Destroy
22641,Dwarf remains,Destroy, |  |  |  | Destroy
22642,Dwarf remains,Destroy, |  |  |  | Destroy
22643,Dwarf remains,Destroy, |  |  |  | Destroy
22644,Dwarf remains,Destroy, |  |  |  | Destroy
22645,Dwarf remains,Destroy, |  |  |  | Destroy
22646,Dwarf remains,Destroy, |  |  |  | Destroy
22647,Dwarf remains,Destroy, |  |  |  | Destroy
22648,Dwarf remains,Destroy, |  |  |  | Destroy
22649,Dwarf remains,Destroy, |  |  |  | Destroy
22650,Dwarf remains,Destroy, |  |  |  | Destroy
22651,Dwarf remains,Destroy, |  |  |  | Destroy
22652,Dwarf remains,Destroy, |  |  |  | Destroy
22653,Dwarf remains,Destroy, |  |  |  | Destroy
22654,Dwarf remains,Destroy, |  |  |  | Destroy
22655,Dwarf remains,Destroy, |  |  |  | Destroy
22656,Dwarf remains,Destroy, |  |  |  | Destroy
22657,Dwarf remains,Destroy, |  |  |  | Destroy
22658,Dwarf remains,Destroy, |  |  |  | Destroy
22659,Dwarf remains,Destroy, |  |  |  | Destroy
22660,Dwarf remains,Destroy, |  |  |  | Destroy
22661,Dwarf remains,Destroy, |  |  |  | Destroy
22662,Dwarf remains,Destroy, |  |  |  | Destroy
22663,Dwarf remains,Destroy, |  |  |  | Destroy
22664,Dwarf remains,Destroy, |  |  |  | Destroy
22665,Dwarf remains,Destroy, |  |  |  | Destroy
22666,Dwarf remains,Destroy, |  |  |  | Destroy
22667,Dwarf remains,Destroy, |  |  |  | Destroy
22668,Dwarf remains,Destroy, |  |  |  | Destroy
22669,Dwarf remains,Destroy, |  |  |  | Destroy
22670,Dwarf remains,Destroy, |  |  |  | Destroy
22671,Dwarf remains,Destroy, |  |  |  | Destroy
22672,Dwarf remains,Destroy, |  |  |  | Destroy
22673,Dwarf remains,Destroy, |  |  |  | Destroy
22674,Dwarf remains,Destroy, |  |  |  | Destroy
22675,Dwarf remains,Destroy, |  |  |  | Destroy
22676,Dwarf remains,Destroy, |  |  |  | Destroy
22677,Dwarf remains,Destroy, |  |  |  | Destroy
22678,Dwarf remains,Destroy, |  |  |  | Destroy
22679,Dwarf remains,Destroy, |  |  |  | Destroy
22680,Dwarf remains,Destroy, |  |  |  | Destroy
22681,Dwarf remains,Destroy, |  |  |  | Destroy
22682,Dwarf remains,Destroy, |  |  |  | Destroy
22683,Dwarf remains,Destroy, |  |  |  | Destroy
22684,Dwarf remains,Destroy, |  |  |  | Destroy
22685,Dwarf remains,Destroy, |  |  |  | Destroy
22686,Dwarf remains,Destroy, |  |  |  | Destroy
22687,Dwarf remains,Destroy, |  |  |  | Destroy
22688,Dwarf remains,Destroy, |  |  |  | Destroy
22689,Dwarf remains,Destroy, |  |  |  | Destroy
22690,Dwarf remains,Destroy, |  |  |  | Destroy
22691,Dwarf remains,Destroy, |  |  |  | Destroy
22692,Dwarf remains,Destroy, |  |  |  | Destroy
22693,Dwarf remains,Destroy, |  |  |  | Destroy
22694,Dwarf remains,Destroy, |  |  |  | Destroy
22695,Dwarf remains,Destroy, |  |  |  | Destroy
22696,Dwarf remains,Destroy, |  |  |  | Destroy
22697,Dwarf remains,Destroy, |  |  |  | Destroy
22698,Dwarf remains,Destroy, |  |  |  | Destroy
22699,Dwarf remains,Destroy, |  |  |  | Destroy
22700,Dwarf remains,Destroy, |  |  |  | Destroy
22701,Dwarf remains,Destroy, |  |  |  | Destroy
22702,Dwarf remains,Destroy, |  |  |  | Destroy
22703,Dwarf remains,Destroy, |  |  |  | Destroy
22704,Dwarf remains,Destroy, |  |  |  | Destroy
22705,Dwarf remains,Destroy, |  |  |  | Destroy
22706,Dwarf remains,Destroy, |  |  |  | Destroy
22707,Dwarf remains,Destroy, |  |  |  | Destroy
22708,Dwarf remains,Destroy, |  |  |  | Destroy
22709,Dwarf remains,Destroy, |  |  |  | Destroy
22710,Dwarf remains,Destroy, |  |  |  | Destroy
22711,Dwarf remains,Destroy, |  |  |  | Destroy
22712,Dwarf remains,Destroy, |  |  |  | Destroy
22713,Dwarf remains,Destroy, |  |  |  | Destroy
22714,Dwarf remains,Destroy, |  |  |  | Destroy
22715,Dwarf remains,Destroy, |  |  |  | Destroy
22716,Dwarf remains,Destroy, |  |  |  | Destroy
22717,Dwarf remains,Destroy, |  |  |  | Destroy
22718,Dwarf remains,Destroy, |  |  |  | Destroy
22719,Dwarf remains,Destroy, |  |  |  | Destroy
22720,Dwarf remains,Destroy, |  |  |  | Destroy
22721,Dwarf remains,Destroy, |  |  |  | Destroy
22722,Dwarf remains,Destroy, |  |  |  | Destroy
22723,Dwarf remains,Destroy, |  |  |  | Destroy
22724,Dwarf remains,Destroy, |  |  |  | Destroy
22725,Dwarf remains,Destroy, |  |  |  | Destroy
22726,Dwarf remains,Destroy, |  |  |  | Destroy
22727,Dwarf remains,Destroy, |  |  |  | Destroy
22728,Dwarf remains,Destroy, |  |  |  | Destroy
22729,Dwarf remains,Destroy, |  |  |  | Destroy
22730,Dwarf remains,Destroy, |  |  |  | Destroy
22731,Dwarf remains,Destroy, |  |  |  | Destroy
22732,Dwarf remains,Destroy, |  |  |  | Destroy
22733,Dwarf remains,Destroy, |  |  |  | Destroy
22734,Dwarf remains,Destroy, |  |  |  | Destroy
22735,Dwarf remains,Destroy, |  |  |  | Destroy
22736,Dwarf remains,Destroy, |  |  |  | Destroy
22737,Dwarf remains,Destroy, |  |  |  | Destroy
22738,Dwarf remains,Destroy, |  |  |  | Destroy
22739,Dwarf remains,Destroy, |  |  |  | Destroy
22740,Dwarf remains,Destroy, |  |  |  | Destroy
22741,Dwarf remains,Destroy, |  |  |  | Destroy
22742,Dwarf remains,Destroy, |  |  |  | Destroy
22743,Dwarf remains,Destroy, |  |  |  | Destroy
22744,Dwarf remains,Destroy, |  |  |  | Destroy
22745,Dwarf remains,Destroy, |  |  |  | Destroy
22746,Dwarf remains,Destroy, |  |  |  | Destroy
22747,Dwarf remains,Destroy, |  |  |  | Destroy
22748,Dwarf remains,Destroy, |  |  |  | Destroy
22749,Dwarf remains,Destroy, |  |  |  | Destroy
22750,Dwarf remains,Destroy, |  |  |  | Destroy
22751,Dwarf remains,Destroy, |  |  |  | Destroy
22752,Dwarf remains,Destroy, |  |  |  | Destroy
22753,Dwarf remains,Destroy, |  |  |  | Destroy
22754,Dwarf remains,Destroy, |  |  |  | Destroy
22755,Dwarf remains,Destroy, |  |  |  | Destroy
22756,Dwarf remains,Destroy, |  |  |  | Destroy
22757,Dwarf remains,Destroy, |  |  |  | Destroy
22758,Dwarf remains,Destroy, |  |  |  | Destroy
22759,Dwarf remains,Destroy, |  |  |  | Destroy
22760,Dwarf remains,Destroy, |  |  |  | Destroy
22761,Dwarf remains,Destroy, |  |  |  | Destroy
22762,Dwarf remains,Destroy, |  |  |  | Destroy
22763,Dwarf remains,Destroy, |  |  |  | Destroy
22764,Dwarf remains,Destroy, |  |  |  | Destroy
22765,Dwarf remains,Destroy, |  |  |  | Destroy
22766,Dwarf remains,Destroy, |  |  |  | Destroy
22767,Dwarf remains,Destroy, |  |  |  | Destroy
22768,Dwarf remains,Destroy, |  |  |  | Destroy
22769,Dwarf remains,Destroy, |  |  |  | Destroy
22770,Dwarf remains,Destroy, |  |  |  | Destroy
22771,Dwarf remains,Destroy, |  |  |  | Destroy
22772,Dwarf remains,Destroy, |  |  |  | Destroy
22773,Dwarf remains,Destroy, |  |  |  | Destroy
22774,Dwarf remains,Destroy, |  |  |  | Destroy
22775,Dwarf remains,Destroy, |  |  |  | Destroy
22776,Dwarf remains,Destroy, |  |  |  | Destroy
22787,@gre@Winter deer hat,Destroy, | Wear |  |  | Destroy
22802,Dwarf remains,Destroy, |  |  |  | Destroy
22803,@gre@Winter santa jacket,Destroy, | Wear |  |  | Destroy
22804,@gre@Winter santa pantaloons,Destroy, | Wear |  |  | Destroy
22805,@gre@Jolly santa jacket,Destroy, | Wear |  |  | Destroy
22806,@gre@Jolly santa pantaloons,Destroy, | Wear |  |  | Destroy
22811,@gre@Event hunter helm,Destroy, | Wear | Exchange |  | Destroy
22835,@gre@Mythic helm (broken),Destroy, |  |  |  | Destroy
22836,@gre@Mythic platebody (broken),Destroy, |  |  |  | Destroy
22837,@gre@Mythic platelegs (broken),Destroy, |  |  |  | Destroy
22839,@gre@Cursed void top (broken),Destroy, |  |  |  | Destroy
22840,@gre@Cursed void robe (broken),Destroy, |  |  |  | Destroy
22863,Dwarf remains,Destroy, |  |  |  | Destroy
22881,@gre@Enchanted boots (i) (broken),Destroy, |  |  |  | Destroy
22882,@gre@Enchanted gloves (i) (broken),Destroy, |  |  |  | Destroy
22900,@gre@Clown mask,Destroy, | Wear |  |  | Destroy
22901,@gre@Clown bow tie,Destroy, | Wear |  |  | Destroy
22902,@gre@Clown gown,Destroy, | Wear |  |  | Destroy
22903,@gre@Clown trousers,Destroy, | Wear |  |  | Destroy
22904,@gre@Clown shoes,Destroy, | Wear |  |  | Destroy
23008,@gre@Easter bunny feet,Destroy, | Wear |  |  | Destroy
23009,@gre@Easter bunny top,Destroy, | Wear |  |  | Destroy
23010,@gre@Easter bunny legs,Destroy, | Wear |  |  | Destroy
23011,@gre@Easter bunny paws,Destroy, | Wear |  |  | Destroy
23014,@gre@Easter egg helm,Destroy, | Wear |  |  | Destroy
23015,@gre@Eggshell platebody,Destroy, | Wear |  |  | Destroy
23016,@gre@Eggshell platelegs,Destroy, | Wear |  |  | Destroy
23026,@gre@Festive easter helm,Destroy, | Wear |  |  | Destroy
23027,@gre@Festive easter body,Destroy, | Wear |  |  | Destroy
23028,@gre@Festive easter legs,Destroy, | Wear |  |  | Destroy
23033,@gre@Black chinchompa,Release, | Wield |  |  | Release
23038,@gre@Enchanted event hunter garb,Destroy, | Wear | Exchange |  | Destroy
23039,@gre@Enchanted event hunter trousers,Destroy, | Wear | Exchange |  | Destroy
23040,@gre@Enchanted event hunter cloak,Destroy, | Wear | Exchange |  | Destroy
23041,@gre@Enchanted event hunter helm,Destroy, | Wear | Exchange |  | Destroy
23044,Fire cape,Destroy, |  |  |  | Destroy
23047,@gre@Throne of the gods,Destroy, |  |  |  | Destroy
23049,@gre@Superior shard 1,Destroy, |  |  |  | Destroy
23050,@gre@Superior shard 2,Destroy, |  |  |  | Destroy
23051,@gre@Superior shard 3,Destroy, |  |  |  | Destroy
23052,@gre@Superior artifact,Destroy, |  |  |  | Destroy
23079,@gre@Infernal cape (broken),Destroy, |  |  |  | Destroy
23080,@gre@Bound rune pouch (broken),Destroy, |  |  |  | Destroy
23081,@gre@Ferocious gloves (broken),Destroy, |  |  |  | Destroy
23132,@gre@Larran's key,Destroy, |  |  |  | Destroy
23148,@gre@Looting bag,Destroy,Close | Deposit | Check |  | Destroy
23149,@gre@Repair scroll,Destroy, |  |  |  | Destroy
23150,@gre@Ethereal toxic blowpipe (broken),Destroy, |  |  |  | Destroy
23151,@gre@Ethereal spirit shield (broken),Destroy, |  |  |  | Destroy
23152,@gre@Ethereal korasi (broken),Destroy, |  |  |  | Destroy
23153,@gre@Ethereal kodai wand (broken),Destroy, |  |  |  | Destroy
23154,@gre@Ethereal elder maul (broken),Destroy, |  |  |  | Destroy
23155,@gre@Ethereal dragon warhammer (broken),Destroy, |  |  |  | Destroy
23156,@gre@Ethereal elemental staff (broken),Destroy, |  |  |  | Destroy
23157,@gre@Ethereal dinh's bulwark (broken),Destroy, |  |  |  | Destroy
23159,@gre@Tormented bracelet (or) (broken),Destroy, |  |  |  | Destroy
23163,@gre@Shadow halo (broken),Destroy, |  |  |  | Destroy
23165,@gre@Angelic halo (broken),Destroy, |  |  |  | Destroy
23189,@gre@Dragon platebody (g),Dismantle, | Wear |  |  | Dismantle
23190,@gre@3rd age dye,Destroy, |  |  |  | Destroy
23209,@gre@Halloween pumpkin mask,Destroy, | Wear |  |  | Destroy
23213,@gre@Joker hat,Destroy, | Wear |  |  | Destroy
23214,@gre@Joker top,Destroy, | Wear |  |  | Destroy
23215,@gre@Joker tights,Destroy, | Wear |  |  | Destroy
23216,@gre@Joker boots,Destroy, | Wear |  |  | Destroy
23217,@gre@Halloween dye 2019,Destroy, |  |  |  | Destroy
23223,@gre@Spectre dart pack (10),Destroy,Open |  |  |  | Destroy
23282,Dwarf remains,Destroy, |  |  |  | Destroy
23284,Dwarf remains,Destroy, |  |  |  | Destroy
23286,Dwarf remains,Destroy, |  |  |  | Destroy
23288,Dwarf remains,Destroy, |  |  |  | Destroy
23290,Dwarf remains,Destroy, |  |  |  | Destroy
23292,Dwarf remains,Destroy, |  |  |  | Destroy
23294,Dwarf remains,Destroy, |  |  |  | Destroy
23296,Dwarf remains,Destroy, |  |  |  | Destroy
23298,Dwarf remains,Destroy, |  |  |  | Destroy
23300,Dwarf remains,Destroy, |  |  |  | Destroy
23302,Dwarf remains,Destroy, |  |  |  | Destroy
23304,Dwarf remains,Destroy, |  |  |  | Destroy
23306,Dwarf remains,Destroy, |  |  |  | Destroy
23308,Dwarf remains,Destroy, |  |  |  | Destroy
23310,Dwarf remains,Destroy, |  |  |  | Destroy
23312,Dwarf remains,Destroy, |  |  |  | Destroy
23314,Dwarf remains,Destroy, |  |  |  | Destroy
23315,Dwarf remains,Destroy, |  |  |  | Destroy
23316,Dwarf remains,Destroy, |  |  |  | Destroy
23317,Dwarf remains,Destroy, |  |  |  | Destroy
23318,Dwarf remains,Destroy, |  |  |  | Destroy
23319,Dwarf remains,Destroy, |  |  |  | Destroy
23320,Dwarf remains,Destroy, |  |  |  | Destroy
23321,Dwarf remains,Destroy, |  |  |  | Destroy
23322,Dwarf remains,Destroy, |  |  |  | Destroy
23323,Dwarf remains,Destroy, |  |  |  | Destroy
23324,Dwarf remains,Destroy, |  |  |  | Destroy
23325,Dwarf remains,Destroy, |  |  |  | Destroy
23326,Dwarf remains,Destroy, |  |  |  | Destroy
23327,Dwarf remains,Destroy, |  |  |  | Destroy
23328,Dwarf remains,Destroy, |  |  |  | Destroy
23329,Dwarf remains,Destroy, |  |  |  | Destroy
23330,Dwarf remains,Destroy, |  |  |  | Destroy
23331,Dwarf remains,Destroy, |  |  |  | Destroy
23332,Dwarf remains,Destroy, |  |  |  | Destroy
23333,Dwarf remains,Destroy, |  |  |  | Destroy
23334,Dwarf remains,Destroy, |  |  |  | Destroy
23335,Dwarf remains,Destroy, |  |  |  | Destroy
23336,Dwarf remains,Destroy, |  |  |  | Destroy
23337,Dwarf remains,Destroy, |  |  |  | Destroy
23338,Dwarf remains,Destroy, |  |  |  | Destroy
23339,Dwarf remains,Destroy, |  |  |  | Destroy
23340,Dwarf remains,Destroy, |  |  |  | Destroy
23341,Dwarf remains,Destroy, |  |  |  | Destroy
23342,Dwarf remains,Destroy, |  |  |  | Destroy
23343,Dwarf remains,Destroy, |  |  |  | Destroy
23344,Dwarf remains,Destroy, |  |  |  | Destroy
23345,Dwarf remains,Destroy, |  |  |  | Destroy
23346,Dwarf remains,Destroy, |  |  |  | Destroy
23347,Dwarf remains,Destroy, |  |  |  | Destroy
23348,Dwarf remains,Destroy, |  |  |  | Destroy
23349,Dwarf remains,Destroy, |  |  |  | Destroy
23350,Dwarf remains,Destroy, |  |  |  | Destroy
23352,Dwarf remains,Destroy, |  |  |  | Destroy
23354,Dwarf remains,Destroy, |  |  |  | Destroy
23356,Dwarf remains,Destroy, |  |  |  | Destroy
23358,Dwarf remains,Destroy, |  |  |  | Destroy
23360,Dwarf remains,Destroy, |  |  |  | Destroy
23362,Dwarf remains,Destroy, |  |  |  | Destroy
23363,Dwarf remains,Destroy, |  |  |  | Destroy
23364,Dwarf remains,Destroy, |  |  |  | Destroy
23365,Dwarf remains,Destroy, |  |  |  | Destroy
23366,Dwarf remains,Destroy, |  |  |  | Destroy
23367,Dwarf remains,Destroy, |  |  |  | Destroy
23368,Dwarf remains,Destroy, |  |  |  | Destroy
23369,Dwarf remains,Destroy, |  |  |  | Destroy
23370,Dwarf remains,Destroy, |  |  |  | Destroy
23371,Dwarf remains,Destroy, |  |  |  | Destroy
23372,Dwarf remains,Destroy, |  |  |  | Destroy
23373,Dwarf remains,Destroy, |  |  |  | Destroy
23374,Dwarf remains,Destroy, |  |  |  | Destroy
23375,Dwarf remains,Destroy, |  |  |  | Destroy
23376,Dwarf remains,Destroy, |  |  |  | Destroy
23377,Dwarf remains,Destroy, |  |  |  | Destroy
23378,Dwarf remains,Destroy, |  |  |  | Destroy
23379,Dwarf remains,Destroy, |  |  |  | Destroy
23380,Dwarf remains,Destroy, |  |  |  | Destroy
23381,Dwarf remains,Destroy, |  |  |  | Destroy
23382,Dwarf remains,Destroy, |  |  |  | Destroy
23383,Dwarf remains,Destroy, |  |  |  | Destroy
23384,Dwarf remains,Destroy, |  |  |  | Destroy
23385,Dwarf remains,Destroy, |  |  |  | Destroy
23386,Dwarf remains,Destroy, |  |  |  | Destroy
23387,Dwarf remains,Destroy, |  |  |  | Destroy
23388,Dwarf remains,Destroy, |  |  |  | Destroy
23389,Dwarf remains,Destroy, |  |  |  | Destroy
23390,Dwarf remains,Destroy, |  |  |  | Destroy
23391,Dwarf remains,Destroy, |  |  |  | Destroy
23392,Dwarf remains,Destroy, |  |  |  | Destroy
23393,Dwarf remains,Destroy, |  |  |  | Destroy
23394,Dwarf remains,Destroy, |  |  |  | Destroy
23395,Dwarf remains,Destroy, |  |  |  | Destroy
23396,Dwarf remains,Destroy, |  |  |  | Destroy
23397,Dwarf remains,Destroy, |  |  |  | Destroy
23398,Dwarf remains,Destroy, |  |  |  | Destroy
23400,Dwarf remains,Destroy, |  |  |  | Destroy
23402,Dwarf remains,Destroy, |  |  |  | Destroy
23404,Dwarf remains,Destroy, |  |  |  | Destroy
23406,Dwarf remains,Destroy, |  |  |  | Destroy
23408,Dwarf remains,Destroy, |  |  |  | Destroy
23410,Dwarf remains,Destroy, |  |  |  | Destroy
23411,Dwarf remains,Destroy, |  |  |  | Destroy
23412,Dwarf remains,Destroy, |  |  |  | Destroy
23413,Dwarf remains,Destroy, |  |  |  | Destroy
23414,Dwarf remains,Destroy, |  |  |  | Destroy
23415,Dwarf remains,Destroy, |  |  |  | Destroy
23416,Dwarf remains,Destroy, |  |  |  | Destroy
23417,Dwarf remains,Destroy, |  |  |  | Destroy
23418,Dwarf remains,Destroy, |  |  |  | Destroy
23419,Dwarf remains,Destroy, |  |  |  | Destroy
23420,Dwarf remains,Destroy, |  |  |  | Destroy
23421,Dwarf remains,Destroy, |  |  |  | Destroy
23422,Dwarf remains,Destroy, |  |  |  | Destroy
23424,Dwarf remains,Destroy, |  |  |  | Destroy
23426,Dwarf remains,Destroy, |  |  |  | Destroy
23428,Dwarf remains,Destroy, |  |  |  | Destroy
23430,Dwarf remains,Destroy, |  |  |  | Destroy
23432,Dwarf remains,Destroy, |  |  |  | Destroy
23434,Dwarf remains,Destroy, |  |  |  | Destroy
23435,Dwarf remains,Destroy, |  |  |  | Destroy
23436,Dwarf remains,Destroy, |  |  |  | Destroy
23437,Dwarf remains,Destroy, |  |  |  | Destroy
23438,Dwarf remains,Destroy, |  |  |  | Destroy
23439,Dwarf remains,Destroy, |  |  |  | Destroy
23440,Dwarf remains,Destroy, |  |  |  | Destroy
23441,Dwarf remains,Destroy, |  |  |  | Destroy
23442,Dwarf remains,Destroy, |  |  |  | Destroy
23443,Dwarf remains,Destroy, |  |  |  | Destroy
23444,Dwarf remains,Destroy, |  |  |  | Destroy
23445,Dwarf remains,Destroy, |  |  |  | Destroy
23446,Dwarf remains,Destroy, |  |  |  | Destroy
23447,Dwarf remains,Destroy, |  |  |  | Destroy
23448,Dwarf remains,Destroy, |  |  |  | Destroy
23449,Dwarf remains,Destroy, |  |  |  | Destroy
23450,Dwarf remains,Destroy, |  |  |  | Destroy
23496,Dwarf remains,Destroy, |  |  |  | Destroy
23497,Dwarf remains,Destroy, |  |  |  | Destroy
23498,Dwarf remains,Destroy, |  |  |  | Destroy
23499,Dwarf remains,Destroy, |  |  |  | Destroy
23504,Dwarf remains,Destroy, |  |  |  | Destroy
23505,Dwarf remains,Destroy, |  |  |  | Destroy
23506,Dwarf remains,Destroy, |  |  |  | Destroy
23507,Dwarf remains,Destroy, |  |  |  | Destroy
23508,Dwarf remains,Destroy, |  |  |  | Destroy
23509,Dwarf remains,Destroy, |  |  |  | Destroy
23510,Dwarf remains,Destroy, |  |  |  | Destroy
23511,Dwarf remains,Destroy, |  |  |  | Destroy
23512,Dwarf remains,Destroy, |  |  |  | Destroy
23513,Dwarf remains,Destroy, |  |  |  | Destroy
23514,Dwarf remains,Destroy, |  |  |  | Destroy
23515,Dwarf remains,Destroy, |  |  |  | Destroy
23516,Dwarf remains,Destroy, |  |  |  | Destroy
23517,Dwarf remains,Destroy, |  |  |  | Destroy
23518,Dwarf remains,Destroy, |  |  |  | Destroy
23519,Dwarf remains,Destroy, |  |  |  | Destroy
23520,Dwarf remains,Destroy, |  |  |  | Destroy
23521,Dwarf remains,Destroy, |  |  |  | Destroy
23522,Dwarf remains,Destroy, |  |  |  | Destroy
23523,Dwarf remains,Destroy, |  |  |  | Destroy
23524,Dwarf remains,Destroy, |  |  |  | Destroy
23525,Dwarf remains,Destroy, |  |  |  | Destroy
23526,Dwarf remains,Destroy, |  |  |  | Destroy
23527,Dwarf remains,Destroy, |  |  |  | Destroy
23528,Dwarf remains,Destroy, |  |  |  | Destroy
23529,Dwarf remains,Destroy, |  |  |  | Destroy
23530,Dwarf remains,Destroy, |  |  |  | Destroy
23531,Dwarf remains,Destroy, |  |  |  | Destroy
23532,Dwarf remains,Destroy, |  |  |  | Destroy
23533,Dwarf remains,Destroy, |  |  |  | Destroy
23534,Dwarf remains,Destroy, |  |  |  | Destroy
23535,Dwarf remains,Destroy, |  |  |  | Destroy
23536,Dwarf remains,Destroy, |  |  |  | Destroy
23537,Dwarf remains,Destroy, |  |  |  | Destroy
23538,Dwarf remains,Destroy, |  |  |  | Destroy
23539,Dwarf remains,Destroy, |  |  |  | Destroy
23540,Dwarf remains,Destroy, |  |  |  | Destroy
23541,Dwarf remains,Destroy, |  |  |  | Destroy
23542,Dwarf remains,Destroy, |  |  |  | Destroy
23543,Dwarf remains,Destroy, |  |  |  | Destroy
23544,Dwarf remains,Destroy, |  |  |  | Destroy
23545,Dwarf remains,Destroy, |  |  |  | Destroy
23546,Dwarf remains,Destroy, |  |  |  | Destroy
23547,Dwarf remains,Destroy, |  |  |  | Destroy
23548,Dwarf remains,Destroy, |  |  |  | Destroy
23549,Dwarf remains,Destroy, |  |  |  | Destroy
23550,Dwarf remains,Destroy, |  |  |  | Destroy
23551,Dwarf remains,Destroy, |  |  |  | Destroy
23552,Dwarf remains,Destroy, |  |  |  | Destroy
23553,Dwarf remains,Destroy, |  |  |  | Destroy
23554,Dwarf remains,Destroy, |  |  |  | Destroy
23555,Dwarf remains,Destroy, |  |  |  | Destroy
23556,Dwarf remains,Destroy, |  |  |  | Destroy
23557,Dwarf remains,Destroy, |  |  |  | Destroy
23558,Dwarf remains,Destroy, |  |  |  | Destroy
23559,Dwarf remains,Destroy, |  |  |  | Destroy
23560,Dwarf remains,Destroy, |  |  |  | Destroy
23561,Dwarf remains,Destroy, |  |  |  | Destroy
23562,Dwarf remains,Destroy, |  |  |  | Destroy
23563,Dwarf remains,Destroy, |  |  |  | Destroy
23564,Dwarf remains,Destroy, |  |  |  | Destroy
23565,Dwarf remains,Destroy, |  |  |  | Destroy
23566,Dwarf remains,Destroy, |  |  |  | Destroy
23567,Dwarf remains,Destroy, |  |  |  | Destroy
23568,Dwarf remains,Destroy, |  |  |  | Destroy
23569,Dwarf remains,Destroy, |  |  |  | Destroy
23570,Dwarf remains,Destroy, |  |  |  | Destroy
23571,Dwarf remains,Destroy, |  |  |  | Destroy
23572,Dwarf remains,Destroy, |  |  |  | Destroy
23573,Dwarf remains,Destroy, |  |  |  | Destroy
23574,Dwarf remains,Destroy, |  |  |  | Destroy
23575,Dwarf remains,Destroy, |  |  |  | Destroy
23576,Dwarf remains,Destroy, |  |  |  | Destroy
23577,Dwarf remains,Destroy, |  |  |  | Destroy
23578,Dwarf remains,Destroy, |  |  |  | Destroy
23579,Dwarf remains,Destroy, |  |  |  | Destroy
23580,Dwarf remains,Destroy, |  |  |  | Destroy
23581,Dwarf remains,Destroy, |  |  |  | Destroy
23582,Dwarf remains,Destroy, |  |  |  | Destroy
23583,Dwarf remains,Destroy, |  |  |  | Destroy
23584,Dwarf remains,Destroy, |  |  |  | Destroy
23585,Dwarf remains,Destroy, |  |  |  | Destroy
23586,Dwarf remains,Destroy, |  |  |  | Destroy
23587,Dwarf remains,Destroy, |  |  |  | Destroy
23588,Dwarf remains,Destroy, |  |  |  | Destroy
23589,Dwarf remains,Destroy, |  |  |  | Destroy
23590,Dwarf remains,Destroy, |  |  |  | Destroy
23591,Dwarf remains,Destroy, |  |  |  | Destroy
23592,Dwarf remains,Destroy, |  |  |  | Destroy
23593,Dwarf remains,Destroy, |  |  |  | Destroy
23594,Dwarf remains,Destroy, |  |  |  | Destroy
23595,Dwarf remains,Destroy, |  |  |  | Destroy
23596,Dwarf remains,Destroy, |  |  |  | Destroy
23597,Dwarf remains,Destroy, |  |  |  | Destroy
23598,Dwarf remains,Destroy, |  |  |  | Destroy
23599,Dwarf remains,Destroy, |  |  |  | Destroy
23600,Dwarf remains,Destroy, |  |  |  | Destroy
23601,Dwarf remains,Destroy, |  |  |  | Destroy
23602,Dwarf remains,Destroy, |  |  |  | Destroy
23603,Dwarf remains,Destroy, |  |  |  | Destroy
23604,Dwarf remains,Destroy, |  |  |  | Destroy
23605,Dwarf remains,Destroy, |  |  |  | Destroy
23606,Dwarf remains,Destroy, |  |  |  | Destroy
23607,Dwarf remains,Destroy, |  |  |  | Destroy
23608,Dwarf remains,Destroy, |  |  |  | Destroy
23609,Dwarf remains,Destroy, |  |  |  | Destroy
23610,Dwarf remains,Destroy, |  |  |  | Destroy
23611,Dwarf remains,Destroy, |  |  |  | Destroy
23612,Dwarf remains,Destroy, |  |  |  | Destroy
23613,Dwarf remains,Destroy, |  |  |  | Destroy
23614,Dwarf remains,Destroy, |  |  |  | Destroy
23615,Dwarf remains,Destroy, |  |  |  | Destroy
23616,Dwarf remains,Destroy, |  |  |  | Destroy
23617,Dwarf remains,Destroy, |  |  |  | Destroy
23618,Dwarf remains,Destroy, |  |  |  | Destroy
23619,Dwarf remains,Destroy, |  |  |  | Destroy
23640,@gre@TokHaar-Kal,Destroy, |  |  |  | Destroy
23641,Dwarf remains,Destroy, |  |  |  | Destroy
23642,Dwarf remains,Destroy, |  |  |  | Destroy
23643,Dwarf remains,Destroy, |  |  |  | Destroy
23644,Dwarf remains,Destroy, |  |  |  | Destroy
23645,Dwarf remains,Destroy, |  |  |  | Destroy
23646,Dwarf remains,Destroy, |  |  |  | Destroy
23647,Dwarf remains,Destroy, |  |  |  | Destroy
23648,Dwarf remains,Destroy, |  |  |  | Destroy
23649,Dwarf remains,Destroy, |  |  |  | Destroy
23684,Dwarf remains,Destroy, |  |  |  | Destroy
23685,Dwarf remains,Destroy, |  |  |  | Destroy
23686,Dwarf remains,Destroy, |  |  |  | Destroy
23687,Dwarf remains,Destroy, |  |  |  | Destroy
23688,Dwarf remains,Destroy, |  |  |  | Destroy
23689,Dwarf remains,Destroy, |  |  |  | Destroy
23690,Dwarf remains,Destroy, |  |  |  | Destroy
23691,Dwarf remains,Destroy, |  |  |  | Destroy
23692,Dwarf remains,Destroy, |  |  |  | Destroy
23693,Dwarf remains,Destroy, |  |  |  | Destroy
23694,Dwarf remains,Destroy, |  |  |  | Destroy
23695,Dwarf remains,Destroy, |  |  |  | Destroy
23696,Dwarf remains,Destroy, |  |  |  | Destroy
23697,Dwarf remains,Destroy, |  |  |  | Destroy
23698,Dwarf remains,Destroy, |  |  |  | Destroy
23699,Dwarf remains,Destroy, |  |  |  | Destroy
23700,Dwarf remains,Destroy, |  |  |  | Destroy
23701,Dwarf remains,Destroy, |  |  |  | Destroy
23702,Dwarf remains,Destroy, |  |  |  | Destroy
23703,Dwarf remains,Destroy, |  |  |  | Destroy
23704,Dwarf remains,Destroy, |  |  |  | Destroy
23705,Dwarf remains,Destroy, |  |  |  | Destroy
23706,Dwarf remains,Destroy, |  |  |  | Destroy
23707,Dwarf remains,Destroy, |  |  |  | Destroy
23708,Dwarf remains,Destroy, |  |  |  | Destroy
23709,Dwarf remains,Destroy, |  |  |  | Destroy
23710,Dwarf remains,Destroy, |  |  |  | Destroy
23711,Dwarf remains,Destroy, |  |  |  | Destroy
23712,Dwarf remains,Destroy, |  |  |  | Destroy
23713,Dwarf remains,Destroy, |  |  |  | Destroy
23714,Dwarf remains,Destroy, |  |  |  | Destroy
23715,Dwarf remains,Destroy, |  |  |  | Destroy
23716,Dwarf remains,Destroy, |  |  |  | Destroy
23717,Dwarf remains,Destroy, |  |  |  | Destroy
23718,Dwarf remains,Destroy, |  |  |  | Destroy
23719,Dwarf remains,Destroy, |  |  |  | Destroy
23720,Dwarf remains,Destroy, |  |  |  | Destroy
23721,Dwarf remains,Destroy, |  |  |  | Destroy
23722,Dwarf remains,Destroy, |  |  |  | Destroy
23723,Dwarf remains,Destroy, |  |  |  | Destroy
23724,Dwarf remains,Destroy, |  |  |  | Destroy
23725,Dwarf remains,Destroy, |  |  |  | Destroy
23726,Dwarf remains,Destroy, |  |  |  | Destroy
23727,Dwarf remains,Destroy, |  |  |  | Destroy
23728,Dwarf remains,Destroy, |  |  |  | Destroy
23729,Dwarf remains,Destroy, |  |  |  | Destroy
23730,Dwarf remains,Destroy, |  |  |  | Destroy
23731,Dwarf remains,Destroy, |  |  |  | Destroy
23732,Dwarf remains,Destroy, |  |  |  | Destroy
23733,Dwarf remains,Destroy, |  |  |  | Destroy
23734,Dwarf remains,Destroy, |  |  |  | Destroy
23735,Dwarf remains,Destroy, |  |  |  | Destroy
23736,Dwarf remains,Destroy, |  |  |  | Destroy
23737,Dwarf remains,Destroy, |  |  |  | Destroy
23738,Dwarf remains,Destroy, |  |  |  | Destroy
23739,Dwarf remains,Destroy, |  |  |  | Destroy
23740,Dwarf remains,Destroy, |  |  |  | Destroy
23741,Dwarf remains,Destroy, |  |  |  | Destroy
23742,Dwarf remains,Destroy, |  |  |  | Destroy
23743,Dwarf remains,Destroy, |  |  |  | Destroy
23744,Dwarf remains,Destroy, |  |  |  | Destroy
23745,Dwarf remains,Destroy, |  |  |  | Destroy
23746,Dwarf remains,Destroy, |  |  |  | Destroy
23747,Dwarf remains,Destroy, |  |  |  | Destroy
23748,Dwarf remains,Destroy, |  |  |  | Destroy
23749,Dwarf remains,Destroy, |  |  |  | Destroy
23750,Dwarf remains,Destroy, |  |  |  | Destroy
23751,Dwarf remains,Destroy, |  |  |  | Destroy
23752,Dwarf remains,Destroy, |  |  |  | Destroy
23753,Dwarf remains,Destroy, |  |  |  | Destroy
23754,Dwarf remains,Destroy, |  |  |  | Destroy
23755,Dwarf remains,Destroy, |  |  |  | Destroy
23756,Dwarf remains,Destroy, |  |  |  | Destroy
23757,Dwarf remains,Destroy, |  |  |  | Destroy
23758,Dwarf remains,Destroy, |  |  |  | Destroy
23759,Dwarf remains,Destroy, |  |  |  | Destroy
23760,Dwarf remains,Destroy, |  |  |  | Destroy
23761,Dwarf remains,Destroy, |  |  |  | Destroy
23762,Dwarf remains,Destroy, |  |  |  | Destroy
23763,Dwarf remains,Destroy, |  |  |  | Destroy
23764,Dwarf remains,Destroy, |  |  |  | Destroy
23765,Dwarf remains,Destroy, |  |  |  | Destroy
23766,Dwarf remains,Destroy, |  |  |  | Destroy
23767,Dwarf remains,Destroy, |  |  |  | Destroy
23768,Dwarf remains,Destroy, |  |  |  | Destroy
23769,Dwarf remains,Destroy, |  |  |  | Destroy
23770,Dwarf remains,Destroy, |  |  |  | Destroy
23771,Dwarf remains,Destroy, |  |  |  | Destroy
23772,Dwarf remains,Destroy, |  |  |  | Destroy
23773,Dwarf remains,Destroy, |  |  |  | Destroy
23774,Dwarf remains,Destroy, |  |  |  | Destroy
23775,Dwarf remains,Destroy, |  |  |  | Destroy
23776,Dwarf remains,Destroy, |  |  |  | Destroy
23777,Dwarf remains,Destroy, |  |  |  | Destroy
23778,Dwarf remains,Destroy, |  |  |  | Destroy
23779,Dwarf remains,Destroy, |  |  |  | Destroy
23780,Dwarf remains,Destroy, |  |  |  | Destroy
23781,Dwarf remains,Destroy, |  |  |  | Destroy
23782,Dwarf remains,Destroy, |  |  |  | Destroy
23783,Dwarf remains,Destroy, |  |  |  | Destroy
23784,Dwarf remains,Destroy, |  |  |  | Destroy
23785,Dwarf remains,Destroy, |  |  |  | Destroy
23786,Dwarf remains,Destroy, |  |  |  | Destroy
23787,Dwarf remains,Destroy, |  |  |  | Destroy
23788,Dwarf remains,Destroy, |  |  |  | Destroy
23789,Dwarf remains,Destroy, |  |  |  | Destroy
23790,Dwarf remains,Destroy, |  |  |  | Destroy
23791,Dwarf remains,Destroy, |  |  |  | Destroy
23792,Dwarf remains,Destroy, |  |  |  | Destroy
23793,Dwarf remains,Destroy, |  |  |  | Destroy
23794,Dwarf remains,Destroy, |  |  |  | Destroy
23795,Dwarf remains,Destroy, |  |  |  | Destroy
23796,Dwarf remains,Destroy, |  |  |  | Destroy
23797,Dwarf remains,Destroy, |  |  |  | Destroy
23798,Dwarf remains,Destroy, |  |  |  | Destroy
23799,Dwarf remains,Destroy, |  |  |  | Destroy
23800,Dwarf remains,Destroy, |  |  |  | Destroy
23801,Dwarf remains,Destroy, |  |  |  | Destroy
23802,Dwarf remains,Destroy, |  |  |  | Destroy
23803,Dwarf remains,Destroy, |  |  |  | Destroy
23804,Dwarf remains,Destroy, |  |  |  | Destroy
23805,Dwarf remains,Destroy, |  |  |  | Destroy
23806,Dwarf remains,Destroy, |  |  |  | Destroy
23807,Dwarf remains,Destroy, |  |  |  | Destroy
23808,Dwarf remains,Destroy, |  |  |  | Destroy
23809,Dwarf remains,Destroy, |  |  |  | Destroy
23810,Dwarf remains,Destroy, |  |  |  | Destroy
23811,Dwarf remains,Destroy, |  |  |  | Destroy
23812,Dwarf remains,Destroy, |  |  |  | Destroy
23813,Dwarf remains,Destroy, |  |  |  | Destroy
23814,Dwarf remains,Destroy, |  |  |  | Destroy
23815,Dwarf remains,Destroy, |  |  |  | Destroy
23816,Dwarf remains,Destroy, |  |  |  | Destroy
23817,Dwarf remains,Destroy, |  |  |  | Destroy
23818,Dwarf remains,Destroy, |  |  |  | Destroy
23819,Dwarf remains,Destroy, |  |  |  | Destroy
23820,Dwarf remains,Destroy, |  |  |  | Destroy
23821,Dwarf remains,Destroy, |  |  |  | Destroy
23822,Dwarf remains,Destroy, |  |  |  | Destroy
23823,Dwarf remains,Destroy, |  |  |  | Destroy
23824,Dwarf remains,Destroy, |  |  |  | Destroy
23825,Dwarf remains,Destroy, |  |  |  | Destroy
23826,Dwarf remains,Destroy, |  |  |  | Destroy
23827,Dwarf remains,Destroy, |  |  |  | Destroy
23828,Dwarf remains,Destroy, |  |  |  | Destroy
23829,Dwarf remains,Destroy, |  |  |  | Destroy
23830,Dwarf remains,Destroy, |  |  |  | Destroy
23831,Dwarf remains,Destroy, |  |  |  | Destroy
23832,Dwarf remains,Destroy, |  |  |  | Destroy
23833,Dwarf remains,Destroy, |  |  |  | Destroy
23834,Dwarf remains,Destroy, |  |  |  | Destroy
23835,Dwarf remains,Destroy, |  |  |  | Destroy
23836,Dwarf remains,Destroy, |  |  |  | Destroy
23837,Dwarf remains,Destroy, |  |  |  | Destroy
23838,Dwarf remains,Destroy, |  |  |  | Destroy
23839,Dwarf remains,Destroy, |  |  |  | Destroy
23840,Dwarf remains,Destroy, |  |  |  | Destroy
23841,Dwarf remains,Destroy, |  |  |  | Destroy
23842,Dwarf remains,Destroy, |  |  |  | Destroy
23843,Dwarf remains,Destroy, |  |  |  | Destroy
23844,Dwarf remains,Destroy, |  |  |  | Destroy
23845,Dwarf remains,Destroy, |  |  |  | Destroy
23846,Dwarf remains,Destroy, |  |  |  | Destroy
23847,Dwarf remains,Destroy, |  |  |  | Destroy
23848,Dwarf remains,Destroy, |  |  |  | Destroy
23849,Dwarf remains,Destroy, |  |  |  | Destroy
23850,Dwarf remains,Destroy, |  |  |  | Destroy
23851,Dwarf remains,Destroy, |  |  |  | Destroy
23852,Dwarf remains,Destroy, |  |  |  | Destroy
23853,Dwarf remains,Destroy, |  |  |  | Destroy
23854,Dwarf remains,Destroy, |  |  |  | Destroy
23855,Dwarf remains,Destroy, |  |  |  | Destroy
23856,Dwarf remains,Destroy, |  |  |  | Destroy
23857,Dwarf remains,Destroy, |  |  |  | Destroy
23858,Dwarf remains,Destroy, |  |  |  | Destroy
23859,Dwarf remains,Destroy, |  |  |  | Destroy
23860,Dwarf remains,Destroy, |  |  |  | Destroy
23861,Dwarf remains,Destroy, |  |  |  | Destroy
23862,Dwarf remains,Destroy, |  |  |  | Destroy
23863,Dwarf remains,Destroy, |  |  |  | Destroy
23864,Dwarf remains,Destroy, |  |  |  | Destroy
23865,Dwarf remains,Destroy, |  |  |  | Destroy
23866,Dwarf remains,Destroy, |  |  |  | Destroy
23867,Dwarf remains,Destroy, |  |  |  | Destroy
23868,Dwarf remains,Destroy, |  |  |  | Destroy
23869,Dwarf remains,Destroy, |  |  |  | Destroy
23870,Dwarf remains,Destroy, |  |  |  | Destroy
23871,Dwarf remains,Destroy, |  |  |  | Destroy
23872,Dwarf remains,Destroy, |  |  |  | Destroy
23873,Dwarf remains,Destroy, |  |  |  | Destroy
23874,Dwarf remains,Destroy, |  |  |  | Destroy
23875,Dwarf remains,Destroy, |  |  |  | Destroy
23876,Dwarf remains,Destroy, |  |  |  | Destroy
23877,Dwarf remains,Destroy, |  |  |  | Destroy
23878,Dwarf remains,Destroy, |  |  |  | Destroy
23879,Dwarf remains,Destroy, |  |  |  | Destroy
23880,Dwarf remains,Destroy, |  |  |  | Destroy
23881,Dwarf remains,Destroy, |  |  |  | Destroy
23882,Dwarf remains,Destroy, |  |  |  | Destroy
23883,Dwarf remains,Destroy, |  |  |  | Destroy
23884,Dwarf remains,Destroy, |  |  |  | Destroy
23885,Dwarf remains,Destroy, |  |  |  | Destroy
23886,Dwarf remains,Destroy, |  |  |  | Destroy
23887,Dwarf remains,Destroy, |  |  |  | Destroy
23888,Dwarf remains,Destroy, |  |  |  | Destroy
23889,Dwarf remains,Destroy, |  |  |  | Destroy
23890,Dwarf remains,Destroy, |  |  |  | Destroy
23891,Dwarf remains,Destroy, |  |  |  | Destroy
23892,Dwarf remains,Destroy, |  |  |  | Destroy
23893,Dwarf remains,Destroy, |  |  |  | Destroy
23894,Dwarf remains,Destroy, |  |  |  | Destroy
23895,Dwarf remains,Destroy, |  |  |  | Destroy
23896,Dwarf remains,Destroy, |  |  |  | Destroy
23897,Dwarf remains,Destroy, |  |  |  | Destroy
23898,Dwarf remains,Destroy, |  |  |  | Destroy
23899,Dwarf remains,Destroy, |  |  |  | Destroy
23900,Dwarf remains,Destroy, |  |  |  | Destroy
23901,Dwarf remains,Destroy, |  |  |  | Destroy
23902,Dwarf remains,Destroy, |  |  |  | Destroy
23903,Dwarf remains,Destroy, |  |  |  | Destroy
23904,Dwarf remains,Destroy, |  |  |  | Destroy
23907,@gre@Blood skotizo dye,Destroy, |  |  |  | Destroy
23913,Dwarf remains,Destroy, |  |  |  | Destroy
23914,Dwarf remains,Destroy, |  |  |  | Destroy
23915,Dwarf remains,Destroy, |  |  |  | Destroy
23916,Dwarf remains,Destroy, |  |  |  | Destroy
23917,Dwarf remains,Destroy, |  |  |  | Destroy
23918,Dwarf remains,Destroy, |  |  |  | Destroy
23919,Dwarf remains,Destroy, |  |  |  | Destroy
23920,Dwarf remains,Destroy, |  |  |  | Destroy
23921,Dwarf remains,Destroy, |  |  |  | Destroy
23922,Dwarf remains,Destroy, |  |  |  | Destroy
23923,Dwarf remains,Destroy, |  |  |  | Destroy
23924,Dwarf remains,Destroy, |  |  |  | Destroy
23925,Dwarf remains,Destroy, |  |  |  | Destroy
23926,Dwarf remains,Destroy, |  |  |  | Destroy
23927,Dwarf remains,Destroy, |  |  |  | Destroy
23928,Dwarf remains,Destroy, |  |  |  | Destroy
23929,Dwarf remains,Destroy, |  |  |  | Destroy
23935,@gre@Evil clown mask,Destroy, | Wear |  |  | Destroy
23936,@gre@Evil clown bow tie,Destroy, | Wear |  |  | Destroy
23937,@gre@Evil clown gown,Destroy, | Wear |  |  | Destroy
23938,@gre@Evil clown trousers,Destroy, | Wear |  |  | Destroy
23939,@gre@Evil clown shoes,Destroy, | Wear |  |  | Destroy
23957,@gre@Infernal skull mask (broken),Destroy, |  |  |  | Destroy
23985,@gre@Zamorak godsword (or),Dismantle, | Wield |  |  | Dismantle
23986,@gre@Saradomin godsword (or),Dismantle, | Wield |  |  | Dismantle
23987,@gre@Bandos godsword (or),Dismantle, | Wield |  |  | Dismantle
24025,@gre@Ecto scythe dye,Destroy, |  |  |  | Destroy
24029,@gre@Candy cane staff (t1),Destroy, | Wield |  |  | Destroy
24030,@gre@Candy cane staff (t2),Destroy, | Wield |  |  | Destroy
24031,@gre@Candy cane staff (t3),Destroy, | Wield |  |  | Destroy
24032,@gre@Candy cane staff (t4),Destroy, | Wield |  |  | Destroy
24033,@gre@Jolly shortbow (t1),Destroy, | Wield |  |  | Destroy
24034,@gre@Jolly shortbow (t2),Destroy, | Wield |  |  | Destroy
24035,@gre@Jolly shortbow (t3),Destroy, | Wield |  |  | Destroy
24036,@gre@Jolly shortbow (t4),Destroy, | Wield |  |  | Destroy
24038,@gre@Holiday charm (t1),Destroy, |  |  |  | Destroy
24039,@gre@Holiday charm (t2),Destroy, |  |  |  | Destroy
24040,@gre@Holiday charm (t3),Destroy, |  |  |  | Destroy
24041,@gre@Snowglobe,Destroy, |  |  |  | Destroy
24051,Dwarf remains,Destroy, |  |  |  | Destroy
24052,Dwarf remains,Destroy, |  |  |  | Destroy
24053,Dwarf remains,Destroy, |  |  |  | Destroy
24054,Dwarf remains,Destroy, |  |  |  | Destroy
24055,Dwarf remains,Destroy, |  |  |  | Destroy
24056,Dwarf remains,Destroy, |  |  |  | Destroy
24057,Dwarf remains,Destroy, |  |  |  | Destroy
24058,Dwarf remains,Destroy, |  |  |  | Destroy
24059,Dwarf remains,Destroy, |  |  |  | Destroy
24060,Dwarf remains,Destroy, |  |  |  | Destroy
24061,Dwarf remains,Destroy, |  |  |  | Destroy
24062,Dwarf remains,Destroy, |  |  |  | Destroy
24063,Dwarf remains,Destroy, |  |  |  | Destroy
24064,Dwarf remains,Destroy, |  |  |  | Destroy
24065,Dwarf remains,Destroy, |  |  |  | Destroy
24066,Dwarf remains,Destroy, |  |  |  | Destroy
24067,Dwarf remains,Destroy, |  |  |  | Destroy
24068,Dwarf remains,Destroy, |  |  |  | Destroy
24074,@gre@Cursed void top (broken),Destroy, |  |  |  | Destroy
24075,@gre@Cursed void robe (broken),Destroy, |  |  |  | Destroy
24076,@gre@Cursed helm (broken),Destroy, |  |  |  | Destroy
24077,@gre@Cursed platebody (broken),Destroy, |  |  |  | Destroy
24078,@gre@Cursed platelegs (broken),Destroy, |  |  |  | Destroy
24081,@gre@Cursed fighter hat (broken),Destroy, |  |  |  | Destroy
24082,@gre@Cursed fighter torso (broken),Destroy, |  |  |  | Destroy
24083,@gre@Opulent cursed dye,Destroy, |  |  |  | Destroy
24087,@gre@Tooth half cave key,Destroy, |  |  |  | Destroy
24089,@gre@Loop half of cave key,Destroy, |  |  |  | Destroy
24091,@gre@Cave key,Destroy, |  |  |  | Destroy
24105,Dwarf remains,Destroy, |  |  |  | Destroy
24106,Dwarf remains,Destroy, |  |  |  | Destroy
24107,Dwarf remains,Destroy, |  |  |  | Destroy
24108,Dwarf remains,Destroy, |  |  |  | Destroy
24109,Dwarf remains,Destroy, |  |  |  | Destroy
24112,@gre@Easter dye 2022,Destroy, |  |  |  | Destroy
24126,@gre@Easter chinchompa (t1),Release, | Wield |  |  | Release
24127,@gre@Easter chinchompa (t2),Release, | Wield |  |  | Release
24128,@gre@Easter chinchompa (t3),Release, | Wield |  |  | Release
24192,@gre@Radiant dye (dclaws),Destroy, |  |  |  | Destroy
24193,@gre@Radiant dye (ags),Destroy, |  |  |  | Destroy
24221,@gre@Red pumpkin mask,Destroy, | Wear |  |  | Destroy
24225,@gre@White pumpkin mask,Destroy, | Wear |  |  | Destroy
24240,@gre@Glorious sigil,Destroy, |  |  |  | Destroy
24245,@gre@Grand looting bag,Destroy,Open | Deposit | Check |  | Destroy
24246,@gre@Grand looting bag,Destroy,Close | Deposit | Check |  | Destroy
24247,@gre@Dear new player..,Destroy,Read |  |  |  | Destroy
24251,Dwarf remains,Destroy, |  |  |  | Destroy
24252,Dwarf remains,Destroy, |  |  |  | Destroy
24253,Dwarf remains,Destroy, |  |  |  | Destroy
24254,@gre@Loot key,Destroy, | Check |  |  | Destroy
24255,@gre@Loot key,Destroy, | Check |  |  | Destroy
24256,@gre@Loot key,Destroy, | Check |  |  | Destroy
24257,@gre@Loot key,Destroy, | Check |  |  | Destroy
24258,@gre@Loot key,Destroy, | Check |  |  | Destroy
24259,@gre@Loot key,Destroy, | Check |  |  | Destroy
24266,Dwarf remains,Destroy, |  |  |  | Destroy
24267,Dwarf remains,Destroy, |  |  |  | Destroy
24268,Dwarf remains,Destroy, |  |  |  | Destroy
24269,Dwarf remains,Destroy, |  |  |  | Destroy
24270,Dwarf remains,Destroy, |  |  |  | Destroy
24271,Dwarf remains,Destroy, |  |  |  | Destroy
24272,Dwarf remains,Destroy, |  |  |  | Destroy
24273,Dwarf remains,Destroy, |  |  |  | Destroy
24274,Dwarf remains,Destroy, |  |  |  | Destroy
24275,Dwarf remains,Destroy, |  |  |  | Destroy
24276,Dwarf remains,Destroy, |  |  |  | Destroy
24277,Dwarf remains,Destroy, |  |  |  | Destroy
24278,Dwarf remains,Destroy, |  |  |  | Destroy
24279,Dwarf remains,Destroy, |  |  |  | Destroy
24280,Dwarf remains,Destroy, |  |  |  | Destroy
24281,Dwarf remains,Destroy, |  |  |  | Destroy
24282,Dwarf remains,Destroy, |  |  |  | Destroy
24283,Dwarf remains,Destroy, |  |  |  | Destroy
24284,Dwarf remains,Destroy, |  |  |  | Destroy
24285,Dwarf remains,Destroy, |  |  |  | Destroy
24286,Dwarf remains,Destroy, |  |  |  | Destroy
24287,Dwarf remains,Destroy, |  |  |  | Destroy
24288,Dwarf remains,Destroy, |  |  |  | Destroy
24289,Dwarf remains,Destroy, |  |  |  | Destroy
24290,Dwarf remains,Destroy, |  |  |  | Destroy
24291,Dwarf remains,Destroy, |  |  |  | Destroy
24292,Dwarf remains,Destroy, |  |  |  | Destroy
24293,Dwarf remains,Destroy, |  |  |  | Destroy
24294,Dwarf remains,Destroy, |  |  |  | Destroy
24295,Dwarf remains,Destroy, |  |  |  | Destroy
24296,Dwarf remains,Destroy, |  |  |  | Destroy
24297,Dwarf remains,Destroy, |  |  |  | Destroy
24298,Dwarf remains,Destroy, |  |  |  | Destroy
24299,Dwarf remains,Destroy, |  |  |  | Destroy
24300,Dwarf remains,Destroy, |  |  |  | Destroy
24301,Dwarf remains,Destroy, |  |  |  | Destroy
24302,Dwarf remains,Destroy, |  |  |  | Destroy
24303,Dwarf remains,Destroy, |  |  |  | Destroy
24304,Dwarf remains,Destroy, |  |  |  | Destroy
24305,Dwarf remains,Destroy, |  |  |  | Destroy
24306,Dwarf remains,Destroy, |  |  |  | Destroy
24307,Dwarf remains,Destroy, |  |  |  | Destroy
24308,Dwarf remains,Destroy, |  |  |  | Destroy
24309,Dwarf remains,Destroy, |  |  |  | Destroy
24310,Dwarf remains,Destroy, |  |  |  | Destroy
24311,Dwarf remains,Destroy, |  |  |  | Destroy
24312,Dwarf remains,Destroy, |  |  |  | Destroy
24313,Dwarf remains,Destroy, |  |  |  | Destroy
24314,Dwarf remains,Destroy, |  |  |  | Destroy
24315,Dwarf remains,Destroy, |  |  |  | Destroy
24316,Dwarf remains,Destroy, |  |  |  | Destroy
24317,Dwarf remains,Destroy, |  |  |  | Destroy
24318,Dwarf remains,Destroy, |  |  |  | Destroy
24319,Dwarf remains,Destroy, |  |  |  | Destroy
24320,Dwarf remains,Destroy, |  |  |  | Destroy
24321,Dwarf remains,Destroy, |  |  |  | Destroy
24322,Dwarf remains,Destroy, |  |  |  | Destroy
24323,Dwarf remains,Destroy, |  |  |  | Destroy
24324,Dwarf remains,Destroy, |  |  |  | Destroy
24325,Dwarf remains,Destroy, |  |  |  | Destroy
24326,Dwarf remains,Destroy, |  |  |  | Destroy
24327,Dwarf remains,Destroy, |  |  |  | Destroy
24328,Dwarf remains,Destroy, |  |  |  | Destroy
24329,Dwarf remains,Destroy, |  |  |  | Destroy
24330,Dwarf remains,Destroy, |  |  |  | Destroy
24331,Dwarf remains,Destroy, |  |  |  | Destroy
24332,Dwarf remains,Destroy, |  |  |  | Destroy
24333,Dwarf remains,Destroy, |  |  |  | Destroy
24334,Dwarf remains,Destroy, |  |  |  | Destroy
24335,Dwarf remains,Destroy, |  |  |  | Destroy
24336,Dwarf remains,Destroy, |  |  |  | Destroy
24337,Dwarf remains,Destroy, |  |  |  | Destroy
24338,Dwarf remains,Destroy, |  |  |  | Destroy
24339,Dwarf remains,Destroy, |  |  |  | Destroy
24340,Dwarf remains,Destroy, |  |  |  | Destroy
24341,Dwarf remains,Destroy, |  |  |  | Destroy
24342,Dwarf remains,Destroy, |  |  |  | Destroy
24343,Dwarf remains,Destroy, |  |  |  | Destroy
24344,Dwarf remains,Destroy, |  |  |  | Destroy
24345,Dwarf remains,Destroy, |  |  |  | Destroy
24346,Dwarf remains,Destroy, |  |  |  | Destroy
24347,Dwarf remains,Destroy, |  |  |  | Destroy
24348,Dwarf remains,Destroy, |  |  |  | Destroy
24349,Dwarf remains,Destroy, |  |  |  | Destroy
24350,Dwarf remains,Destroy, |  |  |  | Destroy
24351,Dwarf remains,Destroy, |  |  |  | Destroy
24352,Dwarf remains,Destroy, |  |  |  | Destroy
24353,Dwarf remains,Destroy, |  |  |  | Destroy
24354,Dwarf remains,Destroy, |  |  |  | Destroy
24355,Dwarf remains,Destroy, |  |  |  | Destroy
24356,Dwarf remains,Destroy, |  |  |  | Destroy
24357,Dwarf remains,Destroy, |  |  |  | Destroy
24358,Dwarf remains,Destroy, |  |  |  | Destroy
24359,Dwarf remains,Destroy, |  |  |  | Destroy
24360,Dwarf remains,Destroy, |  |  |  | Destroy
24361,Dwarf remains,Destroy, |  |  |  | Destroy
24362,Dwarf remains,Destroy, |  |  |  | Destroy
24363,Dwarf remains,Destroy, |  |  |  | Destroy
24364,Dwarf remains,Destroy, |  |  |  | Destroy
24365,Dwarf remains,Destroy, |  |  |  | Destroy
24366,Dwarf remains,Destroy, |  |  |  | Destroy
24367,Dwarf remains,Destroy, |  |  |  | Destroy
24368,Dwarf remains,Destroy, |  |  |  | Destroy
24369,Dwarf remains,Destroy, |  |  |  | Destroy
24370,Dwarf remains,Destroy, |  |  |  | Destroy
24371,Dwarf remains,Destroy, |  |  |  | Destroy
24372,Dwarf remains,Destroy, |  |  |  | Destroy
24373,Dwarf remains,Destroy, |  |  |  | Destroy
24374,Dwarf remains,Destroy, |  |  |  | Destroy
24375,Dwarf remains,Destroy, |  |  |  | Destroy
24376,Dwarf remains,Destroy, |  |  |  | Destroy
24377,Dwarf remains,Destroy, |  |  |  | Destroy
24378,Dwarf remains,Destroy, |  |  |  | Destroy
24379,Dwarf remains,Destroy, |  |  |  | Destroy
24380,Dwarf remains,Destroy, |  |  |  | Destroy
24381,Dwarf remains,Destroy, |  |  |  | Destroy
24382,Dwarf remains,Destroy, |  |  |  | Destroy
24383,Dwarf remains,Destroy, |  |  |  | Destroy
24384,Dwarf remains,Destroy, |  |  |  | Destroy
24385,Dwarf remains,Destroy, |  |  |  | Destroy
24386,Dwarf remains,Destroy, |  |  |  | Destroy
24387,Dwarf remains,Destroy, |  |  |  | Destroy
24388,Dwarf remains,Destroy, |  |  |  | Destroy
24389,Dwarf remains,Destroy, |  |  |  | Destroy
24390,Dwarf remains,Destroy, |  |  |  | Destroy
24391,Dwarf remains,Destroy, |  |  |  | Destroy
24392,Dwarf remains,Destroy, |  |  |  | Destroy
24393,Dwarf remains,Destroy, |  |  |  | Destroy
24394,Dwarf remains,Destroy, |  |  |  | Destroy
24395,Dwarf remains,Destroy, |  |  |  | Destroy
24396,Dwarf remains,Destroy, |  |  |  | Destroy
24397,Dwarf remains,Destroy, |  |  |  | Destroy
24398,Dwarf remains,Destroy, |  |  |  | Destroy
24399,Dwarf remains,Destroy, |  |  |  | Destroy
24400,Dwarf remains,Destroy, |  |  |  | Destroy
24401,Dwarf remains,Destroy, |  |  |  | Destroy
24402,Dwarf remains,Destroy, |  |  |  | Destroy
24403,Dwarf remains,Destroy, |  |  |  | Destroy
24404,Dwarf remains,Destroy, |  |  |  | Destroy
24405,Dwarf remains,Destroy, |  |  |  | Destroy
24406,Dwarf remains,Destroy, |  |  |  | Destroy
24407,Dwarf remains,Destroy, |  |  |  | Destroy
24408,Dwarf remains,Destroy, |  |  |  | Destroy
24409,Dwarf remains,Destroy, |  |  |  | Destroy
24410,Dwarf remains,Destroy, |  |  |  | Destroy
24411,Dwarf remains,Destroy, |  |  |  | Destroy
24412,Dwarf remains,Destroy, |  |  |  | Destroy
24413,Dwarf remains,Destroy, |  |  |  | Destroy
24414,Dwarf remains,Destroy, |  |  |  | Destroy
24415,Dwarf remains,Destroy, |  |  |  | Destroy
24416,Dwarf remains,Destroy, |  |  |  | Destroy
24417,Dwarf remains,Destroy, |  |  |  | Destroy
24418,Dwarf remains,Destroy, |  |  |  | Destroy
24420,Dwarf remains,Destroy, |  |  |  | Destroy
24421,Dwarf remains,Destroy, |  |  |  | Destroy
24422,Dwarf remains,Destroy, |  |  |  | Destroy
24423,Dwarf remains,Destroy, |  |  |  | Destroy
24424,Dwarf remains,Destroy, |  |  |  | Destroy
24425,Dwarf remains,Destroy, |  |  |  | Destroy
24426,Dwarf remains,Destroy, |  |  |  | Destroy
24427,Dwarf remains,Destroy, |  |  |  | Destroy
24428,Dwarf remains,Destroy, |  |  |  | Destroy
24429,Dwarf remains,Destroy, |  |  |  | Destroy
24430,Dwarf remains,Destroy, |  |  |  | Destroy
24431,Dwarf remains,Destroy, |  |  |  | Destroy
24432,Dwarf remains,Destroy, |  |  |  | Destroy
24433,Dwarf remains,Destroy, |  |  |  | Destroy
24434,Dwarf remains,Destroy, |  |  |  | Destroy
24435,Dwarf remains,Destroy, |  |  |  | Destroy
24436,Dwarf remains,Destroy, |  |  |  | Destroy
24437,Dwarf remains,Destroy, |  |  |  | Destroy
24438,Dwarf remains,Destroy, |  |  |  | Destroy
24439,Dwarf remains,Destroy, |  |  |  | Destroy
24440,Dwarf remains,Destroy, |  |  |  | Destroy
24441,Dwarf remains,Destroy, |  |  |  | Destroy
24442,Dwarf remains,Destroy, |  |  |  | Destroy
24443,Dwarf remains,Destroy, |  |  |  | Destroy
24444,Dwarf remains,Destroy, |  |  |  | Destroy
24445,Dwarf remains,Destroy, |  |  |  | Destroy
24446,Dwarf remains,Destroy, |  |  |  | Destroy
24447,Dwarf remains,Destroy, |  |  |  | Destroy
24448,Dwarf remains,Destroy, |  |  |  | Destroy
24449,Dwarf remains,Destroy, |  |  |  | Destroy
24450,Dwarf remains,Destroy, |  |  |  | Destroy
24451,Dwarf remains,Destroy, |  |  |  | Destroy
24452,Dwarf remains,Destroy, |  |  |  | Destroy
24453,Dwarf remains,Destroy, |  |  |  | Destroy
24454,Dwarf remains,Destroy, |  |  |  | Destroy
24455,Dwarf remains,Destroy, |  |  |  | Destroy
24456,Dwarf remains,Destroy, |  |  |  | Destroy
24457,Dwarf remains,Destroy, |  |  |  | Destroy
24458,Dwarf remains,Destroy, |  |  |  | Destroy
24459,Dwarf remains,Destroy, |  |  |  | Destroy
24460,Dwarf remains,Destroy, |  |  |  | Destroy
24461,Dwarf remains,Destroy, |  |  |  | Destroy
24462,Dwarf remains,Destroy, |  |  |  | Destroy
24463,Dwarf remains,Destroy, |  |  |  | Destroy
24464,Dwarf remains,Destroy, |  |  |  | Destroy
24465,Dwarf remains,Destroy, |  |  |  | Destroy
24466,Dwarf remains,Destroy, |  |  |  | Destroy
24467,Dwarf remains,Destroy, |  |  |  | Destroy
24468,Dwarf remains,Destroy, |  |  |  | Destroy
24469,Dwarf remains,Destroy, |  |  |  | Destroy
24470,Dwarf remains,Destroy, |  |  |  | Destroy
24471,Dwarf remains,Destroy, |  |  |  | Destroy
24472,Dwarf remains,Destroy, |  |  |  | Destroy
24473,Dwarf remains,Destroy, |  |  |  | Destroy
24474,Dwarf remains,Destroy, |  |  |  | Destroy
24475,Dwarf remains,Destroy, |  |  |  | Destroy
24476,Dwarf remains,Destroy, |  |  |  | Destroy
24477,Dwarf remains,Destroy, |  |  |  | Destroy
24478,Dwarf remains,Destroy, |  |  |  | Destroy
24479,Dwarf remains,Destroy, |  |  |  | Destroy
24480,Dwarf remains,Destroy, |  |  |  | Destroy
24481,Dwarf remains,Destroy, |  |  |  | Destroy
24482,Dwarf remains,Destroy, |  |  |  | Destroy
24483,Dwarf remains,Destroy, |  |  |  | Destroy
24484,Dwarf remains,Destroy, |  |  |  | Destroy
24485,Dwarf remains,Destroy, |  |  |  | Destroy
24486,Dwarf remains,Destroy, |  |  |  | Destroy
24487,Dwarf remains,Destroy, |  |  |  | Destroy
24488,Dwarf remains,Destroy, |  |  |  | Destroy
24489,Dwarf remains,Destroy, |  |  |  | Destroy
24490,Dwarf remains,Destroy, |  |  |  | Destroy
24491,Dwarf remains,Destroy, |  |  |  | Destroy
24492,Dwarf remains,Destroy, |  |  |  | Destroy
24493,Dwarf remains,Destroy, |  |  |  | Destroy
24494,Dwarf remains,Destroy, |  |  |  | Destroy
24495,Dwarf remains,Destroy, |  |  |  | Destroy
24496,Dwarf remains,Destroy, |  |  |  | Destroy
24497,Dwarf remains,Destroy, |  |  |  | Destroy
24498,Dwarf remains,Destroy, |  |  |  | Destroy
24499,Dwarf remains,Destroy, |  |  |  | Destroy
24500,Dwarf remains,Destroy, |  |  |  | Destroy
24501,Dwarf remains,Destroy, |  |  |  | Destroy
24502,Dwarf remains,Destroy, |  |  |  | Destroy
24503,Dwarf remains,Destroy, |  |  |  | Destroy
24504,Dwarf remains,Destroy, |  |  |  | Destroy
24505,Dwarf remains,Destroy, |  |  |  | Destroy
24506,Dwarf remains,Destroy, |  |  |  | Destroy
24507,Dwarf remains,Destroy, |  |  |  | Destroy
24508,Dwarf remains,Destroy, |  |  |  | Destroy
24509,Dwarf remains,Destroy, |  |  |  | Destroy
24510,Dwarf remains,Destroy, |  |  |  | Destroy
24511,Dwarf remains,Destroy, |  |  |  | Destroy
24512,Dwarf remains,Destroy, |  |  |  | Destroy
24513,Dwarf remains,Destroy, |  |  |  | Destroy
24514,Dwarf remains,Destroy, |  |  |  | Destroy
24515,Dwarf remains,Destroy, |  |  |  | Destroy
24516,Dwarf remains,Destroy, |  |  |  | Destroy
24517,Dwarf remains,Destroy, |  |  |  | Destroy
24518,Dwarf remains,Destroy, |  |  |  | Destroy
24519,Dwarf remains,Destroy, |  |  |  | Destroy
24520,Dwarf remains,Destroy, |  |  |  | Destroy
24521,Dwarf remains,Destroy, |  |  |  | Destroy
24522,Dwarf remains,Destroy, |  |  |  | Destroy
24523,Dwarf remains,Destroy, |  |  |  | Destroy
24524,Dwarf remains,Destroy, |  |  |  | Destroy
24525,Dwarf remains,Destroy, |  |  |  | Destroy
24526,Dwarf remains,Destroy, |  |  |  | Destroy
24527,Dwarf remains,Destroy, |  |  |  | Destroy
24528,Dwarf remains,Destroy, |  |  |  | Destroy
24529,Dwarf remains,Destroy, |  |  |  | Destroy
24530,Dwarf remains,Destroy, |  |  |  | Destroy
24531,Dwarf remains,Destroy, |  |  |  | Destroy
24532,Dwarf remains,Destroy, |  |  |  | Destroy
24533,Dwarf remains,Destroy, |  |  |  | Destroy
24534,Dwarf remains,Destroy, |  |  |  | Destroy
24535,Dwarf remains,Destroy, |  |  |  | Destroy
24536,Dwarf remains,Destroy, |  |  |  | Destroy
24537,Dwarf remains,Destroy, |  |  |  | Destroy
24538,Dwarf remains,Destroy, |  |  |  | Destroy
24539,Dwarf remains,Destroy, |  |  |  | Destroy
24540,Dwarf remains,Destroy, |  |  |  | Destroy
24541,Dwarf remains,Destroy, |  |  |  | Destroy
24542,Dwarf remains,Destroy, |  |  |  | Destroy
24543,Dwarf remains,Destroy, |  |  |  | Destroy
24544,Dwarf remains,Destroy, |  |  |  | Destroy
24545,Dwarf remains,Destroy, |  |  |  | Destroy
24546,Dwarf remains,Destroy, |  |  |  | Destroy
24547,Dwarf remains,Destroy, |  |  |  | Destroy
24548,Dwarf remains,Destroy, |  |  |  | Destroy
24549,Dwarf remains,Destroy, |  |  |  | Destroy
24550,Dwarf remains,Destroy, |  |  |  | Destroy
24551,Dwarf remains,Destroy, |  |  |  | Destroy
24552,Dwarf remains,Destroy, |  |  |  | Destroy
24553,Dwarf remains,Destroy, |  |  |  | Destroy
24554,Dwarf remains,Destroy, |  |  |  | Destroy
24555,Dwarf remains,Destroy, |  |  |  | Destroy
24556,Dwarf remains,Destroy, |  |  |  | Destroy
24557,Dwarf remains,Destroy, |  |  |  | Destroy
24558,Dwarf remains,Destroy, |  |  |  | Destroy
24559,Dwarf remains,Destroy, |  |  |  | Destroy
24560,Dwarf remains,Destroy, |  |  |  | Destroy
24561,Dwarf remains,Destroy, |  |  |  | Destroy
24562,Dwarf remains,Destroy, |  |  |  | Destroy
24563,Dwarf remains,Destroy, |  |  |  | Destroy
24564,Dwarf remains,Destroy, |  |  |  | Destroy
24565,Dwarf remains,Destroy, |  |  |  | Destroy
24566,Dwarf remains,Destroy, |  |  |  | Destroy
24567,Dwarf remains,Destroy, |  |  |  | Destroy
24568,Dwarf remains,Destroy, |  |  |  | Destroy
24569,Dwarf remains,Destroy, |  |  |  | Destroy
24570,Dwarf remains,Destroy, |  |  |  | Destroy
24571,Dwarf remains,Destroy, |  |  |  | Destroy
24572,Dwarf remains,Destroy, |  |  |  | Destroy
24573,Dwarf remains,Destroy, |  |  |  | Destroy
24574,Dwarf remains,Destroy, |  |  |  | Destroy
24575,Dwarf remains,Destroy, |  |  |  | Destroy
24576,Dwarf remains,Destroy, |  |  |  | Destroy
24577,Dwarf remains,Destroy, |  |  |  | Destroy
24578,Dwarf remains,Destroy, |  |  |  | Destroy
24579,Dwarf remains,Destroy, |  |  |  | Destroy
24580,Dwarf remains,Destroy, |  |  |  | Destroy
24581,Dwarf remains,Destroy, |  |  |  | Destroy
24582,Dwarf remains,Destroy, |  |  |  | Destroy
24583,Dwarf remains,Destroy, |  |  |  | Destroy
24584,Dwarf remains,Destroy, |  |  |  | Destroy
24585,Dwarf remains,Destroy, |  |  |  | Destroy
24586,Dwarf remains,Destroy, |  |  |  | Destroy
24587,Dwarf remains,Destroy, |  |  |  | Destroy
24588,Dwarf remains,Destroy, |  |  |  | Destroy
24589,Dwarf remains,Destroy, |  |  |  | Destroy
24590,Dwarf remains,Destroy, |  |  |  | Destroy
24591,Dwarf remains,Destroy, |  |  |  | Destroy
24592,Dwarf remains,Destroy, |  |  |  | Destroy
24593,Dwarf remains,Destroy, |  |  |  | Destroy
24594,Dwarf remains,Destroy, |  |  |  | Destroy
24595,Dwarf remains,Destroy, |  |  |  | Destroy
24596,Dwarf remains,Destroy, |  |  |  | Destroy
24597,Dwarf remains,Destroy, |  |  |  | Destroy
24598,Dwarf remains,Destroy, |  |  |  | Destroy
24599,Dwarf remains,Destroy, |  |  |  | Destroy
24600,Dwarf remains,Destroy, |  |  |  | Destroy
24601,Dwarf remains,Destroy, |  |  |  | Destroy
24602,Dwarf remains,Destroy, |  |  |  | Destroy
24603,Dwarf remains,Destroy, |  |  |  | Destroy
24604,Dwarf remains,Destroy, |  |  |  | Destroy
24605,Dwarf remains,Destroy, |  |  |  | Destroy
24606,Dwarf remains,Destroy, |  |  |  | Destroy
24607,Dwarf remains,Destroy, |  |  |  | Destroy
24608,Dwarf remains,Destroy, |  |  |  | Destroy
24609,Dwarf remains,Destroy, |  |  |  | Destroy
24610,Dwarf remains,Destroy, |  |  |  | Destroy
24611,Dwarf remains,Destroy, |  |  |  | Destroy
24612,Dwarf remains,Destroy, |  |  |  | Destroy
24613,Dwarf remains,Destroy, |  |  |  | Destroy
24614,Dwarf remains,Destroy, |  |  |  | Destroy
24615,Dwarf remains,Destroy, |  |  |  | Destroy
24616,Dwarf remains,Destroy, |  |  |  | Destroy
24617,Dwarf remains,Destroy, |  |  |  | Destroy
24618,Dwarf remains,Destroy, |  |  |  | Destroy
24619,Dwarf remains,Destroy, |  |  |  | Destroy
24620,Dwarf remains,Destroy, |  |  |  | Destroy
24621,Dwarf remains,Destroy, |  |  |  | Destroy
24622,Dwarf remains,Destroy, |  |  |  | Destroy
24623,Dwarf remains,Destroy, |  |  |  | Destroy
24624,Dwarf remains,Destroy, |  |  |  | Destroy
24625,Dwarf remains,Destroy, |  |  |  | Destroy
24626,Dwarf remains,Destroy, |  |  |  | Destroy
24627,Dwarf remains,Destroy, |  |  |  | Destroy
24628,Dwarf remains,Destroy, |  |  |  | Destroy
24629,Dwarf remains,Destroy, |  |  |  | Destroy
24630,Dwarf remains,Destroy, |  |  |  | Destroy
24631,Dwarf remains,Destroy, |  |  |  | Destroy
24632,Dwarf remains,Destroy, |  |  |  | Destroy
24633,Dwarf remains,Destroy, |  |  |  | Destroy
24634,Dwarf remains,Destroy, |  |  |  | Destroy
24635,Dwarf remains,Destroy, |  |  |  | Destroy
24636,Dwarf remains,Destroy, |  |  |  | Destroy
24637,Dwarf remains,Destroy, |  |  |  | Destroy
24638,Dwarf remains,Destroy, |  |  |  | Destroy
24639,Dwarf remains,Destroy, |  |  |  | Destroy
24640,Dwarf remains,Destroy, |  |  |  | Destroy
24641,Dwarf remains,Destroy, |  |  |  | Destroy
24642,Dwarf remains,Destroy, |  |  |  | Destroy
24643,Dwarf remains,Destroy, |  |  |  | Destroy
24644,Dwarf remains,Destroy, |  |  |  | Destroy
24645,Dwarf remains,Destroy, |  |  |  | Destroy
24646,Dwarf remains,Destroy, |  |  |  | Destroy
24647,Dwarf remains,Destroy, |  |  |  | Destroy
24648,Dwarf remains,Destroy, |  |  |  | Destroy
24649,Dwarf remains,Destroy, |  |  |  | Destroy
24650,Dwarf remains,Destroy, |  |  |  | Destroy
24651,Dwarf remains,Destroy, |  |  |  | Destroy
24652,Dwarf remains,Destroy, |  |  |  | Destroy
24653,Dwarf remains,Destroy, |  |  |  | Destroy
24654,Dwarf remains,Destroy, |  |  |  | Destroy
24655,Dwarf remains,Destroy, |  |  |  | Destroy
24656,Dwarf remains,Destroy, |  |  |  | Destroy
24657,Dwarf remains,Destroy, |  |  |  | Destroy
24658,Dwarf remains,Destroy, |  |  |  | Destroy
24659,Dwarf remains,Destroy, |  |  |  | Destroy
24660,Dwarf remains,Destroy, |  |  |  | Destroy
24661,Dwarf remains,Destroy, |  |  |  | Destroy
24662,Dwarf remains,Destroy, |  |  |  | Destroy
24663,Dwarf remains,Destroy, |  |  |  | Destroy
24664,Dwarf remains,Destroy, |  |  |  | Destroy
24665,Dwarf remains,Destroy, |  |  |  | Destroy
24666,Dwarf remains,Destroy, |  |  |  | Destroy
24667,Dwarf remains,Destroy, |  |  |  | Destroy
24668,Dwarf remains,Destroy, |  |  |  | Destroy
24669,Dwarf remains,Destroy, |  |  |  | Destroy
24670,Dwarf remains,Destroy, |  |  |  | Destroy
24671,Dwarf remains,Destroy, |  |  |  | Destroy
24672,Dwarf remains,Destroy, |  |  |  | Destroy
24673,Dwarf remains,Destroy, |  |  |  | Destroy
24674,Dwarf remains,Destroy, |  |  |  | Destroy
24675,Dwarf remains,Destroy, |  |  |  | Destroy
24676,Dwarf remains,Destroy, |  |  |  | Destroy
24677,Dwarf remains,Destroy, |  |  |  | Destroy
24678,Dwarf remains,Destroy, |  |  |  | Destroy
24679,Dwarf remains,Destroy, |  |  |  | Destroy
24680,Dwarf remains,Destroy, |  |  |  | Destroy
24681,Dwarf remains,Destroy, |  |  |  | Destroy
24682,Dwarf remains,Destroy, |  |  |  | Destroy
24683,Dwarf remains,Destroy, |  |  |  | Destroy
24684,Dwarf remains,Destroy, |  |  |  | Destroy
24685,Dwarf remains,Destroy, |  |  |  | Destroy
24686,Dwarf remains,Destroy, |  |  |  | Destroy
24687,Dwarf remains,Destroy, |  |  |  | Destroy
24688,Dwarf remains,Destroy, |  |  |  | Destroy
24689,Dwarf remains,Destroy, |  |  |  | Destroy
24690,Dwarf remains,Destroy, |  |  |  | Destroy
24691,Dwarf remains,Destroy, |  |  |  | Destroy
24692,Dwarf remains,Destroy, |  |  |  | Destroy
24693,Dwarf remains,Destroy, |  |  |  | Destroy
24694,Dwarf remains,Destroy, |  |  |  | Destroy
24695,Dwarf remains,Destroy, |  |  |  | Destroy
24696,Dwarf remains,Destroy, |  |  |  | Destroy
24697,Dwarf remains,Destroy, |  |  |  | Destroy
24698,Dwarf remains,Destroy, |  |  |  | Destroy
24699,Dwarf remains,Destroy, |  |  |  | Destroy
24700,Dwarf remains,Destroy, |  |  |  | Destroy
24701,Dwarf remains,Destroy, |  |  |  | Destroy
24702,Dwarf remains,Destroy, |  |  |  | Destroy
24703,Dwarf remains,Destroy, |  |  |  | Destroy
24704,Dwarf remains,Destroy, |  |  |  | Destroy
24705,Dwarf remains,Destroy, |  |  |  | Destroy
24706,Dwarf remains,Destroy, |  |  |  | Destroy
24707,Dwarf remains,Destroy, |  |  |  | Destroy
24708,Dwarf remains,Destroy, |  |  |  | Destroy
24709,Dwarf remains,Destroy, |  |  |  | Destroy
24710,Dwarf remains,Destroy, |  |  |  | Destroy
24711,Dwarf remains,Destroy, |  |  |  | Destroy
24712,Dwarf remains,Destroy, |  |  |  | Destroy
24713,Dwarf remains,Destroy, |  |  |  | Destroy
24714,Dwarf remains,Destroy, |  |  |  | Destroy
24715,Dwarf remains,Destroy, |  |  |  | Destroy
24716,Dwarf remains,Destroy, |  |  |  | Destroy
24717,Dwarf remains,Destroy, |  |  |  | Destroy
24718,Dwarf remains,Destroy, |  |  |  | Destroy
24719,Dwarf remains,Destroy, |  |  |  | Destroy
24720,Dwarf remains,Destroy, |  |  |  | Destroy
24721,Dwarf remains,Destroy, |  |  |  | Destroy
24722,Dwarf remains,Destroy, |  |  |  | Destroy
24723,Dwarf remains,Destroy, |  |  |  | Destroy
24724,Dwarf remains,Destroy, |  |  |  | Destroy
24725,Dwarf remains,Destroy, |  |  |  | Destroy
24726,Dwarf remains,Destroy, |  |  |  | Destroy
24727,Dwarf remains,Destroy, |  |  |  | Destroy
24728,Dwarf remains,Destroy, |  |  |  | Destroy
24729,Dwarf remains,Destroy, |  |  |  | Destroy
24730,Dwarf remains,Destroy, |  |  |  | Destroy
24731,Dwarf remains,Destroy, |  |  |  | Destroy
24732,Dwarf remains,Destroy, |  |  |  | Destroy
24733,Dwarf remains,Destroy, |  |  |  | Destroy
24734,Dwarf remains,Destroy, |  |  |  | Destroy
24735,Dwarf remains,Destroy, |  |  |  | Destroy
24736,Dwarf remains,Destroy, |  |  |  | Destroy
24737,Dwarf remains,Destroy, |  |  |  | Destroy
24738,Dwarf remains,Destroy, |  |  |  | Destroy
24739,Dwarf remains,Destroy, |  |  |  | Destroy
24740,Dwarf remains,Destroy, |  |  |  | Destroy
24741,Dwarf remains,Destroy, |  |  |  | Destroy
24742,Dwarf remains,Destroy, |  |  |  | Destroy
24743,Dwarf remains,Destroy, |  |  |  | Destroy
24744,Dwarf remains,Destroy, |  |  |  | Destroy
24745,Dwarf remains,Destroy, |  |  |  | Destroy
24746,Dwarf remains,Destroy, |  |  |  | Destroy
24747,Dwarf remains,Destroy, |  |  |  | Destroy
24748,Dwarf remains,Destroy, |  |  |  | Destroy
24749,Dwarf remains,Destroy, |  |  |  | Destroy
24750,Dwarf remains,Destroy, |  |  |  | Destroy
24751,Dwarf remains,Destroy, |  |  |  | Destroy
24752,Dwarf remains,Destroy, |  |  |  | Destroy
24753,Dwarf remains,Destroy, |  |  |  | Destroy
24754,Dwarf remains,Destroy, |  |  |  | Destroy
24755,Dwarf remains,Destroy, |  |  |  | Destroy
24756,Dwarf remains,Destroy, |  |  |  | Destroy
24757,Dwarf remains,Destroy, |  |  |  | Destroy
24758,Dwarf remains,Destroy, |  |  |  | Destroy
24759,Dwarf remains,Destroy, |  |  |  | Destroy
24760,Dwarf remains,Destroy, |  |  |  | Destroy
24761,Dwarf remains,Destroy, |  |  |  | Destroy
24762,Dwarf remains,Destroy, |  |  |  | Destroy
24763,Dwarf remains,Destroy, |  |  |  | Destroy
24764,Dwarf remains,Destroy, |  |  |  | Destroy
24765,Dwarf remains,Destroy, |  |  |  | Destroy
24766,Dwarf remains,Destroy, |  |  |  | Destroy
24767,Dwarf remains,Destroy, |  |  |  | Destroy
24768,Dwarf remains,Destroy, |  |  |  | Destroy
24769,Dwarf remains,Destroy, |  |  |  | Destroy
24770,Dwarf remains,Destroy, |  |  |  | Destroy
24771,Dwarf remains,Destroy, |  |  |  | Destroy
24772,Dwarf remains,Destroy, |  |  |  | Destroy
24773,Dwarf remains,Destroy, |  |  |  | Destroy
24774,Dwarf remains,Destroy, |  |  |  | Destroy
24775,Dwarf remains,Destroy, |  |  |  | Destroy
24776,Dwarf remains,Destroy, |  |  |  | Destroy
24777,Dwarf remains,Destroy, |  |  |  | Destroy
24778,Dwarf remains,Destroy, |  |  |  | Destroy
24779,Dwarf remains,Destroy, |  |  |  | Destroy
24780,Dwarf remains,Destroy, |  |  |  | Destroy
24781,Dwarf remains,Destroy, |  |  |  | Destroy
24782,Dwarf remains,Destroy, |  |  |  | Destroy
24783,Dwarf remains,Destroy, |  |  |  | Destroy
24784,Dwarf remains,Destroy, |  |  |  | Destroy
24785,Dwarf remains,Destroy, |  |  |  | Destroy
24786,Dwarf remains,Destroy, |  |  |  | Destroy
24787,Dwarf remains,Destroy, |  |  |  | Destroy
24788,Dwarf remains,Destroy, |  |  |  | Destroy
24789,Dwarf remains,Destroy, |  |  |  | Destroy
24790,Dwarf remains,Destroy, |  |  |  | Destroy
24791,Dwarf remains,Destroy, |  |  |  | Destroy
24792,Dwarf remains,Destroy, |  |  |  | Destroy
24793,Dwarf remains,Destroy, |  |  |  | Destroy
24794,Dwarf remains,Destroy, |  |  |  | Destroy
24795,Dwarf remains,Destroy, |  |  |  | Destroy
24796,Dwarf remains,Destroy, |  |  |  | Destroy
24797,Dwarf remains,Destroy, |  |  |  | Destroy
24798,Dwarf remains,Destroy, |  |  |  | Destroy
24799,Dwarf remains,Destroy, |  |  |  | Destroy
24800,Dwarf remains,Destroy, |  |  |  | Destroy
24801,Dwarf remains,Destroy, |  |  |  | Destroy
24802,Dwarf remains,Destroy, |  |  |  | Destroy
24803,Dwarf remains,Destroy, |  |  |  | Destroy
24804,Dwarf remains,Destroy, |  |  |  | Destroy
24805,Dwarf remains,Destroy, |  |  |  | Destroy
24806,Dwarf remains,Destroy, |  |  |  | Destroy
24807,Dwarf remains,Destroy, |  |  |  | Destroy
24808,Dwarf remains,Destroy, |  |  |  | Destroy
24809,Dwarf remains,Destroy, |  |  |  | Destroy
24810,Dwarf remains,Destroy, |  |  |  | Destroy
24811,Dwarf remains,Destroy, |  |  |  | Destroy
24812,Dwarf remains,Destroy, |  |  |  | Destroy
24813,Dwarf remains,Destroy, |  |  |  | Destroy
24814,Dwarf remains,Destroy, |  |  |  | Destroy
24815,Dwarf remains,Destroy, |  |  |  | Destroy
24816,Dwarf remains,Destroy, |  |  |  | Destroy
24817,Dwarf remains,Destroy, |  |  |  | Destroy
24818,Dwarf remains,Destroy, |  |  |  | Destroy
24819,Dwarf remains,Destroy, |  |  |  | Destroy
24820,Dwarf remains,Destroy, |  |  |  | Destroy
24821,Dwarf remains,Destroy, |  |  |  | Destroy
24822,Dwarf remains,Destroy, |  |  |  | Destroy
24823,Dwarf remains,Destroy, |  |  |  | Destroy
24824,Dwarf remains,Destroy, |  |  |  | Destroy
24825,Dwarf remains,Destroy, |  |  |  | Destroy
24826,Dwarf remains,Destroy, |  |  |  | Destroy
24827,Dwarf remains,Destroy, |  |  |  | Destroy
24828,Dwarf remains,Destroy, |  |  |  | Destroy
24829,Dwarf remains,Destroy, |  |  |  | Destroy
24830,Dwarf remains,Destroy, |  |  |  | Destroy
24831,Dwarf remains,Destroy, |  |  |  | Destroy
24832,Dwarf remains,Destroy, |  |  |  | Destroy
24833,Dwarf remains,Destroy, |  |  |  | Destroy
24834,Dwarf remains,Destroy, |  |  |  | Destroy
24835,Dwarf remains,Destroy, |  |  |  | Destroy
24836,Dwarf remains,Destroy, |  |  |  | Destroy
24837,Dwarf remains,Destroy, |  |  |  | Destroy
24838,Dwarf remains,Destroy, |  |  |  | Destroy
24839,Dwarf remains,Destroy, |  |  |  | Destroy
24840,Dwarf remains,Destroy, |  |  |  | Destroy
24841,Dwarf remains,Destroy, |  |  |  | Destroy
24842,Dwarf remains,Destroy, |  |  |  | Destroy
24843,Dwarf remains,Destroy, |  |  |  | Destroy
24844,Dwarf remains,Destroy, |  |  |  | Destroy
24845,Dwarf remains,Destroy, |  |  |  | Destroy
24846,Dwarf remains,Destroy, |  |  |  | Destroy
24847,Dwarf remains,Destroy, |  |  |  | Destroy
24848,Dwarf remains,Destroy, |  |  |  | Destroy
24849,Dwarf remains,Destroy, |  |  |  | Destroy
24850,Dwarf remains,Destroy, |  |  |  | Destroy
24851,Dwarf remains,Destroy, |  |  |  | Destroy
24852,Dwarf remains,Destroy, |  |  |  | Destroy
24853,Dwarf remains,Destroy, |  |  |  | Destroy
24854,Dwarf remains,Destroy, |  |  |  | Destroy
24855,Dwarf remains,Destroy, |  |  |  | Destroy
24856,Dwarf remains,Destroy, |  |  |  | Destroy
24857,Dwarf remains,Destroy, |  |  |  | Destroy
24858,Dwarf remains,Destroy, |  |  |  | Destroy
24859,Dwarf remains,Destroy, |  |  |  | Destroy
24860,Dwarf remains,Destroy, |  |  |  | Destroy
24861,Dwarf remains,Destroy, |  |  |  | Destroy
24862,Dwarf remains,Destroy, |  |  |  | Destroy
24863,Dwarf remains,Destroy, |  |  |  | Destroy
24864,Dwarf remains,Destroy, |  |  |  | Destroy
24865,Dwarf remains,Destroy, |  |  |  | Destroy
24866,Dwarf remains,Destroy, |  |  |  | Destroy
24867,Dwarf remains,Destroy, |  |  |  | Destroy
24868,Dwarf remains,Destroy, |  |  |  | Destroy
24869,Dwarf remains,Destroy, |  |  |  | Destroy
24870,Dwarf remains,Destroy, |  |  |  | Destroy
24871,Dwarf remains,Destroy, |  |  |  | Destroy
24872,Dwarf remains,Destroy, |  |  |  | Destroy
24873,Dwarf remains,Destroy, |  |  |  | Destroy
24874,Dwarf remains,Destroy, |  |  |  | Destroy
24875,Dwarf remains,Destroy, |  |  |  | Destroy
24876,Dwarf remains,Destroy, |  |  |  | Destroy
24877,Dwarf remains,Destroy, |  |  |  | Destroy
24878,Dwarf remains,Destroy, |  |  |  | Destroy
24879,Dwarf remains,Destroy, |  |  |  | Destroy
24880,Dwarf remains,Destroy, |  |  |  | Destroy
24881,Dwarf remains,Destroy, |  |  |  | Destroy
24882,Dwarf remains,Destroy, |  |  |  | Destroy
24883,Dwarf remains,Destroy, |  |  |  | Destroy
24884,Dwarf remains,Destroy, |  |  |  | Destroy
24885,Dwarf remains,Destroy, |  |  |  | Destroy
24886,Dwarf remains,Destroy, |  |  |  | Destroy
24887,Dwarf remains,Destroy, |  |  |  | Destroy
24888,Dwarf remains,Destroy, |  |  |  | Destroy
24889,Dwarf remains,Destroy, |  |  |  | Destroy
24890,Dwarf remains,Destroy, |  |  |  | Destroy
24891,Dwarf remains,Destroy, |  |  |  | Destroy
24892,Dwarf remains,Destroy, |  |  |  | Destroy
24893,Dwarf remains,Destroy, |  |  |  | Destroy
24894,Dwarf remains,Destroy, |  |  |  | Destroy
24895,Dwarf remains,Destroy, |  |  |  | Destroy
24896,Dwarf remains,Destroy, |  |  |  | Destroy
24897,Dwarf remains,Destroy, |  |  |  | Destroy
24898,Dwarf remains,Destroy, |  |  |  | Destroy
24899,Dwarf remains,Destroy, |  |  |  | Destroy
24900,Dwarf remains,Destroy, |  |  |  | Destroy
24901,Dwarf remains,Destroy, |  |  |  | Destroy
24902,Dwarf remains,Destroy, |  |  |  | Destroy
24903,Dwarf remains,Destroy, |  |  |  | Destroy
24904,Dwarf remains,Destroy, |  |  |  | Destroy
24905,Dwarf remains,Destroy, |  |  |  | Destroy
24906,Dwarf remains,Destroy, |  |  |  | Destroy
24907,Dwarf remains,Destroy, |  |  |  | Destroy
24908,Dwarf remains,Destroy, |  |  |  | Destroy
24909,Dwarf remains,Destroy, |  |  |  | Destroy
24910,Dwarf remains,Destroy, |  |  |  | Destroy
24911,Dwarf remains,Destroy, |  |  |  | Destroy
24912,Dwarf remains,Destroy, |  |  |  | Destroy
24913,Dwarf remains,Destroy, |  |  |  | Destroy
24914,Dwarf remains,Destroy, |  |  |  | Destroy
24915,Dwarf remains,Destroy, |  |  |  | Destroy
24916,Dwarf remains,Destroy, |  |  |  | Destroy
24917,Dwarf remains,Destroy, |  |  |  | Destroy
24918,Dwarf remains,Destroy, |  |  |  | Destroy
24919,Dwarf remains,Destroy, |  |  |  | Destroy
24920,Dwarf remains,Destroy, |  |  |  | Destroy
24921,Dwarf remains,Destroy, |  |  |  | Destroy
24922,Dwarf remains,Destroy, |  |  |  | Destroy
24923,Dwarf remains,Destroy, |  |  |  | Destroy
24924,Dwarf remains,Destroy, |  |  |  | Destroy
24925,Dwarf remains,Destroy, |  |  |  | Destroy
24926,Dwarf remains,Destroy, |  |  |  | Destroy
24927,Dwarf remains,Destroy, |  |  |  | Destroy
24928,Dwarf remains,Destroy, |  |  |  | Destroy
24929,Dwarf remains,Destroy, |  |  |  | Destroy
24930,Dwarf remains,Destroy, |  |  |  | Destroy
24931,Dwarf remains,Destroy, |  |  |  | Destroy
24932,Dwarf remains,Destroy, |  |  |  | Destroy
24933,Dwarf remains,Destroy, |  |  |  | Destroy
24934,Dwarf remains,Destroy, |  |  |  | Destroy
24935,Dwarf remains,Destroy, |  |  |  | Destroy
24936,Dwarf remains,Destroy, |  |  |  | Destroy
24937,Dwarf remains,Destroy, |  |  |  | Destroy
24938,Dwarf remains,Destroy, |  |  |  | Destroy
24939,Dwarf remains,Destroy, |  |  |  | Destroy
24940,Dwarf remains,Destroy, |  |  |  | Destroy
24941,Dwarf remains,Destroy, |  |  |  | Destroy
24942,Dwarf remains,Destroy, |  |  |  | Destroy
24943,Dwarf remains,Destroy, |  |  |  | Destroy
24944,Dwarf remains,Destroy, |  |  |  | Destroy
24945,Dwarf remains,Destroy, |  |  |  | Destroy
24946,Dwarf remains,Destroy, |  |  |  | Destroy
24947,Dwarf remains,Destroy, |  |  |  | Destroy
24948,Dwarf remains,Destroy, |  |  |  | Destroy
24949,Dwarf remains,Destroy, |  |  |  | Destroy
24950,Dwarf remains,Destroy, |  |  |  | Destroy
24951,Dwarf remains,Destroy, |  |  |  | Destroy
24952,Dwarf remains,Destroy, |  |  |  | Destroy
24953,Dwarf remains,Destroy, |  |  |  | Destroy
24954,Dwarf remains,Destroy, |  |  |  | Destroy
24955,Dwarf remains,Destroy, |  |  |  | Destroy
24956,Dwarf remains,Destroy, |  |  |  | Destroy
24957,Dwarf remains,Destroy, |  |  |  | Destroy
24958,Dwarf remains,Destroy, |  |  |  | Destroy
24959,Dwarf remains,Destroy, |  |  |  | Destroy
24960,Dwarf remains,Destroy, |  |  |  | Destroy
24961,Dwarf remains,Destroy, |  |  |  | Destroy
24962,Dwarf remains,Destroy, |  |  |  | Destroy
24963,Dwarf remains,Destroy, |  |  |  | Destroy
24964,Dwarf remains,Destroy, |  |  |  | Destroy
24967,Dwarf remains,Destroy, |  |  |  | Destroy
24968,Dwarf remains,Destroy, |  |  |  | Destroy
24969,Dwarf remains,Destroy, |  |  |  | Destroy
24970,Dwarf remains,Destroy, |  |  |  | Destroy
24971,Dwarf remains,Destroy, |  |  |  | Destroy
24972,Dwarf remains,Destroy, |  |  |  | Destroy
24973,Dwarf remains,Destroy, |  |  |  | Destroy
24974,Dwarf remains,Destroy, |  |  |  | Destroy
24975,Dwarf remains,Destroy, |  |  |  | Destroy
24976,Dwarf remains,Destroy, |  |  |  | Destroy
24977,Dwarf remains,Destroy, |  |  |  | Destroy
24978,Dwarf remains,Destroy, |  |  |  | Destroy
24979,Dwarf remains,Destroy, |  |  |  | Destroy
24980,Dwarf remains,Destroy, |  |  |  | Destroy
24981,Dwarf remains,Destroy, |  |  |  | Destroy
24982,Dwarf remains,Destroy, |  |  |  | Destroy
24983,Dwarf remains,Destroy, |  |  |  | Destroy
24984,Dwarf remains,Destroy, |  |  |  | Destroy
24985,Dwarf remains,Destroy, |  |  |  | Destroy
24986,Dwarf remains,Destroy, |  |  |  | Destroy
24987,Dwarf remains,Destroy, |  |  |  | Destroy
24988,Dwarf remains,Destroy, |  |  |  | Destroy
24989,Dwarf remains,Destroy, |  |  |  | Destroy
24990,Dwarf remains,Destroy, |  |  |  | Destroy
24991,Dwarf remains,Destroy, |  |  |  | Destroy
24992,Dwarf remains,Destroy, |  |  |  | Destroy
24993,Dwarf remains,Destroy, |  |  |  | Destroy
24994,Dwarf remains,Destroy, |  |  |  | Destroy
24995,Dwarf remains,Destroy, |  |  |  | Destroy
24996,Dwarf remains,Destroy, |  |  |  | Destroy
24997,Dwarf remains,Destroy, |  |  |  | Destroy
24998,Dwarf remains,Destroy, |  |  |  | Destroy
24999,Dwarf remains,Destroy, |  |  |  | Destroy
25025,Dwarf remains,Destroy, |  |  |  | Destroy
25026,Dwarf remains,Destroy, |  |  |  | Destroy
25027,Dwarf remains,Destroy, |  |  |  | Destroy
25028,Dwarf remains,Destroy, |  |  |  | Destroy
25029,Dwarf remains,Destroy, |  |  |  | Destroy
25030,Dwarf remains,Destroy, |  |  |  | Destroy
25031,Dwarf remains,Destroy, |  |  |  | Destroy
25032,Dwarf remains,Destroy, |  |  |  | Destroy
25033,Dwarf remains,Destroy, |  |  |  | Destroy
25034,Dwarf remains,Destroy, |  |  |  | Destroy
25035,Dwarf remains,Destroy, |  |  |  | Destroy
25036,Dwarf remains,Destroy, |  |  |  | Destroy
25037,Dwarf remains,Destroy, |  |  |  | Destroy
25038,Dwarf remains,Destroy, |  |  |  | Destroy
25039,Dwarf remains,Destroy, |  |  |  | Destroy
25040,Dwarf remains,Destroy, |  |  |  | Destroy
25041,Dwarf remains,Destroy, |  |  |  | Destroy
25042,Dwarf remains,Destroy, |  |  |  | Destroy
25043,Dwarf remains,Destroy, |  |  |  | Destroy
25044,Dwarf remains,Destroy, |  |  |  | Destroy
25045,Dwarf remains,Destroy, |  |  |  | Destroy
25046,Dwarf remains,Destroy, |  |  |  | Destroy
25047,Dwarf remains,Destroy, |  |  |  | Destroy
25048,Dwarf remains,Destroy, |  |  |  | Destroy
25049,Dwarf remains,Destroy, |  |  |  | Destroy
25050,Dwarf remains,Destroy, |  |  |  | Destroy
25051,Dwarf remains,Destroy, |  |  |  | Destroy
25052,Dwarf remains,Destroy, |  |  |  | Destroy
25053,Dwarf remains,Destroy, |  |  |  | Destroy
25054,Dwarf remains,Destroy, |  |  |  | Destroy
25055,Dwarf remains,Destroy, |  |  |  | Destroy
25056,Dwarf remains,Destroy, |  |  |  | Destroy
25057,Dwarf remains,Destroy, |  |  |  | Destroy
25058,Dwarf remains,Destroy, |  |  |  | Destroy
25059,Dwarf remains,Destroy, |  |  |  | Destroy
25060,Dwarf remains,Destroy, |  |  |  | Destroy
25061,Dwarf remains,Destroy, |  |  |  | Destroy
25062,Dwarf remains,Destroy, |  |  |  | Destroy
25063,Dwarf remains,Destroy, |  |  |  | Destroy
25064,Dwarf remains,Destroy, |  |  |  | Destroy
25065,Dwarf remains,Destroy, |  |  |  | Destroy
25066,Dwarf remains,Destroy, |  |  |  | Destroy
25067,Dwarf remains,Destroy, |  |  |  | Destroy
25068,Dwarf remains,Destroy, |  |  |  | Destroy
25069,Dwarf remains,Destroy, |  |  |  | Destroy
25070,Dwarf remains,Destroy, |  |  |  | Destroy
25071,Dwarf remains,Destroy, |  |  |  | Destroy
25072,Dwarf remains,Destroy, |  |  |  | Destroy
25073,Dwarf remains,Destroy, |  |  |  | Destroy
25074,Dwarf remains,Destroy, |  |  |  | Destroy
25075,Dwarf remains,Destroy, |  |  |  | Destroy
25076,Dwarf remains,Destroy, |  |  |  | Destroy
25077,Dwarf remains,Destroy, |  |  |  | Destroy
25078,Dwarf remains,Destroy, |  |  |  | Destroy
25079,Dwarf remains,Destroy, |  |  |  | Destroy
25080,Dwarf remains,Destroy, |  |  |  | Destroy
25081,Dwarf remains,Destroy, |  |  |  | Destroy
25082,Dwarf remains,Destroy, |  |  |  | Destroy
25083,Dwarf remains,Destroy, |  |  |  | Destroy
25084,Dwarf remains,Destroy, |  |  |  | Destroy
25085,Dwarf remains,Destroy, |  |  |  | Destroy
25086,Dwarf remains,Destroy, |  |  |  | Destroy
25087,Dwarf remains,Destroy, |  |  |  | Destroy
25088,Dwarf remains,Destroy, |  |  |  | Destroy
25089,Dwarf remains,Destroy, |  |  |  | Destroy
25090,Dwarf remains,Destroy, |  |  |  | Destroy
25091,Dwarf remains,Destroy, |  |  |  | Destroy
25092,Dwarf remains,Destroy, |  |  |  | Destroy
25093,Dwarf remains,Destroy, |  |  |  | Destroy
25094,Dwarf remains,Destroy, |  |  |  | Destroy
25095,Dwarf remains,Destroy, |  |  |  | Destroy
25096,Dwarf remains,Destroy, |  |  |  | Destroy
25097,Dwarf remains,Destroy, |  |  |  | Destroy
25098,Dwarf remains,Destroy, |  |  |  | Destroy
25099,Dwarf remains,Destroy, |  |  |  | Destroy
25108,Dwarf remains,Destroy, |  |  |  | Destroy
25109,Dwarf remains,Destroy, |  |  |  | Destroy
25110,Dwarf remains,Destroy, |  |  |  | Destroy
25111,Dwarf remains,Destroy, |  |  |  | Destroy
25112,Dwarf remains,Destroy, |  |  |  | Destroy
25113,Dwarf remains,Destroy, |  |  |  | Destroy
25114,Dwarf remains,Destroy, |  |  |  | Destroy
25115,Dwarf remains,Destroy, |  |  |  | Destroy
25116,Dwarf remains,Destroy, |  |  |  | Destroy
25117,Dwarf remains,Destroy, |  |  |  | Destroy
25118,Dwarf remains,Destroy, |  |  |  | Destroy
25119,Dwarf remains,Destroy, |  |  |  | Destroy
25120,Dwarf remains,Destroy, |  |  |  | Destroy
25121,Dwarf remains,Destroy, |  |  |  | Destroy
25122,Dwarf remains,Destroy, |  |  |  | Destroy
25123,Dwarf remains,Destroy, |  |  |  | Destroy
25124,Dwarf remains,Destroy, |  |  |  | Destroy
25125,Dwarf remains,Destroy, |  |  |  | Destroy
25126,Dwarf remains,Destroy, |  |  |  | Destroy
25127,Dwarf remains,Destroy, |  |  |  | Destroy
25128,Dwarf remains,Destroy, |  |  |  | Destroy
25129,Dwarf remains,Destroy, |  |  |  | Destroy
25130,Dwarf remains,Destroy, |  |  |  | Destroy
25131,Dwarf remains,Destroy, |  |  |  | Destroy
25132,Dwarf remains,Destroy, |  |  |  | Destroy
25133,Dwarf remains,Destroy, |  |  |  | Destroy
25134,Dwarf remains,Destroy, |  |  |  | Destroy
25135,Dwarf remains,Destroy, |  |  |  | Destroy
25136,Dwarf remains,Destroy, |  |  |  | Destroy
25137,Dwarf remains,Destroy, |  |  |  | Destroy
25138,Dwarf remains,Destroy, |  |  |  | Destroy
25139,Dwarf remains,Destroy, |  |  |  | Destroy
25140,Dwarf remains,Destroy, |  |  |  | Destroy
25141,Dwarf remains,Destroy, |  |  |  | Destroy
25142,Dwarf remains,Destroy, |  |  |  | Destroy
25143,Dwarf remains,Destroy, |  |  |  | Destroy
25144,Dwarf remains,Destroy, |  |  |  | Destroy
25145,Dwarf remains,Destroy, |  |  |  | Destroy
25146,Dwarf remains,Destroy, |  |  |  | Destroy
25147,Dwarf remains,Destroy, |  |  |  | Destroy
25148,Dwarf remains,Destroy, |  |  |  | Destroy
25149,Dwarf remains,Destroy, |  |  |  | Destroy
25150,Dwarf remains,Destroy, |  |  |  | Destroy
25151,Dwarf remains,Destroy, |  |  |  | Destroy
25152,Dwarf remains,Destroy, |  |  |  | Destroy
25153,Dwarf remains,Destroy, |  |  |  | Destroy
25154,Dwarf remains,Destroy, |  |  |  | Destroy
25155,Dwarf remains,Destroy, |  |  |  | Destroy
25156,Dwarf remains,Destroy, |  |  |  | Destroy
25157,Dwarf remains,Destroy, |  |  |  | Destroy
25158,Dwarf remains,Destroy, |  |  |  | Destroy
25159,Dwarf remains,Destroy, |  |  |  | Destroy
25160,Dwarf remains,Destroy, |  |  |  | Destroy
25161,Dwarf remains,Destroy, |  |  |  | Destroy
25162,Dwarf remains,Destroy, |  |  |  | Destroy
25163,Dwarf remains,Destroy, |  |  |  | Destroy
25164,Dwarf remains,Destroy, |  |  |  | Destroy
25165,Dwarf remains,Destroy, |  |  |  | Destroy
25166,Dwarf remains,Destroy, |  |  |  | Destroy
25167,Dwarf remains,Destroy, |  |  |  | Destroy
25168,Dwarf remains,Destroy, |  |  |  | Destroy
25169,Dwarf remains,Destroy, |  |  |  | Destroy
25170,Dwarf remains,Destroy, |  |  |  | Destroy
25171,Dwarf remains,Destroy, |  |  |  | Destroy
25172,Dwarf remains,Destroy, |  |  |  | Destroy
25173,Dwarf remains,Destroy, |  |  |  | Destroy
25174,Dwarf remains,Destroy, |  |  |  | Destroy
25175,Dwarf remains,Destroy, |  |  |  | Destroy
25176,Dwarf remains,Destroy, |  |  |  | Destroy
25177,Dwarf remains,Destroy, |  |  |  | Destroy
25178,Dwarf remains,Destroy, |  |  |  | Destroy
25179,Dwarf remains,Destroy, |  |  |  | Destroy
25180,Dwarf remains,Destroy, |  |  |  | Destroy
25181,Dwarf remains,Destroy, |  |  |  | Destroy
25182,Dwarf remains,Destroy, |  |  |  | Destroy
25183,Dwarf remains,Destroy, |  |  |  | Destroy
25184,Dwarf remains,Destroy, |  |  |  | Destroy
25185,Dwarf remains,Destroy, |  |  |  | Destroy
25186,Dwarf remains,Destroy, |  |  |  | Destroy
25187,Dwarf remains,Destroy, |  |  |  | Destroy
25188,Dwarf remains,Destroy, |  |  |  | Destroy
25189,Dwarf remains,Destroy, |  |  |  | Destroy
25190,Dwarf remains,Destroy, |  |  |  | Destroy
25191,Dwarf remains,Destroy, |  |  |  | Destroy
25192,Dwarf remains,Destroy, |  |  |  | Destroy
25193,Dwarf remains,Destroy, |  |  |  | Destroy
25194,Dwarf remains,Destroy, |  |  |  | Destroy
25195,Dwarf remains,Destroy, |  |  |  | Destroy
25196,Dwarf remains,Destroy, |  |  |  | Destroy
25197,Dwarf remains,Destroy, |  |  |  | Destroy
25198,Dwarf remains,Destroy, |  |  |  | Destroy
25199,Dwarf remains,Destroy, |  |  |  | Destroy
25200,Dwarf remains,Destroy, |  |  |  | Destroy
25201,Dwarf remains,Destroy, |  |  |  | Destroy
25202,Dwarf remains,Destroy, |  |  |  | Destroy
25203,Dwarf remains,Destroy, |  |  |  | Destroy
25204,Dwarf remains,Destroy, |  |  |  | Destroy
25205,Dwarf remains,Destroy, |  |  |  | Destroy
25206,Dwarf remains,Destroy, |  |  |  | Destroy
25207,Dwarf remains,Destroy, |  |  |  | Destroy
25208,Dwarf remains,Destroy, |  |  |  | Destroy
25209,Dwarf remains,Destroy, |  |  |  | Destroy
25210,Dwarf remains,Destroy, |  |  |  | Destroy
25211,Dwarf remains,Destroy, |  |  |  | Destroy
25212,Dwarf remains,Destroy, |  |  |  | Destroy
25213,Dwarf remains,Destroy, |  |  |  | Destroy
25214,Dwarf remains,Destroy, |  |  |  | Destroy
25215,Dwarf remains,Destroy, |  |  |  | Destroy
25216,Dwarf remains,Destroy, |  |  |  | Destroy
25217,Dwarf remains,Destroy, |  |  |  | Destroy
25218,Dwarf remains,Destroy, |  |  |  | Destroy
25219,Dwarf remains,Destroy, |  |  |  | Destroy
25220,Dwarf remains,Destroy, |  |  |  | Destroy
25221,Dwarf remains,Destroy, |  |  |  | Destroy
25222,Dwarf remains,Destroy, |  |  |  | Destroy
25223,Dwarf remains,Destroy, |  |  |  | Destroy
25224,Dwarf remains,Destroy, |  |  |  | Destroy
25225,Dwarf remains,Destroy, |  |  |  | Destroy
25226,Dwarf remains,Destroy, |  |  |  | Destroy
25227,Dwarf remains,Destroy, |  |  |  | Destroy
25228,Dwarf remains,Destroy, |  |  |  | Destroy
25229,Dwarf remains,Destroy, |  |  |  | Destroy
25230,Dwarf remains,Destroy, |  |  |  | Destroy
25231,Dwarf remains,Destroy, |  |  |  | Destroy
25232,Dwarf remains,Destroy, |  |  |  | Destroy
25233,Dwarf remains,Destroy, |  |  |  | Destroy
25234,Dwarf remains,Destroy, |  |  |  | Destroy
25235,Dwarf remains,Destroy, |  |  |  | Destroy
25236,Dwarf remains,Destroy, |  |  |  | Destroy
25237,Dwarf remains,Destroy, |  |  |  | Destroy
25238,Dwarf remains,Destroy, |  |  |  | Destroy
25239,Dwarf remains,Destroy, |  |  |  | Destroy
25240,Dwarf remains,Destroy, |  |  |  | Destroy
25241,Dwarf remains,Destroy, |  |  |  | Destroy
25242,Dwarf remains,Destroy, |  |  |  | Destroy
25243,Dwarf remains,Destroy, |  |  |  | Destroy
25244,Dwarf remains,Destroy, |  |  |  | Destroy
25245,Dwarf remains,Destroy, |  |  |  | Destroy
25246,Dwarf remains,Destroy, |  |  |  | Destroy
25247,Dwarf remains,Destroy, |  |  |  | Destroy
25248,Dwarf remains,Destroy, |  |  |  | Destroy
25249,Dwarf remains,Destroy, |  |  |  | Destroy
25250,Dwarf remains,Destroy, |  |  |  | Destroy
25251,Dwarf remains,Destroy, |  |  |  | Destroy
25252,Dwarf remains,Destroy, |  |  |  | Destroy
25253,Dwarf remains,Destroy, |  |  |  | Destroy
25254,Dwarf remains,Destroy, |  |  |  | Destroy
25255,Dwarf remains,Destroy, |  |  |  | Destroy
25256,Dwarf remains,Destroy, |  |  |  | Destroy
25257,Dwarf remains,Destroy, |  |  |  | Destroy
25258,Dwarf remains,Destroy, |  |  |  | Destroy
25259,Dwarf remains,Destroy, |  |  |  | Destroy
25260,Dwarf remains,Destroy, |  |  |  | Destroy
25261,Dwarf remains,Destroy, |  |  |  | Destroy
25262,Dwarf remains,Destroy, |  |  |  | Destroy
25263,Dwarf remains,Destroy, |  |  |  | Destroy
25264,Dwarf remains,Destroy, |  |  |  | Destroy
25265,Dwarf remains,Destroy, |  |  |  | Destroy
25266,Dwarf remains,Destroy, |  |  |  | Destroy
25267,Dwarf remains,Destroy, |  |  |  | Destroy
25268,Dwarf remains,Destroy, |  |  |  | Destroy
25269,Dwarf remains,Destroy, |  |  |  | Destroy
25270,Dwarf remains,Destroy, |  |  |  | Destroy
25271,Dwarf remains,Destroy, |  |  |  | Destroy
25272,Dwarf remains,Destroy, |  |  |  | Destroy
25273,Dwarf remains,Destroy, |  |  |  | Destroy
25274,Dwarf remains,Destroy, |  |  |  | Destroy
25275,Dwarf remains,Destroy, |  |  |  | Destroy
25276,Dwarf remains,Destroy, |  |  |  | Destroy
25277,Dwarf remains,Destroy, |  |  |  | Destroy
25278,Dwarf remains,Destroy, |  |  |  | Destroy
25279,Dwarf remains,Destroy, |  |  |  | Destroy
25280,Dwarf remains,Destroy, |  |  |  | Destroy
25281,Dwarf remains,Destroy, |  |  |  | Destroy
25282,Dwarf remains,Destroy, |  |  |  | Destroy
25283,Dwarf remains,Destroy, |  |  |  | Destroy
25284,Dwarf remains,Destroy, |  |  |  | Destroy
25285,Dwarf remains,Destroy, |  |  |  | Destroy
25286,Dwarf remains,Destroy, |  |  |  | Destroy
25287,Dwarf remains,Destroy, |  |  |  | Destroy
25288,Dwarf remains,Destroy, |  |  |  | Destroy
25289,Dwarf remains,Destroy, |  |  |  | Destroy
25290,Dwarf remains,Destroy, |  |  |  | Destroy
25291,Dwarf remains,Destroy, |  |  |  | Destroy
25292,Dwarf remains,Destroy, |  |  |  | Destroy
25293,Dwarf remains,Destroy, |  |  |  | Destroy
25294,Dwarf remains,Destroy, |  |  |  | Destroy
25295,Dwarf remains,Destroy, |  |  |  | Destroy
25296,Dwarf remains,Destroy, |  |  |  | Destroy
25297,Dwarf remains,Destroy, |  |  |  | Destroy
25298,Dwarf remains,Destroy, |  |  |  | Destroy
25299,Dwarf remains,Destroy, |  |  |  | Destroy
25300,Dwarf remains,Destroy, |  |  |  | Destroy
25301,Dwarf remains,Destroy, |  |  |  | Destroy
25302,Dwarf remains,Destroy, |  |  |  | Destroy
25303,Dwarf remains,Destroy, |  |  |  | Destroy
25305,Dwarf remains,Destroy, |  |  |  | Destroy
25306,Dwarf remains,Destroy, |  |  |  | Destroy
25307,Dwarf remains,Destroy, |  |  |  | Destroy
25308,Dwarf remains,Destroy, |  |  |  | Destroy
25309,Dwarf remains,Destroy, |  |  |  | Destroy
25310,Dwarf remains,Destroy, |  |  |  | Destroy
25311,Dwarf remains,Destroy, |  |  |  | Destroy
25312,Dwarf remains,Destroy, |  |  |  | Destroy
25313,Dwarf remains,Destroy, |  |  |  | Destroy
25314,Dwarf remains,Destroy, |  |  |  | Destroy
25315,Dwarf remains,Destroy, |  |  |  | Destroy
25316,Dwarf remains,Destroy, |  |  |  | Destroy
25317,Dwarf remains,Destroy, |  |  |  | Destroy
25318,Dwarf remains,Destroy, |  |  |  | Destroy
25319,Dwarf remains,Destroy, |  |  |  | Destroy
25320,Dwarf remains,Destroy, |  |  |  | Destroy
25321,Dwarf remains,Destroy, |  |  |  | Destroy
25322,Dwarf remains,Destroy, |  |  |  | Destroy
25323,Dwarf remains,Destroy, |  |  |  | Destroy
25324,Dwarf remains,Destroy, |  |  |  | Destroy
25325,Dwarf remains,Destroy, |  |  |  | Destroy
25326,Dwarf remains,Destroy, |  |  |  | Destroy
25327,Dwarf remains,Destroy, |  |  |  | Destroy
25328,Dwarf remains,Destroy, |  |  |  | Destroy
25329,Dwarf remains,Destroy, |  |  |  | Destroy
25330,Dwarf remains,Destroy, |  |  |  | Destroy
25331,Dwarf remains,Destroy, |  |  |  | Destroy
25332,Dwarf remains,Destroy, |  |  |  | Destroy
25333,Dwarf remains,Destroy, |  |  |  | Destroy
25334,Dwarf remains,Destroy, |  |  |  | Destroy
25335,Dwarf remains,Destroy, |  |  |  | Destroy
25336,Dwarf remains,Destroy, |  |  |  | Destroy
25337,Dwarf remains,Destroy, |  |  |  | Destroy
25338,Dwarf remains,Destroy, |  |  |  | Destroy
25339,Dwarf remains,Destroy, |  |  |  | Destroy
25340,Dwarf remains,Destroy, |  |  |  | Destroy
25341,Dwarf remains,Destroy, |  |  |  | Destroy
25342,Dwarf remains,Destroy, |  |  |  | Destroy
25343,Dwarf remains,Destroy, |  |  |  | Destroy
25344,Dwarf remains,Destroy, |  |  |  | Destroy
25345,Dwarf remains,Destroy, |  |  |  | Destroy
25346,Dwarf remains,Destroy, |  |  |  | Destroy
25347,Dwarf remains,Destroy, |  |  |  | Destroy
25348,Dwarf remains,Destroy, |  |  |  | Destroy
25349,Dwarf remains,Destroy, |  |  |  | Destroy
25350,Dwarf remains,Destroy, |  |  |  | Destroy
25351,Dwarf remains,Destroy, |  |  |  | Destroy
25352,Dwarf remains,Destroy, |  |  |  | Destroy
25353,Dwarf remains,Destroy, |  |  |  | Destroy
25354,Dwarf remains,Destroy, |  |  |  | Destroy
25355,Dwarf remains,Destroy, |  |  |  | Destroy
25356,Dwarf remains,Destroy, |  |  |  | Destroy
25357,Dwarf remains,Destroy, |  |  |  | Destroy
25358,Dwarf remains,Destroy, |  |  |  | Destroy
25359,Dwarf remains,Destroy, |  |  |  | Destroy
25360,Dwarf remains,Destroy, |  |  |  | Destroy
25361,Dwarf remains,Destroy, |  |  |  | Destroy
25362,Dwarf remains,Destroy, |  |  |  | Destroy
25363,Dwarf remains,Destroy, |  |  |  | Destroy
25364,Dwarf remains,Destroy, |  |  |  | Destroy
25365,Dwarf remains,Destroy, |  |  |  | Destroy
25366,Dwarf remains,Destroy, |  |  |  | Destroy
25367,Dwarf remains,Destroy, |  |  |  | Destroy
25368,Dwarf remains,Destroy, |  |  |  | Destroy
25369,Dwarf remains,Destroy, |  |  |  | Destroy
25370,Dwarf remains,Destroy, |  |  |  | Destroy
25371,Dwarf remains,Destroy, |  |  |  | Destroy
25372,Dwarf remains,Destroy, |  |  |  | Destroy
25373,Dwarf remains,Destroy, |  |  |  | Destroy
25374,Dwarf remains,Destroy, |  |  |  | Destroy
25375,Dwarf remains,Destroy, |  |  |  | Destroy
25376,Dwarf remains,Destroy, |  |  |  | Destroy
25377,Dwarf remains,Destroy, |  |  |  | Destroy
25378,Dwarf remains,Destroy, |  |  |  | Destroy
25379,Dwarf remains,Destroy, |  |  |  | Destroy
25380,Dwarf remains,Destroy, |  |  |  | Destroy
25381,Dwarf remains,Destroy, |  |  |  | Destroy
25382,Dwarf remains,Destroy, |  |  |  | Destroy
25383,Dwarf remains,Destroy, |  |  |  | Destroy
25384,Dwarf remains,Destroy, |  |  |  | Destroy
25385,Dwarf remains,Destroy, |  |  |  | Destroy
25386,Dwarf remains,Destroy, |  |  |  | Destroy
25387,Dwarf remains,Destroy, |  |  |  | Destroy
25388,Dwarf remains,Destroy, |  |  |  | Destroy
25430,Dwarf remains,Destroy, |  |  |  | Destroy
25431,Dwarf remains,Destroy, |  |  |  | Destroy
25432,Dwarf remains,Destroy, |  |  |  | Destroy
25433,Dwarf remains,Destroy, |  |  |  | Destroy
25434,Dwarf remains,Destroy, |  |  |  | Destroy
25435,Dwarf remains,Destroy, |  |  |  | Destroy
25436,Dwarf remains,Destroy, |  |  |  | Destroy
25437,Dwarf remains,Destroy, |  |  |  | Destroy
25438,Dwarf remains,Destroy, |  |  |  | Destroy
25439,Dwarf remains,Destroy, |  |  |  | Destroy
25440,Dwarf remains,Destroy, |  |  |  | Destroy
25441,Dwarf remains,Destroy, |  |  |  | Destroy
25442,Dwarf remains,Destroy, |  |  |  | Destroy
25443,Dwarf remains,Destroy, |  |  |  | Destroy
25444,Dwarf remains,Destroy, |  |  |  | Destroy
25445,Dwarf remains,Destroy, |  |  |  | Destroy
25446,Dwarf remains,Destroy, |  |  |  | Destroy
25447,Dwarf remains,Destroy, |  |  |  | Destroy
25448,Dwarf remains,Destroy, |  |  |  | Destroy
25449,Dwarf remains,Destroy, |  |  |  | Destroy
25451,Dwarf remains,Destroy, |  |  |  | Destroy
25452,Dwarf remains,Destroy, |  |  |  | Destroy
25453,Dwarf remains,Destroy, |  |  |  | Destroy
25454,Dwarf remains,Destroy, |  |  |  | Destroy
25455,Dwarf remains,Destroy, |  |  |  | Destroy
25456,Dwarf remains,Destroy, |  |  |  | Destroy
25457,Dwarf remains,Destroy, |  |  |  | Destroy
25458,Dwarf remains,Destroy, |  |  |  | Destroy
25459,Dwarf remains,Destroy, |  |  |  | Destroy
25460,Dwarf remains,Destroy, |  |  |  | Destroy
25461,Dwarf remains,Destroy, |  |  |  | Destroy
25462,Dwarf remains,Destroy, |  |  |  | Destroy
25463,Dwarf remains,Destroy, |  |  |  | Destroy
25464,Dwarf remains,Destroy, |  |  |  | Destroy
25465,Dwarf remains,Destroy, |  |  |  | Destroy
25466,Dwarf remains,Destroy, |  |  |  | Destroy
25467,Dwarf remains,Destroy, |  |  |  | Destroy
25468,Dwarf remains,Destroy, |  |  |  | Destroy
25469,Dwarf remains,Destroy, |  |  |  | Destroy
25470,Dwarf remains,Destroy, |  |  |  | Destroy
25471,Dwarf remains,Destroy, |  |  |  | Destroy
25472,Dwarf remains,Destroy, |  |  |  | Destroy
25473,Dwarf remains,Destroy, |  |  |  | Destroy
25474,Dwarf remains,Destroy, |  |  |  | Destroy
25475,Dwarf remains,Destroy, |  |  |  | Destroy
25476,Dwarf remains,Destroy, |  |  |  | Destroy
25477,Dwarf remains,Destroy, |  |  |  | Destroy
25478,Dwarf remains,Destroy, |  |  |  | Destroy
25479,Dwarf remains,Destroy, |  |  |  | Destroy
25480,Dwarf remains,Destroy, |  |  |  | Destroy
25481,Dwarf remains,Destroy, |  |  |  | Destroy
25482,Dwarf remains,Destroy, |  |  |  | Destroy
25483,Dwarf remains,Destroy, |  |  |  | Destroy
25484,Dwarf remains,Destroy, |  |  |  | Destroy
25485,Dwarf remains,Destroy, |  |  |  | Destroy
25486,Dwarf remains,Destroy, |  |  |  | Destroy
25487,Dwarf remains,Destroy, |  |  |  | Destroy
25488,Dwarf remains,Destroy, |  |  |  | Destroy
25489,Dwarf remains,Destroy, |  |  |  | Destroy
25490,Dwarf remains,Destroy, |  |  |  | Destroy
25491,Dwarf remains,Destroy, |  |  |  | Destroy
25492,Dwarf remains,Destroy, |  |  |  | Destroy
25493,Dwarf remains,Destroy, |  |  |  | Destroy
25494,Dwarf remains,Destroy, |  |  |  | Destroy
25495,Dwarf remains,Destroy, |  |  |  | Destroy
25496,Dwarf remains,Destroy, |  |  |  | Destroy
25497,Dwarf remains,Destroy, |  |  |  | Destroy
25498,Dwarf remains,Destroy, |  |  |  | Destroy
25499,Dwarf remains,Destroy, |  |  |  | Destroy
25500,Dwarf remains,Destroy, |  |  |  | Destroy
25518,Dwarf remains,Destroy, |  |  |  | Destroy
25519,Dwarf remains,Destroy, |  |  |  | Destroy
25525,Dwarf remains,Destroy, |  |  |  | Destroy
25528,Dwarf remains,Destroy, |  |  |  | Destroy
25529,Dwarf remains,Destroy, |  |  |  | Destroy
25577,Dwarf remains,Destroy, |  |  |  | Destroy
25607,@gre@test,Destroy, |  |  |  | Destroy
25609,@gre@Blood slayer tentacle (broken),Destroy, |  |  |  | Destroy
25610,@gre@Blood slayer spear (broken),Destroy, |  |  |  | Destroy
25611,@gre@Blood slayer book (broken),Destroy, |  |  |  | Destroy
25612,@gre@Blood slayer hasta (broken),Destroy, |  |  |  | Destroy
25613,@gre@Blood slayer bow (broken),Destroy, |  |  |  | Destroy
25614,@gre@Blood slayer staff (broken),Destroy, |  |  |  | Destroy
25853,@gre@Fancy fighter boots,Destroy, | Wear |  |  | Destroy
25854,@gre@Fancy fighter boots,Destroy, | Wear |  |  | Destroy
25855,@gre@Fancy fighter boots,Destroy, | Wear |  |  | Destroy
25856,@gre@Fancy fighter boots,Destroy, | Wear |  |  | Destroy
25857,@gre@Fancy fighter boots,Destroy, | Wear |  |  | Destroy
25858,@gre@Aether fighter boots,Destroy, | Wear |  |  | Destroy
25859,@gre@Fancy fighter boots,Destroy, | Wear |  |  | Destroy
25860,@gre@Fancy fighter boots,Destroy, | Wear |  |  | Destroy
25861,@gre@Fancy fighter boots,Destroy, | Wear |  |  | Destroy
25862,@gre@Fancy fighter boots,Destroy, | Wear |  |  | Destroy
25928,Dwarf remains,Destroy, |  |  |  | Destroy
25929,Dwarf remains,Destroy, |  |  |  | Destroy
25930,Dwarf remains,Destroy, |  |  |  | Destroy
25931,Dwarf remains,Destroy, |  |  |  | Destroy
25932,Dwarf remains,Destroy, |  |  |  | Destroy
25933,Dwarf remains,Destroy, |  |  |  | Destroy
25934,Dwarf remains,Destroy, |  |  |  | Destroy
25935,Dwarf remains,Destroy, |  |  |  | Destroy
25936,Dwarf remains,Destroy, |  |  |  | Destroy
25937,Dwarf remains,Destroy, |  |  |  | Destroy
25938,Dwarf remains,Destroy, |  |  |  | Destroy
25939,Dwarf remains,Destroy, |  |  |  | Destroy
25940,Dwarf remains,Destroy, |  |  |  | Destroy
25941,Dwarf remains,Destroy, |  |  |  | Destroy
25942,Dwarf remains,Destroy, |  |  |  | Destroy
25943,Dwarf remains,Destroy, |  |  |  | Destroy
25944,Dwarf remains,Destroy, |  |  |  | Destroy
25945,Dwarf remains,Destroy, |  |  |  | Destroy
25946,Dwarf remains,Destroy, |  |  |  | Destroy
25947,Dwarf remains,Destroy, |  |  |  | Destroy
25948,Dwarf remains,Destroy, |  |  |  | Destroy
25949,Dwarf remains,Destroy, |  |  |  | Destroy
25965,Dwarf remains,Destroy, |  |  |  | Destroy
25966,Dwarf remains,Destroy, |  |  |  | Destroy
26094,Dwarf remains,Destroy, |  |  |  | Destroy
26095,Dwarf remains,Destroy, |  |  |  | Destroy
26096,Dwarf remains,Destroy, |  |  |  | Destroy
26097,Dwarf remains,Destroy, |  |  |  | Destroy
26098,Dwarf remains,Destroy, |  |  |  | Destroy
26099,Dwarf remains,Destroy, |  |  |  | Destroy
26126,@gre@Blood slayer platebody (broken),Destroy, |  |  |  | Destroy
26127,@gre@Blood slayer greaves (broken),Destroy, |  |  |  | Destroy
26128,Dwarf remains,Destroy, |  |  |  | Destroy
26129,Dwarf remains,Destroy, |  |  |  | Destroy
26130,Dwarf remains,Destroy, |  |  |  | Destroy
26131,Dwarf remains,Destroy, |  |  |  | Destroy
26132,Dwarf remains,Destroy, |  |  |  | Destroy
26133,Dwarf remains,Destroy, |  |  |  | Destroy
26134,Dwarf remains,Destroy, |  |  |  | Destroy
26135,Dwarf remains,Destroy, |  |  |  | Destroy
26136,Dwarf remains,Destroy, |  |  |  | Destroy
26137,Dwarf remains,Destroy, |  |  |  | Destroy
26138,Dwarf remains,Destroy, |  |  |  | Destroy
26139,Dwarf remains,Destroy, |  |  |  | Destroy
26140,Dwarf remains,Destroy, |  |  |  | Destroy
26141,Dwarf remains,Destroy, |  |  |  | Destroy
26142,Dwarf remains,Destroy, |  |  |  | Destroy
26143,Dwarf remains,Destroy, |  |  |  | Destroy
26144,Dwarf remains,Destroy, |  |  |  | Destroy
26145,Dwarf remains,Destroy, |  |  |  | Destroy
26146,Dwarf remains,Destroy, |  |  |  | Destroy
26147,Dwarf remains,Destroy, |  |  |  | Destroy
26148,Dwarf remains,Destroy, |  |  |  | Destroy
26149,Dwarf remains,Destroy, |  |  |  | Destroy
26150,Dwarf remains,Destroy, |  |  |  | Destroy
26151,Dwarf remains,Destroy, |  |  |  | Destroy
26152,Dwarf remains,Destroy, |  |  |  | Destroy
26153,Dwarf remains,Destroy, |  |  |  | Destroy
26154,Dwarf remains,Destroy, |  |  |  | Destroy
26155,Dwarf remains,Destroy, |  |  |  | Destroy
26156,Dwarf remains,Destroy, |  |  |  | Destroy
26157,Dwarf remains,Destroy, |  |  |  | Destroy
26158,Dwarf remains,Destroy, |  |  |  | Destroy
26159,Dwarf remains,Destroy, |  |  |  | Destroy
26160,Dwarf remains,Destroy, |  |  |  | Destroy
26161,Dwarf remains,Destroy, |  |  |  | Destroy
26162,Dwarf remains,Destroy, |  |  |  | Destroy
26163,Dwarf remains,Destroy, |  |  |  | Destroy
26164,Dwarf remains,Destroy, |  |  |  | Destroy
26165,Dwarf remains,Destroy, |  |  |  | Destroy
26166,Dwarf remains,Destroy, |  |  |  | Destroy
26167,Dwarf remains,Destroy, |  |  |  | Destroy
26168,Dwarf remains,Destroy, |  |  |  | Destroy
26169,Dwarf remains,Destroy, |  |  |  | Destroy
26170,Dwarf remains,Destroy, |  |  |  | Destroy
26171,Dwarf remains,Destroy, |  |  |  | Destroy
26172,Dwarf remains,Destroy, |  |  |  | Destroy
26173,Dwarf remains,Destroy, |  |  |  | Destroy
26174,Dwarf remains,Destroy, |  |  |  | Destroy
26175,Dwarf remains,Destroy, |  |  |  | Destroy
26176,Dwarf remains,Destroy, |  |  |  | Destroy
26177,Dwarf remains,Destroy, |  |  |  | Destroy
26178,Dwarf remains,Destroy, |  |  |  | Destroy
26179,Dwarf remains,Destroy, |  |  |  | Destroy
26180,Dwarf remains,Destroy, |  |  |  | Destroy
26181,Dwarf remains,Destroy, |  |  |  | Destroy
26182,Dwarf remains,Destroy, |  |  |  | Destroy
26183,Dwarf remains,Destroy, |  |  |  | Destroy
26184,Dwarf remains,Destroy, |  |  |  | Destroy
26185,Dwarf remains,Destroy, |  |  |  | Destroy
26186,Dwarf remains,Destroy, |  |  |  | Destroy
26187,Dwarf remains,Destroy, |  |  |  | Destroy
26188,Dwarf remains,Destroy, |  |  |  | Destroy
26189,Dwarf remains,Destroy, |  |  |  | Destroy
26190,Dwarf remains,Destroy, |  |  |  | Destroy
26191,Dwarf remains,Destroy, |  |  |  | Destroy
26192,Dwarf remains,Destroy, |  |  |  | Destroy
26193,Dwarf remains,Destroy, |  |  |  | Destroy
26194,Dwarf remains,Destroy, |  |  |  | Destroy
26195,Dwarf remains,Destroy, |  |  |  | Destroy
26196,Dwarf remains,Destroy, |  |  |  | Destroy
26197,Dwarf remains,Destroy, |  |  |  | Destroy
26198,Dwarf remains,Destroy, |  |  |  | Destroy
26199,Dwarf remains,Destroy, |  |  |  | Destroy
26200,Dwarf remains,Destroy, |  |  |  | Destroy
26201,Dwarf remains,Destroy, |  |  |  | Destroy
26202,Dwarf remains,Destroy, |  |  |  | Destroy
26203,Dwarf remains,Destroy, |  |  |  | Destroy
26204,Dwarf remains,Destroy, |  |  |  | Destroy
26205,Dwarf remains,Destroy, |  |  |  | Destroy
26206,Dwarf remains,Destroy, |  |  |  | Destroy
26207,Dwarf remains,Destroy, |  |  |  | Destroy
26208,Dwarf remains,Destroy, |  |  |  | Destroy
26209,Dwarf remains,Destroy, |  |  |  | Destroy
26210,Dwarf remains,Destroy, |  |  |  | Destroy
26211,Dwarf remains,Destroy, |  |  |  | Destroy
26212,Dwarf remains,Destroy, |  |  |  | Destroy
26213,Dwarf remains,Destroy, |  |  |  | Destroy
26214,Dwarf remains,Destroy, |  |  |  | Destroy
26215,Dwarf remains,Destroy, |  |  |  | Destroy
26216,Dwarf remains,Destroy, |  |  |  | Destroy
26217,Dwarf remains,Destroy, |  |  |  | Destroy
26218,Dwarf remains,Destroy, |  |  |  | Destroy
26219,Dwarf remains,Destroy, |  |  |  | Destroy
26220,Dwarf remains,Destroy, |  |  |  | Destroy
26221,Dwarf remains,Destroy, |  |  |  | Destroy
26222,Dwarf remains,Destroy, |  |  |  | Destroy
26223,Dwarf remains,Destroy, |  |  |  | Destroy
26224,Dwarf remains,Destroy, |  |  |  | Destroy
26225,Dwarf remains,Destroy, |  |  |  | Destroy
26226,Dwarf remains,Destroy, |  |  |  | Destroy
26227,Dwarf remains,Destroy, |  |  |  | Destroy
26228,Dwarf remains,Destroy, |  |  |  | Destroy
26229,Dwarf remains,Destroy, |  |  |  | Destroy
26230,Dwarf remains,Destroy, |  |  |  | Destroy
26231,Dwarf remains,Destroy, |  |  |  | Destroy
26232,Dwarf remains,Destroy, |  |  |  | Destroy
26233,Dwarf remains,Destroy, |  |  |  | Destroy
26234,Dwarf remains,Destroy, |  |  |  | Destroy
26235,Dwarf remains,Destroy, |  |  |  | Destroy
26236,Dwarf remains,Destroy, |  |  |  | Destroy
26237,Dwarf remains,Destroy, |  |  |  | Destroy
26238,Dwarf remains,Destroy, |  |  |  | Destroy
26239,Dwarf remains,Destroy, |  |  |  | Destroy
26240,Dwarf remains,Destroy, |  |  |  | Destroy
26241,Dwarf remains,Destroy, |  |  |  | Destroy
26242,Dwarf remains,Destroy, |  |  |  | Destroy
26243,Dwarf remains,Destroy, |  |  |  | Destroy
26244,Dwarf remains,Destroy, |  |  |  | Destroy
26245,Dwarf remains,Destroy, |  |  |  | Destroy
26246,Dwarf remains,Destroy, |  |  |  | Destroy
26247,Dwarf remains,Destroy, |  |  |  | Destroy
26248,Dwarf remains,Destroy, |  |  |  | Destroy
26249,Dwarf remains,Destroy, |  |  |  | Destroy
26250,Dwarf remains,Destroy, |  |  |  | Destroy
26251,Dwarf remains,Destroy, |  |  |  | Destroy
26252,Dwarf remains,Destroy, |  |  |  | Destroy
26253,Dwarf remains,Destroy, |  |  |  | Destroy
26254,Dwarf remains,Destroy, |  |  |  | Destroy
26255,Dwarf remains,Destroy, |  |  |  | Destroy
26256,Dwarf remains,Destroy, |  |  |  | Destroy
26257,Dwarf remains,Destroy, |  |  |  | Destroy
26258,Dwarf remains,Destroy, |  |  |  | Destroy
26259,Dwarf remains,Destroy, |  |  |  | Destroy
26260,Dwarf remains,Destroy, |  |  |  | Destroy
26261,Dwarf remains,Destroy, |  |  |  | Destroy
26262,Dwarf remains,Destroy, |  |  |  | Destroy
26263,Dwarf remains,Destroy, |  |  |  | Destroy
26264,Dwarf remains,Destroy, |  |  |  | Destroy
26265,Dwarf remains,Destroy, |  |  |  | Destroy
26266,Dwarf remains,Destroy, |  |  |  | Destroy
26267,Dwarf remains,Destroy, |  |  |  | Destroy
26268,Dwarf remains,Destroy, |  |  |  | Destroy
26269,Dwarf remains,Destroy, |  |  |  | Destroy
26270,Dwarf remains,Destroy, |  |  |  | Destroy
26271,Dwarf remains,Destroy, |  |  |  | Destroy
26272,Dwarf remains,Destroy, |  |  |  | Destroy
26273,Dwarf remains,Destroy, |  |  |  | Destroy
26274,Dwarf remains,Destroy, |  |  |  | Destroy
26275,Dwarf remains,Destroy, |  |  |  | Destroy
26276,Dwarf remains,Destroy, |  |  |  | Destroy
26277,Dwarf remains,Destroy, |  |  |  | Destroy
26278,Dwarf remains,Destroy, |  |  |  | Destroy
26279,Dwarf remains,Destroy, |  |  |  | Destroy
26280,Dwarf remains,Destroy, |  |  |  | Destroy
26281,Dwarf remains,Destroy, |  |  |  | Destroy
26282,Dwarf remains,Destroy, |  |  |  | Destroy
26283,Dwarf remains,Destroy, |  |  |  | Destroy
26284,Dwarf remains,Destroy, |  |  |  | Destroy
26285,Dwarf remains,Destroy, |  |  |  | Destroy
26286,Dwarf remains,Destroy, |  |  |  | Destroy
26287,Dwarf remains,Destroy, |  |  |  | Destroy
26288,Dwarf remains,Destroy, |  |  |  | Destroy
26289,Dwarf remains,Destroy, |  |  |  | Destroy
26290,Dwarf remains,Destroy, |  |  |  | Destroy
26291,Dwarf remains,Destroy, |  |  |  | Destroy
26292,Dwarf remains,Destroy, |  |  |  | Destroy
26293,Dwarf remains,Destroy, |  |  |  | Destroy
26294,Dwarf remains,Destroy, |  |  |  | Destroy
26295,Dwarf remains,Destroy, |  |  |  | Destroy
26296,Dwarf remains,Destroy, |  |  |  | Destroy
26297,Dwarf remains,Destroy, |  |  |  | Destroy
26298,Dwarf remains,Destroy, |  |  |  | Destroy
26299,Dwarf remains,Destroy, |  |  |  | Destroy
26300,Dwarf remains,Destroy, |  |  |  | Destroy
26301,Dwarf remains,Destroy, |  |  |  | Destroy
26302,Dwarf remains,Destroy, |  |  |  | Destroy
26303,Dwarf remains,Destroy, |  |  |  | Destroy
26304,Dwarf remains,Destroy, |  |  |  | Destroy
26305,Dwarf remains,Destroy, |  |  |  | Destroy
26306,Dwarf remains,Destroy, |  |  |  | Destroy
26307,Dwarf remains,Destroy, |  |  |  | Destroy
26308,Dwarf remains,Destroy, |  |  |  | Destroy
26309,Dwarf remains,Destroy, |  |  |  | Destroy
26310,Dwarf remains,Destroy, |  |  |  | Destroy
26311,Dwarf remains,Destroy, |  |  |  | Destroy
26312,Dwarf remains,Destroy, |  |  |  | Destroy
26313,Dwarf remains,Destroy, |  |  |  | Destroy
26314,Dwarf remains,Destroy, |  |  |  | Destroy
26315,Dwarf remains,Destroy, |  |  |  | Destroy
26316,Dwarf remains,Destroy, |  |  |  | Destroy
26317,Dwarf remains,Destroy, |  |  |  | Destroy
26318,Dwarf remains,Destroy, |  |  |  | Destroy
26319,Dwarf remains,Destroy, |  |  |  | Destroy
26320,Dwarf remains,Destroy, |  |  |  | Destroy
26321,Dwarf remains,Destroy, |  |  |  | Destroy
26322,Dwarf remains,Destroy, |  |  |  | Destroy
26323,Dwarf remains,Destroy, |  |  |  | Destroy
26324,Dwarf remains,Destroy, |  |  |  | Destroy
26325,Dwarf remains,Destroy, |  |  |  | Destroy
26326,Dwarf remains,Destroy, |  |  |  | Destroy
26327,Dwarf remains,Destroy, |  |  |  | Destroy
26328,Dwarf remains,Destroy, |  |  |  | Destroy
26329,Dwarf remains,Destroy, |  |  |  | Destroy
26330,Dwarf remains,Destroy, |  |  |  | Destroy
26331,Dwarf remains,Destroy, |  |  |  | Destroy
26332,Dwarf remains,Destroy, |  |  |  | Destroy
26333,Dwarf remains,Destroy, |  |  |  | Destroy
26334,Dwarf remains,Destroy, |  |  |  | Destroy
26335,Dwarf remains,Destroy, |  |  |  | Destroy
26336,Dwarf remains,Destroy, |  |  |  | Destroy
26337,Dwarf remains,Destroy, |  |  |  | Destroy
26338,Dwarf remains,Destroy, |  |  |  | Destroy
26339,Dwarf remains,Destroy, |  |  |  | Destroy
26340,Dwarf remains,Destroy, |  |  |  | Destroy
26341,Dwarf remains,Destroy, |  |  |  | Destroy
26342,Dwarf remains,Destroy, |  |  |  | Destroy
26343,Dwarf remains,Destroy, |  |  |  | Destroy
26344,Dwarf remains,Destroy, |  |  |  | Destroy
26345,Dwarf remains,Destroy, |  |  |  | Destroy
26346,Dwarf remains,Destroy, |  |  |  | Destroy
26347,Dwarf remains,Destroy, |  |  |  | Destroy
26348,Dwarf remains,Destroy, |  |  |  | Destroy
26349,Dwarf remains,Destroy, |  |  |  | Destroy
26350,Dwarf remains,Destroy, |  |  |  | Destroy
26351,Dwarf remains,Destroy, |  |  |  | Destroy
26352,Dwarf remains,Destroy, |  |  |  | Destroy
26353,Dwarf remains,Destroy, |  |  |  | Destroy
26354,Dwarf remains,Destroy, |  |  |  | Destroy
26355,Dwarf remains,Destroy, |  |  |  | Destroy
26356,Dwarf remains,Destroy, |  |  |  | Destroy
26357,Dwarf remains,Destroy, |  |  |  | Destroy
26358,Dwarf remains,Destroy, |  |  |  | Destroy
26359,Dwarf remains,Destroy, |  |  |  | Destroy
26360,Dwarf remains,Destroy, |  |  |  | Destroy
26361,Dwarf remains,Destroy, |  |  |  | Destroy
26362,Dwarf remains,Destroy, |  |  |  | Destroy
26363,Dwarf remains,Destroy, |  |  |  | Destroy
26364,Dwarf remains,Destroy, |  |  |  | Destroy
26365,Dwarf remains,Destroy, |  |  |  | Destroy
26366,Dwarf remains,Destroy, |  |  |  | Destroy
26367,Dwarf remains,Destroy, |  |  |  | Destroy
26368,Dwarf remains,Destroy, |  |  |  | Destroy
26369,Dwarf remains,Destroy, |  |  |  | Destroy
26370,Dwarf remains,Destroy, |  |  |  | Destroy
26371,Dwarf remains,Destroy, |  |  |  | Destroy
26372,Dwarf remains,Destroy, |  |  |  | Destroy
26373,Dwarf remains,Destroy, |  |  |  | Destroy
26374,Dwarf remains,Destroy, |  |  |  | Destroy
26375,Dwarf remains,Destroy, |  |  |  | Destroy
26376,Dwarf remains,Destroy, |  |  |  | Destroy
26377,Dwarf remains,Destroy, |  |  |  | Destroy
26378,Dwarf remains,Destroy, |  |  |  | Destroy
26379,Dwarf remains,Destroy, |  |  |  | Destroy
26380,Dwarf remains,Destroy, |  |  |  | Destroy
26381,Dwarf remains,Destroy, |  |  |  | Destroy
26382,Dwarf remains,Destroy, |  |  |  | Destroy
26383,Dwarf remains,Destroy, |  |  |  | Destroy
26384,Dwarf remains,Destroy, |  |  |  | Destroy
26385,Dwarf remains,Destroy, |  |  |  | Destroy
26386,Dwarf remains,Destroy, |  |  |  | Destroy
26387,Dwarf remains,Destroy, |  |  |  | Destroy
26388,Dwarf remains,Destroy, |  |  |  | Destroy
26389,Dwarf remains,Destroy, |  |  |  | Destroy
26390,Dwarf remains,Destroy, |  |  |  | Destroy
26391,Dwarf remains,Destroy, |  |  |  | Destroy
26392,Dwarf remains,Destroy, |  |  |  | Destroy
26393,Dwarf remains,Destroy, |  |  |  | Destroy
26394,Dwarf remains,Destroy, |  |  |  | Destroy
26395,Dwarf remains,Destroy, |  |  |  | Destroy
26396,Dwarf remains,Destroy, |  |  |  | Destroy
26397,Dwarf remains,Destroy, |  |  |  | Destroy
26398,Dwarf remains,Destroy, |  |  |  | Destroy
26399,Dwarf remains,Destroy, |  |  |  | Destroy
26400,Dwarf remains,Destroy, |  |  |  | Destroy
26401,Dwarf remains,Destroy, |  |  |  | Destroy
26402,Dwarf remains,Destroy, |  |  |  | Destroy
26403,Dwarf remains,Destroy, |  |  |  | Destroy
26404,Dwarf remains,Destroy, |  |  |  | Destroy
26405,Dwarf remains,Destroy, |  |  |  | Destroy
26406,Dwarf remains,Destroy, |  |  |  | Destroy
26407,Dwarf remains,Destroy, |  |  |  | Destroy
26408,Dwarf remains,Destroy, |  |  |  | Destroy
26409,Dwarf remains,Destroy, |  |  |  | Destroy
26410,Dwarf remains,Destroy, |  |  |  | Destroy
26411,Dwarf remains,Destroy, |  |  |  | Destroy
26412,Dwarf remains,Destroy, |  |  |  | Destroy
26413,Dwarf remains,Destroy, |  |  |  | Destroy
26414,Dwarf remains,Destroy, |  |  |  | Destroy
26415,Dwarf remains,Destroy, |  |  |  | Destroy
26416,Dwarf remains,Destroy, |  |  |  | Destroy
26417,Dwarf remains,Destroy, |  |  |  | Destroy
26418,Dwarf remains,Destroy, |  |  |  | Destroy
26419,Dwarf remains,Destroy, |  |  |  | Destroy
26420,Dwarf remains,Destroy, |  |  |  | Destroy
26421,Dwarf remains,Destroy, |  |  |  | Destroy
26422,Dwarf remains,Destroy, |  |  |  | Destroy
26423,Dwarf remains,Destroy, |  |  |  | Destroy
26424,Dwarf remains,Destroy, |  |  |  | Destroy
26425,Dwarf remains,Destroy, |  |  |  | Destroy
26426,Dwarf remains,Destroy, |  |  |  | Destroy
26427,Dwarf remains,Destroy, |  |  |  | Destroy
26428,Dwarf remains,Destroy, |  |  |  | Destroy
26429,Dwarf remains,Destroy, |  |  |  | Destroy
26430,Dwarf remains,Destroy, |  |  |  | Destroy
26431,Dwarf remains,Destroy, |  |  |  | Destroy
26432,Dwarf remains,Destroy, |  |  |  | Destroy
26433,Dwarf remains,Destroy, |  |  |  | Destroy
26434,Dwarf remains,Destroy, |  |  |  | Destroy
26435,Dwarf remains,Destroy, |  |  |  | Destroy
26436,Dwarf remains,Destroy, |  |  |  | Destroy
26437,Dwarf remains,Destroy, |  |  |  | Destroy
26438,Dwarf remains,Destroy, |  |  |  | Destroy
26439,Dwarf remains,Destroy, |  |  |  | Destroy
26440,Dwarf remains,Destroy, |  |  |  | Destroy
26441,Dwarf remains,Destroy, |  |  |  | Destroy
26442,Dwarf remains,Destroy, |  |  |  | Destroy
26443,Dwarf remains,Destroy, |  |  |  | Destroy
26444,Dwarf remains,Destroy, |  |  |  | Destroy
26445,Dwarf remains,Destroy, |  |  |  | Destroy
26446,Dwarf remains,Destroy, |  |  |  | Destroy
26447,Dwarf remains,Destroy, |  |  |  | Destroy
26448,Dwarf remains,Destroy, |  |  |  | Destroy
26449,Dwarf remains,Destroy, |  |  |  | Destroy
26450,Dwarf remains,Destroy, |  |  |  | Destroy
26451,Dwarf remains,Destroy, |  |  |  | Destroy
26452,Dwarf remains,Destroy, |  |  |  | Destroy
26453,Dwarf remains,Destroy, |  |  |  | Destroy
26454,Dwarf remains,Destroy, |  |  |  | Destroy
26455,Dwarf remains,Destroy, |  |  |  | Destroy
26456,Dwarf remains,Destroy, |  |  |  | Destroy
26457,Dwarf remains,Destroy, |  |  |  | Destroy
26458,Dwarf remains,Destroy, |  |  |  | Destroy
26459,Dwarf remains,Destroy, |  |  |  | Destroy
26460,Dwarf remains,Destroy, |  |  |  | Destroy
26461,Dwarf remains,Destroy, |  |  |  | Destroy
26462,Dwarf remains,Destroy, |  |  |  | Destroy
26463,Dwarf remains,Destroy, |  |  |  | Destroy
26464,Dwarf remains,Destroy, |  |  |  | Destroy
26465,Dwarf remains,Destroy, |  |  |  | Destroy
26466,Dwarf remains,Destroy, |  |  |  | Destroy
26467,Dwarf remains,Destroy, |  |  |  | Destroy
26468,Dwarf remains,Destroy, |  |  |  | Destroy
26469,Dwarf remains,Destroy, |  |  |  | Destroy
26470,Dwarf remains,Destroy, |  |  |  | Destroy
26471,Dwarf remains,Destroy, |  |  |  | Destroy
26472,Dwarf remains,Destroy, |  |  |  | Destroy
26473,Dwarf remains,Destroy, |  |  |  | Destroy
26474,Dwarf remains,Destroy, |  |  |  | Destroy
26475,Dwarf remains,Destroy, |  |  |  | Destroy
26476,Dwarf remains,Destroy, |  |  |  | Destroy
26477,Dwarf remains,Destroy, |  |  |  | Destroy
26478,Dwarf remains,Destroy, |  |  |  | Destroy
26479,Dwarf remains,Destroy, |  |  |  | Destroy
26480,Dwarf remains,Destroy, |  |  |  | Destroy
26481,Dwarf remains,Destroy, |  |  |  | Destroy
26482,Dwarf remains,Destroy, |  |  |  | Destroy
26483,Dwarf remains,Destroy, |  |  |  | Destroy
26484,Dwarf remains,Destroy, |  |  |  | Destroy
26485,Dwarf remains,Destroy, |  |  |  | Destroy
26486,Dwarf remains,Destroy, |  |  |  | Destroy
26487,Dwarf remains,Destroy, |  |  |  | Destroy
26488,Dwarf remains,Destroy, |  |  |  | Destroy
26489,Dwarf remains,Destroy, |  |  |  | Destroy
26490,Dwarf remains,Destroy, |  |  |  | Destroy
26491,Dwarf remains,Destroy, |  |  |  | Destroy
26492,Dwarf remains,Destroy, |  |  |  | Destroy
26493,Dwarf remains,Destroy, |  |  |  | Destroy
26494,Dwarf remains,Destroy, |  |  |  | Destroy
26495,Dwarf remains,Destroy, |  |  |  | Destroy
26496,Dwarf remains,Destroy, |  |  |  | Destroy
26497,Dwarf remains,Destroy, |  |  |  | Destroy
26498,Dwarf remains,Destroy, |  |  |  | Destroy
26499,Dwarf remains,Destroy, |  |  |  | Destroy
26500,Dwarf remains,Destroy, |  |  |  | Destroy
26501,Dwarf remains,Destroy, |  |  |  | Destroy
26502,Dwarf remains,Destroy, |  |  |  | Destroy
26503,Dwarf remains,Destroy, |  |  |  | Destroy
26504,Dwarf remains,Destroy, |  |  |  | Destroy
26505,Dwarf remains,Destroy, |  |  |  | Destroy
26506,Dwarf remains,Destroy, |  |  |  | Destroy
26507,Dwarf remains,Destroy, |  |  |  | Destroy
26508,Dwarf remains,Destroy, |  |  |  | Destroy
26509,Dwarf remains,Destroy, |  |  |  | Destroy
26510,Dwarf remains,Destroy, |  |  |  | Destroy
26511,Dwarf remains,Destroy, |  |  |  | Destroy
26512,Dwarf remains,Destroy, |  |  |  | Destroy
26513,Dwarf remains,Destroy, |  |  |  | Destroy
26514,Dwarf remains,Destroy, |  |  |  | Destroy
26515,Dwarf remains,Destroy, |  |  |  | Destroy
26516,Dwarf remains,Destroy, |  |  |  | Destroy
26517,Dwarf remains,Destroy, |  |  |  | Destroy
26518,Dwarf remains,Destroy, |  |  |  | Destroy
26519,Dwarf remains,Destroy, |  |  |  | Destroy
26520,Dwarf remains,Destroy, |  |  |  | Destroy
26521,Dwarf remains,Destroy, |  |  |  | Destroy
26522,Dwarf remains,Destroy, |  |  |  | Destroy
26523,Dwarf remains,Destroy, |  |  |  | Destroy
26524,Dwarf remains,Destroy, |  |  |  | Destroy
26525,Dwarf remains,Destroy, |  |  |  | Destroy
26526,Dwarf remains,Destroy, |  |  |  | Destroy
26527,Dwarf remains,Destroy, |  |  |  | Destroy
26528,Dwarf remains,Destroy, |  |  |  | Destroy
26529,Dwarf remains,Destroy, |  |  |  | Destroy
26530,Dwarf remains,Destroy, |  |  |  | Destroy
26531,Dwarf remains,Destroy, |  |  |  | Destroy
26532,Dwarf remains,Destroy, |  |  |  | Destroy
26533,Dwarf remains,Destroy, |  |  |  | Destroy
26534,Dwarf remains,Destroy, |  |  |  | Destroy
26535,Dwarf remains,Destroy, |  |  |  | Destroy
26536,Dwarf remains,Destroy, |  |  |  | Destroy
26537,Dwarf remains,Destroy, |  |  |  | Destroy
26538,Dwarf remains,Destroy, |  |  |  | Destroy
26539,Dwarf remains,Destroy, |  |  |  | Destroy
26540,Dwarf remains,Destroy, |  |  |  | Destroy
26541,Dwarf remains,Destroy, |  |  |  | Destroy
26542,Dwarf remains,Destroy, |  |  |  | Destroy
26543,Dwarf remains,Destroy, |  |  |  | Destroy
26544,Dwarf remains,Destroy, |  |  |  | Destroy
26545,Dwarf remains,Destroy, |  |  |  | Destroy
26546,Dwarf remains,Destroy, |  |  |  | Destroy
26547,Dwarf remains,Destroy, |  |  |  | Destroy
26548,Dwarf remains,Destroy, |  |  |  | Destroy
26549,Dwarf remains,Destroy, |  |  |  | Destroy
26550,Dwarf remains,Destroy, |  |  |  | Destroy
26551,Dwarf remains,Destroy, |  |  |  | Destroy
26552,Dwarf remains,Destroy, |  |  |  | Destroy
26553,Dwarf remains,Destroy, |  |  |  | Destroy
26554,Dwarf remains,Destroy, |  |  |  | Destroy
26555,Dwarf remains,Destroy, |  |  |  | Destroy
26556,Dwarf remains,Destroy, |  |  |  | Destroy
26557,Dwarf remains,Destroy, |  |  |  | Destroy
26558,Dwarf remains,Destroy, |  |  |  | Destroy
26559,Dwarf remains,Destroy, |  |  |  | Destroy
26560,Dwarf remains,Destroy, |  |  |  | Destroy
26561,Dwarf remains,Destroy, |  |  |  | Destroy
26562,Dwarf remains,Destroy, |  |  |  | Destroy
26563,Dwarf remains,Destroy, |  |  |  | Destroy
26564,Dwarf remains,Destroy, |  |  |  | Destroy
26565,Dwarf remains,Destroy, |  |  |  | Destroy
26566,Dwarf remains,Destroy, |  |  |  | Destroy
26567,Dwarf remains,Destroy, |  |  |  | Destroy
26568,Dwarf remains,Destroy, |  |  |  | Destroy
26569,Dwarf remains,Destroy, |  |  |  | Destroy
26570,Dwarf remains,Destroy, |  |  |  | Destroy
26571,Dwarf remains,Destroy, |  |  |  | Destroy
26572,Dwarf remains,Destroy, |  |  |  | Destroy
26573,Dwarf remains,Destroy, |  |  |  | Destroy
26574,Dwarf remains,Destroy, |  |  |  | Destroy
26575,Dwarf remains,Destroy, |  |  |  | Destroy
26576,Dwarf remains,Destroy, |  |  |  | Destroy
26577,Dwarf remains,Destroy, |  |  |  | Destroy
26578,Dwarf remains,Destroy, |  |  |  | Destroy
26579,Dwarf remains,Destroy, |  |  |  | Destroy
26580,Dwarf remains,Destroy, |  |  |  | Destroy
26581,Dwarf remains,Destroy, |  |  |  | Destroy
26582,Dwarf remains,Destroy, |  |  |  | Destroy
26583,Dwarf remains,Destroy, |  |  |  | Destroy
26584,Dwarf remains,Destroy, |  |  |  | Destroy
26585,Dwarf remains,Destroy, |  |  |  | Destroy
26586,Dwarf remains,Destroy, |  |  |  | Destroy
26587,Dwarf remains,Destroy, |  |  |  | Destroy
26588,Dwarf remains,Destroy, |  |  |  | Destroy
26589,Dwarf remains,Destroy, |  |  |  | Destroy
26590,Dwarf remains,Destroy, |  |  |  | Destroy
26591,Dwarf remains,Destroy, |  |  |  | Destroy
26592,Dwarf remains,Destroy, |  |  |  | Destroy
26593,Dwarf remains,Destroy, |  |  |  | Destroy
26594,Dwarf remains,Destroy, |  |  |  | Destroy
26595,Dwarf remains,Destroy, |  |  |  | Destroy
26596,Dwarf remains,Destroy, |  |  |  | Destroy
26597,Dwarf remains,Destroy, |  |  |  | Destroy
26598,Dwarf remains,Destroy, |  |  |  | Destroy
26599,Dwarf remains,Destroy, |  |  |  | Destroy
26600,Dwarf remains,Destroy, |  |  |  | Destroy
26601,Dwarf remains,Destroy, |  |  |  | Destroy
26602,Dwarf remains,Destroy, |  |  |  | Destroy
26603,Dwarf remains,Destroy, |  |  |  | Destroy
26604,Dwarf remains,Destroy, |  |  |  | Destroy
26605,Dwarf remains,Destroy, |  |  |  | Destroy
26606,Dwarf remains,Destroy, |  |  |  | Destroy
26607,Dwarf remains,Destroy, |  |  |  | Destroy
26608,Dwarf remains,Destroy, |  |  |  | Destroy
26609,Dwarf remains,Destroy, |  |  |  | Destroy
26610,Dwarf remains,Destroy, |  |  |  | Destroy
26611,Dwarf remains,Destroy, |  |  |  | Destroy
26612,Dwarf remains,Destroy, |  |  |  | Destroy
26613,Dwarf remains,Destroy, |  |  |  | Destroy
26614,Dwarf remains,Destroy, |  |  |  | Destroy
26615,Dwarf remains,Destroy, |  |  |  | Destroy
26616,Dwarf remains,Destroy, |  |  |  | Destroy
26617,Dwarf remains,Destroy, |  |  |  | Destroy
26618,Dwarf remains,Destroy, |  |  |  | Destroy
26619,Dwarf remains,Destroy, |  |  |  | Destroy
26620,Dwarf remains,Destroy, |  |  |  | Destroy
26621,Dwarf remains,Destroy, |  |  |  | Destroy
26622,Dwarf remains,Destroy, |  |  |  | Destroy
26623,Dwarf remains,Destroy, |  |  |  | Destroy
26624,Dwarf remains,Destroy, |  |  |  | Destroy
26625,Dwarf remains,Destroy, |  |  |  | Destroy
26626,Dwarf remains,Destroy, |  |  |  | Destroy
26627,Dwarf remains,Destroy, |  |  |  | Destroy
26628,Dwarf remains,Destroy, |  |  |  | Destroy
26629,Dwarf remains,Destroy, |  |  |  | Destroy
26630,Dwarf remains,Destroy, |  |  |  | Destroy
26631,Dwarf remains,Destroy, |  |  |  | Destroy
26632,Dwarf remains,Destroy, |  |  |  | Destroy
26633,Dwarf remains,Destroy, |  |  |  | Destroy
26634,Dwarf remains,Destroy, |  |  |  | Destroy
26635,Dwarf remains,Destroy, |  |  |  | Destroy
26636,Dwarf remains,Destroy, |  |  |  | Destroy
26637,Dwarf remains,Destroy, |  |  |  | Destroy
26638,Dwarf remains,Destroy, |  |  |  | Destroy
26639,Dwarf remains,Destroy, |  |  |  | Destroy
26640,Dwarf remains,Destroy, |  |  |  | Destroy
26641,Dwarf remains,Destroy, |  |  |  | Destroy
26642,Dwarf remains,Destroy, |  |  |  | Destroy
26643,Dwarf remains,Destroy, |  |  |  | Destroy
26644,Dwarf remains,Destroy, |  |  |  | Destroy
26645,Dwarf remains,Destroy, |  |  |  | Destroy
26646,Dwarf remains,Destroy, |  |  |  | Destroy
26647,Dwarf remains,Destroy, |  |  |  | Destroy
26648,Dwarf remains,Destroy, |  |  |  | Destroy
26649,Dwarf remains,Destroy, |  |  |  | Destroy
26650,Dwarf remains,Destroy, |  |  |  | Destroy
26651,Dwarf remains,Destroy, |  |  |  | Destroy
26652,Dwarf remains,Destroy, |  |  |  | Destroy
26653,Dwarf remains,Destroy, |  |  |  | Destroy
26654,Dwarf remains,Destroy, |  |  |  | Destroy
26655,Dwarf remains,Destroy, |  |  |  | Destroy
26656,Dwarf remains,Destroy, |  |  |  | Destroy
26657,Dwarf remains,Destroy, |  |  |  | Destroy
26658,Dwarf remains,Destroy, |  |  |  | Destroy
26659,Dwarf remains,Destroy, |  |  |  | Destroy
26660,Dwarf remains,Destroy, |  |  |  | Destroy
26661,Dwarf remains,Destroy, |  |  |  | Destroy
26662,Dwarf remains,Destroy, |  |  |  | Destroy
26663,Dwarf remains,Destroy, |  |  |  | Destroy
26664,Dwarf remains,Destroy, |  |  |  | Destroy
26665,Dwarf remains,Destroy, |  |  |  | Destroy
26666,Dwarf remains,Destroy, |  |  |  | Destroy
26667,Dwarf remains,Destroy, |  |  |  | Destroy
26668,Dwarf remains,Destroy, |  |  |  | Destroy
26669,Dwarf remains,Destroy, |  |  |  | Destroy
26670,Dwarf remains,Destroy, |  |  |  | Destroy
26671,Dwarf remains,Destroy, |  |  |  | Destroy
26672,Dwarf remains,Destroy, |  |  |  | Destroy
26673,Dwarf remains,Destroy, |  |  |  | Destroy
26674,Dwarf remains,Destroy, |  |  |  | Destroy
26675,Dwarf remains,Destroy, |  |  |  | Destroy
26676,Dwarf remains,Destroy, |  |  |  | Destroy
26677,Dwarf remains,Destroy, |  |  |  | Destroy
26678,Dwarf remains,Destroy, |  |  |  | Destroy
26679,Dwarf remains,Destroy, |  |  |  | Destroy
26680,Dwarf remains,Destroy, |  |  |  | Destroy
26681,Dwarf remains,Destroy, |  |  |  | Destroy
26682,Dwarf remains,Destroy, |  |  |  | Destroy
26683,Dwarf remains,Destroy, |  |  |  | Destroy
26684,Dwarf remains,Destroy, |  |  |  | Destroy
26685,Dwarf remains,Destroy, |  |  |  | Destroy
26686,Dwarf remains,Destroy, |  |  |  | Destroy
26687,Dwarf remains,Destroy, |  |  |  | Destroy
26688,Dwarf remains,Destroy, |  |  |  | Destroy
26689,Dwarf remains,Destroy, |  |  |  | Destroy
26690,Dwarf remains,Destroy, |  |  |  | Destroy
26691,Dwarf remains,Destroy, |  |  |  | Destroy
26692,Dwarf remains,Destroy, |  |  |  | Destroy
26693,Dwarf remains,Destroy, |  |  |  | Destroy
26694,Dwarf remains,Destroy, |  |  |  | Destroy
26695,Dwarf remains,Destroy, |  |  |  | Destroy
26696,Dwarf remains,Destroy, |  |  |  | Destroy
26697,Dwarf remains,Destroy, |  |  |  | Destroy
26698,Dwarf remains,Destroy, |  |  |  | Destroy
26699,Dwarf remains,Destroy, |  |  |  | Destroy
26700,Dwarf remains,Destroy, |  |  |  | Destroy
26701,Dwarf remains,Destroy, |  |  |  | Destroy
26702,Dwarf remains,Destroy, |  |  |  | Destroy
26703,Dwarf remains,Destroy, |  |  |  | Destroy
26704,Dwarf remains,Destroy, |  |  |  | Destroy
26705,Dwarf remains,Destroy, |  |  |  | Destroy
26706,Dwarf remains,Destroy, |  |  |  | Destroy
26707,Dwarf remains,Destroy, |  |  |  | Destroy
26708,Dwarf remains,Destroy, |  |  |  | Destroy
26709,Dwarf remains,Destroy, |  |  |  | Destroy
26710,Dwarf remains,Destroy, |  |  |  | Destroy
26711,Dwarf remains,Destroy, |  |  |  | Destroy
26712,Dwarf remains,Destroy, |  |  |  | Destroy
26713,Dwarf remains,Destroy, |  |  |  | Destroy
26714,Dwarf remains,Destroy, |  |  |  | Destroy
26715,Dwarf remains,Destroy, |  |  |  | Destroy
26716,Dwarf remains,Destroy, |  |  |  | Destroy
26717,Dwarf remains,Destroy, |  |  |  | Destroy
26718,Dwarf remains,Destroy, |  |  |  | Destroy
26719,Dwarf remains,Destroy, |  |  |  | Destroy
26720,Dwarf remains,Destroy, |  |  |  | Destroy
26721,Dwarf remains,Destroy, |  |  |  | Destroy
26722,Dwarf remains,Destroy, |  |  |  | Destroy
26723,Dwarf remains,Destroy, |  |  |  | Destroy
26724,Dwarf remains,Destroy, |  |  |  | Destroy
26725,Dwarf remains,Destroy, |  |  |  | Destroy
26726,Dwarf remains,Destroy, |  |  |  | Destroy
26727,Dwarf remains,Destroy, |  |  |  | Destroy
26728,Dwarf remains,Destroy, |  |  |  | Destroy
26729,Dwarf remains,Destroy, |  |  |  | Destroy
26730,Dwarf remains,Destroy, |  |  |  | Destroy
26731,Dwarf remains,Destroy, |  |  |  | Destroy
26732,Dwarf remains,Destroy, |  |  |  | Destroy
26733,Dwarf remains,Destroy, |  |  |  | Destroy
26734,Dwarf remains,Destroy, |  |  |  | Destroy
26735,Dwarf remains,Destroy, |  |  |  | Destroy
26736,Dwarf remains,Destroy, |  |  |  | Destroy
26737,Dwarf remains,Destroy, |  |  |  | Destroy
26738,Dwarf remains,Destroy, |  |  |  | Destroy
26739,Dwarf remains,Destroy, |  |  |  | Destroy
26740,Dwarf remains,Destroy, |  |  |  | Destroy
26741,Dwarf remains,Destroy, |  |  |  | Destroy
26742,Dwarf remains,Destroy, |  |  |  | Destroy
26743,Dwarf remains,Destroy, |  |  |  | Destroy
26744,Dwarf remains,Destroy, |  |  |  | Destroy
26745,Dwarf remains,Destroy, |  |  |  | Destroy
26746,Dwarf remains,Destroy, |  |  |  | Destroy
26747,Dwarf remains,Destroy, |  |  |  | Destroy
26748,Dwarf remains,Destroy, |  |  |  | Destroy
26749,Dwarf remains,Destroy, |  |  |  | Destroy
26750,Dwarf remains,Destroy, |  |  |  | Destroy
26751,Dwarf remains,Destroy, |  |  |  | Destroy
26752,Dwarf remains,Destroy, |  |  |  | Destroy
26753,Dwarf remains,Destroy, |  |  |  | Destroy
26754,Dwarf remains,Destroy, |  |  |  | Destroy
26755,Dwarf remains,Destroy, |  |  |  | Destroy
26756,Dwarf remains,Destroy, |  |  |  | Destroy
26757,Dwarf remains,Destroy, |  |  |  | Destroy
26758,Dwarf remains,Destroy, |  |  |  | Destroy
26759,Dwarf remains,Destroy, |  |  |  | Destroy
26760,Dwarf remains,Destroy, |  |  |  | Destroy
26761,Dwarf remains,Destroy, |  |  |  | Destroy
26762,Dwarf remains,Destroy, |  |  |  | Destroy
26763,Dwarf remains,Destroy, |  |  |  | Destroy
26764,Dwarf remains,Destroy, |  |  |  | Destroy
26765,Dwarf remains,Destroy, |  |  |  | Destroy
26766,Dwarf remains,Destroy, |  |  |  | Destroy
26767,Dwarf remains,Destroy, |  |  |  | Destroy
26768,Dwarf remains,Destroy, |  |  |  | Destroy
26769,Dwarf remains,Destroy, |  |  |  | Destroy
26770,Dwarf remains,Destroy, |  |  |  | Destroy
26771,Dwarf remains,Destroy, |  |  |  | Destroy
26772,Dwarf remains,Destroy, |  |  |  | Destroy
26773,Dwarf remains,Destroy, |  |  |  | Destroy
26774,Dwarf remains,Destroy, |  |  |  | Destroy
26775,Dwarf remains,Destroy, |  |  |  | Destroy
26776,Dwarf remains,Destroy, |  |  |  | Destroy
26777,Dwarf remains,Destroy, |  |  |  | Destroy
26778,Dwarf remains,Destroy, |  |  |  | Destroy
26779,Dwarf remains,Destroy, |  |  |  | Destroy
26780,Dwarf remains,Destroy, |  |  |  | Destroy
26781,Dwarf remains,Destroy, |  |  |  | Destroy
26782,Dwarf remains,Destroy, |  |  |  | Destroy
26783,Dwarf remains,Destroy, |  |  |  | Destroy
26784,Dwarf remains,Destroy, |  |  |  | Destroy
26785,Dwarf remains,Destroy, |  |  |  | Destroy
26786,Dwarf remains,Destroy, |  |  |  | Destroy
26787,Dwarf remains,Destroy, |  |  |  | Destroy
26788,Dwarf remains,Destroy, |  |  |  | Destroy
26789,Dwarf remains,Destroy, |  |  |  | Destroy
26790,Dwarf remains,Destroy, |  |  |  | Destroy
26791,Dwarf remains,Destroy, |  |  |  | Destroy
26792,Dwarf remains,Destroy, |  |  |  | Destroy
26793,Dwarf remains,Destroy, |  |  |  | Destroy
26794,Dwarf remains,Destroy, |  |  |  | Destroy
26795,Dwarf remains,Destroy, |  |  |  | Destroy
26796,Dwarf remains,Destroy, |  |  |  | Destroy
26797,Dwarf remains,Destroy, |  |  |  | Destroy
26798,Dwarf remains,Destroy, |  |  |  | Destroy
26799,Dwarf remains,Destroy, |  |  |  | Destroy
26800,Dwarf remains,Destroy, |  |  |  | Destroy
26801,Dwarf remains,Destroy, |  |  |  | Destroy
26802,Dwarf remains,Destroy, |  |  |  | Destroy
26803,Dwarf remains,Destroy, |  |  |  | Destroy
26804,Dwarf remains,Destroy, |  |  |  | Destroy
26805,Dwarf remains,Destroy, |  |  |  | Destroy
26806,Dwarf remains,Destroy, |  |  |  | Destroy
26807,Dwarf remains,Destroy, |  |  |  | Destroy
26808,Dwarf remains,Destroy, |  |  |  | Destroy
26809,Dwarf remains,Destroy, |  |  |  | Destroy
26810,Dwarf remains,Destroy, |  |  |  | Destroy
26811,Dwarf remains,Destroy, |  |  |  | Destroy
26812,Dwarf remains,Destroy, |  |  |  | Destroy
26813,Dwarf remains,Destroy, |  |  |  | Destroy
26814,Dwarf remains,Destroy, |  |  |  | Destroy
26815,Dwarf remains,Destroy, |  |  |  | Destroy
26816,Dwarf remains,Destroy, |  |  |  | Destroy
26817,Dwarf remains,Destroy, |  |  |  | Destroy
26818,Dwarf remains,Destroy, |  |  |  | Destroy
26819,Dwarf remains,Destroy, |  |  |  | Destroy
26820,Dwarf remains,Destroy, |  |  |  | Destroy
26821,Dwarf remains,Destroy, |  |  |  | Destroy
26822,Dwarf remains,Destroy, |  |  |  | Destroy
26823,Dwarf remains,Destroy, |  |  |  | Destroy
26824,Dwarf remains,Destroy, |  |  |  | Destroy
26825,Dwarf remains,Destroy, |  |  |  | Destroy
26826,Dwarf remains,Destroy, |  |  |  | Destroy
26827,Dwarf remains,Destroy, |  |  |  | Destroy
26828,Dwarf remains,Destroy, |  |  |  | Destroy
26829,Dwarf remains,Destroy, |  |  |  | Destroy
26830,Dwarf remains,Destroy, |  |  |  | Destroy
26831,Dwarf remains,Destroy, |  |  |  | Destroy
26832,Dwarf remains,Destroy, |  |  |  | Destroy
26833,Dwarf remains,Destroy, |  |  |  | Destroy
26834,Dwarf remains,Destroy, |  |  |  | Destroy
26835,Dwarf remains,Destroy, |  |  |  | Destroy
26836,Dwarf remains,Destroy, |  |  |  | Destroy
26837,Dwarf remains,Destroy, |  |  |  | Destroy
26838,Dwarf remains,Destroy, |  |  |  | Destroy
26839,Dwarf remains,Destroy, |  |  |  | Destroy
26840,Dwarf remains,Destroy, |  |  |  | Destroy
26841,Dwarf remains,Destroy, |  |  |  | Destroy
26842,Dwarf remains,Destroy, |  |  |  | Destroy
26843,Dwarf remains,Destroy, |  |  |  | Destroy
26844,Dwarf remains,Destroy, |  |  |  | Destroy
26845,Dwarf remains,Destroy, |  |  |  | Destroy
26846,Dwarf remains,Destroy, |  |  |  | Destroy
26847,Dwarf remains,Destroy, |  |  |  | Destroy
26848,Dwarf remains,Destroy, |  |  |  | Destroy
26849,Dwarf remains,Destroy, |  |  |  | Destroy
26850,Dwarf remains,Destroy, |  |  |  | Destroy
26851,Dwarf remains,Destroy, |  |  |  | Destroy
26852,Dwarf remains,Destroy, |  |  |  | Destroy
26853,Dwarf remains,Destroy, |  |  |  | Destroy
26854,Dwarf remains,Destroy, |  |  |  | Destroy
26855,Dwarf remains,Destroy, |  |  |  | Destroy
26856,Dwarf remains,Destroy, |  |  |  | Destroy
26857,Dwarf remains,Destroy, |  |  |  | Destroy
26858,Dwarf remains,Destroy, |  |  |  | Destroy
26859,Dwarf remains,Destroy, |  |  |  | Destroy
26860,Dwarf remains,Destroy, |  |  |  | Destroy
26861,Dwarf remains,Destroy, |  |  |  | Destroy
26862,Dwarf remains,Destroy, |  |  |  | Destroy
26863,Dwarf remains,Destroy, |  |  |  | Destroy
26864,Dwarf remains,Destroy, |  |  |  | Destroy
26865,Dwarf remains,Destroy, |  |  |  | Destroy
26866,Dwarf remains,Destroy, |  |  |  | Destroy
26867,Dwarf remains,Destroy, |  |  |  | Destroy
26868,Dwarf remains,Destroy, |  |  |  | Destroy
26869,Dwarf remains,Destroy, |  |  |  | Destroy
26870,Dwarf remains,Destroy, |  |  |  | Destroy
26871,Dwarf remains,Destroy, |  |  |  | Destroy
26872,Dwarf remains,Destroy, |  |  |  | Destroy
26873,Dwarf remains,Destroy, |  |  |  | Destroy
26874,Dwarf remains,Destroy, |  |  |  | Destroy
26875,Dwarf remains,Destroy, |  |  |  | Destroy
26876,Dwarf remains,Destroy, |  |  |  | Destroy
26877,Dwarf remains,Destroy, |  |  |  | Destroy
26878,Dwarf remains,Destroy, |  |  |  | Destroy
26879,Dwarf remains,Destroy, |  |  |  | Destroy
26880,Dwarf remains,Destroy, |  |  |  | Destroy
26881,Dwarf remains,Destroy, |  |  |  | Destroy
26882,Dwarf remains,Destroy, |  |  |  | Destroy
26883,Dwarf remains,Destroy, |  |  |  | Destroy
26884,Dwarf remains,Destroy, |  |  |  | Destroy
26885,Dwarf remains,Destroy, |  |  |  | Destroy
26886,Dwarf remains,Destroy, |  |  |  | Destroy
26887,Dwarf remains,Destroy, |  |  |  | Destroy
26888,Dwarf remains,Destroy, |  |  |  | Destroy
26889,Dwarf remains,Destroy, |  |  |  | Destroy
26890,Dwarf remains,Destroy, |  |  |  | Destroy
26891,Dwarf remains,Destroy, |  |  |  | Destroy
26892,Dwarf remains,Destroy, |  |  |  | Destroy
26893,Dwarf remains,Destroy, |  |  |  | Destroy
26894,Dwarf remains,Destroy, |  |  |  | Destroy
26895,Dwarf remains,Destroy, |  |  |  | Destroy
26896,Dwarf remains,Destroy, |  |  |  | Destroy
26897,Dwarf remains,Destroy, |  |  |  | Destroy
26898,Dwarf remains,Destroy, |  |  |  | Destroy
26899,Dwarf remains,Destroy, |  |  |  | Destroy
26900,Dwarf remains,Destroy, |  |  |  | Destroy
26901,Dwarf remains,Destroy, |  |  |  | Destroy
26902,Dwarf remains,Destroy, |  |  |  | Destroy
26903,Dwarf remains,Destroy, |  |  |  | Destroy
26904,Dwarf remains,Destroy, |  |  |  | Destroy
26905,Dwarf remains,Destroy, |  |  |  | Destroy
26906,Dwarf remains,Destroy, |  |  |  | Destroy
26907,Dwarf remains,Destroy, |  |  |  | Destroy
26908,Dwarf remains,Destroy, |  |  |  | Destroy
26909,Dwarf remains,Destroy, |  |  |  | Destroy
26910,Dwarf remains,Destroy, |  |  |  | Destroy
26911,Dwarf remains,Destroy, |  |  |  | Destroy
26912,Dwarf remains,Destroy, |  |  |  | Destroy
26913,Dwarf remains,Destroy, |  |  |  | Destroy
26914,Dwarf remains,Destroy, |  |  |  | Destroy
26915,Dwarf remains,Destroy, |  |  |  | Destroy
26916,Dwarf remains,Destroy, |  |  |  | Destroy
26917,Dwarf remains,Destroy, |  |  |  | Destroy
26918,Dwarf remains,Destroy, |  |  |  | Destroy
26919,Dwarf remains,Destroy, |  |  |  | Destroy
26920,Dwarf remains,Destroy, |  |  |  | Destroy
26921,Dwarf remains,Destroy, |  |  |  | Destroy
26922,Dwarf remains,Destroy, |  |  |  | Destroy
26923,Dwarf remains,Destroy, |  |  |  | Destroy
26924,Dwarf remains,Destroy, |  |  |  | Destroy
26925,Dwarf remains,Destroy, |  |  |  | Destroy
26926,Dwarf remains,Destroy, |  |  |  | Destroy
26927,Dwarf remains,Destroy, |  |  |  | Destroy
26928,Dwarf remains,Destroy, |  |  |  | Destroy
26929,Dwarf remains,Destroy, |  |  |  | Destroy
26930,Dwarf remains,Destroy, |  |  |  | Destroy
26931,Dwarf remains,Destroy, |  |  |  | Destroy
26932,Dwarf remains,Destroy, |  |  |  | Destroy
26933,Dwarf remains,Destroy, |  |  |  | Destroy
26934,Dwarf remains,Destroy, |  |  |  | Destroy
26935,Dwarf remains,Destroy, |  |  |  | Destroy
26936,Dwarf remains,Destroy, |  |  |  | Destroy
26937,Dwarf remains,Destroy, |  |  |  | Destroy
26938,Dwarf remains,Destroy, |  |  |  | Destroy
26939,Dwarf remains,Destroy, |  |  |  | Destroy
26940,Dwarf remains,Destroy, |  |  |  | Destroy
26941,Dwarf remains,Destroy, |  |  |  | Destroy
26942,Dwarf remains,Destroy, |  |  |  | Destroy
26943,Dwarf remains,Destroy, |  |  |  | Destroy
26944,Dwarf remains,Destroy, |  |  |  | Destroy
26945,Dwarf remains,Destroy, |  |  |  | Destroy
26946,Dwarf remains,Destroy, |  |  |  | Destroy
26947,Dwarf remains,Destroy, |  |  |  | Destroy
26948,Dwarf remains,Destroy, |  |  |  | Destroy
26949,Dwarf remains,Destroy, |  |  |  | Destroy
26950,Dwarf remains,Destroy, |  |  |  | Destroy
26951,Dwarf remains,Destroy, |  |  |  | Destroy
26952,Dwarf remains,Destroy, |  |  |  | Destroy
26953,Dwarf remains,Destroy, |  |  |  | Destroy
26954,Dwarf remains,Destroy, |  |  |  | Destroy
26955,Dwarf remains,Destroy, |  |  |  | Destroy
26956,Dwarf remains,Destroy, |  |  |  | Destroy
26957,Dwarf remains,Destroy, |  |  |  | Destroy
26958,Dwarf remains,Destroy, |  |  |  | Destroy
26959,Dwarf remains,Destroy, |  |  |  | Destroy
26960,Dwarf remains,Destroy, |  |  |  | Destroy
26961,Dwarf remains,Destroy, |  |  |  | Destroy
26962,Dwarf remains,Destroy, |  |  |  | Destroy
26963,Dwarf remains,Destroy, |  |  |  | Destroy
26964,Dwarf remains,Destroy, |  |  |  | Destroy
26965,Dwarf remains,Destroy, |  |  |  | Destroy
26966,Dwarf remains,Destroy, |  |  |  | Destroy
26967,Dwarf remains,Destroy, |  |  |  | Destroy
26968,Dwarf remains,Destroy, |  |  |  | Destroy
26969,Dwarf remains,Destroy, |  |  |  | Destroy
26970,Dwarf remains,Destroy, |  |  |  | Destroy
26971,Dwarf remains,Destroy, |  |  |  | Destroy
26972,Dwarf remains,Destroy, |  |  |  | Destroy
26973,Dwarf remains,Destroy, |  |  |  | Destroy
26974,Dwarf remains,Destroy, |  |  |  | Destroy
26975,Dwarf remains,Destroy, |  |  |  | Destroy
26976,Dwarf remains,Destroy, |  |  |  | Destroy
26977,Dwarf remains,Destroy, |  |  |  | Destroy
26978,Dwarf remains,Destroy, |  |  |  | Destroy
26979,Dwarf remains,Destroy, |  |  |  | Destroy
26992,@gre@Cursed impling jar,Destroy, |  | Loot |  | Destroy
26994,@gre@Infernal impling jar,Destroy, |  | Loot |  | Destroy
26995,@gre@Blood butterfly net,Destroy, | Wield |  |  | Destroy
26996,@gre@Cursed butterfly net,Destroy, | Wield |  |  | Destroy
26997,@gre@Infernal butterfly net,Destroy, | Wield |  |  | Destroy
26998,Dwarf remains,Destroy, |  |  |  | Destroy
26999,Dwarf remains,Destroy, |  |  |  | Destroy
27000,Dwarf remains,Destroy, |  |  |  | Destroy
27001,Dwarf remains,Destroy, |  |  |  | Destroy
27002,Dwarf remains,Destroy, |  |  |  | Destroy
27003,Dwarf remains,Destroy, |  |  |  | Destroy
27036,@gre@Blood lava slayer helm (broken),Destroy, |  |  |  | Destroy
27037,@gre@Blood frost slayer helm (broken),Destroy, |  |  |  | Destroy
27038,@gre@Blood earth slayer helm (broken),Destroy, |  |  |  | Destroy
27039,@gre@Ultimate slayer helmet (broken),Destroy, |  |  |  | Destroy
27040,@gre@Ultimate slayer helmet (or) (broken),Destroy, |  |  |  | Destroy
27041,@gre@Blood slayer helm (or) (broken),Destroy, |  |  |  | Destroy
27042,@gre@Cosmic dye (slayer),Destroy, |  |  |  | Destroy
27051,Dwarf remains,Destroy, |  |  |  | Destroy
27052,Dwarf remains,Destroy, |  |  |  | Destroy
27053,Dwarf remains,Destroy, |  |  |  | Destroy
27054,Dwarf remains,Destroy, |  |  |  | Destroy
27055,Dwarf remains,Destroy, |  |  |  | Destroy
27056,Dwarf remains,Destroy, |  |  |  | Destroy
27057,Dwarf remains,Destroy, |  |  |  | Destroy
27099,Dwarf remains,Destroy, |  |  |  | Destroy
27100,Dwarf remains,Destroy, |  |  |  | Destroy
27101,Dwarf remains,Destroy, |  |  |  | Destroy
27102,Dwarf remains,Destroy, |  |  |  | Destroy
27103,Dwarf remains,Destroy, |  |  |  | Destroy
27104,Dwarf remains,Destroy, |  |  |  | Destroy
27105,Dwarf remains,Destroy, |  |  |  | Destroy
27106,Dwarf remains,Destroy, |  |  |  | Destroy
27107,Dwarf remains,Destroy, |  |  |  | Destroy
27108,Dwarf remains,Destroy, |  |  |  | Destroy
27109,Dwarf remains,Destroy, |  |  |  | Destroy
27110,Dwarf remains,Destroy, |  |  |  | Destroy
27111,Dwarf remains,Destroy, |  |  |  | Destroy
27112,Dwarf remains,Destroy, |  |  |  | Destroy
27113,Dwarf remains,Destroy, |  |  |  | Destroy
27114,Dwarf remains,Destroy, |  |  |  | Destroy
27115,Dwarf remains,Destroy, |  |  |  | Destroy
27116,Dwarf remains,Destroy, |  |  |  | Destroy
27117,Dwarf remains,Destroy, |  |  |  | Destroy
27118,Dwarf remains,Destroy, |  |  |  | Destroy
27119,Dwarf remains,Destroy, |  |  |  | Destroy
27120,Dwarf remains,Destroy, |  |  |  | Destroy
27121,Dwarf remains,Destroy, |  |  |  | Destroy
27122,Dwarf remains,Destroy, |  |  |  | Destroy
27123,Dwarf remains,Destroy, |  |  |  | Destroy
27124,Dwarf remains,Destroy, |  |  |  | Destroy
27125,Dwarf remains,Destroy, |  |  |  | Destroy
27126,Dwarf remains,Destroy, |  |  |  | Destroy
27127,Dwarf remains,Destroy, |  |  |  | Destroy
27128,Dwarf remains,Destroy, |  |  |  | Destroy
27129,Dwarf remains,Destroy, |  |  |  | Destroy
27130,Dwarf remains,Destroy, |  |  |  | Destroy
27131,Dwarf remains,Destroy, |  |  |  | Destroy
27132,Dwarf remains,Destroy, |  |  |  | Destroy
27133,Dwarf remains,Destroy, |  |  |  | Destroy
27134,Dwarf remains,Destroy, |  |  |  | Destroy
27135,Dwarf remains,Destroy, |  |  |  | Destroy
27136,Dwarf remains,Destroy, |  |  |  | Destroy
27137,Dwarf remains,Destroy, |  |  |  | Destroy
27138,Dwarf remains,Destroy, |  |  |  | Destroy
27139,Dwarf remains,Destroy, |  |  |  | Destroy
27140,Dwarf remains,Destroy, |  |  |  | Destroy
27141,Dwarf remains,Destroy, |  |  |  | Destroy
27142,Dwarf remains,Destroy, |  |  |  | Destroy
27143,Dwarf remains,Destroy, |  |  |  | Destroy
27144,Dwarf remains,Destroy, |  |  |  | Destroy
27145,Dwarf remains,Destroy, |  |  |  | Destroy
27146,Dwarf remains,Destroy, |  |  |  | Destroy
27147,Dwarf remains,Destroy, |  |  |  | Destroy
27148,Dwarf remains,Destroy, |  |  |  | Destroy
27149,Dwarf remains,Destroy, |  |  |  | Destroy
27150,@gre@Mysterious map,Destroy,Read |  |  |  | Destroy
27151,@gre@Cursed treasure map,Destroy,Read |  |  |  | Destroy
27153,Dwarf remains,Destroy, |  |  |  | Destroy
27198,Dwarf remains,Destroy, |  |  |  | Destroy
27199,Dwarf remains,Destroy, |  |  |  | Destroy
27228,@gre@Blood assembler dye,Destroy, |  |  |  | Destroy
27240,@gre@Robin hood hat (reaver) (broken),Destroy, |  |  |  | Destroy
27243,@gre@Giant anchor,Destroy, | Wield |  |  | Destroy
27245,@gre@Scroll sack (PK),Destroy, | Wear |  |  | Destroy
27246,@gre@Scroll sack (PvM),Destroy, | Wear |  |  | Destroy
27285,@gre@Ghommal's defender (broken),Destroy, |  |  |  | Destroy
27286,@gre@Enchanted blood dye,Destroy, |  |  |  | Destroy
27289,Dwarf remains,Destroy, |  |  |  | Destroy
27306,@gre@Founder's jester hat,Destroy, | Wear |  |  | Destroy
27310,@gre@Founder's boots,Destroy, | Wear |  |  | Destroy
27312,@gre@Founder's balloons,Destroy, | Wield |  |  | Destroy
27350,@gre@Cosmic helm (broken),Destroy, |  |  |  | Destroy
27351,@gre@Cosmic platebody (broken),Destroy, |  |  |  | Destroy
27352,@gre@Cosmic platelegs (broken),Destroy, |  |  |  | Destroy
27356,Dwarf remains,Destroy, |  |  |  | Destroy
27357,Dwarf remains,Destroy, |  |  |  | Destroy
27358,Dwarf remains,Destroy, |  |  |  | Destroy
27359,Dwarf remains,Destroy, |  |  |  | Destroy
27360,Dwarf remains,Destroy, |  |  |  | Destroy
27361,Dwarf remains,Destroy, |  |  |  | Destroy
27362,Dwarf remains,Destroy, |  |  |  | Destroy
27363,Dwarf remains,Destroy, |  |  |  | Destroy
27364,Dwarf remains,Destroy, |  |  |  | Destroy
27365,Dwarf remains,Destroy, |  |  |  | Destroy
27366,Dwarf remains,Destroy, |  |  |  | Destroy
27367,Dwarf remains,Destroy, |  |  |  | Destroy
27368,Dwarf remains,Destroy, |  |  |  | Destroy
27369,Dwarf remains,Destroy, |  |  |  | Destroy
27370,Dwarf remains,Destroy, |  |  |  | Destroy
27371,Dwarf remains,Destroy, |  |  |  | Destroy
27372,Dwarf remains,Destroy, |  |  |  | Destroy
27373,Dwarf remains,Destroy, |  |  |  | Destroy
27374,Dwarf remains,Destroy, |  |  |  | Destroy
27375,Dwarf remains,Destroy, |  |  |  | Destroy
27376,Dwarf remains,Destroy, |  |  |  | Destroy
27377,Dwarf remains,Destroy, |  |  |  | Destroy
27378,Dwarf remains,Destroy, |  |  |  | Destroy
27379,Dwarf remains,Destroy, |  |  |  | Destroy
27380,Dwarf remains,Destroy, |  |  |  | Destroy
27381,Dwarf remains,Destroy, |  |  |  | Destroy
27382,Dwarf remains,Destroy, |  |  |  | Destroy
27383,Dwarf remains,Destroy, |  |  |  | Destroy
27384,Dwarf remains,Destroy, |  |  |  | Destroy
27385,Dwarf remains,Destroy, |  |  |  | Destroy
27386,Dwarf remains,Destroy, |  |  |  | Destroy
27387,Dwarf remains,Destroy, |  |  |  | Destroy
27388,Dwarf remains,Destroy, |  |  |  | Destroy
27389,Dwarf remains,Destroy, |  |  |  | Destroy
27390,Dwarf remains,Destroy, |  |  |  | Destroy
27411,@gre@Pumpkin lantern (t1),Destroy, | Wear |  |  | Destroy
27415,@gre@Pumpkin lantern (t2),Destroy, | Wear |  |  | Destroy
27416,@gre@Pumpkin lantern (t3),Destroy, | Wear |  |  | Destroy
27432,@gre@Elderblood impling jar,Destroy, |  | Loot |  | Destroy
27434,@gre@Lucky impling jar,Destroy, |  | Loot |  | Destroy
27435,@gre@Elderblood butterfly net,Destroy, | Wield |  |  | Destroy
27442,@gre@Aetherglow dye (slayer),Destroy, |  |  |  | Destroy
27444,@gre@Ultimate slayer helm (aether) (broken),Destroy, |  |  |  | Destroy
27453,@gre@Dungeon map,Destroy,Read |  |  |  | Destroy
27458,@gre@Impling token,Destroy,Convert-to-blood |  |  |  | Destroy
27474,@gre@Exotic thread,Destroy,Inspect |  |  |  | Destroy
27488,Dwarf remains,Destroy, |  |  |  | Destroy
27489,Dwarf remains,Destroy, |  |  |  | Destroy
27490,Dwarf remains,Destroy, |  |  |  | Destroy
27491,Dwarf remains,Destroy, |  |  |  | Destroy
27492,Dwarf remains,Destroy, |  |  |  | Destroy
27493,Dwarf remains,Destroy, |  |  |  | Destroy
27494,Dwarf remains,Destroy, |  |  |  | Destroy
27495,Dwarf remains,Destroy, |  |  |  | Destroy
27496,Dwarf remains,Destroy, |  |  |  | Destroy
27497,Dwarf remains,Destroy, |  |  |  | Destroy
27498,Dwarf remains,Destroy, |  |  |  | Destroy
27499,Dwarf remains,Destroy, |  |  |  | Destroy
27500,Dwarf remains,Destroy, |  |  |  | Destroy
27501,Dwarf remains,Destroy, |  |  |  | Destroy
27502,Dwarf remains,Destroy, |  |  |  | Destroy
27503,Dwarf remains,Destroy, |  |  |  | Destroy
27504,Dwarf remains,Destroy, |  |  |  | Destroy
27505,Dwarf remains,Destroy, |  |  |  | Destroy
27506,Dwarf remains,Destroy, |  |  |  | Destroy
27507,Dwarf remains,Destroy, |  |  |  | Destroy
27508,Dwarf remains,Destroy, |  |  |  | Destroy
27509,Dwarf remains,Destroy, |  |  |  | Destroy
27510,@gre@Mysterious torn page 1,Destroy, |  |  |  | Destroy
27511,@gre@Mysterious torn page 2,Destroy, |  |  |  | Destroy
27512,@gre@Mysterious torn page 3,Destroy, |  |  |  | Destroy
27513,@gre@Cursed scriptures,Destroy,Incant |  |  |  | Destroy
27518,@gre@Mysterious map (u),Destroy,Read |  |  |  | Destroy
27519,@gre@Elderblood ring (broken),Destroy, |  |  |  | Destroy
27520,@gre@Elderblood ring (i) (broken),Destroy, |  |  |  | Destroy
27524,@gre@Elderblood ring (i) (broken),Destroy, |  |  |  | Destroy
27525,@gre@Wanderer's amulet (broken),Destroy, |  |  |  | Destroy
27526,@gre@Wanderer's amulet (broken),Destroy, |  |  |  | Destroy
27527,@gre@Wanderer's amulet (i) (broken),Destroy, |  |  |  | Destroy
27528,@gre@Wanderer's amulet (i) (broken),Destroy, |  |  |  | Destroy
27529,@gre@Wanderer's ring (broken),Destroy, |  |  |  | Destroy
27530,@gre@Wanderer's ring (broken),Destroy, |  |  |  | Destroy
27531,@gre@Wanderer's ring (i) (broken),Destroy, |  |  |  | Destroy
27532,@gre@Wanderer's ring (i) (broken),Destroy, |  |  |  | Destroy
27533,@gre@Wanderer's boots (broken),Destroy, |  |  |  | Destroy
27534,@gre@Wanderer's boots (broken),Destroy, |  |  |  | Destroy
27562,@gre@Easter dye 2024,Destroy, |  |  |  | Destroy
27566,@gre@Pink cake hat,Destroy, | Wear |  |  | Destroy
27567,@gre@Blue cake hat,Destroy, | Wear |  |  | Destroy
27570,Dwarf remains,Destroy, |  |  |  | Destroy
27571,Dwarf remains,Destroy, |  |  |  | Destroy
27572,Dwarf remains,Destroy, |  |  |  | Destroy
27573,Dwarf remains,Destroy, |  |  |  | Destroy
27574,Dwarf remains,Destroy, |  |  |  | Destroy
27575,Dwarf remains,Destroy, |  |  |  | Destroy
27576,Dwarf remains,Destroy, |  |  |  | Destroy
27577,Dwarf remains,Destroy, |  |  |  | Destroy
27578,Dwarf remains,Destroy, |  |  |  | Destroy
27579,Dwarf remains,Destroy, |  |  |  | Destroy
27580,Dwarf remains,Destroy, |  |  |  | Destroy
27581,Dwarf remains,Destroy, |  |  |  | Destroy
27582,Dwarf remains,Destroy, |  |  |  | Destroy
27583,Dwarf remains,Destroy, |  |  |  | Destroy
27584,Dwarf remains,Destroy, |  |  |  | Destroy
27585,Dwarf remains,Destroy, |  |  |  | Destroy
27586,Dwarf remains,Destroy, |  |  |  | Destroy
27587,Dwarf remains,Destroy, |  |  |  | Destroy
27588,Dwarf remains,Destroy, |  |  |  | Destroy
27589,Dwarf remains,Destroy, |  |  |  | Destroy
27590,Dwarf remains,Destroy, |  |  |  | Destroy
27591,Dwarf remains,Destroy, |  |  |  | Destroy
27592,Dwarf remains,Destroy, |  |  |  | Destroy
27593,Dwarf remains,Destroy, |  |  |  | Destroy
27594,Dwarf remains,Destroy, |  |  |  | Destroy
27595,Dwarf remains,Destroy, |  |  |  | Destroy
27596,Dwarf remains,Destroy, |  |  |  | Destroy
27597,Dwarf remains,Destroy, |  |  |  | Destroy
27598,Dwarf remains,Destroy, |  |  |  | Destroy
27599,Dwarf remains,Destroy, |  |  |  | Destroy
27600,Dwarf remains,Destroy, |  |  |  | Destroy
27601,Dwarf remains,Destroy, |  |  |  | Destroy
27602,Dwarf remains,Destroy, |  |  |  | Destroy
27603,Dwarf remains,Destroy, |  |  |  | Destroy
27604,Dwarf remains,Destroy, |  |  |  | Destroy
27605,Dwarf remains,Destroy, |  |  |  | Destroy
27606,Dwarf remains,Destroy, |  |  |  | Destroy
27607,Dwarf remains,Destroy, |  |  |  | Destroy
27608,Dwarf remains,Destroy, |  |  |  | Destroy
27609,Dwarf remains,Destroy, |  |  |  | Destroy
27610,Dwarf remains,Destroy, |  |  |  | Destroy
27611,Dwarf remains,Destroy, |  |  |  | Destroy
27612,Dwarf remains,Destroy, |  |  |  | Destroy
27613,Dwarf remains,Destroy, |  |  |  | Destroy
27614,Dwarf remains,Destroy, |  |  |  | Destroy
27615,Dwarf remains,Destroy, |  |  |  | Destroy
27616,Dwarf remains,Destroy, |  |  |  | Destroy
27617,Dwarf remains,Destroy, |  |  |  | Destroy
27618,Dwarf remains,Destroy, |  |  |  | Destroy
27619,Dwarf remains,Destroy, |  |  |  | Destroy
27620,Dwarf remains,Destroy, |  |  |  | Destroy
27621,Dwarf remains,Destroy, |  |  |  | Destroy
27622,Dwarf remains,Destroy, |  |  |  | Destroy
27623,Dwarf remains,Destroy, |  |  |  | Destroy
27624,Dwarf remains,Destroy, |  |  |  | Destroy
27625,Dwarf remains,Destroy, |  |  |  | Destroy
27626,Dwarf remains,Destroy, |  |  |  | Destroy
27627,Dwarf remains,Destroy, |  |  |  | Destroy
27628,Dwarf remains,Destroy, |  |  |  | Destroy
27629,Dwarf remains,Destroy, |  |  |  | Destroy
27630,Dwarf remains,Destroy, |  |  |  | Destroy
27631,Dwarf remains,Destroy, |  |  |  | Destroy
27632,Dwarf remains,Destroy, |  |  |  | Destroy
27633,Dwarf remains,Destroy, |  |  |  | Destroy
27634,Dwarf remains,Destroy, |  |  |  | Destroy
27635,Dwarf remains,Destroy, |  |  |  | Destroy
27636,Dwarf remains,Destroy, |  |  |  | Destroy
27637,Dwarf remains,Destroy, |  |  |  | Destroy
27638,Dwarf remains,Destroy, |  |  |  | Destroy
27639,Dwarf remains,Destroy, |  |  |  | Destroy
27640,Dwarf remains,Destroy, |  |  |  | Destroy
27641,Dwarf remains,Destroy, |  |  |  | Destroy
27642,Dwarf remains,Destroy, |  |  |  | Destroy
27643,Dwarf remains,Destroy, |  |  |  | Destroy
27644,Dwarf remains,Destroy, |  |  |  | Destroy
27645,Dwarf remains,Destroy, |  |  |  | Destroy
27646,Dwarf remains,Destroy, |  |  |  | Destroy
27647,Dwarf remains,Destroy, |  |  |  | Destroy
27648,Dwarf remains,Destroy, |  |  |  | Destroy
27649,Dwarf remains,Destroy, |  |  |  | Destroy
27650,Dwarf remains,Destroy, |  |  |  | Destroy
27651,Dwarf remains,Destroy, |  |  |  | Destroy
27652,Dwarf remains,Destroy, |  |  |  | Destroy
27653,Dwarf remains,Destroy, |  |  |  | Destroy
27654,Dwarf remains,Destroy, |  |  |  | Destroy
27655,Dwarf remains,Destroy, |  |  |  | Destroy
27656,Dwarf remains,Destroy, |  |  |  | Destroy
27657,Dwarf remains,Destroy, |  |  |  | Destroy
27658,Dwarf remains,Destroy, |  |  |  | Destroy
27659,Dwarf remains,Destroy, |  |  |  | Destroy
27660,Dwarf remains,Destroy, |  |  |  | Destroy
27661,Dwarf remains,Destroy, |  |  |  | Destroy
27662,Dwarf remains,Destroy, |  |  |  | Destroy
27663,Dwarf remains,Destroy, |  |  |  | Destroy
27664,Dwarf remains,Destroy, |  |  |  | Destroy
27665,Dwarf remains,Destroy, |  |  |  | Destroy
27666,Dwarf remains,Destroy, |  |  |  | Destroy
27667,Dwarf remains,Destroy, |  |  |  | Destroy
27668,Dwarf remains,Destroy, |  |  |  | Destroy
27669,Dwarf remains,Destroy, |  |  |  | Destroy
27674,@red@Midnight butterfly net,Destroy, | Wield |  |  | Destroy
27679,@gre@Event hunter token,Destroy,Exchange |  |  |  | Destroy
27692,Dwarf remains,Destroy, |  |  |  | Destroy
27693,Dwarf remains,Destroy, |  |  |  | Destroy
27694,Dwarf remains,Destroy, |  |  |  | Destroy
27695,Dwarf remains,Destroy, |  |  |  | Destroy
27696,Dwarf remains,Destroy, |  |  |  | Destroy
27697,Dwarf remains,Destroy, |  |  |  | Destroy
27698,Dwarf remains,Destroy, |  |  |  | Destroy
27699,Dwarf remains,Destroy, |  |  |  | Destroy
27700,Dwarf remains,Destroy, |  |  |  | Destroy
27701,Dwarf remains,Destroy, |  |  |  | Destroy
27702,Dwarf remains,Destroy, |  |  |  | Destroy
27703,Dwarf remains,Destroy, |  |  |  | Destroy
27704,Dwarf remains,Destroy, |  |  |  | Destroy
27705,Dwarf remains,Destroy, |  |  |  | Destroy
27706,Dwarf remains,Destroy, |  |  |  | Destroy
27707,Dwarf remains,Destroy, |  |  |  | Destroy
27708,Dwarf remains,Destroy, |  |  |  | Destroy
27709,Dwarf remains,Destroy, |  |  |  | Destroy
27710,Dwarf remains,Destroy, |  |  |  | Destroy
27711,Dwarf remains,Destroy, |  |  |  | Destroy
27712,Dwarf remains,Destroy, |  |  |  | Destroy
27713,Dwarf remains,Destroy, |  |  |  | Destroy
27714,Dwarf remains,Destroy, |  |  |  | Destroy
27715,Dwarf remains,Destroy, |  |  |  | Destroy
27716,Dwarf remains,Destroy, |  |  |  | Destroy
27717,Dwarf remains,Destroy, |  |  |  | Destroy
27718,Dwarf remains,Destroy, |  |  |  | Destroy
27719,Dwarf remains,Destroy, |  |  |  | Destroy
27720,Dwarf remains,Destroy, |  |  |  | Destroy
27721,Dwarf remains,Destroy, |  |  |  | Destroy
27722,Dwarf remains,Destroy, |  |  |  | Destroy
27723,Dwarf remains,Destroy, |  |  |  | Destroy
27724,Dwarf remains,Destroy, |  |  |  | Destroy
27725,Dwarf remains,Destroy, |  |  |  | Destroy
27726,Dwarf remains,Destroy, |  |  |  | Destroy
27727,Dwarf remains,Destroy, |  |  |  | Destroy
27728,Dwarf remains,Destroy, |  |  |  | Destroy
27729,Dwarf remains,Destroy, |  |  |  | Destroy
27730,Dwarf remains,Destroy, |  |  |  | Destroy
27731,Dwarf remains,Destroy, |  |  |  | Destroy
27732,Dwarf remains,Destroy, |  |  |  | Destroy
27733,Dwarf remains,Destroy, |  |  |  | Destroy
27734,Dwarf remains,Destroy, |  |  |  | Destroy
27735,Dwarf remains,Destroy, |  |  |  | Destroy
27736,Dwarf remains,Destroy, |  |  |  | Destroy
27737,Dwarf remains,Destroy, |  |  |  | Destroy
27738,Dwarf remains,Destroy, |  |  |  | Destroy
27739,Dwarf remains,Destroy, |  |  |  | Destroy
27740,Dwarf remains,Destroy, |  |  |  | Destroy
27741,Dwarf remains,Destroy, |  |  |  | Destroy
27742,Dwarf remains,Destroy, |  |  |  | Destroy
27743,Dwarf remains,Destroy, |  |  |  | Destroy
27744,Dwarf remains,Destroy, |  |  |  | Destroy
27745,Dwarf remains,Destroy, |  |  |  | Destroy
27746,Dwarf remains,Destroy, |  |  |  | Destroy
27747,Dwarf remains,Destroy, |  |  |  | Destroy
27748,Dwarf remains,Destroy, |  |  |  | Destroy
27749,Dwarf remains,Destroy, |  |  |  | Destroy
27750,Dwarf remains,Destroy, |  |  |  | Destroy
27751,Dwarf remains,Destroy, |  |  |  | Destroy
27752,Dwarf remains,Destroy, |  |  |  | Destroy
27753,Dwarf remains,Destroy, |  |  |  | Destroy
27754,Dwarf remains,Destroy, |  |  |  | Destroy
27755,Dwarf remains,Destroy, |  |  |  | Destroy
27756,Dwarf remains,Destroy, |  |  |  | Destroy
27757,Dwarf remains,Destroy, |  |  |  | Destroy
27758,Dwarf remains,Destroy, |  |  |  | Destroy
27759,Dwarf remains,Destroy, |  |  |  | Destroy
27760,Dwarf remains,Destroy, |  |  |  | Destroy
27761,Dwarf remains,Destroy, |  |  |  | Destroy
27762,Dwarf remains,Destroy, |  |  |  | Destroy
27763,Dwarf remains,Destroy, |  |  |  | Destroy
27764,Dwarf remains,Destroy, |  |  |  | Destroy
27765,Dwarf remains,Destroy, |  |  |  | Destroy
27766,Dwarf remains,Destroy, |  |  |  | Destroy
27767,Dwarf remains,Destroy, |  |  |  | Destroy
27768,Dwarf remains,Destroy, |  |  |  | Destroy
27769,Dwarf remains,Destroy, |  |  |  | Destroy
27770,Dwarf remains,Destroy, |  |  |  | Destroy
27771,Dwarf remains,Destroy, |  |  |  | Destroy
27772,Dwarf remains,Destroy, |  |  |  | Destroy
27773,Dwarf remains,Destroy, |  |  |  | Destroy
27774,Dwarf remains,Destroy, |  |  |  | Destroy
27775,Dwarf remains,Destroy, |  |  |  | Destroy
27776,Dwarf remains,Destroy, |  |  |  | Destroy
27777,Dwarf remains,Destroy, |  |  |  | Destroy
27778,Dwarf remains,Destroy, |  |  |  | Destroy
27779,Dwarf remains,Destroy, |  |  |  | Destroy
27780,Dwarf remains,Destroy, |  |  |  | Destroy
27781,Dwarf remains,Destroy, |  |  |  | Destroy
27782,Dwarf remains,Destroy, |  |  |  | Destroy
27783,Dwarf remains,Destroy, |  |  |  | Destroy
27784,Dwarf remains,Destroy, |  |  |  | Destroy
27785,Dwarf remains,Destroy, |  |  |  | Destroy
27786,Dwarf remains,Destroy, |  |  |  | Destroy
27787,Dwarf remains,Destroy, |  |  |  | Destroy
27788,Dwarf remains,Destroy, |  |  |  | Destroy
27789,Dwarf remains,Destroy, |  |  |  | Destroy
27790,Dwarf remains,Destroy, |  |  |  | Destroy
27791,Dwarf remains,Destroy, |  |  |  | Destroy
27792,Dwarf remains,Destroy, |  |  |  | Destroy
27793,Dwarf remains,Destroy, |  |  |  | Destroy
27794,Dwarf remains,Destroy, |  |  |  | Destroy
27795,Dwarf remains,Destroy, |  |  |  | Destroy
27796,Dwarf remains,Destroy, |  |  |  | Destroy
27797,Dwarf remains,Destroy, |  |  |  | Destroy
27798,Dwarf remains,Destroy, |  |  |  | Destroy
27799,Dwarf remains,Destroy, |  |  |  | Destroy
27800,Dwarf remains,Destroy, |  |  |  | Destroy
27801,Dwarf remains,Destroy, |  |  |  | Destroy
27802,Dwarf remains,Destroy, |  |  |  | Destroy
27803,Dwarf remains,Destroy, |  |  |  | Destroy
27804,Dwarf remains,Destroy, |  |  |  | Destroy
27805,Dwarf remains,Destroy, |  |  |  | Destroy
27806,Dwarf remains,Destroy, |  |  |  | Destroy
27807,Dwarf remains,Destroy, |  |  |  | Destroy
27808,Dwarf remains,Destroy, |  |  |  | Destroy
27809,Dwarf remains,Destroy, |  |  |  | Destroy
27810,Dwarf remains,Destroy, |  |  |  | Destroy
27811,Dwarf remains,Destroy, |  |  |  | Destroy
27812,Dwarf remains,Destroy, |  |  |  | Destroy
27813,Dwarf remains,Destroy, |  |  |  | Destroy
27814,Dwarf remains,Destroy, |  |  |  | Destroy
27815,Dwarf remains,Destroy, |  |  |  | Destroy
27816,Dwarf remains,Destroy, |  |  |  | Destroy
27817,Dwarf remains,Destroy, |  |  |  | Destroy
27818,Dwarf remains,Destroy, |  |  |  | Destroy
27819,Dwarf remains,Destroy, |  |  |  | Destroy
27820,Dwarf remains,Destroy, |  |  |  | Destroy
27821,Dwarf remains,Destroy, |  |  |  | Destroy
27822,Dwarf remains,Destroy, |  |  |  | Destroy
27823,Dwarf remains,Destroy, |  |  |  | Destroy
27824,Dwarf remains,Destroy, |  |  |  | Destroy
27825,Dwarf remains,Destroy, |  |  |  | Destroy
27826,Dwarf remains,Destroy, |  |  |  | Destroy
27827,Dwarf remains,Destroy, |  |  |  | Destroy
27828,Dwarf remains,Destroy, |  |  |  | Destroy
27829,Dwarf remains,Destroy, |  |  |  | Destroy
27830,Dwarf remains,Destroy, |  |  |  | Destroy
27831,Dwarf remains,Destroy, |  |  |  | Destroy
27832,Dwarf remains,Destroy, |  |  |  | Destroy
27833,Dwarf remains,Destroy, |  |  |  | Destroy
27834,Dwarf remains,Destroy, |  |  |  | Destroy
27835,Dwarf remains,Destroy, |  |  |  | Destroy
27836,Dwarf remains,Destroy, |  |  |  | Destroy
27837,Dwarf remains,Destroy, |  |  |  | Destroy
27838,Dwarf remains,Destroy, |  |  |  | Destroy
27839,Dwarf remains,Destroy, |  |  |  | Destroy
27840,Dwarf remains,Destroy, |  |  |  | Destroy
27841,Dwarf remains,Destroy, |  |  |  | Destroy
27842,Dwarf remains,Destroy, |  |  |  | Destroy
27843,Dwarf remains,Destroy, |  |  |  | Destroy
27844,Dwarf remains,Destroy, |  |  |  | Destroy
27845,Dwarf remains,Destroy, |  |  |  | Destroy
27846,Dwarf remains,Destroy, |  |  |  | Destroy
27847,Dwarf remains,Destroy, |  |  |  | Destroy
27848,Dwarf remains,Destroy, |  |  |  | Destroy
27849,Dwarf remains,Destroy, |  |  |  | Destroy
27850,Dwarf remains,Destroy, |  |  |  | Destroy
27851,Dwarf remains,Destroy, |  |  |  | Destroy
27852,Dwarf remains,Destroy, |  |  |  | Destroy
27853,Dwarf remains,Destroy, |  |  |  | Destroy
27854,Dwarf remains,Destroy, |  |  |  | Destroy
27855,Dwarf remains,Destroy, |  |  |  | Destroy
27856,Dwarf remains,Destroy, |  |  |  | Destroy
27857,Dwarf remains,Destroy, |  |  |  | Destroy
27858,Dwarf remains,Destroy, |  |  |  | Destroy
27859,Dwarf remains,Destroy, |  |  |  | Destroy
27860,Dwarf remains,Destroy, |  |  |  | Destroy
27861,Dwarf remains,Destroy, |  |  |  | Destroy
27862,Dwarf remains,Destroy, |  |  |  | Destroy
27863,Dwarf remains,Destroy, |  |  |  | Destroy
27864,Dwarf remains,Destroy, |  |  |  | Destroy
27865,Dwarf remains,Destroy, |  |  |  | Destroy
27866,Dwarf remains,Destroy, |  |  |  | Destroy
27867,Dwarf remains,Destroy, |  |  |  | Destroy
27868,Dwarf remains,Destroy, |  |  |  | Destroy
27869,Dwarf remains,Destroy, |  |  |  | Destroy
27870,Dwarf remains,Destroy, |  |  |  | Destroy
27871,Dwarf remains,Destroy, |  |  |  | Destroy
27872,Dwarf remains,Destroy, |  |  |  | Destroy
27873,Dwarf remains,Destroy, |  |  |  | Destroy
27874,Dwarf remains,Destroy, |  |  |  | Destroy
27875,Dwarf remains,Destroy, |  |  |  | Destroy
27876,Dwarf remains,Destroy, |  |  |  | Destroy
27877,Dwarf remains,Destroy, |  |  |  | Destroy
27878,Dwarf remains,Destroy, |  |  |  | Destroy
27879,Dwarf remains,Destroy, |  |  |  | Destroy
27880,Dwarf remains,Destroy, |  |  |  | Destroy
27881,Dwarf remains,Destroy, |  |  |  | Destroy
27882,Dwarf remains,Destroy, |  |  |  | Destroy
27883,Dwarf remains,Destroy, |  |  |  | Destroy
27884,Dwarf remains,Destroy, |  |  |  | Destroy
27885,Dwarf remains,Destroy, |  |  |  | Destroy
27886,Dwarf remains,Destroy, |  |  |  | Destroy
27887,Dwarf remains,Destroy, |  |  |  | Destroy
27888,Dwarf remains,Destroy, |  |  |  | Destroy
27889,Dwarf remains,Destroy, |  |  |  | Destroy
27890,Dwarf remains,Destroy, |  |  |  | Destroy
27891,Dwarf remains,Destroy, |  |  |  | Destroy
27892,Dwarf remains,Destroy, |  |  |  | Destroy
27893,Dwarf remains,Destroy, |  |  |  | Destroy
27894,Dwarf remains,Destroy, |  |  |  | Destroy
27895,Dwarf remains,Destroy, |  |  |  | Destroy
27896,Dwarf remains,Destroy, |  |  |  | Destroy
27897,Dwarf remains,Destroy, |  |  |  | Destroy
27898,Dwarf remains,Destroy, |  |  |  | Destroy
27899,Dwarf remains,Destroy, |  |  |  | Destroy
27900,Dwarf remains,Destroy, |  |  |  | Destroy
27901,Dwarf remains,Destroy, |  |  |  | Destroy
27902,Dwarf remains,Destroy, |  |  |  | Destroy
27903,Dwarf remains,Destroy, |  |  |  | Destroy
27904,Dwarf remains,Destroy, |  |  |  | Destroy
27905,Dwarf remains,Destroy, |  |  |  | Destroy
27906,Dwarf remains,Destroy, |  |  |  | Destroy
27907,Dwarf remains,Destroy, |  |  |  | Destroy
27908,Dwarf remains,Destroy, |  |  |  | Destroy
27909,Dwarf remains,Destroy, |  |  |  | Destroy
27910,Dwarf remains,Destroy, |  |  |  | Destroy
27911,Dwarf remains,Destroy, |  |  |  | Destroy
27912,Dwarf remains,Destroy, |  |  |  | Destroy
27913,Dwarf remains,Destroy, |  |  |  | Destroy
27923,@gre@Glorious statuette (st.),Destroy,Exchange |  |  |  | Destroy
27960,@gre@Chugging barrel,Destroy,Drink | Open | Dismantle |  | Destroy
27962,@gre@Alchemist's amulet,Uncharge, | Wear | Check | Charge | Uncharge
27967,@gre@Snake mask,Destroy, | Wear |  |  | Destroy
27969,@gre@Pendant of ates,Uncharge, | Wear | Rub | Check | Uncharge
27973,@gre@Dark squall robe bottom,Destroy, | Wear |  |  | Destroy
27974,@gre@Dark squall robe top,Destroy, | Wear |  |  | Destroy
27975,@gre@Dark squall hood,Destroy, | Wear |  |  | Destroy
27984,@gre@Echo boots,Revert, | Wear | Check | Toggle-activity | Revert
27988,@gre@Tonalztics of ralos,Uncharge, | Wield | Check | Charge | Uncharge
27989,@gre@Dizana's max cape,Destroy, | Wear | Open | Empty | Destroy
27991,@gre@Tecu salamander,Release, | Wield |  |  | Release
27993,@gre@Sage's axe,Destroy, | Wield |  |  | Destroy
27994,@gre@Sage's greaves,Destroy, | Wear |  |  | Destroy
27995,@gre@Blazing blowpipe,Uncharge, | Wield | Check | Unload | Uncharge
27997,@gre@Warped sceptre,Uncharge, | Wield | Check | Charge | Uncharge
28001,@gre@Ring of shadows,Uncharge,Wear | Teleport | Check | Charge | Uncharge
28002,@gre@Love crossbow,Destroy, | Wield |  |  | Destroy
28003,@gre@Dragon chainbody (cr),Dismantle, | Wear |  |  | Dismantle
28004,@gre@Dragon platelegs (cr),Dismantle, | Wear |  |  | Dismantle
28005,@gre@Dragon med helm (cr),Dismantle, | Wear |  |  | Dismantle
28006,@gre@Dragon boots (cr),Dismantle, | Wear |  |  | Dismantle
28007,@gre@Dragon crossbow (cr),Dismantle, | Wield |  |  | Dismantle
28008,@gre@Dragon 2h sword (cr),Dismantle, | Wield |  |  | Dismantle
28009,@gre@Dragon halberd (cr),Dismantle, | Wield |  |  | Dismantle
28010,@gre@Dragon claws (cr),Dismantle, | Wield |  |  | Dismantle
28011,@gre@Dragon battleaxe (cr),Dismantle, | Wield |  |  | Dismantle
28012,@gre@Dragon warhammer (cr),Dismantle, | Wield |  |  | Dismantle
28013,@gre@Dragon longsword (cr),Dismantle, | Wield |  |  | Dismantle
28014,@gre@Dragon scimitar (cr),Dismantle, | Wield |  |  | Dismantle
28015,@gre@Dragon sword (cr),Dismantle, | Wield |  |  | Dismantle
28016,@gre@Dragon mace (cr),Dismantle, | Wield |  |  | Dismantle
28017,@gre@Dragon dagger (cr),Dismantle, | Wield |  |  | Dismantle
28020,@gre@Corrupted tumeken's shadow,Uncharge, | Wield | Check | Charge | Uncharge
28027,@gre@Elder chaos hood (or),Dismantle, | Wear |  |  | Dismantle
28028,@gre@Elder chaos robe (or),Dismantle, | Wear |  |  | Dismantle
28029,@gre@Elder chaos top (or),Dismantle, | Wear |  |  | Dismantle
28030,@gre@Elder maul (or),Dismantle, | Wield |  |  | Dismantle
28031,@gre@Amulet of the eye,Destroy, | Wear | Teleport |  | Destroy
28044,@gre@Cursed void top,Destroy, |  |  |  | Destroy
28045,@gre@Cursed void robe,Destroy, |  |  |  | Destroy
28046,@gre@Cursed void top (dyed),Destroy, |  |  |  | Destroy
28047,@gre@Cursed void robe (dyed),Destroy, |  |  |  | Destroy
28051,Dwarf remains,Destroy, |  |  |  | Destroy
28062,Dwarf remains,Destroy, |  |  |  | Destroy
28063,Dwarf remains,Destroy, |  |  |  | Destroy
28064,Dwarf remains,Destroy, |  |  |  | Destroy
28065,Dwarf remains,Destroy, |  |  |  | Destroy
28066,Dwarf remains,Destroy, |  |  |  | Destroy
28084,@gre@Yama's axe,Dismantle, | Wield |  |  | Dismantle
28116,Edge supply crate (rocktail),Destroy,Open |  |  |  | Destroy
28117,@gre@Edge supply crate (anglerfish),Destroy,Open |  |  |  | Destroy
28124,@gre@Edge supply crate (angler range),Destroy,Open |  |  |  | Destroy
28151,@red@Dragon candle dagger,Destroy, | Wield |  |  | Destroy
28152,@gre@(Cosmetic) Candle dagger,Destroy,Toggle |  |  |  | Destroy
28158,Dwarf remains,Destroy, |  |  |  | Destroy
28159,Dwarf remains,Destroy, |  |  |  | Destroy
28160,Dwarf remains,Destroy, |  |  |  | Destroy
28176,@gre@Carrot sword,Destroy, | Wield |  |  | Destroy
28186,@gre@Spring bloom dye,Destroy, |  |  |  | Destroy
28191,@gre@Blood diamond boost voucher,Destroy, |  |  |  | Destroy
28192,@gre@Bloodcore boost voucher,Destroy, |  |  |  | Destroy
28193,@gre@Bloodchanting boost voucher,Destroy, |  |  |  | Destroy
28203,Dwarf remains,Destroy, |  |  |  | Destroy
28204,Dwarf remains,Destroy, |  |  |  | Destroy
28205,Dwarf remains,Destroy, |  |  |  | Destroy
28206,Dwarf remains,Destroy, |  |  |  | Destroy
28207,Dwarf remains,Destroy, |  |  |  | Destroy
28208,Dwarf remains,Destroy, |  |  |  | Destroy
28209,Dwarf remains,Destroy, |  |  |  | Destroy
28210,Dwarf remains,Destroy, |  |  |  | Destroy
28211,Dwarf remains,Destroy, |  |  |  | Destroy
28212,Dwarf remains,Destroy, |  |  |  | Destroy
28213,Dwarf remains,Destroy, |  |  |  | Destroy
28214,Dwarf remains,Destroy, |  |  |  | Destroy
28215,Dwarf remains,Destroy, |  |  |  | Destroy
28216,Dwarf remains,Destroy, |  |  |  | Destroy
28217,Dwarf remains,Destroy, |  |  |  | Destroy
28218,Dwarf remains,Destroy, |  |  |  | Destroy
28219,Dwarf remains,Destroy, |  |  |  | Destroy
28220,Dwarf remains,Destroy, |  |  |  | Destroy
28221,Dwarf remains,Destroy, |  |  |  | Destroy
28222,Dwarf remains,Destroy, |  |  |  | Destroy
28223,Dwarf remains,Destroy, |  |  |  | Destroy
28224,Dwarf remains,Destroy, |  |  |  | Destroy
28225,Dwarf remains,Destroy, |  |  |  | Destroy
28226,Dwarf remains,Destroy, |  |  |  | Destroy
28227,Dwarf remains,Destroy, |  |  |  | Destroy
28228,Dwarf remains,Destroy, |  |  |  | Destroy
28229,Dwarf remains,Destroy, |  |  |  | Destroy
28230,Dwarf remains,Destroy, |  |  |  | Destroy
28231,Dwarf remains,Destroy, |  |  |  | Destroy
28232,Dwarf remains,Destroy, |  |  |  | Destroy
28233,Dwarf remains,Destroy, |  |  |  | Destroy
28234,Dwarf remains,Destroy, |  |  |  | Destroy
28235,Dwarf remains,Destroy, |  |  |  | Destroy
28236,Dwarf remains,Destroy, |  |  |  | Destroy
28237,Dwarf remains,Destroy, |  |  |  | Destroy
28238,Dwarf remains,Destroy, |  |  |  | Destroy
28239,Dwarf remains,Destroy, |  |  |  | Destroy
28240,Dwarf remains,Destroy, |  |  |  | Destroy
28241,Dwarf remains,Destroy, |  |  |  | Destroy
28242,Dwarf remains,Destroy, |  |  |  | Destroy
28243,Dwarf remains,Destroy, |  |  |  | Destroy
28244,Dwarf remains,Destroy, |  |  |  | Destroy
28245,Dwarf remains,Destroy, |  |  |  | Destroy
28246,Dwarf remains,Destroy, |  |  |  | Destroy
28247,Dwarf remains,Destroy, |  |  |  | Destroy
28248,Dwarf remains,Destroy, |  |  |  | Destroy
28249,Dwarf remains,Destroy, |  |  |  | Destroy
28250,Dwarf remains,Destroy, |  |  |  | Destroy
28251,Dwarf remains,Destroy, |  |  |  | Destroy
28252,Dwarf remains,Destroy, |  |  |  | Destroy
28253,Dwarf remains,Destroy, |  |  |  | Destroy
28254,Dwarf remains,Destroy, |  |  |  | Destroy
28255,Dwarf remains,Destroy, |  |  |  | Destroy
28256,Dwarf remains,Destroy, |  |  |  | Destroy
28257,Dwarf remains,Destroy, |  |  |  | Destroy
28258,Dwarf remains,Destroy, |  |  |  | Destroy
28259,Dwarf remains,Destroy, |  |  |  | Destroy
28260,Dwarf remains,Destroy, |  |  |  | Destroy
28261,Dwarf remains,Destroy, |  |  |  | Destroy
28262,Dwarf remains,Destroy, |  |  |  | Destroy
28263,Dwarf remains,Destroy, |  |  |  | Destroy
28264,Dwarf remains,Destroy, |  |  |  | Destroy
28265,Dwarf remains,Destroy, |  |  |  | Destroy
28266,Dwarf remains,Destroy, |  |  |  | Destroy
28267,Dwarf remains,Destroy, |  |  |  | Destroy
28268,Dwarf remains,Destroy, |  |  |  | Destroy
28269,Dwarf remains,Destroy, |  |  |  | Destroy
28270,Dwarf remains,Destroy, |  |  |  | Destroy
28271,Dwarf remains,Destroy, |  |  |  | Destroy
28272,Dwarf remains,Destroy, |  |  |  | Destroy
28273,Dwarf remains,Destroy, |  |  |  | Destroy
28274,Dwarf remains,Destroy, |  |  |  | Destroy
28275,Dwarf remains,Destroy, |  |  |  | Destroy
28276,Dwarf remains,Destroy, |  |  |  | Destroy
28277,Dwarf remains,Destroy, |  |  |  | Destroy
28278,Dwarf remains,Destroy, |  |  |  | Destroy
28279,Dwarf remains,Destroy, |  |  |  | Destroy
28280,Dwarf remains,Destroy, |  |  |  | Destroy
28281,Dwarf remains,Destroy, |  |  |  | Destroy
28282,Dwarf remains,Destroy, |  |  |  | Destroy
28283,Dwarf remains,Destroy, |  |  |  | Destroy
28284,Dwarf remains,Destroy, |  |  |  | Destroy
28285,Dwarf remains,Destroy, |  |  |  | Destroy
28286,Dwarf remains,Destroy, |  |  |  | Destroy
28287,Dwarf remains,Destroy, |  |  |  | Destroy
28288,Dwarf remains,Destroy, |  |  |  | Destroy
28289,Dwarf remains,Destroy, |  |  |  | Destroy
28290,Dwarf remains,Destroy, |  |  |  | Destroy
28291,Dwarf remains,Destroy, |  |  |  | Destroy
28292,Dwarf remains,Destroy, |  |  |  | Destroy
28293,Dwarf remains,Destroy, |  |  |  | Destroy
28294,Dwarf remains,Destroy, |  |  |  | Destroy
28295,Dwarf remains,Destroy, |  |  |  | Destroy
28296,Dwarf remains,Destroy, |  |  |  | Destroy
28297,Dwarf remains,Destroy, |  |  |  | Destroy
28298,Dwarf remains,Destroy, |  |  |  | Destroy
28299,Dwarf remains,Destroy, |  |  |  | Destroy
28300,Dwarf remains,Destroy, |  |  |  | Destroy
28301,Dwarf remains,Destroy, |  |  |  | Destroy
28302,Dwarf remains,Destroy, |  |  |  | Destroy
28303,Dwarf remains,Destroy, |  |  |  | Destroy
28304,Dwarf remains,Destroy, |  |  |  | Destroy
28305,Dwarf remains,Destroy, |  |  |  | Destroy
28306,Dwarf remains,Destroy, |  |  |  | Destroy
28307,Dwarf remains,Destroy, |  |  |  | Destroy
28308,Dwarf remains,Destroy, |  |  |  | Destroy
28309,Dwarf remains,Destroy, |  |  |  | Destroy
28310,Dwarf remains,Destroy, |  |  |  | Destroy
28311,Dwarf remains,Destroy, |  |  |  | Destroy
28312,Dwarf remains,Destroy, |  |  |  | Destroy
28313,Dwarf remains,Destroy, |  |  |  | Destroy
28314,Dwarf remains,Destroy, |  |  |  | Destroy
28315,Dwarf remains,Destroy, |  |  |  | Destroy
28316,Dwarf remains,Destroy, |  |  |  | Destroy
28317,Dwarf remains,Destroy, |  |  |  | Destroy
28318,Dwarf remains,Destroy, |  |  |  | Destroy
28319,Dwarf remains,Destroy, |  |  |  | Destroy
28320,Dwarf remains,Destroy, |  |  |  | Destroy
28321,Dwarf remains,Destroy, |  |  |  | Destroy
28322,Dwarf remains,Destroy, |  |  |  | Destroy
28323,Dwarf remains,Destroy, |  |  |  | Destroy
28324,Dwarf remains,Destroy, |  |  |  | Destroy
28325,Dwarf remains,Destroy, |  |  |  | Destroy
28326,Dwarf remains,Destroy, |  |  |  | Destroy
28327,Dwarf remains,Destroy, |  |  |  | Destroy
28328,Dwarf remains,Destroy, |  |  |  | Destroy
28329,Dwarf remains,Destroy, |  |  |  | Destroy
28330,Dwarf remains,Destroy, |  |  |  | Destroy
28331,Dwarf remains,Destroy, |  |  |  | Destroy
28332,Dwarf remains,Destroy, |  |  |  | Destroy
28333,Dwarf remains,Destroy, |  |  |  | Destroy
28334,Dwarf remains,Destroy, |  |  |  | Destroy
28335,Dwarf remains,Destroy, |  |  |  | Destroy
28336,Dwarf remains,Destroy, |  |  |  | Destroy
28337,Dwarf remains,Destroy, |  |  |  | Destroy
28338,Dwarf remains,Destroy, |  |  |  | Destroy
28339,Dwarf remains,Destroy, |  |  |  | Destroy
28340,Dwarf remains,Destroy, |  |  |  | Destroy
28341,Dwarf remains,Destroy, |  |  |  | Destroy
28342,Dwarf remains,Destroy, |  |  |  | Destroy
28343,Dwarf remains,Destroy, |  |  |  | Destroy
28344,Dwarf remains,Destroy, |  |  |  | Destroy
28345,Dwarf remains,Destroy, |  |  |  | Destroy
28346,Dwarf remains,Destroy, |  |  |  | Destroy
28347,Dwarf remains,Destroy, |  |  |  | Destroy
28348,Dwarf remains,Destroy, |  |  |  | Destroy
28349,Dwarf remains,Destroy, |  |  |  | Destroy
28350,Dwarf remains,Destroy, |  |  |  | Destroy
28351,Dwarf remains,Destroy, |  |  |  | Destroy
28352,Dwarf remains,Destroy, |  |  |  | Destroy
28353,Dwarf remains,Destroy, |  |  |  | Destroy
28354,Dwarf remains,Destroy, |  |  |  | Destroy
28355,Dwarf remains,Destroy, |  |  |  | Destroy
28356,Dwarf remains,Destroy, |  |  |  | Destroy
28357,Dwarf remains,Destroy, |  |  |  | Destroy
28358,Dwarf remains,Destroy, |  |  |  | Destroy
28359,Dwarf remains,Destroy, |  |  |  | Destroy
28360,Dwarf remains,Destroy, |  |  |  | Destroy
28361,Dwarf remains,Destroy, |  |  |  | Destroy
28362,Dwarf remains,Destroy, |  |  |  | Destroy
28363,Dwarf remains,Destroy, |  |  |  | Destroy
28364,Dwarf remains,Destroy, |  |  |  | Destroy
28365,Dwarf remains,Destroy, |  |  |  | Destroy
28366,Dwarf remains,Destroy, |  |  |  | Destroy
28367,Dwarf remains,Destroy, |  |  |  | Destroy
28368,Dwarf remains,Destroy, |  |  |  | Destroy
28369,Dwarf remains,Destroy, |  |  |  | Destroy
28370,Dwarf remains,Destroy, |  |  |  | Destroy
28371,Dwarf remains,Destroy, |  |  |  | Destroy
28372,Dwarf remains,Destroy, |  |  |  | Destroy
28373,Dwarf remains,Destroy, |  |  |  | Destroy
28374,Dwarf remains,Destroy, |  |  |  | Destroy
28375,Dwarf remains,Destroy, |  |  |  | Destroy
28376,Dwarf remains,Destroy, |  |  |  | Destroy
28377,Dwarf remains,Destroy, |  |  |  | Destroy
28378,Dwarf remains,Destroy, |  |  |  | Destroy
28379,Dwarf remains,Destroy, |  |  |  | Destroy
28380,Dwarf remains,Destroy, |  |  |  | Destroy
28381,Dwarf remains,Destroy, |  |  |  | Destroy
28382,Dwarf remains,Destroy, |  |  |  | Destroy
28383,Dwarf remains,Destroy, |  |  |  | Destroy
28384,Dwarf remains,Destroy, |  |  |  | Destroy
28385,Dwarf remains,Destroy, |  |  |  | Destroy
28386,Dwarf remains,Destroy, |  |  |  | Destroy
28387,Dwarf remains,Destroy, |  |  |  | Destroy
28388,Dwarf remains,Destroy, |  |  |  | Destroy
28389,Dwarf remains,Destroy, |  |  |  | Destroy
28390,Dwarf remains,Destroy, |  |  |  | Destroy
28391,Dwarf remains,Destroy, |  |  |  | Destroy
28392,Dwarf remains,Destroy, |  |  |  | Destroy
28393,Dwarf remains,Destroy, |  |  |  | Destroy
28394,Dwarf remains,Destroy, |  |  |  | Destroy
28395,Dwarf remains,Destroy, |  |  |  | Destroy
28396,Dwarf remains,Destroy, |  |  |  | Destroy
28397,Dwarf remains,Destroy, |  |  |  | Destroy
28398,Dwarf remains,Destroy, |  |  |  | Destroy
28399,Dwarf remains,Destroy, |  |  |  | Destroy
28400,Dwarf remains,Destroy, |  |  |  | Destroy
28401,Dwarf remains,Destroy, |  |  |  | Destroy
28402,Dwarf remains,Destroy, |  |  |  | Destroy
28403,Dwarf remains,Destroy, |  |  |  | Destroy
28404,Dwarf remains,Destroy, |  |  |  | Destroy
28405,Dwarf remains,Destroy, |  |  |  | Destroy
28406,Dwarf remains,Destroy, |  |  |  | Destroy
28407,Dwarf remains,Destroy, |  |  |  | Destroy
28408,Dwarf remains,Destroy, |  |  |  | Destroy
28409,Dwarf remains,Destroy, |  |  |  | Destroy
28410,Dwarf remains,Destroy, |  |  |  | Destroy
28411,Dwarf remains,Destroy, |  |  |  | Destroy
28412,Dwarf remains,Destroy, |  |  |  | Destroy
28413,Dwarf remains,Destroy, |  |  |  | Destroy
28414,Dwarf remains,Destroy, |  |  |  | Destroy
28415,Dwarf remains,Destroy, |  |  |  | Destroy
28416,Dwarf remains,Destroy, |  |  |  | Destroy
28417,Dwarf remains,Destroy, |  |  |  | Destroy
28418,Dwarf remains,Destroy, |  |  |  | Destroy
28419,Dwarf remains,Destroy, |  |  |  | Destroy
28420,Dwarf remains,Destroy, |  |  |  | Destroy
28421,Dwarf remains,Destroy, |  |  |  | Destroy
28422,Dwarf remains,Destroy, |  |  |  | Destroy
28423,Dwarf remains,Destroy, |  |  |  | Destroy
28424,Dwarf remains,Destroy, |  |  |  | Destroy
28425,Dwarf remains,Destroy, |  |  |  | Destroy
28426,Dwarf remains,Destroy, |  |  |  | Destroy
28427,Dwarf remains,Destroy, |  |  |  | Destroy
28428,Dwarf remains,Destroy, |  |  |  | Destroy
28429,Dwarf remains,Destroy, |  |  |  | Destroy
28430,Dwarf remains,Destroy, |  |  |  | Destroy
28431,Dwarf remains,Destroy, |  |  |  | Destroy
28432,Dwarf remains,Destroy, |  |  |  | Destroy
28433,Dwarf remains,Destroy, |  |  |  | Destroy
28434,Dwarf remains,Destroy, |  |  |  | Destroy
28435,Dwarf remains,Destroy, |  |  |  | Destroy
28436,Dwarf remains,Destroy, |  |  |  | Destroy
28437,Dwarf remains,Destroy, |  |  |  | Destroy
28438,Dwarf remains,Destroy, |  |  |  | Destroy
28439,Dwarf remains,Destroy, |  |  |  | Destroy
28440,Dwarf remains,Destroy, |  |  |  | Destroy
28441,Dwarf remains,Destroy, |  |  |  | Destroy
28442,Dwarf remains,Destroy, |  |  |  | Destroy
28443,Dwarf remains,Destroy, |  |  |  | Destroy
28444,Dwarf remains,Destroy, |  |  |  | Destroy
28445,Dwarf remains,Destroy, |  |  |  | Destroy
28446,Dwarf remains,Destroy, |  |  |  | Destroy
28447,Dwarf remains,Destroy, |  |  |  | Destroy
28448,Dwarf remains,Destroy, |  |  |  | Destroy
28449,Dwarf remains,Destroy, |  |  |  | Destroy
28450,Dwarf remains,Destroy, |  |  |  | Destroy
28451,Dwarf remains,Destroy, |  |  |  | Destroy
28452,Dwarf remains,Destroy, |  |  |  | Destroy
28453,Dwarf remains,Destroy, |  |  |  | Destroy
28454,Dwarf remains,Destroy, |  |  |  | Destroy
28455,Dwarf remains,Destroy, |  |  |  | Destroy
28456,Dwarf remains,Destroy, |  |  |  | Destroy
28457,Dwarf remains,Destroy, |  |  |  | Destroy
28458,Dwarf remains,Destroy, |  |  |  | Destroy
28459,Dwarf remains,Destroy, |  |  |  | Destroy
28460,Dwarf remains,Destroy, |  |  |  | Destroy
28461,Dwarf remains,Destroy, |  |  |  | Destroy
28462,Dwarf remains,Destroy, |  |  |  | Destroy
28463,Dwarf remains,Destroy, |  |  |  | Destroy
28464,Dwarf remains,Destroy, |  |  |  | Destroy
28465,Dwarf remains,Destroy, |  |  |  | Destroy
28466,Dwarf remains,Destroy, |  |  |  | Destroy
28467,Dwarf remains,Destroy, |  |  |  | Destroy
28468,Dwarf remains,Destroy, |  |  |  | Destroy
28469,Dwarf remains,Destroy, |  |  |  | Destroy
28470,Dwarf remains,Destroy, |  |  |  | Destroy
28471,Dwarf remains,Destroy, |  |  |  | Destroy
28472,Dwarf remains,Destroy, |  |  |  | Destroy
28473,Dwarf remains,Destroy, |  |  |  | Destroy
28474,Dwarf remains,Destroy, |  |  |  | Destroy
28475,Dwarf remains,Destroy, |  |  |  | Destroy
28476,Dwarf remains,Destroy, |  |  |  | Destroy
28477,Dwarf remains,Destroy, |  |  |  | Destroy
28478,Dwarf remains,Destroy, |  |  |  | Destroy
28479,Dwarf remains,Destroy, |  |  |  | Destroy
28480,Dwarf remains,Destroy, |  |  |  | Destroy
28481,Dwarf remains,Destroy, |  |  |  | Destroy
28482,Dwarf remains,Destroy, |  |  |  | Destroy
28483,Dwarf remains,Destroy, |  |  |  | Destroy
28484,Dwarf remains,Destroy, |  |  |  | Destroy
28485,Dwarf remains,Destroy, |  |  |  | Destroy
28486,Dwarf remains,Destroy, |  |  |  | Destroy
28487,Dwarf remains,Destroy, |  |  |  | Destroy
28488,Dwarf remains,Destroy, |  |  |  | Destroy
28489,Dwarf remains,Destroy, |  |  |  | Destroy
28490,Dwarf remains,Destroy, |  |  |  | Destroy
28491,Dwarf remains,Destroy, |  |  |  | Destroy
28492,Dwarf remains,Destroy, |  |  |  | Destroy
28493,Dwarf remains,Destroy, |  |  |  | Destroy
28494,Dwarf remains,Destroy, |  |  |  | Destroy
28495,Dwarf remains,Destroy, |  |  |  | Destroy
28496,Dwarf remains,Destroy, |  |  |  | Destroy
28497,Dwarf remains,Destroy, |  |  |  | Destroy
28498,Dwarf remains,Destroy, |  |  |  | Destroy
28499,Dwarf remains,Destroy, |  |  |  | Destroy
28555,Dwarf remains,Destroy, |  |  |  | Destroy
28563,@gre@Hand fan,Destroy, | Wield |  |  | Destroy
28564,@gre@Wavesurfer dye,Destroy, |  |  |  | Destroy
28570,@gre@Hornwood helm,Destroy, | Wear |  |  | Destroy
28572,Dwarf remains,Destroy, |  |  |  | Destroy
28573,Dwarf remains,Destroy, |  |  |  | Destroy
28574,Dwarf remains,Destroy, |  |  |  | Destroy
28575,Dwarf remains,Destroy, |  |  |  | Destroy
28576,Dwarf remains,Destroy, |  |  |  | Destroy
28577,Dwarf remains,Destroy, |  |  |  | Destroy
28578,Dwarf remains,Destroy, |  |  |  | Destroy
28579,Dwarf remains,Destroy, |  |  |  | Destroy
28610,Dwarf remains,Destroy, |  |  |  | Destroy
28612,Dwarf remains,Destroy, |  |  |  | Destroy
28613,Dwarf remains,Destroy, |  |  |  | Destroy
28614,Dwarf remains,Destroy, |  |  |  | Destroy
28615,Dwarf remains,Destroy, |  |  |  | Destroy
28616,Dwarf remains,Destroy, |  |  |  | Destroy
28617,Dwarf remains,Destroy, |  |  |  | Destroy
28618,Dwarf remains,Destroy, |  |  |  | Destroy
28619,Dwarf remains,Destroy, |  |  |  | Destroy
28620,Dwarf remains,Destroy, |  |  |  | Destroy
28621,Dwarf remains,Destroy, |  |  |  | Destroy
28622,Dwarf remains,Destroy, |  |  |  | Destroy
28623,Dwarf remains,Destroy, |  |  |  | Destroy
28624,Dwarf remains,Destroy, |  |  |  | Destroy
28625,Dwarf remains,Destroy, |  |  |  | Destroy
28626,Dwarf remains,Destroy, |  |  |  | Destroy
28627,Dwarf remains,Destroy, |  |  |  | Destroy
28628,Dwarf remains,Destroy, |  |  |  | Destroy
28629,Dwarf remains,Destroy, |  |  |  | Destroy
28630,Dwarf remains,Destroy, |  |  |  | Destroy
28631,Dwarf remains,Destroy, |  |  |  | Destroy
28632,Dwarf remains,Destroy, |  |  |  | Destroy
28633,Dwarf remains,Destroy, |  |  |  | Destroy
28634,Dwarf remains,Destroy, |  |  |  | Destroy
28635,Dwarf remains,Destroy, |  |  |  | Destroy
28636,Dwarf remains,Destroy, |  |  |  | Destroy
28637,Dwarf remains,Destroy, |  |  |  | Destroy
28638,Dwarf remains,Destroy, |  |  |  | Destroy
28639,Dwarf remains,Destroy, |  |  |  | Destroy
28640,Dwarf remains,Destroy, |  |  |  | Destroy
28641,Dwarf remains,Destroy, |  |  |  | Destroy
28642,Dwarf remains,Destroy, |  |  |  | Destroy
28643,Dwarf remains,Destroy, |  |  |  | Destroy
28644,Dwarf remains,Destroy, |  |  |  | Destroy
28645,Dwarf remains,Destroy, |  |  |  | Destroy
28646,Dwarf remains,Destroy, |  |  |  | Destroy
28647,Dwarf remains,Destroy, |  |  |  | Destroy
28648,Dwarf remains,Destroy, |  |  |  | Destroy
28649,Dwarf remains,Destroy, |  |  |  | Destroy
28650,Dwarf remains,Destroy, |  |  |  | Destroy
28651,Dwarf remains,Destroy, |  |  |  | Destroy
28652,Dwarf remains,Destroy, |  |  |  | Destroy
28653,Dwarf remains,Destroy, |  |  |  | Destroy
28654,Dwarf remains,Destroy, |  |  |  | Destroy
28655,Dwarf remains,Destroy, |  |  |  | Destroy
28656,Dwarf remains,Destroy, |  |  |  | Destroy
28657,Dwarf remains,Destroy, |  |  |  | Destroy
28658,Dwarf remains,Destroy, |  |  |  | Destroy
28659,Dwarf remains,Destroy, |  |  |  | Destroy
28660,Dwarf remains,Destroy, |  |  |  | Destroy
28661,Dwarf remains,Destroy, |  |  |  | Destroy
28662,Dwarf remains,Destroy, |  |  |  | Destroy
28663,Dwarf remains,Destroy, |  |  |  | Destroy
28664,Dwarf remains,Destroy, |  |  |  | Destroy
28665,Dwarf remains,Destroy, |  |  |  | Destroy
28666,Dwarf remains,Destroy, |  |  |  | Destroy
28667,Dwarf remains,Destroy, |  |  |  | Destroy
28668,Dwarf remains,Destroy, |  |  |  | Destroy
28669,Dwarf remains,Destroy, |  |  |  | Destroy
28670,Dwarf remains,Destroy, |  |  |  | Destroy
28671,Dwarf remains,Destroy, |  |  |  | Destroy
28672,Dwarf remains,Destroy, |  |  |  | Destroy
28673,Dwarf remains,Destroy, |  |  |  | Destroy
28674,Dwarf remains,Destroy, |  |  |  | Destroy
28675,Dwarf remains,Destroy, |  |  |  | Destroy
28676,Dwarf remains,Destroy, |  |  |  | Destroy
28677,Dwarf remains,Destroy, |  |  |  | Destroy
28678,Dwarf remains,Destroy, |  |  |  | Destroy
28679,Dwarf remains,Destroy, |  |  |  | Destroy
28680,Dwarf remains,Destroy, |  |  |  | Destroy
28681,Dwarf remains,Destroy, |  |  |  | Destroy
28682,Dwarf remains,Destroy, |  |  |  | Destroy
28683,Dwarf remains,Destroy, |  |  |  | Destroy
28684,Dwarf remains,Destroy, |  |  |  | Destroy
28685,Dwarf remains,Destroy, |  |  |  | Destroy
28686,Dwarf remains,Destroy, |  |  |  | Destroy
28687,Dwarf remains,Destroy, |  |  |  | Destroy
28688,Dwarf remains,Destroy, |  |  |  | Destroy
28689,Dwarf remains,Destroy, |  |  |  | Destroy
28690,Dwarf remains,Destroy, |  |  |  | Destroy
28691,Dwarf remains,Destroy, |  |  |  | Destroy
28702,@gre@Wanderer's boots (e) (broken),Destroy, |  |  |  | Destroy
28703,@gre@Wanderer's boots (e) (broken),Destroy, |  |  |  | Destroy
28713,@gre@Blood crestbearer dye,Destroy, |  |  |  | Destroy
28715,@gre@Charmed lantern dye,Destroy, |  |  |  | Destroy
28733,@gre@Gladiator maul,Dismantle, | Wield |  |  | Dismantle
28756,@gre@Impling ether,Destroy,Incant |  |  |  | Destroy
28758,@gre@Impling goggles,Destroy, | Wear |  | Swap | Destroy
28759,@gre@Impling cannon,Destroy, | Wear | Toggle-autofire | Empty | Destroy
28760,@gre@Impling hunter kit,Destroy, | Wear | Toggle-autofire | Empty | Destroy
28772,@gre@Snowman ring,Destroy, | Wear |  |  | Destroy
28781,@gre@Nutcracker staff (t1),Destroy, | Wield |  |  | Destroy
28782,@gre@Nutcracker staff (t2),Destroy, | Wield |  |  | Destroy
28783,@gre@Nutcracker staff (t3),Destroy, | Wield |  |  | Destroy
28784,@gre@Nutcracker staff (t4),Destroy, | Wield |  |  | Destroy
28785,@gre@Gingerbread shield (t1),Destroy, | Wield | Transform |  | Destroy
28786,@gre@Gingerbread shield (t2),Destroy, | Wield | Transform |  | Destroy
28787,@gre@Gingerbread shield (t3),Destroy, | Wield | Transform |  | Destroy
28797,@gre@Haunted wine bottle,Destroy, | Wield | Wake-ghost | Talk-to | Destroy
28798,@gre@Snowglobe helmet,Destroy, | Wear |  |  | Destroy
28799,@gre@Dark snowglobe helmet,Destroy, | Wear |  |  | Destroy
28800,@gre@Festive crown,Destroy, | Wear |  |  | Destroy
28801,@gre@Dark festive crown,Destroy, | Wear |  |  | Destroy
28802,@gre@Giant boulder,Destroy, | Wear |  |  | Destroy
28816,@gre@Rift guardian core,Destroy,Exchange |  |  |  | Destroy
28823,@gre@Tormented demons scroll,Destroy,Read |  |  |  | Destroy
28827,@gre@Wonderous halo (broken),Destroy, |  |  |  | Destroy
28867,@gre@Dark spring goggles,Destroy, | Wear |  |  | Destroy
28868,@gre@Easter goggles,Destroy, | Wear |  |  | Destroy
28869,@gre@Loot chest,Destroy, |  |  |  | Destroy
28877,@gre@Propeller hat,Destroy, | Wear |  |  | Destroy
28879,@gre@Gnome child backpack,Destroy, | Wear |  |  | Destroy
28904,@gre@Wavesurfer goggles,Destroy, | Wear |  |  | Destroy
28905,@gre@Beach salamander (t1),Destroy, |  |  |  | Destroy
28906,@gre@Beach salamander (t2),Destroy, |  |  |  | Destroy
28907,@gre@Beach salamander (t3),Destroy, |  |  |  | Destroy
28908,@gre@Beach salamander (t4),Destroy, |  |  |  | Destroy
28909,@gre@Beach salamander (t5),Destroy, |  |  |  | Destroy
28914,Dwarf remains,Destroy, |  |  |  | Destroy
28915,Dwarf remains,Destroy, |  |  |  | Destroy
28916,Dwarf remains,Destroy, |  |  |  | Destroy
28917,Dwarf remains,Destroy, |  |  |  | Destroy
28918,Dwarf remains,Destroy, |  |  |  | Destroy
28919,Dwarf remains,Destroy, |  |  |  | Destroy
28920,Dwarf remains,Destroy, |  |  |  | Destroy
28921,Dwarf remains,Destroy, |  |  |  | Destroy
28922,Dwarf remains,Destroy, |  |  |  | Destroy
28923,Dwarf remains,Destroy, |  |  |  | Destroy
28924,Dwarf remains,Destroy, |  |  |  | Destroy
28925,Dwarf remains,Destroy, |  |  |  | Destroy
28926,Dwarf remains,Destroy, |  |  |  | Destroy
28927,Dwarf remains,Destroy, |  |  |  | Destroy
28928,Dwarf remains,Destroy, |  |  |  | Destroy
28929,Dwarf remains,Destroy, |  |  |  | Destroy
28930,Dwarf remains,Destroy, |  |  |  | Destroy
28931,Dwarf remains,Destroy, |  |  |  | Destroy
28932,Dwarf remains,Destroy, |  |  |  | Destroy
28933,Dwarf remains,Destroy, |  |  |  | Destroy
28934,Dwarf remains,Destroy, |  |  |  | Destroy
28935,Dwarf remains,Destroy, |  |  |  | Destroy
28936,Dwarf remains,Destroy, |  |  |  | Destroy
28937,Dwarf remains,Destroy, |  |  |  | Destroy
28938,Dwarf remains,Destroy, |  |  |  | Destroy
28939,Dwarf remains,Destroy, |  |  |  | Destroy
28940,Dwarf remains,Destroy, |  |  |  | Destroy
28941,Dwarf remains,Destroy, |  |  |  | Destroy
28942,Dwarf remains,Destroy, |  |  |  | Destroy
28943,Dwarf remains,Destroy, |  |  |  | Destroy
28944,Dwarf remains,Destroy, |  |  |  | Destroy
28945,Dwarf remains,Destroy, |  |  |  | Destroy
28946,Dwarf remains,Destroy, |  |  |  | Destroy
28947,Dwarf remains,Destroy, |  |  |  | Destroy
28948,Dwarf remains,Destroy, |  |  |  | Destroy
28949,Dwarf remains,Destroy, |  |  |  | Destroy
28950,Dwarf remains,Destroy, |  |  |  | Destroy
28951,Dwarf remains,Destroy, |  |  |  | Destroy
28952,Dwarf remains,Destroy, |  |  |  | Destroy
28953,Dwarf remains,Destroy, |  |  |  | Destroy
28954,Dwarf remains,Destroy, |  |  |  | Destroy
28955,Dwarf remains,Destroy, |  |  |  | Destroy
28956,Dwarf remains,Destroy, |  |  |  | Destroy
28957,Dwarf remains,Destroy, |  |  |  | Destroy
28958,Dwarf remains,Destroy, |  |  |  | Destroy
28959,Dwarf remains,Destroy, |  |  |  | Destroy
28960,Dwarf remains,Destroy, |  |  |  | Destroy
28961,Dwarf remains,Destroy, |  |  |  | Destroy
28962,Dwarf remains,Destroy, |  |  |  | Destroy
28963,Dwarf remains,Destroy, |  |  |  | Destroy
28964,Dwarf remains,Destroy, |  |  |  | Destroy
28965,Dwarf remains,Destroy, |  |  |  | Destroy
28966,Dwarf remains,Destroy, |  |  |  | Destroy
28967,Dwarf remains,Destroy, |  |  |  | Destroy
28968,Dwarf remains,Destroy, |  |  |  | Destroy
28969,Dwarf remains,Destroy, |  |  |  | Destroy
28970,Dwarf remains,Destroy, |  |  |  | Destroy
28971,Dwarf remains,Destroy, |  |  |  | Destroy
28972,Dwarf remains,Destroy, |  |  |  | Destroy
28973,Dwarf remains,Destroy, |  |  |  | Destroy
28974,Dwarf remains,Destroy, |  |  |  | Destroy
28975,Dwarf remains,Destroy, |  |  |  | Destroy
28976,Dwarf remains,Destroy, |  |  |  | Destroy
28977,Dwarf remains,Destroy, |  |  |  | Destroy
28978,Dwarf remains,Destroy, |  |  |  | Destroy
28979,Dwarf remains,Destroy, |  |  |  | Destroy
28980,Dwarf remains,Destroy, |  |  |  | Destroy
28981,Dwarf remains,Destroy, |  |  |  | Destroy
28982,Dwarf remains,Destroy, |  |  |  | Destroy
28983,Dwarf remains,Destroy, |  |  |  | Destroy
28984,Dwarf remains,Destroy, |  |  |  | Destroy
28985,Dwarf remains,Destroy, |  |  |  | Destroy
28986,Dwarf remains,Destroy, |  |  |  | Destroy
28987,Dwarf remains,Destroy, |  |  |  | Destroy
28988,Dwarf remains,Destroy, |  |  |  | Destroy
28989,Dwarf remains,Destroy, |  |  |  | Destroy
28990,Dwarf remains,Destroy, |  |  |  | Destroy
28991,Dwarf remains,Destroy, |  |  |  | Destroy
28992,Dwarf remains,Destroy, |  |  |  | Destroy
28993,Dwarf remains,Destroy, |  |  |  | Destroy
28994,Dwarf remains,Destroy, |  |  |  | Destroy
28995,Dwarf remains,Destroy, |  |  |  | Destroy
28996,Dwarf remains,Destroy, |  |  |  | Destroy
28997,Dwarf remains,Destroy, |  |  |  | Destroy
28998,Dwarf remains,Destroy, |  |  |  | Destroy
28999,Dwarf remains,Destroy, |  |  |  | Destroy
29000,Dwarf remains,Destroy, |  |  |  | Destroy
29001,Dwarf remains,Destroy, |  |  |  | Destroy
29002,Dwarf remains,Destroy, |  |  |  | Destroy
29003,Dwarf remains,Destroy, |  |  |  | Destroy
29004,Dwarf remains,Destroy, |  |  |  | Destroy
29005,Dwarf remains,Destroy, |  |  |  | Destroy
29006,Dwarf remains,Destroy, |  |  |  | Destroy
29007,Dwarf remains,Destroy, |  |  |  | Destroy
29008,Dwarf remains,Destroy, |  |  |  | Destroy
29009,Dwarf remains,Destroy, |  |  |  | Destroy
29010,Dwarf remains,Destroy, |  |  |  | Destroy
29011,Dwarf remains,Destroy, |  |  |  | Destroy
29012,Dwarf remains,Destroy, |  |  |  | Destroy
29013,Dwarf remains,Destroy, |  |  |  | Destroy
29014,Dwarf remains,Destroy, |  |  |  | Destroy
29015,Dwarf remains,Destroy, |  |  |  | Destroy
29016,Dwarf remains,Destroy, |  |  |  | Destroy
29017,Dwarf remains,Destroy, |  |  |  | Destroy
29018,Dwarf remains,Destroy, |  |  |  | Destroy
29019,Dwarf remains,Destroy, |  |  |  | Destroy
29020,Dwarf remains,Destroy, |  |  |  | Destroy
29021,Dwarf remains,Destroy, |  |  |  | Destroy
29022,Dwarf remains,Destroy, |  |  |  | Destroy
29023,Dwarf remains,Destroy, |  |  |  | Destroy
29024,Dwarf remains,Destroy, |  |  |  | Destroy
29025,Dwarf remains,Destroy, |  |  |  | Destroy
29026,Dwarf remains,Destroy, |  |  |  | Destroy
29027,Dwarf remains,Destroy, |  |  |  | Destroy
29028,Dwarf remains,Destroy, |  |  |  | Destroy
29029,Dwarf remains,Destroy, |  |  |  | Destroy
29030,Dwarf remains,Destroy, |  |  |  | Destroy
29031,Dwarf remains,Destroy, |  |  |  | Destroy
29032,Dwarf remains,Destroy, |  |  |  | Destroy
29033,Dwarf remains,Destroy, |  |  |  | Destroy
29034,Dwarf remains,Destroy, |  |  |  | Destroy
29035,Dwarf remains,Destroy, |  |  |  | Destroy
29036,Dwarf remains,Destroy, |  |  |  | Destroy
29037,Dwarf remains,Destroy, |  |  |  | Destroy
29038,Dwarf remains,Destroy, |  |  |  | Destroy
29039,Dwarf remains,Destroy, |  |  |  | Destroy
29040,Dwarf remains,Destroy, |  |  |  | Destroy
29041,Dwarf remains,Destroy, |  |  |  | Destroy
29042,Dwarf remains,Destroy, |  |  |  | Destroy
29043,Dwarf remains,Destroy, |  |  |  | Destroy
29044,Dwarf remains,Destroy, |  |  |  | Destroy
29045,Dwarf remains,Destroy, |  |  |  | Destroy
29046,Dwarf remains,Destroy, |  |  |  | Destroy
29047,Dwarf remains,Destroy, |  |  |  | Destroy
29048,Dwarf remains,Destroy, |  |  |  | Destroy
29049,Dwarf remains,Destroy, |  |  |  | Destroy
29050,Dwarf remains,Destroy, |  |  |  | Destroy
29051,Dwarf remains,Destroy, |  |  |  | Destroy
29052,Dwarf remains,Destroy, |  |  |  | Destroy
29053,Dwarf remains,Destroy, |  |  |  | Destroy
29054,Dwarf remains,Destroy, |  |  |  | Destroy
29055,Dwarf remains,Destroy, |  |  |  | Destroy
29056,Dwarf remains,Destroy, |  |  |  | Destroy
29057,Dwarf remains,Destroy, |  |  |  | Destroy
29058,Dwarf remains,Destroy, |  |  |  | Destroy
29059,Dwarf remains,Destroy, |  |  |  | Destroy
29060,Dwarf remains,Destroy, |  |  |  | Destroy
29061,Dwarf remains,Destroy, |  |  |  | Destroy
29062,Dwarf remains,Destroy, |  |  |  | Destroy
29063,Dwarf remains,Destroy, |  |  |  | Destroy
29064,Dwarf remains,Destroy, |  |  |  | Destroy
29065,Dwarf remains,Destroy, |  |  |  | Destroy
29066,Dwarf remains,Destroy, |  |  |  | Destroy
29067,Dwarf remains,Destroy, |  |  |  | Destroy
29068,Dwarf remains,Destroy, |  |  |  | Destroy
29069,Dwarf remains,Destroy, |  |  |  | Destroy
29070,Dwarf remains,Destroy, |  |  |  | Destroy
29071,Dwarf remains,Destroy, |  |  |  | Destroy
29072,Dwarf remains,Destroy, |  |  |  | Destroy
29073,Dwarf remains,Destroy, |  |  |  | Destroy
29074,Dwarf remains,Destroy, |  |  |  | Destroy
29075,Dwarf remains,Destroy, |  |  |  | Destroy
29076,Dwarf remains,Destroy, |  |  |  | Destroy
29077,Dwarf remains,Destroy, |  |  |  | Destroy
29078,Dwarf remains,Destroy, |  |  |  | Destroy
29079,Dwarf remains,Destroy, |  |  |  | Destroy
29080,Dwarf remains,Destroy, |  |  |  | Destroy
29081,Dwarf remains,Destroy, |  |  |  | Destroy
29082,Dwarf remains,Destroy, |  |  |  | Destroy
29083,Dwarf remains,Destroy, |  |  |  | Destroy
29084,Dwarf remains,Destroy, |  |  |  | Destroy
29085,Dwarf remains,Destroy, |  |  |  | Destroy
29086,Dwarf remains,Destroy, |  |  |  | Destroy
29087,Dwarf remains,Destroy, |  |  |  | Destroy
29088,Dwarf remains,Destroy, |  |  |  | Destroy
29089,Dwarf remains,Destroy, |  |  |  | Destroy
29090,Dwarf remains,Destroy, |  |  |  | Destroy
29091,Dwarf remains,Destroy, |  |  |  | Destroy
29092,Dwarf remains,Destroy, |  |  |  | Destroy
29093,Dwarf remains,Destroy, |  |  |  | Destroy
29094,Dwarf remains,Destroy, |  |  |  | Destroy
29095,Dwarf remains,Destroy, |  |  |  | Destroy
29096,Dwarf remains,Destroy, |  |  |  | Destroy
29097,Dwarf remains,Destroy, |  |  |  | Destroy
29098,Dwarf remains,Destroy, |  |  |  | Destroy
29099,Dwarf remains,Destroy, |  |  |  | Destroy
29100,Dwarf remains,Destroy, |  |  |  | Destroy
29101,Dwarf remains,Destroy, |  |  |  | Destroy
29102,Dwarf remains,Destroy, |  |  |  | Destroy
29103,Dwarf remains,Destroy, |  |  |  | Destroy
29104,Dwarf remains,Destroy, |  |  |  | Destroy
29105,Dwarf remains,Destroy, |  |  |  | Destroy
29106,Dwarf remains,Destroy, |  |  |  | Destroy
29107,Dwarf remains,Destroy, |  |  |  | Destroy
29108,Dwarf remains,Destroy, |  |  |  | Destroy
29109,Dwarf remains,Destroy, |  |  |  | Destroy
29110,Dwarf remains,Destroy, |  |  |  | Destroy
29111,Dwarf remains,Destroy, |  |  |  | Destroy
29112,Dwarf remains,Destroy, |  |  |  | Destroy
29113,Dwarf remains,Destroy, |  |  |  | Destroy
29114,Dwarf remains,Destroy, |  |  |  | Destroy
29115,Dwarf remains,Destroy, |  |  |  | Destroy
29116,Dwarf remains,Destroy, |  |  |  | Destroy
29117,Dwarf remains,Destroy, |  |  |  | Destroy
29118,Dwarf remains,Destroy, |  |  |  | Destroy
29119,Dwarf remains,Destroy, |  |  |  | Destroy
29120,Dwarf remains,Destroy, |  |  |  | Destroy
29121,Dwarf remains,Destroy, |  |  |  | Destroy
29122,Dwarf remains,Destroy, |  |  |  | Destroy
29123,Dwarf remains,Destroy, |  |  |  | Destroy
29124,Dwarf remains,Destroy, |  |  |  | Destroy
29125,Dwarf remains,Destroy, |  |  |  | Destroy
29126,Dwarf remains,Destroy, |  |  |  | Destroy
29127,Dwarf remains,Destroy, |  |  |  | Destroy
29128,Dwarf remains,Destroy, |  |  |  | Destroy
29129,Dwarf remains,Destroy, |  |  |  | Destroy
29130,Dwarf remains,Destroy, |  |  |  | Destroy
29131,Dwarf remains,Destroy, |  |  |  | Destroy
29132,Dwarf remains,Destroy, |  |  |  | Destroy
29133,Dwarf remains,Destroy, |  |  |  | Destroy
29134,Dwarf remains,Destroy, |  |  |  | Destroy
29135,Dwarf remains,Destroy, |  |  |  | Destroy
29136,Dwarf remains,Destroy, |  |  |  | Destroy
29137,Dwarf remains,Destroy, |  |  |  | Destroy
29138,Dwarf remains,Destroy, |  |  |  | Destroy
29139,Dwarf remains,Destroy, |  |  |  | Destroy
29140,Dwarf remains,Destroy, |  |  |  | Destroy
29141,Dwarf remains,Destroy, |  |  |  | Destroy
29142,Dwarf remains,Destroy, |  |  |  | Destroy
29143,Dwarf remains,Destroy, |  |  |  | Destroy
29144,Dwarf remains,Destroy, |  |  |  | Destroy
29145,Dwarf remains,Destroy, |  |  |  | Destroy
29146,Dwarf remains,Destroy, |  |  |  | Destroy
29147,Dwarf remains,Destroy, |  |  |  | Destroy
29148,Dwarf remains,Destroy, |  |  |  | Destroy
29149,Dwarf remains,Destroy, |  |  |  | Destroy
29150,Dwarf remains,Destroy, |  |  |  | Destroy
29151,Dwarf remains,Destroy, |  |  |  | Destroy
29152,Dwarf remains,Destroy, |  |  |  | Destroy
29153,Dwarf remains,Destroy, |  |  |  | Destroy
29154,Dwarf remains,Destroy, |  |  |  | Destroy
29155,Dwarf remains,Destroy, |  |  |  | Destroy
29156,Dwarf remains,Destroy, |  |  |  | Destroy
29157,Dwarf remains,Destroy, |  |  |  | Destroy
29158,Dwarf remains,Destroy, |  |  |  | Destroy
29159,Dwarf remains,Destroy, |  |  |  | Destroy
29160,Dwarf remains,Destroy, |  |  |  | Destroy
29161,Dwarf remains,Destroy, |  |  |  | Destroy
29162,Dwarf remains,Destroy, |  |  |  | Destroy
29163,Dwarf remains,Destroy, |  |  |  | Destroy
29164,Dwarf remains,Destroy, |  |  |  | Destroy
29165,Dwarf remains,Destroy, |  |  |  | Destroy
29166,Dwarf remains,Destroy, |  |  |  | Destroy
29167,Dwarf remains,Destroy, |  |  |  | Destroy
29168,Dwarf remains,Destroy, |  |  |  | Destroy
29169,Dwarf remains,Destroy, |  |  |  | Destroy
29170,Dwarf remains,Destroy, |  |  |  | Destroy
29171,Dwarf remains,Destroy, |  |  |  | Destroy
29172,Dwarf remains,Destroy, |  |  |  | Destroy
29173,Dwarf remains,Destroy, |  |  |  | Destroy
29174,Dwarf remains,Destroy, |  |  |  | Destroy
29175,Dwarf remains,Destroy, |  |  |  | Destroy
29176,Dwarf remains,Destroy, |  |  |  | Destroy
29177,Dwarf remains,Destroy, |  |  |  | Destroy
29178,Dwarf remains,Destroy, |  |  |  | Destroy
29179,Dwarf remains,Destroy, |  |  |  | Destroy
29180,Dwarf remains,Destroy, |  |  |  | Destroy
29181,Dwarf remains,Destroy, |  |  |  | Destroy
29182,Dwarf remains,Destroy, |  |  |  | Destroy
29183,Dwarf remains,Destroy, |  |  |  | Destroy
29184,Dwarf remains,Destroy, |  |  |  | Destroy
29185,Dwarf remains,Destroy, |  |  |  | Destroy
29186,Dwarf remains,Destroy, |  |  |  | Destroy
29187,Dwarf remains,Destroy, |  |  |  | Destroy
29188,Dwarf remains,Destroy, |  |  |  | Destroy
29189,Dwarf remains,Destroy, |  |  |  | Destroy
29190,Dwarf remains,Destroy, |  |  |  | Destroy
29191,Dwarf remains,Destroy, |  |  |  | Destroy
29192,Dwarf remains,Destroy, |  |  |  | Destroy
29193,Dwarf remains,Destroy, |  |  |  | Destroy
29194,Dwarf remains,Destroy, |  |  |  | Destroy
29195,Dwarf remains,Destroy, |  |  |  | Destroy
29196,Dwarf remains,Destroy, |  |  |  | Destroy
29197,Dwarf remains,Destroy, |  |  |  | Destroy
29198,Dwarf remains,Destroy, |  |  |  | Destroy
29199,Dwarf remains,Destroy, |  |  |  | Destroy
29200,Dwarf remains,Destroy, |  |  |  | Destroy
29201,Dwarf remains,Destroy, |  |  |  | Destroy
29202,Dwarf remains,Destroy, |  |  |  | Destroy
29203,Dwarf remains,Destroy, |  |  |  | Destroy
29204,Dwarf remains,Destroy, |  |  |  | Destroy
29205,Dwarf remains,Destroy, |  |  |  | Destroy
29206,Dwarf remains,Destroy, |  |  |  | Destroy
29207,Dwarf remains,Destroy, |  |  |  | Destroy
29208,Dwarf remains,Destroy, |  |  |  | Destroy
29209,Dwarf remains,Destroy, |  |  |  | Destroy
29210,Dwarf remains,Destroy, |  |  |  | Destroy
29211,Dwarf remains,Destroy, |  |  |  | Destroy
29212,Dwarf remains,Destroy, |  |  |  | Destroy
29213,Dwarf remains,Destroy, |  |  |  | Destroy
29214,Dwarf remains,Destroy, |  |  |  | Destroy
29215,Dwarf remains,Destroy, |  |  |  | Destroy
29216,Dwarf remains,Destroy, |  |  |  | Destroy
29217,Dwarf remains,Destroy, |  |  |  | Destroy
29218,Dwarf remains,Destroy, |  |  |  | Destroy
29219,Dwarf remains,Destroy, |  |  |  | Destroy
29220,Dwarf remains,Destroy, |  |  |  | Destroy
29221,Dwarf remains,Destroy, |  |  |  | Destroy
29222,Dwarf remains,Destroy, |  |  |  | Destroy
29223,Dwarf remains,Destroy, |  |  |  | Destroy
29224,Dwarf remains,Destroy, |  |  |  | Destroy
29225,Dwarf remains,Destroy, |  |  |  | Destroy
29226,Dwarf remains,Destroy, |  |  |  | Destroy
29227,Dwarf remains,Destroy, |  |  |  | Destroy
29228,Dwarf remains,Destroy, |  |  |  | Destroy
29229,Dwarf remains,Destroy, |  |  |  | Destroy
29230,Dwarf remains,Destroy, |  |  |  | Destroy
29231,Dwarf remains,Destroy, |  |  |  | Destroy
29232,Dwarf remains,Destroy, |  |  |  | Destroy
29233,Dwarf remains,Destroy, |  |  |  | Destroy
29234,Dwarf remains,Destroy, |  |  |  | Destroy
29235,Dwarf remains,Destroy, |  |  |  | Destroy
29236,Dwarf remains,Destroy, |  |  |  | Destroy
29237,Dwarf remains,Destroy, |  |  |  | Destroy
29238,Dwarf remains,Destroy, |  |  |  | Destroy
29239,Dwarf remains,Destroy, |  |  |  | Destroy
29240,Dwarf remains,Destroy, |  |  |  | Destroy
29241,Dwarf remains,Destroy, |  |  |  | Destroy
29242,Dwarf remains,Destroy, |  |  |  | Destroy
29243,Dwarf remains,Destroy, |  |  |  | Destroy
29244,Dwarf remains,Destroy, |  |  |  | Destroy
29245,Dwarf remains,Destroy, |  |  |  | Destroy
29246,Dwarf remains,Destroy, |  |  |  | Destroy
29247,Dwarf remains,Destroy, |  |  |  | Destroy
29248,Dwarf remains,Destroy, |  |  |  | Destroy
29249,Dwarf remains,Destroy, |  |  |  | Destroy
29250,Dwarf remains,Destroy, |  |  |  | Destroy
29251,Dwarf remains,Destroy, |  |  |  | Destroy
29252,Dwarf remains,Destroy, |  |  |  | Destroy
29253,Dwarf remains,Destroy, |  |  |  | Destroy
29254,Dwarf remains,Destroy, |  |  |  | Destroy
29255,Dwarf remains,Destroy, |  |  |  | Destroy
29256,Dwarf remains,Destroy, |  |  |  | Destroy
29257,Dwarf remains,Destroy, |  |  |  | Destroy
29258,Dwarf remains,Destroy, |  |  |  | Destroy
29259,Dwarf remains,Destroy, |  |  |  | Destroy
29260,Dwarf remains,Destroy, |  |  |  | Destroy
29261,Dwarf remains,Destroy, |  |  |  | Destroy
29262,Dwarf remains,Destroy, |  |  |  | Destroy
29263,Dwarf remains,Destroy, |  |  |  | Destroy
29264,Dwarf remains,Destroy, |  |  |  | Destroy
29265,Dwarf remains,Destroy, |  |  |  | Destroy
29266,Dwarf remains,Destroy, |  |  |  | Destroy
29267,Dwarf remains,Destroy, |  |  |  | Destroy
29268,Dwarf remains,Destroy, |  |  |  | Destroy
29269,Dwarf remains,Destroy, |  |  |  | Destroy
29270,Dwarf remains,Destroy, |  |  |  | Destroy
29271,Dwarf remains,Destroy, |  |  |  | Destroy
29272,Dwarf remains,Destroy, |  |  |  | Destroy
29273,Dwarf remains,Destroy, |  |  |  | Destroy
29274,Dwarf remains,Destroy, |  |  |  | Destroy
29275,Dwarf remains,Destroy, |  |  |  | Destroy
29276,Dwarf remains,Destroy, |  |  |  | Destroy
29277,Dwarf remains,Destroy, |  |  |  | Destroy
29278,Dwarf remains,Destroy, |  |  |  | Destroy
29279,Dwarf remains,Destroy, |  |  |  | Destroy
29280,Dwarf remains,Destroy, |  |  |  | Destroy
29281,Dwarf remains,Destroy, |  |  |  | Destroy
29282,Dwarf remains,Destroy, |  |  |  | Destroy
29283,Dwarf remains,Destroy, |  |  |  | Destroy
29284,Dwarf remains,Destroy, |  |  |  | Destroy
29285,Dwarf remains,Destroy, |  |  |  | Destroy
29286,Dwarf remains,Destroy, |  |  |  | Destroy
29287,Dwarf remains,Destroy, |  |  |  | Destroy
29288,Dwarf remains,Destroy, |  |  |  | Destroy
29289,Dwarf remains,Destroy, |  |  |  | Destroy
29290,Dwarf remains,Destroy, |  |  |  | Destroy
29291,Dwarf remains,Destroy, |  |  |  | Destroy
29292,Dwarf remains,Destroy, |  |  |  | Destroy
29293,Dwarf remains,Destroy, |  |  |  | Destroy
29294,Dwarf remains,Destroy, |  |  |  | Destroy
29295,Dwarf remains,Destroy, |  |  |  | Destroy
29296,Dwarf remains,Destroy, |  |  |  | Destroy
29297,Dwarf remains,Destroy, |  |  |  | Destroy
29298,Dwarf remains,Destroy, |  |  |  | Destroy
29299,Dwarf remains,Destroy, |  |  |  | Destroy
29300,Dwarf remains,Destroy, |  |  |  | Destroy
29301,Dwarf remains,Destroy, |  |  |  | Destroy
29302,Dwarf remains,Destroy, |  |  |  | Destroy
29303,Dwarf remains,Destroy, |  |  |  | Destroy
29304,Dwarf remains,Destroy, |  |  |  | Destroy
29305,Dwarf remains,Destroy, |  |  |  | Destroy
29306,Dwarf remains,Destroy, |  |  |  | Destroy
29307,Dwarf remains,Destroy, |  |  |  | Destroy
29308,Dwarf remains,Destroy, |  |  |  | Destroy
29309,Dwarf remains,Destroy, |  |  |  | Destroy
29310,Dwarf remains,Destroy, |  |  |  | Destroy
29311,Dwarf remains,Destroy, |  |  |  | Destroy
29312,Dwarf remains,Destroy, |  |  |  | Destroy
29313,Dwarf remains,Destroy, |  |  |  | Destroy
29314,Dwarf remains,Destroy, |  |  |  | Destroy
29315,Dwarf remains,Destroy, |  |  |  | Destroy
29316,Dwarf remains,Destroy, |  |  |  | Destroy
29317,Dwarf remains,Destroy, |  |  |  | Destroy
29318,Dwarf remains,Destroy, |  |  |  | Destroy
29319,Dwarf remains,Destroy, |  |  |  | Destroy
29320,Dwarf remains,Destroy, |  |  |  | Destroy
29321,Dwarf remains,Destroy, |  |  |  | Destroy
29322,Dwarf remains,Destroy, |  |  |  | Destroy
29323,Dwarf remains,Destroy, |  |  |  | Destroy
29324,Dwarf remains,Destroy, |  |  |  | Destroy
29325,Dwarf remains,Destroy, |  |  |  | Destroy
29326,Dwarf remains,Destroy, |  |  |  | Destroy
29327,Dwarf remains,Destroy, |  |  |  | Destroy
29328,Dwarf remains,Destroy, |  |  |  | Destroy
29329,Dwarf remains,Destroy, |  |  |  | Destroy
29330,Dwarf remains,Destroy, |  |  |  | Destroy
29331,Dwarf remains,Destroy, |  |  |  | Destroy
29332,Dwarf remains,Destroy, |  |  |  | Destroy
29333,Dwarf remains,Destroy, |  |  |  | Destroy
29334,Dwarf remains,Destroy, |  |  |  | Destroy
29335,Dwarf remains,Destroy, |  |  |  | Destroy
29336,Dwarf remains,Destroy, |  |  |  | Destroy
29337,Dwarf remains,Destroy, |  |  |  | Destroy
29338,Dwarf remains,Destroy, |  |  |  | Destroy
29339,Dwarf remains,Destroy, |  |  |  | Destroy
29340,Dwarf remains,Destroy, |  |  |  | Destroy
29341,Dwarf remains,Destroy, |  |  |  | Destroy
29342,Dwarf remains,Destroy, |  |  |  | Destroy
29343,Dwarf remains,Destroy, |  |  |  | Destroy
29344,Dwarf remains,Destroy, |  |  |  | Destroy
29345,Dwarf remains,Destroy, |  |  |  | Destroy
29346,Dwarf remains,Destroy, |  |  |  | Destroy
29347,Dwarf remains,Destroy, |  |  |  | Destroy
29348,Dwarf remains,Destroy, |  |  |  | Destroy
29349,Dwarf remains,Destroy, |  |  |  | Destroy
29350,Dwarf remains,Destroy, |  |  |  | Destroy
29351,Dwarf remains,Destroy, |  |  |  | Destroy
29352,Dwarf remains,Destroy, |  |  |  | Destroy
29353,Dwarf remains,Destroy, |  |  |  | Destroy
29354,Dwarf remains,Destroy, |  |  |  | Destroy
29355,Dwarf remains,Destroy, |  |  |  | Destroy
29356,Dwarf remains,Destroy, |  |  |  | Destroy
29357,Dwarf remains,Destroy, |  |  |  | Destroy
29358,Dwarf remains,Destroy, |  |  |  | Destroy
29359,Dwarf remains,Destroy, |  |  |  | Destroy
29360,Dwarf remains,Destroy, |  |  |  | Destroy
29361,Dwarf remains,Destroy, |  |  |  | Destroy
29362,Dwarf remains,Destroy, |  |  |  | Destroy
29363,Dwarf remains,Destroy, |  |  |  | Destroy
29364,Dwarf remains,Destroy, |  |  |  | Destroy
29365,Dwarf remains,Destroy, |  |  |  | Destroy
29366,Dwarf remains,Destroy, |  |  |  | Destroy
29367,Dwarf remains,Destroy, |  |  |  | Destroy
29368,Dwarf remains,Destroy, |  |  |  | Destroy
29369,Dwarf remains,Destroy, |  |  |  | Destroy
29370,Dwarf remains,Destroy, |  |  |  | Destroy
29371,Dwarf remains,Destroy, |  |  |  | Destroy
29372,Dwarf remains,Destroy, |  |  |  | Destroy
29373,Dwarf remains,Destroy, |  |  |  | Destroy
29374,Dwarf remains,Destroy, |  |  |  | Destroy
29375,Dwarf remains,Destroy, |  |  |  | Destroy
29376,Dwarf remains,Destroy, |  |  |  | Destroy
29377,Dwarf remains,Destroy, |  |  |  | Destroy
29378,Dwarf remains,Destroy, |  |  |  | Destroy
29379,Dwarf remains,Destroy, |  |  |  | Destroy
29380,Dwarf remains,Destroy, |  |  |  | Destroy
29381,Dwarf remains,Destroy, |  |  |  | Destroy
29382,Dwarf remains,Destroy, |  |  |  | Destroy
29383,Dwarf remains,Destroy, |  |  |  | Destroy
29384,Dwarf remains,Destroy, |  |  |  | Destroy
29385,Dwarf remains,Destroy, |  |  |  | Destroy
29386,Dwarf remains,Destroy, |  |  |  | Destroy
29387,Dwarf remains,Destroy, |  |  |  | Destroy
29388,Dwarf remains,Destroy, |  |  |  | Destroy
29389,Dwarf remains,Destroy, |  |  |  | Destroy
29390,Dwarf remains,Destroy, |  |  |  | Destroy
29391,Dwarf remains,Destroy, |  |  |  | Destroy
29392,Dwarf remains,Destroy, |  |  |  | Destroy
29393,Dwarf remains,Destroy, |  |  |  | Destroy
29394,Dwarf remains,Destroy, |  |  |  | Destroy
29395,Dwarf remains,Destroy, |  |  |  | Destroy
29396,Dwarf remains,Destroy, |  |  |  | Destroy
29397,Dwarf remains,Destroy, |  |  |  | Destroy
29398,Dwarf remains,Destroy, |  |  |  | Destroy
29399,Dwarf remains,Destroy, |  |  |  | Destroy
29400,Dwarf remains,Destroy, |  |  |  | Destroy
29401,Dwarf remains,Destroy, |  |  |  | Destroy
29402,Dwarf remains,Destroy, |  |  |  | Destroy
29403,Dwarf remains,Destroy, |  |  |  | Destroy
29404,Dwarf remains,Destroy, |  |  |  | Destroy
29405,Dwarf remains,Destroy, |  |  |  | Destroy
29406,Dwarf remains,Destroy, |  |  |  | Destroy
29407,Dwarf remains,Destroy, |  |  |  | Destroy
29408,Dwarf remains,Destroy, |  |  |  | Destroy
29409,Dwarf remains,Destroy, |  |  |  | Destroy
29410,Dwarf remains,Destroy, |  |  |  | Destroy
29411,Dwarf remains,Destroy, |  |  |  | Destroy
29412,Dwarf remains,Destroy, |  |  |  | Destroy
29413,Dwarf remains,Destroy, |  |  |  | Destroy
29414,Dwarf remains,Destroy, |  |  |  | Destroy
29415,Dwarf remains,Destroy, |  |  |  | Destroy
29416,Dwarf remains,Destroy, |  |  |  | Destroy
29417,Dwarf remains,Destroy, |  |  |  | Destroy
29418,Dwarf remains,Destroy, |  |  |  | Destroy
29419,Dwarf remains,Destroy, |  |  |  | Destroy
29420,Dwarf remains,Destroy, |  |  |  | Destroy
29421,Dwarf remains,Destroy, |  |  |  | Destroy
29422,Dwarf remains,Destroy, |  |  |  | Destroy
29423,Dwarf remains,Destroy, |  |  |  | Destroy
29424,Dwarf remains,Destroy, |  |  |  | Destroy
29425,Dwarf remains,Destroy, |  |  |  | Destroy
29426,Dwarf remains,Destroy, |  |  |  | Destroy
29427,Dwarf remains,Destroy, |  |  |  | Destroy
29428,Dwarf remains,Destroy, |  |  |  | Destroy
29429,Dwarf remains,Destroy, |  |  |  | Destroy
29430,Dwarf remains,Destroy, |  |  |  | Destroy
29431,Dwarf remains,Destroy, |  |  |  | Destroy
29432,Dwarf remains,Destroy, |  |  |  | Destroy
29433,Dwarf remains,Destroy, |  |  |  | Destroy
29434,Dwarf remains,Destroy, |  |  |  | Destroy
29435,Dwarf remains,Destroy, |  |  |  | Destroy
29436,Dwarf remains,Destroy, |  |  |  | Destroy
29437,Dwarf remains,Destroy, |  |  |  | Destroy
29438,Dwarf remains,Destroy, |  |  |  | Destroy
29439,Dwarf remains,Destroy, |  |  |  | Destroy
29440,Dwarf remains,Destroy, |  |  |  | Destroy
29441,Dwarf remains,Destroy, |  |  |  | Destroy
29442,Dwarf remains,Destroy, |  |  |  | Destroy
29443,Dwarf remains,Destroy, |  |  |  | Destroy
29444,Dwarf remains,Destroy, |  |  |  | Destroy
29445,Dwarf remains,Destroy, |  |  |  | Destroy
29446,Dwarf remains,Destroy, |  |  |  | Destroy
29447,Dwarf remains,Destroy, |  |  |  | Destroy
29448,Dwarf remains,Destroy, |  |  |  | Destroy
29449,Dwarf remains,Destroy, |  |  |  | Destroy
29450,Dwarf remains,Destroy, |  |  |  | Destroy
29451,Dwarf remains,Destroy, |  |  |  | Destroy
29452,Dwarf remains,Destroy, |  |  |  | Destroy
29453,Dwarf remains,Destroy, |  |  |  | Destroy
29454,Dwarf remains,Destroy, |  |  |  | Destroy
29455,Dwarf remains,Destroy, |  |  |  | Destroy
29456,Dwarf remains,Destroy, |  |  |  | Destroy
29457,Dwarf remains,Destroy, |  |  |  | Destroy
29458,Dwarf remains,Destroy, |  |  |  | Destroy
29459,Dwarf remains,Destroy, |  |  |  | Destroy
29460,Dwarf remains,Destroy, |  |  |  | Destroy
29461,Dwarf remains,Destroy, |  |  |  | Destroy
29462,Dwarf remains,Destroy, |  |  |  | Destroy
29463,Dwarf remains,Destroy, |  |  |  | Destroy
29464,Dwarf remains,Destroy, |  |  |  | Destroy
29465,Dwarf remains,Destroy, |  |  |  | Destroy
29466,Dwarf remains,Destroy, |  |  |  | Destroy
29467,Dwarf remains,Destroy, |  |  |  | Destroy
29468,Dwarf remains,Destroy, |  |  |  | Destroy
29469,Dwarf remains,Destroy, |  |  |  | Destroy
29470,Dwarf remains,Destroy, |  |  |  | Destroy
29471,Dwarf remains,Destroy, |  |  |  | Destroy
29472,Dwarf remains,Destroy, |  |  |  | Destroy
29473,Dwarf remains,Destroy, |  |  |  | Destroy
29474,Dwarf remains,Destroy, |  |  |  | Destroy
29475,Dwarf remains,Destroy, |  |  |  | Destroy
29476,Dwarf remains,Destroy, |  |  |  | Destroy
29477,Dwarf remains,Destroy, |  |  |  | Destroy
29478,Dwarf remains,Destroy, |  |  |  | Destroy
29479,Dwarf remains,Destroy, |  |  |  | Destroy
29480,Dwarf remains,Destroy, |  |  |  | Destroy
29481,Dwarf remains,Destroy, |  |  |  | Destroy
29482,Dwarf remains,Destroy, |  |  |  | Destroy
29483,Dwarf remains,Destroy, |  |  |  | Destroy
29484,Dwarf remains,Destroy, |  |  |  | Destroy
29485,Dwarf remains,Destroy, |  |  |  | Destroy
29486,Dwarf remains,Destroy, |  |  |  | Destroy
29487,Dwarf remains,Destroy, |  |  |  | Destroy
29488,Dwarf remains,Destroy, |  |  |  | Destroy
29489,Dwarf remains,Destroy, |  |  |  | Destroy
29490,Dwarf remains,Destroy, |  |  |  | Destroy
29491,Dwarf remains,Destroy, |  |  |  | Destroy
29492,Dwarf remains,Destroy, |  |  |  | Destroy
29493,Dwarf remains,Destroy, |  |  |  | Destroy
29494,Dwarf remains,Destroy, |  |  |  | Destroy
29495,Dwarf remains,Destroy, |  |  |  | Destroy
29496,Dwarf remains,Destroy, |  |  |  | Destroy
29497,Dwarf remains,Destroy, |  |  |  | Destroy
29498,Dwarf remains,Destroy, |  |  |  | Destroy
29499,Dwarf remains,Destroy, |  |  |  | Destroy
29500,Dwarf remains,Destroy, |  |  |  | Destroy
29501,Dwarf remains,Destroy, |  |  |  | Destroy
29502,Dwarf remains,Destroy, |  |  |  | Destroy
29503,Dwarf remains,Destroy, |  |  |  | Destroy
29504,Dwarf remains,Destroy, |  |  |  | Destroy
29505,Dwarf remains,Destroy, |  |  |  | Destroy
29506,Dwarf remains,Destroy, |  |  |  | Destroy
29507,Dwarf remains,Destroy, |  |  |  | Destroy
29508,Dwarf remains,Destroy, |  |  |  | Destroy
29509,Dwarf remains,Destroy, |  |  |  | Destroy
29510,Dwarf remains,Destroy, |  |  |  | Destroy
29511,Dwarf remains,Destroy, |  |  |  | Destroy
29512,Dwarf remains,Destroy, |  |  |  | Destroy
29513,Dwarf remains,Destroy, |  |  |  | Destroy
29514,Dwarf remains,Destroy, |  |  |  | Destroy
29515,Dwarf remains,Destroy, |  |  |  | Destroy
29516,Dwarf remains,Destroy, |  |  |  | Destroy
29517,Dwarf remains,Destroy, |  |  |  | Destroy
29518,Dwarf remains,Destroy, |  |  |  | Destroy
29519,Dwarf remains,Destroy, |  |  |  | Destroy
29520,Dwarf remains,Destroy, |  |  |  | Destroy
29521,Dwarf remains,Destroy, |  |  |  | Destroy
29522,Dwarf remains,Destroy, |  |  |  | Destroy
29523,Dwarf remains,Destroy, |  |  |  | Destroy
29524,Dwarf remains,Destroy, |  |  |  | Destroy
29525,Dwarf remains,Destroy, |  |  |  | Destroy
29526,Dwarf remains,Destroy, |  |  |  | Destroy
29527,Dwarf remains,Destroy, |  |  |  | Destroy
29528,Dwarf remains,Destroy, |  |  |  | Destroy
29529,Dwarf remains,Destroy, |  |  |  | Destroy
29530,Dwarf remains,Destroy, |  |  |  | Destroy
29531,Dwarf remains,Destroy, |  |  |  | Destroy
29532,Dwarf remains,Destroy, |  |  |  | Destroy
29533,Dwarf remains,Destroy, |  |  |  | Destroy
29534,Dwarf remains,Destroy, |  |  |  | Destroy
29535,Dwarf remains,Destroy, |  |  |  | Destroy
29536,Dwarf remains,Destroy, |  |  |  | Destroy
29537,Dwarf remains,Destroy, |  |  |  | Destroy
29538,Dwarf remains,Destroy, |  |  |  | Destroy
29539,Dwarf remains,Destroy, |  |  |  | Destroy
29540,Dwarf remains,Destroy, |  |  |  | Destroy
29541,Dwarf remains,Destroy, |  |  |  | Destroy
29542,Dwarf remains,Destroy, |  |  |  | Destroy
29543,Dwarf remains,Destroy, |  |  |  | Destroy
29544,Dwarf remains,Destroy, |  |  |  | Destroy
29545,Dwarf remains,Destroy, |  |  |  | Destroy
29546,Dwarf remains,Destroy, |  |  |  | Destroy
29547,Dwarf remains,Destroy, |  |  |  | Destroy
29548,Dwarf remains,Destroy, |  |  |  | Destroy
29549,Dwarf remains,Destroy, |  |  |  | Destroy
29550,Dwarf remains,Destroy, |  |  |  | Destroy
29551,Dwarf remains,Destroy, |  |  |  | Destroy
29552,Dwarf remains,Destroy, |  |  |  | Destroy
29553,Dwarf remains,Destroy, |  |  |  | Destroy
29554,Dwarf remains,Destroy, |  |  |  | Destroy
29555,Dwarf remains,Destroy, |  |  |  | Destroy
29556,Dwarf remains,Destroy, |  |  |  | Destroy
29557,Dwarf remains,Destroy, |  |  |  | Destroy
29558,Dwarf remains,Destroy, |  |  |  | Destroy
29559,Dwarf remains,Destroy, |  |  |  | Destroy
29560,Dwarf remains,Destroy, |  |  |  | Destroy
29561,Dwarf remains,Destroy, |  |  |  | Destroy
29562,Dwarf remains,Destroy, |  |  |  | Destroy
29563,Dwarf remains,Destroy, |  |  |  | Destroy
29564,Dwarf remains,Destroy, |  |  |  | Destroy
29565,Dwarf remains,Destroy, |  |  |  | Destroy
29566,Dwarf remains,Destroy, |  |  |  | Destroy
29567,Dwarf remains,Destroy, |  |  |  | Destroy
29568,Dwarf remains,Destroy, |  |  |  | Destroy
29569,Dwarf remains,Destroy, |  |  |  | Destroy
29570,Dwarf remains,Destroy, |  |  |  | Destroy
29571,Dwarf remains,Destroy, |  |  |  | Destroy
29572,Dwarf remains,Destroy, |  |  |  | Destroy
29573,Dwarf remains,Destroy, |  |  |  | Destroy
29574,Dwarf remains,Destroy, |  |  |  | Destroy
29575,Dwarf remains,Destroy, |  |  |  | Destroy
29576,Dwarf remains,Destroy, |  |  |  | Destroy
29577,Dwarf remains,Destroy, |  |  |  | Destroy
29578,Dwarf remains,Destroy, |  |  |  | Destroy
29579,Dwarf remains,Destroy, |  |  |  | Destroy
29580,Dwarf remains,Destroy, |  |  |  | Destroy
29581,Dwarf remains,Destroy, |  |  |  | Destroy
29582,Dwarf remains,Destroy, |  |  |  | Destroy
29583,Dwarf remains,Destroy, |  |  |  | Destroy
29584,Dwarf remains,Destroy, |  |  |  | Destroy
29585,Dwarf remains,Destroy, |  |  |  | Destroy
29586,Dwarf remains,Destroy, |  |  |  | Destroy
29587,Dwarf remains,Destroy, |  |  |  | Destroy
29588,Dwarf remains,Destroy, |  |  |  | Destroy
29589,Dwarf remains,Destroy, |  |  |  | Destroy
29590,Dwarf remains,Destroy, |  |  |  | Destroy
29591,Dwarf remains,Destroy, |  |  |  | Destroy
29592,Dwarf remains,Destroy, |  |  |  | Destroy
29593,Dwarf remains,Destroy, |  |  |  | Destroy
29594,Dwarf remains,Destroy, |  |  |  | Destroy
29595,Dwarf remains,Destroy, |  |  |  | Destroy
29596,Dwarf remains,Destroy, |  |  |  | Destroy
29597,Dwarf remains,Destroy, |  |  |  | Destroy
29598,Dwarf remains,Destroy, |  |  |  | Destroy
29599,Dwarf remains,Destroy, |  |  |  | Destroy
29600,Dwarf remains,Destroy, |  |  |  | Destroy
29601,Dwarf remains,Destroy, |  |  |  | Destroy
29602,Dwarf remains,Destroy, |  |  |  | Destroy
29603,Dwarf remains,Destroy, |  |  |  | Destroy
29604,Dwarf remains,Destroy, |  |  |  | Destroy
29605,Dwarf remains,Destroy, |  |  |  | Destroy
29606,Dwarf remains,Destroy, |  |  |  | Destroy
29607,Dwarf remains,Destroy, |  |  |  | Destroy
29608,Dwarf remains,Destroy, |  |  |  | Destroy
29609,Dwarf remains,Destroy, |  |  |  | Destroy
29610,Dwarf remains,Destroy, |  |  |  | Destroy
29611,Dwarf remains,Destroy, |  |  |  | Destroy
29612,Dwarf remains,Destroy, |  |  |  | Destroy
29613,Dwarf remains,Destroy, |  |  |  | Destroy
29614,Dwarf remains,Destroy, |  |  |  | Destroy
29615,Dwarf remains,Destroy, |  |  |  | Destroy
29616,Dwarf remains,Destroy, |  |  |  | Destroy
29617,Dwarf remains,Destroy, |  |  |  | Destroy
29618,Dwarf remains,Destroy, |  |  |  | Destroy
29619,Dwarf remains,Destroy, |  |  |  | Destroy
29620,Dwarf remains,Destroy, |  |  |  | Destroy
29621,Dwarf remains,Destroy, |  |  |  | Destroy
29622,Dwarf remains,Destroy, |  |  |  | Destroy
29623,Dwarf remains,Destroy, |  |  |  | Destroy
29624,Dwarf remains,Destroy, |  |  |  | Destroy
29625,Dwarf remains,Destroy, |  |  |  | Destroy
29626,Dwarf remains,Destroy, |  |  |  | Destroy
29627,Dwarf remains,Destroy, |  |  |  | Destroy
29628,Dwarf remains,Destroy, |  |  |  | Destroy
29629,Dwarf remains,Destroy, |  |  |  | Destroy
29630,Dwarf remains,Destroy, |  |  |  | Destroy
29631,Dwarf remains,Destroy, |  |  |  | Destroy
29632,Dwarf remains,Destroy, |  |  |  | Destroy
29633,Dwarf remains,Destroy, |  |  |  | Destroy
29634,Dwarf remains,Destroy, |  |  |  | Destroy
29635,Dwarf remains,Destroy, |  |  |  | Destroy
29636,Dwarf remains,Destroy, |  |  |  | Destroy
29637,Dwarf remains,Destroy, |  |  |  | Destroy
29638,Dwarf remains,Destroy, |  |  |  | Destroy
29639,Dwarf remains,Destroy, |  |  |  | Destroy
29640,Dwarf remains,Destroy, |  |  |  | Destroy
29641,Dwarf remains,Destroy, |  |  |  | Destroy
29642,Dwarf remains,Destroy, |  |  |  | Destroy
29643,Dwarf remains,Destroy, |  |  |  | Destroy
29644,Dwarf remains,Destroy, |  |  |  | Destroy
29645,Dwarf remains,Destroy, |  |  |  | Destroy
29646,Dwarf remains,Destroy, |  |  |  | Destroy
29647,Dwarf remains,Destroy, |  |  |  | Destroy
29648,Dwarf remains,Destroy, |  |  |  | Destroy
29649,Dwarf remains,Destroy, |  |  |  | Destroy
29650,Dwarf remains,Destroy, |  |  |  | Destroy
29651,Dwarf remains,Destroy, |  |  |  | Destroy
29652,Dwarf remains,Destroy, |  |  |  | Destroy
29653,Dwarf remains,Destroy, |  |  |  | Destroy
29654,Dwarf remains,Destroy, |  |  |  | Destroy
29655,Dwarf remains,Destroy, |  |  |  | Destroy
29656,Dwarf remains,Destroy, |  |  |  | Destroy
29657,Dwarf remains,Destroy, |  |  |  | Destroy
29658,Dwarf remains,Destroy, |  |  |  | Destroy
29659,Dwarf remains,Destroy, |  |  |  | Destroy
29660,Dwarf remains,Destroy, |  |  |  | Destroy
29661,Dwarf remains,Destroy, |  |  |  | Destroy
29662,Dwarf remains,Destroy, |  |  |  | Destroy
29663,Dwarf remains,Destroy, |  |  |  | Destroy
29664,Dwarf remains,Destroy, |  |  |  | Destroy
29665,Dwarf remains,Destroy, |  |  |  | Destroy
29666,Dwarf remains,Destroy, |  |  |  | Destroy
29667,Dwarf remains,Destroy, |  |  |  | Destroy
29668,Dwarf remains,Destroy, |  |  |  | Destroy
29669,Dwarf remains,Destroy, |  |  |  | Destroy
29670,Dwarf remains,Destroy, |  |  |  | Destroy
29671,Dwarf remains,Destroy, |  |  |  | Destroy
29672,Dwarf remains,Destroy, |  |  |  | Destroy
29673,Dwarf remains,Destroy, |  |  |  | Destroy
29674,Dwarf remains,Destroy, |  |  |  | Destroy
29675,Dwarf remains,Destroy, |  |  |  | Destroy
29676,Dwarf remains,Destroy, |  |  |  | Destroy
29677,Dwarf remains,Destroy, |  |  |  | Destroy
29678,Dwarf remains,Destroy, |  |  |  | Destroy
29679,Dwarf remains,Destroy, |  |  |  | Destroy
29680,Dwarf remains,Destroy, |  |  |  | Destroy
29681,Dwarf remains,Destroy, |  |  |  | Destroy
29682,Dwarf remains,Destroy, |  |  |  | Destroy
29683,Dwarf remains,Destroy, |  |  |  | Destroy
29684,Dwarf remains,Destroy, |  |  |  | Destroy
29685,Dwarf remains,Destroy, |  |  |  | Destroy
29686,Dwarf remains,Destroy, |  |  |  | Destroy
29687,Dwarf remains,Destroy, |  |  |  | Destroy
29688,Dwarf remains,Destroy, |  |  |  | Destroy
29689,Dwarf remains,Destroy, |  |  |  | Destroy
29690,Dwarf remains,Destroy, |  |  |  | Destroy
29691,Dwarf remains,Destroy, |  |  |  | Destroy
29692,Dwarf remains,Destroy, |  |  |  | Destroy
29693,Dwarf remains,Destroy, |  |  |  | Destroy
29694,Dwarf remains,Destroy, |  |  |  | Destroy
29695,Dwarf remains,Destroy, |  |  |  | Destroy
29696,Dwarf remains,Destroy, |  |  |  | Destroy
29697,Dwarf remains,Destroy, |  |  |  | Destroy
29698,Dwarf remains,Destroy, |  |  |  | Destroy
29699,Dwarf remains,Destroy, |  |  |  | Destroy
29700,Dwarf remains,Destroy, |  |  |  | Destroy
29701,Dwarf remains,Destroy, |  |  |  | Destroy
29702,Dwarf remains,Destroy, |  |  |  | Destroy
29703,Dwarf remains,Destroy, |  |  |  | Destroy
29704,Dwarf remains,Destroy, |  |  |  | Destroy
29705,Dwarf remains,Destroy, |  |  |  | Destroy
29706,Dwarf remains,Destroy, |  |  |  | Destroy
29707,Dwarf remains,Destroy, |  |  |  | Destroy
29708,Dwarf remains,Destroy, |  |  |  | Destroy
29709,Dwarf remains,Destroy, |  |  |  | Destroy
29710,Dwarf remains,Destroy, |  |  |  | Destroy
29711,Dwarf remains,Destroy, |  |  |  | Destroy
29712,Dwarf remains,Destroy, |  |  |  | Destroy
29713,Dwarf remains,Destroy, |  |  |  | Destroy
29714,Dwarf remains,Destroy, |  |  |  | Destroy
29715,Dwarf remains,Destroy, |  |  |  | Destroy
29716,Dwarf remains,Destroy, |  |  |  | Destroy
29717,Dwarf remains,Destroy, |  |  |  | Destroy
29718,Dwarf remains,Destroy, |  |  |  | Destroy
29719,Dwarf remains,Destroy, |  |  |  | Destroy
29720,Dwarf remains,Destroy, |  |  |  | Destroy
29721,Dwarf remains,Destroy, |  |  |  | Destroy
29722,Dwarf remains,Destroy, |  |  |  | Destroy
29723,Dwarf remains,Destroy, |  |  |  | Destroy
29724,Dwarf remains,Destroy, |  |  |  | Destroy
29725,Dwarf remains,Destroy, |  |  |  | Destroy
29726,Dwarf remains,Destroy, |  |  |  | Destroy
29727,Dwarf remains,Destroy, |  |  |  | Destroy
29728,Dwarf remains,Destroy, |  |  |  | Destroy
29729,Dwarf remains,Destroy, |  |  |  | Destroy
29730,Dwarf remains,Destroy, |  |  |  | Destroy
29731,Dwarf remains,Destroy, |  |  |  | Destroy
29732,Dwarf remains,Destroy, |  |  |  | Destroy
29733,Dwarf remains,Destroy, |  |  |  | Destroy
29734,Dwarf remains,Destroy, |  |  |  | Destroy
29735,Dwarf remains,Destroy, |  |  |  | Destroy
29736,Dwarf remains,Destroy, |  |  |  | Destroy
29737,Dwarf remains,Destroy, |  |  |  | Destroy
29738,Dwarf remains,Destroy, |  |  |  | Destroy
29739,Dwarf remains,Destroy, |  |  |  | Destroy
29740,Dwarf remains,Destroy, |  |  |  | Destroy
29741,Dwarf remains,Destroy, |  |  |  | Destroy
29742,Dwarf remains,Destroy, |  |  |  | Destroy
29743,Dwarf remains,Destroy, |  |  |  | Destroy
29744,Dwarf remains,Destroy, |  |  |  | Destroy
29745,Dwarf remains,Destroy, |  |  |  | Destroy
29746,Dwarf remains,Destroy, |  |  |  | Destroy
29747,Dwarf remains,Destroy, |  |  |  | Destroy
29748,Dwarf remains,Destroy, |  |  |  | Destroy
29749,Dwarf remains,Destroy, |  |  |  | Destroy
29750,Dwarf remains,Destroy, |  |  |  | Destroy
29751,Dwarf remains,Destroy, |  |  |  | Destroy
29752,Dwarf remains,Destroy, |  |  |  | Destroy
29753,Dwarf remains,Destroy, |  |  |  | Destroy
29754,Dwarf remains,Destroy, |  |  |  | Destroy
29755,Dwarf remains,Destroy, |  |  |  | Destroy
29756,Dwarf remains,Destroy, |  |  |  | Destroy
29757,Dwarf remains,Destroy, |  |  |  | Destroy
29758,Dwarf remains,Destroy, |  |  |  | Destroy
29759,Dwarf remains,Destroy, |  |  |  | Destroy
29760,Dwarf remains,Destroy, |  |  |  | Destroy
29761,Dwarf remains,Destroy, |  |  |  | Destroy
29762,Dwarf remains,Destroy, |  |  |  | Destroy
29763,Dwarf remains,Destroy, |  |  |  | Destroy
29764,Dwarf remains,Destroy, |  |  |  | Destroy
29765,Dwarf remains,Destroy, |  |  |  | Destroy
29766,Dwarf remains,Destroy, |  |  |  | Destroy
29767,Dwarf remains,Destroy, |  |  |  | Destroy
29768,Dwarf remains,Destroy, |  |  |  | Destroy
29769,Dwarf remains,Destroy, |  |  |  | Destroy
29770,Dwarf remains,Destroy, |  |  |  | Destroy
29771,Dwarf remains,Destroy, |  |  |  | Destroy
29772,Dwarf remains,Destroy, |  |  |  | Destroy
29773,Dwarf remains,Destroy, |  |  |  | Destroy
29774,Dwarf remains,Destroy, |  |  |  | Destroy
29775,Dwarf remains,Destroy, |  |  |  | Destroy
29776,Dwarf remains,Destroy, |  |  |  | Destroy
29777,Dwarf remains,Destroy, |  |  |  | Destroy
29778,Dwarf remains,Destroy, |  |  |  | Destroy
29779,Dwarf remains,Destroy, |  |  |  | Destroy
29780,Dwarf remains,Destroy, |  |  |  | Destroy
29781,Dwarf remains,Destroy, |  |  |  | Destroy
29782,Dwarf remains,Destroy, |  |  |  | Destroy
29783,Dwarf remains,Destroy, |  |  |  | Destroy
29784,Dwarf remains,Destroy, |  |  |  | Destroy
29785,Dwarf remains,Destroy, |  |  |  | Destroy
29786,Dwarf remains,Destroy, |  |  |  | Destroy
29787,Dwarf remains,Destroy, |  |  |  | Destroy
29788,Dwarf remains,Destroy, |  |  |  | Destroy
29789,Dwarf remains,Destroy, |  |  |  | Destroy
29790,Dwarf remains,Destroy, |  |  |  | Destroy
29791,Dwarf remains,Destroy, |  |  |  | Destroy
29792,Dwarf remains,Destroy, |  |  |  | Destroy
29793,Dwarf remains,Destroy, |  |  |  | Destroy
29794,Dwarf remains,Destroy, |  |  |  | Destroy
29795,Dwarf remains,Destroy, |  |  |  | Destroy
29796,Dwarf remains,Destroy, |  |  |  | Destroy
29797,Dwarf remains,Destroy, |  |  |  | Destroy
29798,Dwarf remains,Destroy, |  |  |  | Destroy
29799,Dwarf remains,Destroy, |  |  |  | Destroy
29800,Dwarf remains,Destroy, |  |  |  | Destroy
29801,Dwarf remains,Destroy, |  |  |  | Destroy
29802,Dwarf remains,Destroy, |  |  |  | Destroy
29803,Dwarf remains,Destroy, |  |  |  | Destroy
29804,Dwarf remains,Destroy, |  |  |  | Destroy
29805,Dwarf remains,Destroy, |  |  |  | Destroy
29806,Dwarf remains,Destroy, |  |  |  | Destroy
29807,Dwarf remains,Destroy, |  |  |  | Destroy
29808,Dwarf remains,Destroy, |  |  |  | Destroy
29809,Dwarf remains,Destroy, |  |  |  | Destroy
29810,Dwarf remains,Destroy, |  |  |  | Destroy
29811,Dwarf remains,Destroy, |  |  |  | Destroy
29812,Dwarf remains,Destroy, |  |  |  | Destroy
29813,Dwarf remains,Destroy, |  |  |  | Destroy
29814,Dwarf remains,Destroy, |  |  |  | Destroy
29815,Dwarf remains,Destroy, |  |  |  | Destroy
29816,Dwarf remains,Destroy, |  |  |  | Destroy
29817,Dwarf remains,Destroy, |  |  |  | Destroy
29818,Dwarf remains,Destroy, |  |  |  | Destroy
29819,Dwarf remains,Destroy, |  |  |  | Destroy
29820,Dwarf remains,Destroy, |  |  |  | Destroy
29821,Dwarf remains,Destroy, |  |  |  | Destroy
29822,Dwarf remains,Destroy, |  |  |  | Destroy
29823,Dwarf remains,Destroy, |  |  |  | Destroy
29824,Dwarf remains,Destroy, |  |  |  | Destroy
29825,Dwarf remains,Destroy, |  |  |  | Destroy
29826,Dwarf remains,Destroy, |  |  |  | Destroy
29827,Dwarf remains,Destroy, |  |  |  | Destroy
29828,Dwarf remains,Destroy, |  |  |  | Destroy
29829,Dwarf remains,Destroy, |  |  |  | Destroy
29830,Dwarf remains,Destroy, |  |  |  | Destroy
29831,Dwarf remains,Destroy, |  |  |  | Destroy
29832,Dwarf remains,Destroy, |  |  |  | Destroy
29833,Dwarf remains,Destroy, |  |  |  | Destroy
29834,Dwarf remains,Destroy, |  |  |  | Destroy
29835,Dwarf remains,Destroy, |  |  |  | Destroy
29836,Dwarf remains,Destroy, |  |  |  | Destroy
29837,Dwarf remains,Destroy, |  |  |  | Destroy
29838,Dwarf remains,Destroy, |  |  |  | Destroy
29839,Dwarf remains,Destroy, |  |  |  | Destroy
29840,Dwarf remains,Destroy, |  |  |  | Destroy
29841,Dwarf remains,Destroy, |  |  |  | Destroy
29842,Dwarf remains,Destroy, |  |  |  | Destroy
29843,Dwarf remains,Destroy, |  |  |  | Destroy
29844,Dwarf remains,Destroy, |  |  |  | Destroy
29845,Dwarf remains,Destroy, |  |  |  | Destroy
29846,Dwarf remains,Destroy, |  |  |  | Destroy
29847,Dwarf remains,Destroy, |  |  |  | Destroy
29848,Dwarf remains,Destroy, |  |  |  | Destroy
29849,Dwarf remains,Destroy, |  |  |  | Destroy
29850,Dwarf remains,Destroy, |  |  |  | Destroy
29851,Dwarf remains,Destroy, |  |  |  | Destroy
29852,Dwarf remains,Destroy, |  |  |  | Destroy
29853,Dwarf remains,Destroy, |  |  |  | Destroy
29854,Dwarf remains,Destroy, |  |  |  | Destroy
29855,Dwarf remains,Destroy, |  |  |  | Destroy
29856,Dwarf remains,Destroy, |  |  |  | Destroy
29857,Dwarf remains,Destroy, |  |  |  | Destroy
29858,Dwarf remains,Destroy, |  |  |  | Destroy
29859,Dwarf remains,Destroy, |  |  |  | Destroy
29860,Dwarf remains,Destroy, |  |  |  | Destroy
29861,Dwarf remains,Destroy, |  |  |  | Destroy
29862,Dwarf remains,Destroy, |  |  |  | Destroy
29863,Dwarf remains,Destroy, |  |  |  | Destroy
29864,Dwarf remains,Destroy, |  |  |  | Destroy
29865,Dwarf remains,Destroy, |  |  |  | Destroy
29866,Dwarf remains,Destroy, |  |  |  | Destroy
29867,Dwarf remains,Destroy, |  |  |  | Destroy
29868,Dwarf remains,Destroy, |  |  |  | Destroy
29869,Dwarf remains,Destroy, |  |  |  | Destroy
29870,Dwarf remains,Destroy, |  |  |  | Destroy
29871,Dwarf remains,Destroy, |  |  |  | Destroy
29872,Dwarf remains,Destroy, |  |  |  | Destroy
29873,Dwarf remains,Destroy, |  |  |  | Destroy
29874,Dwarf remains,Destroy, |  |  |  | Destroy
29875,Dwarf remains,Destroy, |  |  |  | Destroy
29876,Dwarf remains,Destroy, |  |  |  | Destroy
29877,Dwarf remains,Destroy, |  |  |  | Destroy
29878,Dwarf remains,Destroy, |  |  |  | Destroy
29879,Dwarf remains,Destroy, |  |  |  | Destroy
29880,Dwarf remains,Destroy, |  |  |  | Destroy
29881,Dwarf remains,Destroy, |  |  |  | Destroy
29882,Dwarf remains,Destroy, |  |  |  | Destroy
29883,Dwarf remains,Destroy, |  |  |  | Destroy
29884,Dwarf remains,Destroy, |  |  |  | Destroy
29885,Dwarf remains,Destroy, |  |  |  | Destroy
29886,Dwarf remains,Destroy, |  |  |  | Destroy
29887,Dwarf remains,Destroy, |  |  |  | Destroy
29888,Dwarf remains,Destroy, |  |  |  | Destroy
29889,Dwarf remains,Destroy, |  |  |  | Destroy
29890,Dwarf remains,Destroy, |  |  |  | Destroy
29891,Dwarf remains,Destroy, |  |  |  | Destroy
29892,Dwarf remains,Destroy, |  |  |  | Destroy
29893,Dwarf remains,Destroy, |  |  |  | Destroy
29894,Dwarf remains,Destroy, |  |  |  | Destroy
29895,Dwarf remains,Destroy, |  |  |  | Destroy
29896,Dwarf remains,Destroy, |  |  |  | Destroy
29897,Dwarf remains,Destroy, |  |  |  | Destroy
29898,Dwarf remains,Destroy, |  |  |  | Destroy
29899,Dwarf remains,Destroy, |  |  |  | Destroy
29900,Dwarf remains,Destroy, |  |  |  | Destroy
29901,Dwarf remains,Destroy, |  |  |  | Destroy
29902,Dwarf remains,Destroy, |  |  |  | Destroy
29903,Dwarf remains,Destroy, |  |  |  | Destroy
29904,Dwarf remains,Destroy, |  |  |  | Destroy
29905,Dwarf remains,Destroy, |  |  |  | Destroy
29906,Dwarf remains,Destroy, |  |  |  | Destroy
29907,Dwarf remains,Destroy, |  |  |  | Destroy
29908,Dwarf remains,Destroy, |  |  |  | Destroy
29909,Dwarf remains,Destroy, |  |  |  | Destroy
29910,Dwarf remains,Destroy, |  |  |  | Destroy
29911,Dwarf remains,Destroy, |  |  |  | Destroy
29912,Dwarf remains,Destroy, |  |  |  | Destroy
29913,Dwarf remains,Destroy, |  |  |  | Destroy
29914,Dwarf remains,Destroy, |  |  |  | Destroy
29915,Dwarf remains,Destroy, |  |  |  | Destroy
29916,Dwarf remains,Destroy, |  |  |  | Destroy
29917,Dwarf remains,Destroy, |  |  |  | Destroy
29918,Dwarf remains,Destroy, |  |  |  | Destroy
29919,Dwarf remains,Destroy, |  |  |  | Destroy
29920,Dwarf remains,Destroy, |  |  |  | Destroy
29921,Dwarf remains,Destroy, |  |  |  | Destroy
29922,Dwarf remains,Destroy, |  |  |  | Destroy
29923,Dwarf remains,Destroy, |  |  |  | Destroy
29924,Dwarf remains,Destroy, |  |  |  | Destroy
29925,Dwarf remains,Destroy, |  |  |  | Destroy
29926,Dwarf remains,Destroy, |  |  |  | Destroy
29927,Dwarf remains,Destroy, |  |  |  | Destroy
29928,Dwarf remains,Destroy, |  |  |  | Destroy
29929,Dwarf remains,Destroy, |  |  |  | Destroy
29930,Dwarf remains,Destroy, |  |  |  | Destroy
29931,Dwarf remains,Destroy, |  |  |  | Destroy
29932,Dwarf remains,Destroy, |  |  |  | Destroy
29933,Dwarf remains,Destroy, |  |  |  | Destroy
29934,Dwarf remains,Destroy, |  |  |  | Destroy
29935,Dwarf remains,Destroy, |  |  |  | Destroy
29936,Dwarf remains,Destroy, |  |  |  | Destroy
29937,Dwarf remains,Destroy, |  |  |  | Destroy
29938,Dwarf remains,Destroy, |  |  |  | Destroy
29939,Dwarf remains,Destroy, |  |  |  | Destroy
29940,Dwarf remains,Destroy, |  |  |  | Destroy
29941,Dwarf remains,Destroy, |  |  |  | Destroy
29942,Dwarf remains,Destroy, |  |  |  | Destroy
29943,Dwarf remains,Destroy, |  |  |  | Destroy
29944,Dwarf remains,Destroy, |  |  |  | Destroy
29945,Dwarf remains,Destroy, |  |  |  | Destroy
29946,Dwarf remains,Destroy, |  |  |  | Destroy
29947,Dwarf remains,Destroy, |  |  |  | Destroy
29948,Dwarf remains,Destroy, |  |  |  | Destroy
29949,Dwarf remains,Destroy, |  |  |  | Destroy
29950,Dwarf remains,Destroy, |  |  |  | Destroy
29951,Dwarf remains,Destroy, |  |  |  | Destroy
29952,Dwarf remains,Destroy, |  |  |  | Destroy
29953,Dwarf remains,Destroy, |  |  |  | Destroy
29954,Dwarf remains,Destroy, |  |  |  | Destroy
29955,Dwarf remains,Destroy, |  |  |  | Destroy
29956,Dwarf remains,Destroy, |  |  |  | Destroy
29957,Dwarf remains,Destroy, |  |  |  | Destroy
29958,Dwarf remains,Destroy, |  |  |  | Destroy
29959,Dwarf remains,Destroy, |  |  |  | Destroy
29960,Dwarf remains,Destroy, |  |  |  | Destroy
29961,Dwarf remains,Destroy, |  |  |  | Destroy
29962,Dwarf remains,Destroy, |  |  |  | Destroy
29963,Dwarf remains,Destroy, |  |  |  | Destroy
29964,Dwarf remains,Destroy, |  |  |  | Destroy
29965,Dwarf remains,Destroy, |  |  |  | Destroy
29966,Dwarf remains,Destroy, |  |  |  | Destroy
29967,Dwarf remains,Destroy, |  |  |  | Destroy
29968,Dwarf remains,Destroy, |  |  |  | Destroy
29969,Dwarf remains,Destroy, |  |  |  | Destroy
29970,Dwarf remains,Destroy, |  |  |  | Destroy
29971,Dwarf remains,Destroy, |  |  |  | Destroy
29972,Dwarf remains,Destroy, |  |  |  | Destroy
29973,Dwarf remains,Destroy, |  |  |  | Destroy
29974,Dwarf remains,Destroy, |  |  |  | Destroy
29975,Dwarf remains,Destroy, |  |  |  | Destroy
29976,Dwarf remains,Destroy, |  |  |  | Destroy
29977,Dwarf remains,Destroy, |  |  |  | Destroy
29978,Dwarf remains,Destroy, |  |  |  | Destroy
29979,Dwarf remains,Destroy, |  |  |  | Destroy
29980,Dwarf remains,Destroy, |  |  |  | Destroy
29981,Dwarf remains,Destroy, |  |  |  | Destroy
29982,Dwarf remains,Destroy, |  |  |  | Destroy
29983,Dwarf remains,Destroy, |  |  |  | Destroy
29984,Dwarf remains,Destroy, |  |  |  | Destroy
29985,Dwarf remains,Destroy, |  |  |  | Destroy
29986,Dwarf remains,Destroy, |  |  |  | Destroy
29987,Dwarf remains,Destroy, |  |  |  | Destroy
29988,Dwarf remains,Destroy, |  |  |  | Destroy
29989,Dwarf remains,Destroy, |  |  |  | Destroy
29990,Dwarf remains,Destroy, |  |  |  | Destroy
29991,Dwarf remains,Destroy, |  |  |  | Destroy
29992,Dwarf remains,Destroy, |  |  |  | Destroy
29993,Dwarf remains,Destroy, |  |  |  | Destroy
29994,Dwarf remains,Destroy, |  |  |  | Destroy
29995,Dwarf remains,Destroy, |  |  |  | Destroy
29996,Dwarf remains,Destroy, |  |  |  | Destroy
29997,Dwarf remains,Destroy, |  |  |  | Destroy
29998,Dwarf remains,Destroy, |  |  |  | Destroy
