item_id	item_name	wield	wear	source	field	categories	core_terms	numeric_mentions	text
1481	Lesser blood orb	False	False	CURRENT_HOVERS_YAML	hover	CONDITIONAL_OR_CONTEXTUAL		+2.5%|+25%|+25%|2X|+5%|+3	Earn bonuses while risking in your inventory: - +2.5% Drop rate bonus in wilderness. - +25% Blood money from PvP and wildy PvM - +25% chance for 2X Emblem upgrades - +5% chance for Grand treasures - +3 hotspot points per hotspot kill Always risked on death.
1482	Greater blood orb	False	False	CURRENT_HOVERS_YAML	hover	CONDITIONAL_OR_CONTEXTUAL		+5%|+33%|+10%|+10%|+50%|2X|+5	Earn bonuses while risking in your inventory: - +5% Drop rate bonus in wilderness. - +33% Blood money from PvP and wildy PvM - +10% chance for Gold artifacts. - +10% chance for Grand treasures - +50% chance for 2X Emblem upgrades - +5 hotspot points per hotspot kill Always risked on death.
1483	Master blood orb	False	False	CURRENT_HOVERS_YAML	hover	CONDITIONAL_OR_CONTEXTUAL		+7.5%|+50%|+15%|+15%|+100%|2X|+7	Earn bonuses while risking in your inventory: - +7.5% Drop rate bonus in wilderness. - +50% Blood money from PvP and wildy PvM - +15% chance for Gold artifacts. - +15% chance for Grand treasures - +100% chance for 2X Emblem upgrades - +7 hotspot points per hotspot kill Always risked on death.
1484	Cursed blood orb	False	False	CURRENT_HOVERS_YAML	hover	CONDITIONAL_OR_CONTEXTUAL		+25%|+150%|+33%|+25%|+100%|2X|+15	Earn bonuses while risking in your inventory: - +25% Drop rate bonus in wilderness. - +150% Blood money from PvP and wildy PvM - +33% chance for Gold artifacts. - +25% chance for Grand treasures - +100% chance for 2X Emblem upgrades - +15 hotspot points per hotspot kill Always risked on death.
7807	Barrelchest war axe	True	False	CURRENT_HOVERS_YAML	hover	CORE_COMBAT_BONUS_MENTION|SPECIAL_ATTACK|CONDITIONAL_OR_CONTEXTUAL	attack_bonus	1|3	The special attack of this weapon drains 1/3 of the damage dealt from your opponent's prayer points. This drain can stack with smite or soulsplit.
7987	King black dragon pet	False	False	CURRENT_HOVERS_YAML	hover	CONDITIONAL_OR_CONTEXTUAL|PET_EFFECT		+15%	Deal +15% bonus damage against KBD
11136	Karamja gloves 1	False	True	CURRENT_HOVERS_YAML	hover	CONDITIONAL_OR_CONTEXTUAL		5%	Boosts all spear and hasta damage by 5% when worn.
11138	Karamja gloves 2	False	True	CURRENT_HOVERS_YAML	hover	CONDITIONAL_OR_CONTEXTUAL		10%	Boosts all spear and hasta damage by 10% when worn.
11140	Karamja gloves 3	False	True	CURRENT_HOVERS_YAML	hover	CONDITIONAL_OR_CONTEXTUAL		15%	Boosts all spear and hasta damage by 15% when worn.
11284	Dragonfire shield	True	False	CURRENT_I_BIN	hover	CONDITIONAL_OR_CONTEXTUAL			Operate while equipped to deal typeless damage to your opponent!
11716	Zamorakian spear	True	False	CURRENT_HOVERS_YAML	hover	CORE_COMBAT_BONUS_MENTION|SPECIAL_ATTACK|CONDITIONAL_OR_CONTEXTUAL	attack_bonus		Great for fighting Corporeal Beast. Includes a stun effect special attack.
11717	Zamorakian spear	False	False	CURRENT_HOVERS_YAML	hover	CORE_COMBAT_BONUS_MENTION|SPECIAL_ATTACK|CONDITIONAL_OR_CONTEXTUAL	attack_bonus		Great for fighting Corporeal Beast. Includes a stun effect special attack.
11996	Pet magma zulrah	False	False	CURRENT_HOVERS_YAML	hover	CONDITIONAL_OR_CONTEXTUAL|PET_EFFECT		+15%	Deal +15% bonus damage against Zulrah
11997	Pet tanzanite zulrah	False	False	CURRENT_HOVERS_YAML	hover	CONDITIONAL_OR_CONTEXTUAL|PET_EFFECT		+15%	Deal +15% bonus damage against Zulrah
11998	Pet serpentine zulrah	False	False	CURRENT_HOVERS_YAML	hover	CONDITIONAL_OR_CONTEXTUAL|PET_EFFECT		+15%	Deal +15% bonus damage against Zulrah
12643	Pet dagannoth supreme	False	False	CURRENT_HOVERS_YAML	hover	CONDITIONAL_OR_CONTEXTUAL|PET_EFFECT		+15%	Deal +15% bonus damage against Dag kings
12644	Pet dagannoth prime	False	False	CURRENT_HOVERS_YAML	hover	CONDITIONAL_OR_CONTEXTUAL|PET_EFFECT		+15%	Deal +15% bonus damage against Dag kings
12645	Pet dagannoth rex	False	False	CURRENT_HOVERS_YAML	hover	CONDITIONAL_OR_CONTEXTUAL|PET_EFFECT		+15%	Deal +15% bonus damage against Dag kings
12655	Pet kraken	False	False	CURRENT_HOVERS_YAML	hover	CONDITIONAL_OR_CONTEXTUAL|PET_EFFECT		+15%	Deal +15% bonus damage against Kraken
12848	Granite maul (or)	True	False	CURRENT_HOVERS_YAML	hover	CORE_COMBAT_BONUS_MENTION|SPECIAL_ATTACK|CONDITIONAL_OR_CONTEXTUAL	attack_bonus	10%	Gives a 10% damage boost on the special attack.
12912	Bounty cape	False	True	CURRENT_HOVERS_YAML	hover	CONDITIONAL_OR_CONTEXTUAL			Increased drop rate for rare boss loots and rare PvP loots (treasures & artifacts).
14450	Heavy ballista	True	False	CURRENT_HOVERS_YAML	hover	CORE_COMBAT_BONUS_MENTION|SPECIAL_ATTACK|CONDITIONAL_OR_CONTEXTUAL	attack_bonus		"Fires javelins, except for morrigan's. Special attack deals extra damage. Considerably the ""AGS of range"""
14490	Elemental staff	True	False	CURRENT_HOVERS_YAML	hover	CORE_COMBAT_BONUS_MENTION|SPECIAL_ATTACK|CONDITIONAL_OR_CONTEXTUAL	attack_bonus		Autocast staff that shoots random element meteors. The special attack fires down all four element meteors in sequence.
14491	Elemental c'bow	True	False	CURRENT_HOVERS_YAML	hover	CORE_COMBAT_BONUS_MENTION|SPECIAL_ATTACK|CONDITIONAL_OR_CONTEXTUAL	attack_bonus		Accepts fire, earth, and ice bolts. The special attack is different depending on the bolts you're using.
14990	Zaryte bow	False	True	CURRENT_HOVERS_YAML	hover	CORE_COMBAT_BONUS_MENTION|SPECIAL_ATTACK|CONDITIONAL_OR_CONTEXTUAL	attack_bonus|defence	10	The special attack of this weapon will make your zaryte bow penetrate through all defence for 10 seconds. This includes divine spirit shields!
15003	Special spirit pet	False	False	CURRENT_HOVERS_YAML	hover	CORE_COMBAT_BONUS_MENTION|SPECIAL_ATTACK|CONDITIONAL_OR_CONTEXTUAL|PET_EFFECT	attack_bonus	10%|30	Restores 10% special attack every 30 seconds.
15034	Elemental javelin	True	False	CURRENT_HOVERS_YAML	hover	CONDITIONAL_OR_CONTEXTUAL		1|5	Used for the heavy ballista. Has a 1/5 chance to deal extra elemental damage when firing.
15242	Barrelchest cannon	True	False	CURRENT_HOVERS_YAML	hover	CORE_COMBAT_BONUS_MENTION|SPECIAL_ATTACK|CONDITIONAL_OR_CONTEXTUAL	attack_bonus		The special attack of this weapon shoots two high powered barrels at your opponent, dealing great damage.
16843	Elemental dagger	True	False	CURRENT_HOVERS_YAML	hover	CORE_COMBAT_BONUS_MENTION|SPECIAL_ATTACK|CONDITIONAL_OR_CONTEXTUAL	attack_bonus|magic_damage	5-15	Special attack deals 5-15 extra magic damage if the original hit dealt damage.
18451	Abyssal sire pet	False	False	CURRENT_HOVERS_YAML	hover	CONDITIONAL_OR_CONTEXTUAL|PET_EFFECT		+15%	Deal +15% bonus damage against Abyssal sire
18452	Barrelchest pet	False	False	CURRENT_HOVERS_YAML	hover	CORE_COMBAT_BONUS_MENTION|CONDITIONAL_OR_CONTEXTUAL|PET_EFFECT	strength_bonus	+10|+5|+15%	- Gives +10 Slash, Stab & Crush bonus - Gives +5 Strength bonus - Deal +15% bonus damage against Barrelchest
19205	Magic shortbow (i)	True	False	CURRENT_HOVERS_YAML	hover	SPECIAL_ATTACK|CONDITIONAL_OR_CONTEXTUAL		50%|55%	Upgraded magic shortbow that also costs 50% special instead of 55%. Untradeable and Autokeep .
19433	Zamorak halo	False	True	CURRENT_HOVERS_YAML	hover	ACCURACY_MODIFIER|CONDITIONAL_OR_CONTEXTUAL		5%|2	Gives a 5% accuracy boost if wearing 2 or more zamorak items.
19434	Saradomin halo	False	True	CURRENT_HOVERS_YAML	hover	ACCURACY_MODIFIER|CONDITIONAL_OR_CONTEXTUAL		5%|2	Gives a 5% accuracy boost if wearing 2 or more saradomin items.
19435	Guthix halo	False	True	CURRENT_HOVERS_YAML	hover	ACCURACY_MODIFIER|CONDITIONAL_OR_CONTEXTUAL		5%|2	Gives a 5% accuracy boost if wearing 2 or more guthix items.
19554	Torture ornament kit	False	False	CURRENT_HOVERS_YAML	hover	CORE_COMBAT_BONUS_MENTION|CONDITIONAL_OR_CONTEXTUAL	defence		Gives your amulet of torture a new look and better defence stats. Untradeable and Autokeep when upgraded.
19669	Ring of vigour	False	True	CURRENT_HOVERS_YAML	hover	CORE_COMBAT_BONUS_MENTION|SPECIAL_ATTACK|CONDITIONAL_OR_CONTEXTUAL	attack_bonus	10%	Reduces special attack cost by 10% Powerful early game upgrade
20468	Dinh's bulwark	False	True	CURRENT_HOVERS_YAML	hover	CORE_COMBAT_BONUS_MENTION|CONDITIONAL_OR_CONTEXTUAL	attack_bonus	30%	While in block stance you can't attack, but you will receive 30% less damage.
20478	Mysterious task bottle	False	False	CURRENT_HOVERS_YAML	hover	CONDITIONAL_OR_CONTEXTUAL			Opens for an easy PvM, PvP, or skilling task scroll (of your choice)
20482	Dragon thrownaxe	True	False	CURRENT_HOVERS_YAML	hover	CORE_COMBAT_BONUS_MENTION|SPECIAL_ATTACK|ACCURACY_MODIFIER|CONDITIONAL_OR_CONTEXTUAL	attack_bonus		Special attack increases accuracy and guarentees a hit on the next game tick
20483	Twisted bow	True	False	CURRENT_HOVERS_YAML	hover	CORE_COMBAT_BONUS_MENTION|ATTACK_SPEED_OR_TICK_TIMING|CONDITIONAL_OR_CONTEXTUAL	attack_bonus	+15%	Strong hits, with a slower attack speed. Deals +15% damage in PvM.
20534	Bloodmancer garb	False	True	CURRENT_HOVERS_YAML	hover	CORE_COMBAT_BONUS_MENTION|CONDITIONAL_OR_CONTEXTUAL|SET_EFFECT	magic_damage	100%	- Minor magic damage bonus. - Slightly improves soulsplit heal. - Full set gives 100% chance for blood cape effect from kills.
20535	Bloodmancer robe	False	True	CURRENT_HOVERS_YAML	hover	CORE_COMBAT_BONUS_MENTION|CONDITIONAL_OR_CONTEXTUAL|SET_EFFECT	magic_damage	100%	- Minor magic damage bonus. - Slightly improves soulsplit heal. - Full set gives 100% chance for blood cape effect from kills.
20536	Bloodmancer hood	False	True	CURRENT_HOVERS_YAML	hover	CORE_COMBAT_BONUS_MENTION|CONDITIONAL_OR_CONTEXTUAL|SET_EFFECT	magic_damage	100%	- Minor magic damage bonus. - Slightly improves soulsplit heal. - Full set gives 100% chance for blood cape effect from kills.
20537	Bloodmancer boots	False	True	CURRENT_HOVERS_YAML	hover	CORE_COMBAT_BONUS_MENTION|CONDITIONAL_OR_CONTEXTUAL|SET_EFFECT	magic_damage	100%	- Minor magic damage bonus. - Slightly improves soulsplit heal. - Full set gives 100% chance for blood cape effect from kills.
20554	Obsidian helm	False	True	CURRENT_HOVERS_YAML	hover	ACCURACY_MODIFIER|CONDITIONAL_OR_CONTEXTUAL|SET_EFFECT			Each piece slightly increases the prayer drain of soulsplit/smite Full set: Bonus obby wep accuracy/damage
20555	Obsidian platebody	False	True	CURRENT_HOVERS_YAML	hover	ACCURACY_MODIFIER|CONDITIONAL_OR_CONTEXTUAL|SET_EFFECT			Each piece slightly increases the prayer drain of soulsplit/smite. Full set: Bonus obby wep accuracy/damage
20556	Obsidian platelegs	False	True	CURRENT_HOVERS_YAML	hover	ACCURACY_MODIFIER|CONDITIONAL_OR_CONTEXTUAL|SET_EFFECT			Each piece slightly increases the prayer drain of soulsplit/smite. Full set: Bonus obby wep accuracy/damage
20568	Saradomin's tear	False	False	CURRENT_HOVERS_YAML	hover	SPECIAL_ATTACK|CONDITIONAL_OR_CONTEXTUAL			Use on a saradomin sword to bless it. Has improved stats and special. Degrades back into tear on death.
20776	Ancient guardian pet	False	False	CURRENT_HOVERS_YAML	hover	ACCURACY_MODIFIER|CONDITIONAL_OR_CONTEXTUAL|PET_EFFECT		33%|+2.5%	- Hits have 33% chance to bypass soak - Increases accuracy & damage by +2.5%
20779	Special spirit pet	False	False	CURRENT_HOVERS_YAML	hover	CORE_COMBAT_BONUS_MENTION|SPECIAL_ATTACK|CONDITIONAL_OR_CONTEXTUAL|PET_EFFECT	attack_bonus	10%|30	Restores 10% special attack every 30 seconds.
21000	Kharazi shard	False	False	CURRENT_HOVERS_YAML	hover	CORE_COMBAT_BONUS_MENTION|SPECIAL_ATTACK|CONDITIONAL_OR_CONTEXTUAL	attack_bonus	10	Upgrades barrelchest melee weapons. Special attack binds enemies for 10 secs.
21007	Elemental staff raffle ticket	False	False	CURRENT_HOVERS_YAML	hover	CORE_COMBAT_BONUS_MENTION|SPECIAL_ATTACK|CONDITIONAL_OR_CONTEXTUAL	attack_bonus		Autocast staff that shoots random element meteors. The special attack fires down all four element meteors in sequence.
21036	Lava relic	False	False	CURRENT_HOVERS_YAML	hover	SAME_STATS_OR_BONUSES_RELATION|CONDITIONAL_OR_CONTEXTUAL		+7.5%|42.5%|-10%	"Attaches to a fused slayer helmet. Creates ""lava slayer helm"" with same stats as a magma helm. Deal +7.5% melee damage against monsters (42.5% total) but -10% damage with range & magic."
21060	Ethereal elemental staff	True	False	CURRENT_HOVERS_YAML	hover	CORE_COMBAT_BONUS_MENTION|SPECIAL_ATTACK|CONDITIONAL_OR_CONTEXTUAL	attack_bonus		Autocast staff that shoots random element meteors. The special attack fires down all four element meteors in sequence.
21070	Tekton pet	False	False	CURRENT_HOVERS_YAML	hover	CONDITIONAL_OR_CONTEXTUAL|PET_EFFECT		+10%	Deal +10% damage against all monsters and bosses.
21073	Balmung	True	False	CURRENT_HOVERS_YAML	hover	CORE_COMBAT_BONUS_MENTION|ATTACK_SPEED_OR_TICK_TIMING|SPECIAL_ATTACK|CONDITIONAL_OR_CONTEXTUAL	attack_bonus	1|10	Special attack ignores enemy damage reduction (but deals slightly less damage) and attacks 1 tick faster for 10 seconds.
21073	Balmung	True	False	CURRENT_I_BIN	hover	CORE_COMBAT_BONUS_MENTION|ATTACK_SPEED_OR_TICK_TIMING|SPECIAL_ATTACK|CONDITIONAL_OR_CONTEXTUAL	attack_bonus	1|10	Special attack enrages the axe to ignores enemy damage soak and attack 1 tick faster for 10 seconds. Deals slightly less damage while enraged, however.
21076	Ancient berserker pet	False	False	CURRENT_HOVERS_YAML	hover	CORE_COMBAT_BONUS_MENTION|ACCURACY_MODIFIER|CONDITIONAL_OR_CONTEXTUAL|PET_EFFECT	strength_bonus	+12.5%|+5%|33%	- Grants +12.5% melee strength bonus - Grants +5% melee accuracy bonus - Grants a 33% chance to hit through damage soaks
21077	Sponsor Wings	True	False	CURRENT_HOVERS_YAML	hover	CONDITIONAL_OR_CONTEXTUAL		+10%|15%	Untradeable and Autokeep . Has the same effects as the red comp cape. Gives you the ability to fly in the non-wilderness! Includes +10% drop rate bonus (15% if you own an infernal cape or elemental comp cape)
21083	Sponsor cape	False	True	CURRENT_HOVERS_YAML	hover	CONDITIONAL_OR_CONTEXTUAL		+10%|15%	Untradeable and Autokeep . Has the same effects as the red comp cape. Includes +10% drop rate bonus (15% if you own an infernal cape or elemental comp cape)
21085	Dragonfire ward	True	False	CURRENT_HOVERS_YAML	hover	CORE_COMBAT_BONUS_MENTION|SPECIAL_ATTACK|CONDITIONAL_OR_CONTEXTUAL	attack_bonus		Includes dragonfire special attack.
21086	Ancient wyvern shield	True	False	CURRENT_HOVERS_YAML	hover	CORE_COMBAT_BONUS_MENTION|SPECIAL_ATTACK|CONDITIONAL_OR_CONTEXTUAL	attack_bonus|magic_damage	+1.75%	Includes dragonfire special attack. +1.75% magic damage bonus
21088	Tectonic fairy pet	False	False	CURRENT_HOVERS_YAML	hover	CONDITIONAL_OR_CONTEXTUAL|PET_EFFECT		30%|+10%	Gives a 30% drop rate bonus. Deal +10% damage against bosses monsters.
21089	Armadyl godsword (or)	True	False	CURRENT_HOVERS_YAML	hover	CORE_COMBAT_BONUS_MENTION|MAX_HIT_CAP|SPECIAL_ATTACK|CONDITIONAL_OR_CONTEXTUAL	attack_bonus		Includes blue particle glow effects. Increased special attack max hit cap.
21143	Vorkath pet	False	False	CURRENT_HOVERS_YAML	hover	SPECIAL_ATTACK|ACCURACY_MODIFIER|CONDITIONAL_OR_CONTEXTUAL|PET_EFFECT		15%|+3	Bonuses and effects include: - Provides immunity to dragonfire shield. - Deals 15% more damage to dragons. - Protects from dragon fire breath. - Increaes max damage by +3 for DFS spec - Increases accuracy of elemental c'bow fire spec
21162	Kharazi dark bow	True	False	CURRENT_HOVERS_YAML	hover	CORE_COMBAT_BONUS_MENTION|SPECIAL_ATTACK|CONDITIONAL_OR_CONTEXTUAL	attack_bonus	16-16|2x	Special attack reduces enemy run energy. Spec has minimum hit of 16-16 2x more than normal dark bow.
21253	Blood slayer beast pet	False	False	CURRENT_HOVERS_YAML	hover	CONDITIONAL_OR_CONTEXTUAL|PET_EFFECT		40|+5%|+10%|+10%|+25%|35%|2X	- Rank 40 - +5% damage on blood slayer tasks targets. - +10% blood money from tasks - +10% blood slayer gear bonus increase - +25% drop rate on Blood Slayer Beast boss - 35% chance for 2X larran keys (stacks w/ scroll)
21276	Jungle totem lantern	False	True	CURRENT_HOVERS_YAML	hover	CONDITIONAL_OR_CONTEXTUAL		+10%|+5%	- Provides +10% drop rate. - Deals +5% damage against monsters.
21564	Viridescent tekton pet	False	False	CURRENT_HOVERS_YAML	hover	CONDITIONAL_OR_CONTEXTUAL|PET_EFFECT		+10%	- Deal +10% damage against monsters - Autograbs unspawnable boss and pk loots to your bank
21565	Ghrazi rapier	True	False	CURRENT_HOVERS_YAML	hover	CONDITIONAL_OR_CONTEXTUAL		25%	Hits have a 25% chance to pierce through damage soaking equipment and pets.
21566	Scythe of vitur	True	False	CURRENT_HOVERS_YAML	hover	CORE_COMBAT_BONUS_MENTION|SPECIAL_ATTACK|CONDITIONAL_OR_CONTEXTUAL	attack_bonus	3|100%|75%|50%|2|+15%	Hits up to 3 enemies at once. First hit deals 100% damage, second deals 75%, and the third deals 50%. Special attack deals 2 hits to each opponent. Deals +15% damage in PvM.
21567	Justiciar faceguard	False	True	CURRENT_HOVERS_YAML	hover	CONDITIONAL_OR_CONTEXTUAL|SET_EFFECT		2.5%	Absorb 2.5% damage (per piece)
21568	Justiciar chestguard	False	True	CURRENT_HOVERS_YAML	hover	CONDITIONAL_OR_CONTEXTUAL|SET_EFFECT		2.5%	Absorb 2.5% damage (per piece)
21569	Justiciar legguards	False	True	CURRENT_HOVERS_YAML	hover	CONDITIONAL_OR_CONTEXTUAL|SET_EFFECT		2.5%	Absorb 2.5% damage (per piece)
21570	Sanguinesti staff	True	False	CURRENT_HOVERS_YAML	hover	CONDITIONAL_OR_CONTEXTUAL		1|6|50%	Attacks with an autocast spell. Hits have a 1 in 6 chance to heal you for 50% of the damage dealt.
21578	Ethereal dinh's bulwark	False	True	CURRENT_HOVERS_YAML	hover	CORE_COMBAT_BONUS_MENTION|CONDITIONAL_OR_CONTEXTUAL	attack_bonus	30%	While in block stance you can't attack, but you will receive 30% less damage.
21601	Archaic wyrm pet	False	False	CURRENT_HOVERS_YAML	hover	CORE_COMBAT_BONUS_MENTION|CONDITIONAL_OR_CONTEXTUAL|PET_EFFECT	attack_bonus|strength_bonus|defence	+5%|5|2x|+5%	- Grants +5% attack, strength, and defence bonus - Acts as a phoenix necklace (5 min cooldown) - Increases statuette rate (and chance for 2x st.) - Gives chance for other treasures while PKing! - All prayers have a +5% bonus. (This includes combat buffs, and other prayers such as smiting and protections.
21602	Skotizo chainmace	True	False	CURRENT_HOVERS_YAML	hover	CONDITIONAL_OR_CONTEXTUAL			Deals bonus PvM damage when you're in the wilderness! Does not require ether charges!
21603	Skotizo bow	True	False	CURRENT_HOVERS_YAML	hover	CONDITIONAL_OR_CONTEXTUAL			Deals bonus PvM damage when you're in the wilderness! Does not require ether charges!
21604	Skotizo sceptre	True	False	CURRENT_HOVERS_YAML	hover	CONDITIONAL_OR_CONTEXTUAL			Deals bonus PvM damage when you're in the wilderness! Does not require ether charges!
21608	Enchanted pool	False	False	CURRENT_HOVERS_YAML	hover	CORE_COMBAT_BONUS_MENTION|SPECIAL_ATTACK|CONDITIONAL_OR_CONTEXTUAL	attack_bonus	1	Includes effects of all pools. Restores special attack with a cooldown of 1 minute.
21661	Sanguinesti staff (e)	True	False	CURRENT_HOVERS_YAML	hover	CONDITIONAL_OR_CONTEXTUAL		1|6|50%	Attacks with an autocast spell. Hits have a 1 in 6 chance to heal you for 50% of the damage dealt.
21662	Ghrazi blood rapier	True	False	CURRENT_HOVERS_YAML	hover	CORE_COMBAT_BONUS_MENTION|SPECIAL_ATTACK|CONDITIONAL_OR_CONTEXTUAL	attack_bonus	25%|1|10|50%	- Hits have a 25% chance to pierce through damage soaking equipment and pets. - All hits heal for 1/10 of your damage - Adds a powerful special attack that guarentees at least 50% of your maximum hit
21663	Ghrazi blood hilt	False	False	CURRENT_HOVERS_YAML	hover	CORE_COMBAT_BONUS_MENTION|SPECIAL_ATTACK|CONDITIONAL_OR_CONTEXTUAL	attack_bonus	100|1|10|50%	Take to the repair dwarf to upgrade your Ghrazi rapier (100B fee). - All hits heal for 1/10 of your damage - Adds a powerful special attack that guarentees at least 50% of your maximum hit
21664	Sanguinesti enchantment orb	False	False	CURRENT_HOVERS_YAML	hover	CORE_COMBAT_BONUS_MENTION|SPECIAL_ATTACK|ACCURACY_MODIFIER|CONDITIONAL_OR_CONTEXTUAL	attack_bonus	100|+10%	Take to the repair dwarf to upgrade your Sanguinesti staff (100B fee). - Increases autocast spell's damage and accuracy by +10% - Adds a double hitting special attack - Increased chance for lifesteal effect
21670	Boxing gloves (blood)	False	True	CURRENT_HOVERS_YAML	hover	CONDITIONAL_OR_CONTEXTUAL		+5%	All grand promo items have a drop rate bonus of +5% while equipped.
21671	Boxing gloves (shadow)	False	True	CURRENT_HOVERS_YAML	hover	CONDITIONAL_OR_CONTEXTUAL		+5%	All grand promo items have a drop rate bonus of +5% while equipped.
21672	Blood sled	False	False	CURRENT_HOVERS_YAML	hover	CONDITIONAL_OR_CONTEXTUAL		+5%	All grand promo items have a drop rate bonus of +5% while equipped.
21673	Blood flippers	False	True	CURRENT_HOVERS_YAML	hover	CONDITIONAL_OR_CONTEXTUAL		+5%	All grand promo items have a drop rate bonus of +5% while equipped.
21674	Dark blood cape	False	True	CURRENT_HOVERS_YAML	hover	CONDITIONAL_OR_CONTEXTUAL		+5%	All grand promo items have a drop rate bonus of +5% while equipped.
21675	Shadow cape	False	True	CURRENT_HOVERS_YAML	hover	CONDITIONAL_OR_CONTEXTUAL		+5%	All grand promo items have a drop rate bonus of +5% while equipped.
21680	Shadow sled	False	False	CURRENT_HOVERS_YAML	hover	CONDITIONAL_OR_CONTEXTUAL		+5%	All grand promo items have a drop rate bonus of +5% while equipped.
21681	Shadow flippers	False	True	CURRENT_HOVERS_YAML	hover	CONDITIONAL_OR_CONTEXTUAL		+5%	All grand promo items have a drop rate bonus of +5% while equipped.
21682	Charmed sled	False	False	CURRENT_HOVERS_YAML	hover	CONDITIONAL_OR_CONTEXTUAL		+5%	All grand promo items have a drop rate bonus of +5% while equipped.
21683	Charmed flippers	False	True	CURRENT_HOVERS_YAML	hover	CONDITIONAL_OR_CONTEXTUAL		+5%	All grand promo items have a drop rate bonus of +5% while equipped.
21702	Holy alien pet	False	False	CURRENT_HOVERS_YAML	hover	CONDITIONAL_OR_CONTEXTUAL|PET_EFFECT		5|15|1|6	- Allows you to teleport at any level wilderness. - Heals 5 prayer every 15 seconds. - 1/6 of damage dealt is removed from your opponent's pray. Stacks with smite and soulsplit.
21729	Blood relic	False	False	CURRENT_HOVERS_YAML	hover	CONDITIONAL_OR_CONTEXTUAL		30|+25%|+2.5%|37.5%	"- Rank 30 Attaches to a fused slayer helmet. Creates a ""blood slayer helm"" to receive +25% more blood money from tasks. Deals +2.5% (37.5% total) damage against monsters. Helmet is Untradeable and Autokeep"
21765	Justiciar chestguard (dyed)	False	True	CURRENT_HOVERS_YAML	hover	CONDITIONAL_OR_CONTEXTUAL|SET_EFFECT		2.5%	Absorb 2.5% damage (per piece)
21766	Justiciar legguards (dyed)	False	True	CURRENT_HOVERS_YAML	hover	CONDITIONAL_OR_CONTEXTUAL|SET_EFFECT		2.5%	Absorb 2.5% damage (per piece)
21767	Ancient ward	True	False	CURRENT_HOVERS_YAML	hover	CORE_COMBAT_BONUS_MENTION|SPECIAL_ATTACK|CONDITIONAL_OR_CONTEXTUAL	attack_bonus		Draconic shield with bonuses for both ranged and magic combat. Includes dragonfire special attack.
21819	Frosty twisted bow	True	False	CURRENT_HOVERS_YAML	hover	CORE_COMBAT_BONUS_MENTION|CONDITIONAL_OR_CONTEXTUAL	magic_damage	+15%|33%	Improved stats from twisted bow, and +15% PvM damage. Hits have a 33% chance to fire an additional ice arrow dealing magic damage (does not stack with swift)
21831	Ags special scroll	False	False	CURRENT_HOVERS_YAML	hover	CORE_COMBAT_BONUS_MENTION|SPECIAL_ATTACK|ACCURACY_MODIFIER|CONDITIONAL_OR_CONTEXTUAL	attack_bonus	10%	Permanently boosts ags spec accuracy by 10%, and boosts damage potential. These effects also apply for AGS (or). Additionally changes the special attack's color in battle!
21832	Bgs special scroll	False	False	CURRENT_HOVERS_YAML	hover	CORE_COMBAT_BONUS_MENTION|SPECIAL_ATTACK|ACCURACY_MODIFIER|CONDITIONAL_OR_CONTEXTUAL	attack_bonus	10%|+5	Permanently boosts bgs spec accuracy by 10% and spec max hit by +5. Also changes the special attack's color in battle!
21845	Inquisitor faceguard	False	True	CURRENT_HOVERS_YAML	hover	MAX_HIT_CAP|ACCURACY_MODIFIER|CONDITIONAL_OR_CONTEXTUAL|SET_EFFECT		+3|+10%	- Melee max hit caps raised by +3 with full set - +10% accuracy with full set and mace or maul - Each piece strengthens mace/maul bleed effect
21846	Inquisitor chestguard	False	True	CURRENT_HOVERS_YAML	hover	MAX_HIT_CAP|ACCURACY_MODIFIER|CONDITIONAL_OR_CONTEXTUAL|SET_EFFECT		+3|+10%	- Melee max hit caps raised by +3 with full set - +10% accuracy with full set and mace or maul - Each piece strengthens mace/maul bleed effect
21847	Inquisitor legguards	False	True	CURRENT_HOVERS_YAML	hover	MAX_HIT_CAP|ACCURACY_MODIFIER|CONDITIONAL_OR_CONTEXTUAL|SET_EFFECT		+3|+10%	- Melee max hit caps raised by +3 with full set - +10% accuracy with full set and mace or maul - Each piece strengthens mace/maul bleed effect
21848	Inquisitor mace	True	False	CURRENT_I_BIN	hover	CORE_COMBAT_BONUS_MENTION|SPECIAL_ATTACK|CONDITIONAL_OR_CONTEXTUAL	attack_bonus|strength_bonus	50%	Special attack costs 50% special energy and causes a bleed effect on your opponent. Bleed strength scales up based on the amount of Inquisitor armor pieces equipped.
21849	Siren tome	True	False	CURRENT_HOVERS_YAML	hover	CORE_COMBAT_BONUS_MENTION|CONDITIONAL_OR_CONTEXTUAL	magic_damage	+10%|+25%	- Increases damage dealt by +10% while wearing any Nightmare staff - Increases magic damage by +25% in PvM
21854	Eldritch orb	False	False	CURRENT_HOVERS_YAML	hover	CORE_COMBAT_BONUS_MENTION|SPECIAL_ATTACK|CONDITIONAL_OR_CONTEXTUAL	attack_bonus	65%|60%	Upgrades nightmare staff to obtain a special attack that costs 65% to cast & smites enemy for 60% of the damage dealt.
21855	Harmonised orb	False	False	CURRENT_HOVERS_YAML	hover	CORE_COMBAT_BONUS_MENTION|CONDITIONAL_OR_CONTEXTUAL	attack_bonus	+1|15%	Upgrades the nightmare staff to attack +1 speed faster when casting from the Modern spellbook, but deal 15% less damage when autocasting spells.
21856	Volatile orb	False	False	CURRENT_HOVERS_YAML	hover	CORE_COMBAT_BONUS_MENTION|SPECIAL_ATTACK|CONDITIONAL_OR_CONTEXTUAL	attack_bonus|magic_damage	+5%|20%	Upgrades nightmare staff with +5% (20% total) magic damage, and a strong special attack! Spec also deals bonus damage when equipping a Tome of fire or Tome of fire (i)
21857	Bounty assembler upgrade	False	False	CURRENT_HOVERS_YAML	hover	CONDITIONAL_OR_CONTEXTUAL			Permanently provides the bounty cape's PvP treasure & artifact rate boost while an Ava's assembler is worn.
21858	Bounty god cape upgrade	False	False	CURRENT_HOVERS_YAML	hover	CONDITIONAL_OR_CONTEXTUAL			Permanently provides the bounty cape's PvP treasure & artifact rate boost while an Enchanted or imbued god cape is worn.
21859	Bounty infernal upgrade	False	False	CURRENT_HOVERS_YAML	hover	CONDITIONAL_OR_CONTEXTUAL			Permanently provides the bounty cape's PvP treasure & artifact rate boost while an Infernal cape or max cape is worn.
21860	Cursed kharazi ornament kit	False	False	CURRENT_HOVERS_YAML	hover	CONDITIONAL_OR_CONTEXTUAL|SET_EFFECT		+50%	Upgrades Kharazi body & chaps with stronger stats. Set effect: Increases craws, skotizo & webweaver bow PvM damage by +50% (wildy only) (Pieces are still tradeable and do not break on death)
21861	Cursed kharazi body	False	True	CURRENT_HOVERS_YAML	hover	CONDITIONAL_OR_CONTEXTUAL|SET_EFFECT		+50%	Set effect: Boosts craws, skotizo & webweaver bow pvm damage by +50% (wildy only)
21862	Cursed kharazi chaps	False	True	CURRENT_HOVERS_YAML	hover	CONDITIONAL_OR_CONTEXTUAL|SET_EFFECT		+50%	Set effect: Boosts craws, skotizo & webweaver bow pvm damage by +50% (wildy only)
21864	Easter guardian pet	False	False	CURRENT_HOVERS_YAML	hover	CORE_COMBAT_BONUS_MENTION|CONDITIONAL_OR_CONTEXTUAL|PET_EFFECT	strength_bonus|range_strength	+6.5%|50%	Increases range equipment bonuses by +6.5% (including range strength) Hits have a 50% chance to bypass your opponent's damage soaking.
21867	Warmaster Jad pet	False	False	CURRENT_I_BIN	hover	CORE_COMBAT_BONUS_MENTION|MAX_HIT_CAP|CONDITIONAL_OR_CONTEXTUAL|PET_EFFECT	attack_bonus|strength_bonus|range_strength|magic_damage	+30|+15|+10|+5|+5%|+1|+25%	- Gives melee attack bonuses by +30 - Gives magic & range attack bonus by +15 - Gives +10 str, +5 range str & +5% magic dmg - Increases Max hit cap by +1 - Increases PvM damage by +25%
21871	Dark brimstone ring	False	True	CURRENT_HOVERS_YAML	hover	DEFENCE_BYPASS_OR_REDUCTION|CONDITIONAL_OR_CONTEXTUAL		1|3|33%	1/3 chance to ignore 33% of enemy magic defenses.
21872	Xerician pendant	False	True	CURRENT_HOVERS_YAML	hover	CONDITIONAL_OR_CONTEXTUAL		+10%|+15%	- Raises drop rate bonus by +10% - Increases Twisted bow PvM damage by +15%
21877	Justiciar faceguard (dyed)	False	True	CURRENT_HOVERS_YAML	hover	CONDITIONAL_OR_CONTEXTUAL|SET_EFFECT		2.5%	Absorb 2.5% damage (per piece)
21938	Easter zaryte bow	False	True	CURRENT_HOVERS_YAML	hover	CORE_COMBAT_BONUS_MENTION|SPECIAL_ATTACK|CONDITIONAL_OR_CONTEXTUAL	attack_bonus|defence	10	The special attack of this weapon will make your zaryte bow penetrate through all defence for 10 seconds. This includes divine spirit shields!
21945	Easter ele c'bow	True	False	CURRENT_HOVERS_YAML	hover	SPECIAL_ATTACK|CONDITIONAL_OR_CONTEXTUAL		1	This special version of the Elemental c'bow is 1-handed while worn.
22003	Ultimate justiciar faceguard	False	True	CURRENT_HOVERS_YAML	hover	CONDITIONAL_OR_CONTEXTUAL|SET_EFFECT		2.5%	Absorb 2.5% damage (per piece)
22004	Ultimate justiciar chestguard	False	True	CURRENT_HOVERS_YAML	hover	CONDITIONAL_OR_CONTEXTUAL|SET_EFFECT		2.5%	Absorb 2.5% damage (per piece)
22005	Ultimate justiciar legguards	False	True	CURRENT_HOVERS_YAML	hover	CONDITIONAL_OR_CONTEXTUAL|SET_EFFECT		2.5%	Absorb 2.5% damage (per piece)
22009	Venenatis pet	False	False	CURRENT_HOVERS_YAML	hover	CORE_COMBAT_BONUS_MENTION|CONDITIONAL_OR_CONTEXTUAL|PET_EFFECT	attack_bonus	+10|+15%	- Gives +10 Magic attack bonus - Deal +15% bonus damage against Venenatis
22010	Callisto pet	False	False	CURRENT_HOVERS_YAML	hover	CORE_COMBAT_BONUS_MENTION|CONDITIONAL_OR_CONTEXTUAL|PET_EFFECT	strength_bonus	+20|+5|+15%	- Gives +20 Crush & +5 Str bonus - Deal +15% bonus damage against Callisto
22011	Scorpia pet	False	False	CURRENT_HOVERS_YAML	hover	CORE_COMBAT_BONUS_MENTION|CONDITIONAL_OR_CONTEXTUAL|PET_EFFECT	attack_bonus	+15|+15%	- Gives +15 Range attack bonus - Deal +15% bonus damage against Scorpia
22016	Behallowed saradomin sword	True	False	CURRENT_HOVERS_YAML	hover	SPECIAL_ATTACK|CONDITIONAL_OR_CONTEXTUAL		5%|33%	Stats and spec 5% stronger than Blessed saradomin sword. 33% chance to hit twice when fighting against monsters.
22017	Solar dark bow	True	False	CURRENT_HOVERS_YAML	hover	CORE_COMBAT_BONUS_MENTION|SPECIAL_ATTACK|CONDITIONAL_OR_CONTEXTUAL	attack_bonus|defence	50%|33%|3	Special attack reduces enemy magic and defence by 50% of the damage dealt. 33% chance to fire a 3rd arrow when fighting against monsters.
22018	Solarlight	True	False	CURRENT_HOVERS_YAML	hover	ACCURACY_MODIFIER|CONDITIONAL_OR_CONTEXTUAL		+50%	Increases damage & accuracy against undead & demons by +50% when used against them.
22019	Lunarlight	True	False	CURRENT_HOVERS_YAML	hover	ACCURACY_MODIFIER|CONDITIONAL_OR_CONTEXTUAL		+50%	Increases damage & accuracy against dragons & demons by +50% when used against them.
22068	Lunar hide body	False	True	CURRENT_HOVERS_YAML	hover	CONDITIONAL_OR_CONTEXTUAL		+25%|+5%	Deals +25% extra damage in PvM and provides a +5% drop rate bonus
22069	Lunar hide chaps	False	True	CURRENT_HOVERS_YAML	hover	CONDITIONAL_OR_CONTEXTUAL		+25%|+5%	Deals +25% extra damage in PvM and provides a +5% drop rate bonus
22084	Orb of terror	False	False	CURRENT_HOVERS_YAML	hover	CORE_COMBAT_BONUS_MENTION|SPECIAL_ATTACK|ACCURACY_MODIFIER|CONDITIONAL_OR_CONTEXTUAL	attack_bonus		Upgrades nightmare staff with its own powerful autocast spell, and a special attack that heals you and inflicts bleeding. Special attack's damage, accuracy, and healing is boosted by the Siren's tome.
22087	Nightmare pet	False	False	CURRENT_HOVERS_YAML	hover	ACCURACY_MODIFIER|CONDITIONAL_OR_CONTEXTUAL|PET_EFFECT		+10|+25%|+50%|+75%	- Keeps magic level boosted by +10 - Increases magic accuracy by +25% - When opponent is bleeding, magic accuracy is increased by another +50% (+75% total)
22088	Lucky fairy mini-pet	False	False	CURRENT_HOVERS_YAML	hover	CONDITIONAL_OR_CONTEXTUAL|PET_EFFECT		+5%	When activated, this pet will follow your main pet! Grants a +5% drop rate bonus! (Upgrade available in enchantment chest)
22089	Gilded fairy mini-pet	False	False	CURRENT_HOVERS_YAML	hover	CONDITIONAL_OR_CONTEXTUAL|PET_EFFECT		+15%|+5%|2X	When activated, this pet will follow your main pet! Grants a +15% drop rate bonus! Grants a +5% chance for 2X rare drops!
22104	Crestcloth	False	False	CURRENT_HOVERS_YAML	hover	CONDITIONAL_OR_CONTEXTUAL|SET_EFFECT		+7.5%|+3.5%|3|2|1	Attach to Ancestral for Crestbearer robes +7.5% PvM damage and +3.5% drop rate per piece. Costs 3 cloth for top, 2 for legs, 1 for hat.
22105	Crestbearer hat	False	True	CURRENT_HOVERS_YAML	hover	CORE_COMBAT_BONUS_MENTION|ACCURACY_MODIFIER|CONDITIONAL_OR_CONTEXTUAL|SET_EFFECT	magic_damage	+10%|+45%	Deals +10% magic damage in PvM. Gives an additional boost of +45% damage and accuracy in PvM when full set is worn.
22106	Crestbearer robe top	False	True	CURRENT_HOVERS_YAML	hover	CORE_COMBAT_BONUS_MENTION|ACCURACY_MODIFIER|CONDITIONAL_OR_CONTEXTUAL|SET_EFFECT	magic_damage	+10%|+45%	Deals +10% magic damage in PvM. Gives an additional boost of +45% damage and accuracy in PvM when full set is worn.
22107	Crestbearer robe bottom	False	True	CURRENT_HOVERS_YAML	hover	CORE_COMBAT_BONUS_MENTION|ACCURACY_MODIFIER|CONDITIONAL_OR_CONTEXTUAL|SET_EFFECT	magic_damage	+10%|+45%	Deals +10% magic damage in PvM. Gives an additional boost of +45% damage and accuracy in PvM when full set is worn.
22109	Blood amulet of fury	False	True	CURRENT_HOVERS_YAML	hover	CONDITIONAL_OR_CONTEXTUAL		1|5|30%	1/5 chance to heal for 30% of melee damage dealt
22111	Blood amulet of fury (or)	False	True	CURRENT_HOVERS_YAML	hover	CONDITIONAL_OR_CONTEXTUAL		1|5|30%	1/5 chance to heal for 30% of melee damage dealt. Autokeep & untradeable
22112	Dark brimstone ring (i)	False	True	CURRENT_HOVERS_YAML	hover	DEFENCE_BYPASS_OR_REDUCTION|CONDITIONAL_OR_CONTEXTUAL		1|3|33%	1/3 chance to ignore 33% of enemy magic defenses. Untradeable & autkeep
22121	Swift blade (t)	True	False	CURRENT_HOVERS_YAML	hover	CORE_COMBAT_BONUS_MENTION|SPECIAL_ATTACK|CONDITIONAL_OR_CONTEXTUAL	attack_bonus	2|50%|+1	2-handed weapon with special attack that hits twice and costs 50% spec. +1 speed faster than whips, scimitars, and rapiers.
22134	Inquisitor maul	True	False	CURRENT_I_BIN	hover	CORE_COMBAT_BONUS_MENTION|SPECIAL_ATTACK|CONDITIONAL_OR_CONTEXTUAL	attack_bonus	65%	Special attack costs 65% special energy and causes a bleed effect on your opponent.
22135	Dark toxic blowpipe	True	False	CURRENT_I_BIN	hover	CORE_COMBAT_BONUS_MENTION|ATTACK_SPEED_OR_TICK_TIMING|SPECIAL_ATTACK|CONDITIONAL_OR_CONTEXTUAL	attack_bonus|strength_bonus|range_strength	+40|+1	- Special blowpipe with stronger range attack & ranged strength. - Grants +40 range strength in PvM. - Grants +1 attack speed in wildy PvM
22136	Cursed dagon'hai robe top	False	True	CURRENT_HOVERS_YAML	hover	MAX_HIT_CAP|CONDITIONAL_OR_CONTEXTUAL|SET_EFFECT		+50%|+2	Full set effect: - Increases thammaron, skotizo & accursed sceptre pvm damage by +50% (wildy only) - Magic max hit caps are raised by +2
22137	Cursed dagon'hai hat	False	True	CURRENT_HOVERS_YAML	hover	MAX_HIT_CAP|CONDITIONAL_OR_CONTEXTUAL|SET_EFFECT		+50%|+2	Full set effect: - Increases thammaron, skotizo & accursed sceptre pvm damage by +50% (wildy only) - Magic max hit caps are raised by +2
22138	Cursed dagon'hai robe bottom	False	True	CURRENT_HOVERS_YAML	hover	MAX_HIT_CAP|CONDITIONAL_OR_CONTEXTUAL|SET_EFFECT		+50%|+2	Full set effect: - Increases thammaron, skotizo & accursed sceptre pvm damage by +50% (wildy only) - Magic max hit caps are raised by +2
22139	Mystic bounty cape	False	True	CURRENT_HOVERS_YAML	hover	CONDITIONAL_OR_CONTEXTUAL			Increased drop rate for rare boss loots and rare PvP loots (treasures & artifacts).
22141	Inquisitor faceguard (dyed)	False	True	CURRENT_HOVERS_YAML	hover	MAX_HIT_CAP|ACCURACY_MODIFIER|CONDITIONAL_OR_CONTEXTUAL|SET_EFFECT		+2|+10%	- Melee max hit caps raised by +2 with full set - +10% accuracy with full set and mace or maul - Each piece strengthens mace/maul bleed effect
22142	Inquisitor chestguard (dyed)	False	True	CURRENT_HOVERS_YAML	hover	MAX_HIT_CAP|ACCURACY_MODIFIER|CONDITIONAL_OR_CONTEXTUAL|SET_EFFECT		+2|+10%	- Melee max hit caps raised by +2 with full set - +10% accuracy with full set and mace or maul - Each piece strengthens mace/maul bleed effect
22143	Inquisitor legguards (dyed)	False	True	CURRENT_HOVERS_YAML	hover	MAX_HIT_CAP|ACCURACY_MODIFIER|CONDITIONAL_OR_CONTEXTUAL|SET_EFFECT		+2|+10%	- Melee max hit caps raised by +2 with full set - +10% accuracy with full set and mace or maul - Each piece strengthens mace/maul bleed effect
22144	Haunted zaryte branch	False	False	CURRENT_HOVERS_YAML	hover	CORE_COMBAT_BONUS_MENTION|SPECIAL_ATTACK|CONDITIONAL_OR_CONTEXTUAL	attack_bonus	14990|50%|+50%|1484|2.5x	Upgrades a Zaryte bow <item=14990> to.. - Deals 50% more damage to undead monsters and bosses. - Increases wildy PVM damage by +50% if risking a Cursed blood orb <item=1484> - Special attack lowers enemy def & deals 2.5x damage in PvM.
22145	Haunted zaryte bow	False	True	CURRENT_HOVERS_YAML	hover	CORE_COMBAT_BONUS_MENTION|SPECIAL_ATTACK|CONDITIONAL_OR_CONTEXTUAL	attack_bonus	50%|+50%|1484|2.5x	- Deals 50% more damage to undead monsters and bosses. - Increases wildy PVM damage by +50% if risking a Cursed blood orb <item=1484> - Special attack lowers enemy def & deals 2.5x damage in PvM.
22157	Cursed vesta's longsword	False	False	CURRENT_HOVERS_YAML	hover	ACCURACY_MODIFIER|CONDITIONAL_OR_CONTEXTUAL		+20%|+7.5%	Increases accuracy by +20% and damage by +7.5% when risking a Cursed blood orb
22158	Cursed statius' warhammer	True	False	CURRENT_HOVERS_YAML	hover	ACCURACY_MODIFIER|CONDITIONAL_OR_CONTEXTUAL		+20%|+7.5%	Increases accuracy by +20% and damage by +7.5% when risking a Cursed blood orb
22159	Cursed titan pet	False	False	CURRENT_HOVERS_YAML	hover	CORE_COMBAT_BONUS_MENTION|CONDITIONAL_OR_CONTEXTUAL|PET_EFFECT	defence	+15%|+7.5%	This pet will grant you a +15% defence bonus & +7.5% damage soak while risking a Cursed orb Effect tripled in PvM
22160	Cursed demon pet	False	False	CURRENT_HOVERS_YAML	hover	ACCURACY_MODIFIER|CONDITIONAL_OR_CONTEXTUAL|PET_EFFECT		+15%|+7.5%	This pet will grant you a +15% range & magic accuracy & +7.5% mage & range damage while risking a Cursed orb Effect tripled in PvM
22161	Cursed lion pet	False	False	CURRENT_HOVERS_YAML	hover	ACCURACY_MODIFIER|CONDITIONAL_OR_CONTEXTUAL|PET_EFFECT		+15%|+7.5%	This pet will grant you a +15% melee accuracy bonus & +7.5% melee damage bonus while risking a Cursed orb Effect tripled in PvM
22179	Boxing gloves (infernal)	False	True	CURRENT_HOVERS_YAML	hover	CONDITIONAL_OR_CONTEXTUAL		+5%	All grand promo items have a drop rate bonus of +5% while equipped.
22180	Infernal sled	False	False	CURRENT_HOVERS_YAML	hover	CONDITIONAL_OR_CONTEXTUAL		+5%	All grand promo items have a drop rate bonus of +5% while equipped.
22181	Infernal flippers	False	True	CURRENT_HOVERS_YAML	hover	CONDITIONAL_OR_CONTEXTUAL		+5%	All grand promo items have a drop rate bonus of +5% while equipped.
22183	Dark blood lantern	False	True	CURRENT_HOVERS_YAML	hover	CONDITIONAL_OR_CONTEXTUAL		+5%	All grand promo items have a drop rate bonus of +5% while equipped.
22184	Shadow lantern	False	True	CURRENT_HOVERS_YAML	hover	CONDITIONAL_OR_CONTEXTUAL		+5%	All grand promo items have a drop rate bonus of +5% while equipped.
22185	Charmed lantern	False	True	CURRENT_HOVERS_YAML	hover	CONDITIONAL_OR_CONTEXTUAL		+5%	All grand promo items have a drop rate bonus of +5% while equipped.
22213	Granite mace	True	False	CURRENT_HOVERS_YAML	hover	CORE_COMBAT_BONUS_MENTION|SPECIAL_ATTACK|CONDITIONAL_OR_CONTEXTUAL	attack_bonus	1	Strong 1-handed granite weapon with same special attack as the Granite maul.
22218	Swift bow	True	False	CURRENT_HOVERS_YAML	hover	CONDITIONAL_OR_CONTEXTUAL			As fast as blowpipe in PvM combat.
22242	Skeleton bow	True	False	CURRENT_HOVERS_YAML	hover	CONDITIONAL_OR_CONTEXTUAL		20%	This bow will deal 20% more damage on WILDY monsters and bosses.
22450	Frozen armadyl helmet	False	True	CURRENT_HOVERS_YAML	hover	ACCURACY_MODIFIER|CONDITIONAL_OR_CONTEXTUAL|SET_EFFECT		25%|+50%	Full set increases accuracy of armadyl cbow by 25%. During PvM the full set gives armadyl cbow an additional bonus of +50% damage.
22451	Frozen armadyl chestplate	False	True	CURRENT_HOVERS_YAML	hover	ACCURACY_MODIFIER|CONDITIONAL_OR_CONTEXTUAL|SET_EFFECT		25%|+50%	Full set increases accuracy of armadyl cbow by 25%. During PvM the full set gives armadyl cbow an additional bonus of +50% damage.
22452	Frozen armadyl plateskirt	False	True	CURRENT_HOVERS_YAML	hover	ACCURACY_MODIFIER|CONDITIONAL_OR_CONTEXTUAL|SET_EFFECT		25%|+50%	Full set increases accuracy of armadyl cbow by 25%. During PvM the full set gives armadyl cbow an additional bonus of +50% damage.
22504	Easter Dharok's helm	False	True	CURRENT_HOVERS_YAML	hover	CONDITIONAL_OR_CONTEXTUAL|SET_EFFECT		+5|1|4|2x	Unique dharoks that gives extra +5 slash bonus on each piece. Set effect: 1/4 chance to deal 2x damage in PvM.
22505	Easter Dharok's greataxe	True	False	CURRENT_HOVERS_YAML	hover	CONDITIONAL_OR_CONTEXTUAL|SET_EFFECT		+5|1|4|2x	Unique dharoks that gives extra +5 slash bonus on each piece. Set effect: 1/4 chance to deal 2x damage in PvM.
22506	Easter Dharok's platebody	False	True	CURRENT_HOVERS_YAML	hover	CONDITIONAL_OR_CONTEXTUAL|SET_EFFECT		+5|1|4|2x	Unique dharoks that gives extra +5 slash bonus on each piece. Set effect: 1/4 chance to deal 2x damage in PvM.
22507	Easter Dharok's platelegs	False	True	CURRENT_HOVERS_YAML	hover	CONDITIONAL_OR_CONTEXTUAL|SET_EFFECT		+5|1|4|2x	Unique dharoks that gives extra +5 slash bonus on each piece. Set effect: 1/4 chance to deal 2x damage in PvM.
22514	Tektonic platebody (dyed)	False	True	CURRENT_HOVERS_YAML	hover	CONDITIONAL_OR_CONTEXTUAL|SET_EFFECT		2.5%|20	Full set gives venom & poison immunity. Absorbs 2.5% damage (per piece) Increases max HP by 20
22515	Tektonic platelegs (dyed)	False	True	CURRENT_HOVERS_YAML	hover	CONDITIONAL_OR_CONTEXTUAL|SET_EFFECT		2.5%|10	Full set gives venom & poison immunity. Absorbs 2.5% damage (per piece) Increases max HP by 10
22516	Tektonic full helm (dyed)	False	True	CURRENT_HOVERS_YAML	hover	CONDITIONAL_OR_CONTEXTUAL|SET_EFFECT		2.5%|5	Full set gives venom & poison immunity. Absorbs 2.5% damage (per piece) Increases max HP by 5
22519	Ultimate olmlet pet	False	False	CURRENT_HOVERS_YAML	hover	CORE_COMBAT_BONUS_MENTION|CONDITIONAL_OR_CONTEXTUAL|PET_EFFECT	attack_bonus	+10|+5|+5|+10%|+25%	- Grants immunity to all dragonfire damage - Keeps magic level boosted by +10 - Increases spell max hits by +5 - Increases fire attack max hits by +5 (including bolt specs) - Deal +10% damage against all monsters - Deal +25% damage in olm and vasa's lair (CoX raids)
22529	Blood looting bag	False	False	CURRENT_HOVERS_YAML	hover	CONDITIONAL_OR_CONTEXTUAL		+25%	If you do NOT have a Yoshi pet equipped or in your inventory, you'll receive +25% drop rate bonus in the wilderness!
22530	Blood looting bag	False	False	CURRENT_HOVERS_YAML	hover	CONDITIONAL_OR_CONTEXTUAL		+25%	If you do NOT have a Yoshi pet equipped or in your inventory, you'll receive +25% drop rate bonus in the wilderness!
22812	Holy corporeal beast pet	False	False	CURRENT_HOVERS_YAML	hover	CORE_COMBAT_BONUS_MENTION|ACCURACY_MODIFIER|CONDITIONAL_OR_CONTEXTUAL|PET_EFFECT	attack_bonus	+10%|5|15|1|6|33%	- Grants +10% melee attack accuracy - Heals 5 prayer every 15 seconds. - 1/6 of damage dealt is removed from your opponent's pray. Stacks with smite and soulsplit. - 33% chance to restore your prayer with the amount of points you smite from an opponent.
22828	Brimstone ring	False	True	CURRENT_HOVERS_YAML	hover	DEFENCE_BYPASS_OR_REDUCTION|CONDITIONAL_OR_CONTEXTUAL		1|3|20%	1/3 chance to ignore 20% of enemy magic defenses.
22842	Blood hydra pet	False	False	CURRENT_HOVERS_YAML	hover	CONDITIONAL_OR_CONTEXTUAL|PET_EFFECT			Pet has a chance to inflict lightning damage to your target. Hits also have a chance to inflict disease.
22844	Mystic hat (dusk)	False	True	CURRENT_HOVERS_YAML	hover	CONDITIONAL_OR_CONTEXTUAL|SET_EFFECT		+2	Boosts magic max hit by +2 if full set worn.
22845	Mystic robe top (dusk)	False	True	CURRENT_HOVERS_YAML	hover	CONDITIONAL_OR_CONTEXTUAL|SET_EFFECT		+2	Boosts magic max hit by +2 if full set worn.
22846	Mystic robe bottom (dusk)	False	True	CURRENT_HOVERS_YAML	hover	CONDITIONAL_OR_CONTEXTUAL|SET_EFFECT		+2	Boosts magic max hit by +2 if full set worn.
22870	King blood dragon mini-pet	False	False	CURRENT_I_BIN	hover	CONDITIONAL_OR_CONTEXTUAL|PET_EFFECT		10%|2X|+10%	When activated, this pet will follow your main pet! 10% chance to receive 2X blood money from edge/pure/deep pking! +10% blood money drops from wilderness PvM!
22871	Mystic dragon pet	False	False	CURRENT_HOVERS_YAML	hover	CORE_COMBAT_BONUS_MENTION|DEFENCE_BYPASS_OR_REDUCTION|CONDITIONAL_OR_CONTEXTUAL|PET_EFFECT	defence	25%|35%|1|4	- Ignores 25% of enemy magic defense. - 35% chance to completely ignore magic defense. - 1/4 chance to ignore magic protection prayers
22892	Dragon upgrade scroll	False	False	CURRENT_HOVERS_YAML	hover	SPECIAL_ATTACK|ACCURACY_MODIFIER|CONDITIONAL_OR_CONTEXTUAL		+15%	Boosts accuracy of all dragon weapon special attacks by +15%
22936	Tektonic platebody	False	True	CURRENT_HOVERS_YAML	hover	CONDITIONAL_OR_CONTEXTUAL|SET_EFFECT		2.5%|20	Full set gives venom & poison immunity. Absorbs 2.5% damage (per piece) Increases max HP by 20
22937	Tektonic platelegs	False	True	CURRENT_HOVERS_YAML	hover	CONDITIONAL_OR_CONTEXTUAL|SET_EFFECT		2.5%|10	Full set gives venom & poison immunity. Absorbs 2.5% damage (per piece) Increases max HP by 10
22938	Tektonic full helm	False	True	CURRENT_HOVERS_YAML	hover	CONDITIONAL_OR_CONTEXTUAL|SET_EFFECT		2.5%|5	Full set gives venom & poison immunity. Absorbs 2.5% damage (per piece) Increases max HP by 5
22946	Ancient guardian pet	False	False	CURRENT_HOVERS_YAML	hover	CONDITIONAL_OR_CONTEXTUAL|PET_EFFECT		33%	Each hit has a 33% chance to bypass your opponent's damage soaking. (Divine, mini-me pet, etc.)
22947	Ancient hydra pet	False	False	CURRENT_HOVERS_YAML	hover	DEFENCE_BYPASS_OR_REDUCTION|CONDITIONAL_OR_CONTEXTUAL|PET_EFFECT		50%|75%|100%|30%|40%|50%	- Chance to spit, inflicting Volcanic hydra's burn effect AND Blood hydra's disease effect - Hits have a 50% chance to bypass damage soak (75% chance if diseased, 100% chance if burning) - Hits ignore 30% of enemy's defences if they're wearing tank armor (40% if diseased, 50% if burning)
22950	Dragon claws (or)	True	False	CURRENT_HOVERS_YAML	hover	CORE_COMBAT_BONUS_MENTION|MAX_HIT_CAP|SPECIAL_ATTACK|ACCURACY_MODIFIER|CONDITIONAL_OR_CONTEXTUAL	attack_bonus		Increased special attack accuracy & max hit cap.
22961	Vespula pet	False	False	CURRENT_HOVERS_YAML	hover	CONDITIONAL_OR_CONTEXTUAL|PET_EFFECT		+25%	- Immunity to venom, poison, and disease. - Deal +25% damage in Vespula's lair - Chance to deal double venom/poison in PvM - Heals from venom and poison damage dealt
22964	Mystic jad pet	False	False	CURRENT_HOVERS_YAML	hover	CORE_COMBAT_BONUS_MENTION|DEFENCE_BYPASS_OR_REDUCTION|CONDITIONAL_OR_CONTEXTUAL|PET_EFFECT	defence	25%|35%|5	- Grants 25% chance for magic to hit through prot. prayers. - Each spell cast ignores 35% of enemy magic defence bonus. - Ice freezing spells last an additional 5 seconds.
22966	Graceful top (purple)	False	True	CURRENT_HOVERS_YAML	hover	CORE_COMBAT_BONUS_MENTION|CONDITIONAL_OR_CONTEXTUAL|SET_EFFECT	magic_damage	+10%	Full set effect: +10% magic damage Autokeep & tradeable
22970	Graceful top (green)	False	True	CURRENT_HOVERS_YAML	hover	CONDITIONAL_OR_CONTEXTUAL|SET_EFFECT		+2.5%	Full set effect: +2.5% range damage Autokeep & tradeable
22972	Graceful legs (purple)	False	True	CURRENT_HOVERS_YAML	hover	CORE_COMBAT_BONUS_MENTION|CONDITIONAL_OR_CONTEXTUAL|SET_EFFECT	magic_damage	+10%	Full set effect: +10% magic damage Autokeep & tradeable
22976	Graceful legs (green)	False	True	CURRENT_HOVERS_YAML	hover	CONDITIONAL_OR_CONTEXTUAL|SET_EFFECT		+2.5%	Full set effect: +2.5% range damage Autokeep & tradeable
22978	Graceful hood (purple)	False	True	CURRENT_HOVERS_YAML	hover	CORE_COMBAT_BONUS_MENTION|CONDITIONAL_OR_CONTEXTUAL|SET_EFFECT	magic_damage	+10%	Full set effect: +10% magic damage Autokeep & tradeable
22982	Graceful hood (green)	False	True	CURRENT_HOVERS_YAML	hover	CONDITIONAL_OR_CONTEXTUAL|SET_EFFECT		+2.5%	Full set effect: +2.5% range damage Autokeep & tradeable
22984	Graceful cape (purple)	False	True	CURRENT_HOVERS_YAML	hover	CORE_COMBAT_BONUS_MENTION|CONDITIONAL_OR_CONTEXTUAL|SET_EFFECT	magic_damage	+10%	Full set effect: +10% magic damage Autokeep & tradeable
22988	Graceful cape (green)	False	True	CURRENT_HOVERS_YAML	hover	CONDITIONAL_OR_CONTEXTUAL|SET_EFFECT		+2.5%	Full set effect: +2.5% range damage Autokeep & tradeable
22990	Graceful boots (purple)	False	True	CURRENT_HOVERS_YAML	hover	CORE_COMBAT_BONUS_MENTION|CONDITIONAL_OR_CONTEXTUAL|SET_EFFECT	magic_damage	+10%	Full set effect: +10% magic damage Autokeep & tradeable
22994	Graceful boots (green)	False	True	CURRENT_HOVERS_YAML	hover	CONDITIONAL_OR_CONTEXTUAL|SET_EFFECT		+2.5%	Full set effect: +2.5% range damage Autokeep & tradeable
22996	Graceful gloves (purple)	False	True	CURRENT_HOVERS_YAML	hover	CORE_COMBAT_BONUS_MENTION|CONDITIONAL_OR_CONTEXTUAL|SET_EFFECT	magic_damage	+10%	Full set effect: +10% magic damage Autokeep & tradeable
23000	Graceful gloves (green)	False	True	CURRENT_HOVERS_YAML	hover	CONDITIONAL_OR_CONTEXTUAL|SET_EFFECT		+2.5%	Full set effect: +2.5% range damage Autokeep & tradeable
23037	Mystical corp beast pet	False	False	CURRENT_HOVERS_YAML	hover	CONDITIONAL_OR_CONTEXTUAL|PET_EFFECT		+10%	Deal +10% damage against all monsters and bosses. Very rare chance to insta-kill monsters!
23056	Malevolent sword	True	False	CURRENT_HOVERS_YAML	hover	CORE_COMBAT_BONUS_MENTION|SPECIAL_ATTACK|DEFENCE_BYPASS_OR_REDUCTION|CONDITIONAL_OR_CONTEXTUAL	attack_bonus	20%|25	Special attack reduces enemy defenses and disables their elysian / divine spirit shield effect, and reduces their melee defences by 20% for the next 25 hits they receive.
23057	Malevolent war axe	True	False	CURRENT_HOVERS_YAML	hover	CORE_COMBAT_BONUS_MENTION|SPECIAL_ATTACK|CONDITIONAL_OR_CONTEXTUAL	attack_bonus	20%	Powerful upgrade to the barrelchest waraxe Special attack smite effect is 20% stronger
23058	Malevolent maul	True	False	CURRENT_I_BIN	hover	CORE_COMBAT_BONUS_MENTION|SPECIAL_ATTACK|CONDITIONAL_OR_CONTEXTUAL	attack_bonus|defence	40%	Powerful upgrade to the barrelchest maul Special attack drains enemy defence by 40%
23097	Dragonfire ward	False	False	CURRENT_HOVERS_YAML	hover	CORE_COMBAT_BONUS_MENTION|SPECIAL_ATTACK|CONDITIONAL_OR_CONTEXTUAL	attack_bonus		Includes dragonfire special attack.
23098	Ancient wyvern shield	False	False	CURRENT_HOVERS_YAML	hover	CORE_COMBAT_BONUS_MENTION|SPECIAL_ATTACK|CONDITIONAL_OR_CONTEXTUAL	attack_bonus|magic_damage	+1.75%	Includes dragonfire special attack. +1.75% magic damage bonus
23108	Zaryte bow	False	False	CURRENT_HOVERS_YAML	hover	CORE_COMBAT_BONUS_MENTION|SPECIAL_ATTACK|CONDITIONAL_OR_CONTEXTUAL	attack_bonus|defence	10	The special attack of this weapon will make your zaryte bow penetrate through all defence for 10 seconds. This includes divine spirit shields!
23119	Bounty cape	False	False	CURRENT_HOVERS_YAML	hover	CONDITIONAL_OR_CONTEXTUAL			Increased drop rate for rare boss loots and rare PvP loots (treasures & artifacts).
23130	Boots of brimstone	False	True	CURRENT_HOVERS_YAML	hover	CONDITIONAL_OR_CONTEXTUAL		2.5%	Deals 2.5% extra damage in PvM.
23131	Blade of saeldor	True	False	CURRENT_HOVERS_YAML	hover	CORE_COMBAT_BONUS_MENTION|SPECIAL_ATTACK|CONDITIONAL_OR_CONTEXTUAL	attack_bonus	25%|1|10|25%	- Hits have a 25% chance to pierce soaking - Hits restore prayer for 1/10 of your damage - Adds a powerful special attack that guarentees at least 25% of your maximum hit
23141	Crestbearer helmet	False	True	CURRENT_HOVERS_YAML	hover	ACCURACY_MODIFIER|CONDITIONAL_OR_CONTEXTUAL|SET_EFFECT		+10%|+45%	Deals +10% melee damage in PvM. Gives an additional boost of +45% damage and accuracy in PvM when full set is worn.
23142	Crestbearer platebody	False	True	CURRENT_HOVERS_YAML	hover	ACCURACY_MODIFIER|CONDITIONAL_OR_CONTEXTUAL|SET_EFFECT		+10%|+45%	Deals +10% melee damage in PvM. Gives an additional boost of +45% damage and accuracy in PvM when full set is worn.
23143	Crestbearer platelegs	False	True	CURRENT_HOVERS_YAML	hover	ACCURACY_MODIFIER|CONDITIONAL_OR_CONTEXTUAL|SET_EFFECT		+10%|+45%	Deals +10% melee damage in PvM. Gives an additional boost of +45% damage and accuracy in PvM when full set is worn.
23156	Ethereal elemental staff (broken)	False	False	CURRENT_HOVERS_YAML	hover	CORE_COMBAT_BONUS_MENTION|SPECIAL_ATTACK|CONDITIONAL_OR_CONTEXTUAL	attack_bonus		Autocast staff that shoots random element meteors. The special attack fires down all four element meteors in sequence.
23157	Ethereal dinh's bulwark (broken)	False	False	CURRENT_HOVERS_YAML	hover	CORE_COMBAT_BONUS_MENTION|CONDITIONAL_OR_CONTEXTUAL	attack_bonus	30%	While in block stance you can't attack, but you will receive 30% less damage.
23161	Staff of balance	True	False	CURRENT_HOVERS_YAML	hover	CORE_COMBAT_BONUS_MENTION|SPECIAL_ATTACK|CONDITIONAL_OR_CONTEXTUAL	attack_bonus		Offers a protective special attack Ability to autocast Claws of Guthix!
23166	Seren halo	False	True	CURRENT_HOVERS_YAML	hover	ACCURACY_MODIFIER|CONDITIONAL_OR_CONTEXTUAL		5%	Gives a 5% accuracy boost if wearing crystal items.
23167	Ancient halo	False	True	CURRENT_HOVERS_YAML	hover	ACCURACY_MODIFIER|CONDITIONAL_OR_CONTEXTUAL		5%|2	Gives a 5% accuracy boost if wearing 2 or more zaros items.
23168	Bandos halo	False	True	CURRENT_HOVERS_YAML	hover	ACCURACY_MODIFIER|CONDITIONAL_OR_CONTEXTUAL		5%|2	Gives a 5% accuracy boost if wearing 2 or more bandos items.
23169	Armadyl halo	False	True	CURRENT_HOVERS_YAML	hover	ACCURACY_MODIFIER|CONDITIONAL_OR_CONTEXTUAL		5%|2	Gives a 5% accuracy boost if wearing 2 or more armadyl items.
23170	Grand luck falcon pet	False	False	CURRENT_HOVERS_YAML	hover	CONDITIONAL_OR_CONTEXTUAL|PET_EFFECT			Boosts your luck for boxes, chests, and promos opened! Also boosts luck for PvP rewards!
23172	Baby bork pet	False	False	CURRENT_HOVERS_YAML	hover	CORE_COMBAT_BONUS_MENTION|ACCURACY_MODIFIER|CONDITIONAL_OR_CONTEXTUAL|PET_EFFECT	strength_bonus	+15%|+10%	This pet will grant you a +15% strength bonus and +10% accuracy when equipping two-handed weapons
23173	Limitbreak berserker pet	False	False	CURRENT_HOVERS_YAML	hover	CORE_COMBAT_BONUS_MENTION|SPECIAL_ATTACK|ACCURACY_MODIFIER|CONDITIONAL_OR_CONTEXTUAL|PET_EFFECT	attack_bonus|strength_bonus	+15%|10%|30	- Grants +15% strength bonus - Restores 10% special attack every 30 seconds. - Increased melee spec attack damage & accuracy. Unique effect: Gives a random chance to raise your 'minimum' damage threshold (higher hit frequency)
23174	Bork battleaxe	True	False	CURRENT_HOVERS_YAML	hover	CONDITIONAL_OR_CONTEXTUAL		1|3|7.5%	1/3 chance to boost damage dealt by 7.5%.
23184	Justiciar faceguard (dyed)	False	True	CURRENT_HOVERS_YAML	hover	CONDITIONAL_OR_CONTEXTUAL|SET_EFFECT		2.5%	Absorb 2.5% damage (per piece)
23185	Justiciar chestguard (dyed)	False	True	CURRENT_HOVERS_YAML	hover	CONDITIONAL_OR_CONTEXTUAL|SET_EFFECT		2.5%	Absorb 2.5% damage (per piece)
23186	Justiciar legguards (dyed)	False	True	CURRENT_HOVERS_YAML	hover	CONDITIONAL_OR_CONTEXTUAL|SET_EFFECT		2.5%	Absorb 2.5% damage (per piece)
23187	Dragon platelegs (g)	False	True	CURRENT_HOVERS_YAML	hover	CONDITIONAL_OR_CONTEXTUAL|SET_EFFECT		+15%	Increases damage of Dragon weaponry by +15% when full set is worn.
23188	Dragon full helm (g)	False	True	CURRENT_HOVERS_YAML	hover	CONDITIONAL_OR_CONTEXTUAL|SET_EFFECT		+15%	Increases damage of Dragon weaponry by +15% when full set is worn.
23189	Dragon platebody (g)	False	True	CURRENT_HOVERS_YAML	hover	CONDITIONAL_OR_CONTEXTUAL|SET_EFFECT		+15%	Increases damage of Dragon weaponry by +15% when full set is worn.
23192	Dagon'hai robe top	False	True	CURRENT_HOVERS_YAML	hover	CONDITIONAL_OR_CONTEXTUAL|SET_EFFECT		+25%	Increases thammaron, skotizo & accursed sceptre damage by +25% while set equipped (Set effect only works in the wilderness)
23193	Dagon'hai hat	False	True	CURRENT_HOVERS_YAML	hover	CONDITIONAL_OR_CONTEXTUAL|SET_EFFECT		+25%	Increases thammaron, skotizo & accursed sceptre damage by +25% while set equipped (Set effect only works in the wilderness)
23194	Dagon'hai robe bottom	False	True	CURRENT_HOVERS_YAML	hover	CONDITIONAL_OR_CONTEXTUAL|SET_EFFECT		+25%	Increases thammaron, skotizo & accursed sceptre damage by +25% while set equipped (Set effect only works in the wilderness)
23199	Justiciar faceguard (dyed)	False	True	CURRENT_HOVERS_YAML	hover	CONDITIONAL_OR_CONTEXTUAL|SET_EFFECT		2.5%	Absorb 2.5% damage (per piece)
23200	Justiciar chestguard (dyed)	False	True	CURRENT_HOVERS_YAML	hover	CONDITIONAL_OR_CONTEXTUAL|SET_EFFECT		2.5%	Absorb 2.5% damage (per piece)
23201	Justiciar legguards (dyed)	False	True	CURRENT_HOVERS_YAML	hover	CONDITIONAL_OR_CONTEXTUAL|SET_EFFECT		2.5%	Absorb 2.5% damage (per piece)
23204	Reaper bludgeon	True	False	CURRENT_I_BIN	hover	CORE_COMBAT_BONUS_MENTION|SPECIAL_ATTACK|CONDITIONAL_OR_CONTEXTUAL	attack_bonus	40%|50%	Special attack costs 40% instead of 50% and deals increased damage based on hitpoints instead of prayer.
23246	Granite maul (or)	False	False	CURRENT_HOVERS_YAML	hover	CORE_COMBAT_BONUS_MENTION|SPECIAL_ATTACK|CONDITIONAL_OR_CONTEXTUAL	attack_bonus	10%	Gives a 10% damage boost on the special attack.
23249	Heavy ballista	False	False	CURRENT_HOVERS_YAML	hover	CORE_COMBAT_BONUS_MENTION|SPECIAL_ATTACK|CONDITIONAL_OR_CONTEXTUAL	attack_bonus		"Fires javelins, except for morrigan's. Special attack deals extra damage. Considerably the ""AGS of range"""
23254	Dinh's bulwark	False	False	CURRENT_HOVERS_YAML	hover	CORE_COMBAT_BONUS_MENTION|CONDITIONAL_OR_CONTEXTUAL	attack_bonus	30%	While in block stance you can't attack, but you will receive 30% less damage.
23268	Barrelchest sword	False	False	CURRENT_HOVERS_YAML	hover	CORE_COMBAT_BONUS_MENTION|SPECIAL_ATTACK|CONDITIONAL_OR_CONTEXTUAL	attack_bonus	100%|50%|25	The special attack of this weapon disables their elysian (100% chance) and divine (50% chance) spirit shield effect for the next 25 hits they receive.
23269	Barrelchest war axe	False	False	CURRENT_HOVERS_YAML	hover	CORE_COMBAT_BONUS_MENTION|SPECIAL_ATTACK|CONDITIONAL_OR_CONTEXTUAL	attack_bonus	1|3	The special attack of this weapon drains 1/3 of the damage dealt from your opponent's prayer points. This drain can stack with smite or soulsplit.
23271	Barrelchest cannon	False	False	CURRENT_HOVERS_YAML	hover	CORE_COMBAT_BONUS_MENTION|SPECIAL_ATTACK|CONDITIONAL_OR_CONTEXTUAL	attack_bonus		The special attack of this weapon shoots two high powered barrels at your opponent, dealing great damage.
23470	Bow of faerdhinen	True	False	CURRENT_HOVERS_YAML	hover	CORE_COMBAT_BONUS_MENTION|SPECIAL_ATTACK|CONDITIONAL_OR_CONTEXTUAL	attack_bonus|defence	+25%	Special attack deals +25% damage and lowers enemy defence & magic
23471	Blade of saeldor (i)	True	False	CURRENT_HOVERS_YAML	hover	CORE_COMBAT_BONUS_MENTION|SPECIAL_ATTACK|CONDITIONAL_OR_CONTEXTUAL	attack_bonus	25%|1|10|25%	- Hits have a 25% chance to pierce soaking - Hits restore prayer for 1/10 of your damage - Adds a powerful special attack that guarentees at least 25% of your maximum hit
23472	Bow of faerdhinen (i)	True	False	CURRENT_HOVERS_YAML	hover	CORE_COMBAT_BONUS_MENTION|SPECIAL_ATTACK|CONDITIONAL_OR_CONTEXTUAL	attack_bonus|defence	+25%	Special attack deals +25% damage and lowers enemy defence & magic
23473	Hunllef pet	False	False	CURRENT_HOVERS_YAML	hover	DEFENCE_BYPASS_OR_REDUCTION|CONDITIONAL_OR_CONTEXTUAL|PET_EFFECT		15%	15% chance for your hits to ignore enemy melee & range defences
23474	Dark hunllef pet	False	False	CURRENT_HOVERS_YAML	hover	SPECIAL_ATTACK|DEFENCE_BYPASS_OR_REDUCTION|CONDITIONAL_OR_CONTEXTUAL|PET_EFFECT		40%	40% chance for your special attacks to ignore enemy melee & range defences (Special attacks only)
23475	Crystal helmet	False	True	CURRENT_HOVERS_YAML	hover	ACCURACY_MODIFIER|CONDITIONAL_OR_CONTEXTUAL|SET_EFFECT		+4%|+8%|20%	Boosts damage and accuracy of crystal weapons (including Saeldor & Faerdhinen by +4% per piece. Full set grants extra +8% (20% total)
23476	Crystal platebody	False	True	CURRENT_HOVERS_YAML	hover	ACCURACY_MODIFIER|CONDITIONAL_OR_CONTEXTUAL|SET_EFFECT		+4%|+8%|20%	Boosts damage and accuracy of crystal weapons (including Saeldor & Faerdhinen by +4% per piece. Full set grants extra +8% (20% total)
23477	Crystal platelegs	False	True	CURRENT_HOVERS_YAML	hover	ACCURACY_MODIFIER|CONDITIONAL_OR_CONTEXTUAL|SET_EFFECT		+4%|+8%|20%	Boosts damage and accuracy of crystal weapons (including Saeldor & Faerdhinen by +4% per piece. Full set grants extra +8% (20% total)
23484	Scooby's Ultimate olmlet pet	False	False	CURRENT_HOVERS_YAML	hover	CORE_COMBAT_BONUS_MENTION|CONDITIONAL_OR_CONTEXTUAL|PET_EFFECT	attack_bonus	+10|+5|+5|+10%|+25%	- Grants immunity to all dragonfire damage - Keeps magic level boosted by +10 - Increases spell max hits by +5 - Increases fire attack max hits by +5 (including bolt specs) - Deal +10% damage against all monsters - Deal +25% damage in olm and vasa's lair (CoX raids)
23625	Wanderer's amulet	False	True	CURRENT_HOVERS_YAML	hover	CONDITIONAL_OR_CONTEXTUAL		10%	Increases pvm damage by 10% Autokeep but still tradeable
23626	Wanderer's ring	False	True	CURRENT_HOVERS_YAML	hover	CONDITIONAL_OR_CONTEXTUAL		10%	10% chance to deal an extra hit of damage in PvM Autokeep but still tradeable
23627	Treasure beast mini-pet	False	False	CURRENT_HOVERS_YAML	hover	CONDITIONAL_OR_CONTEXTUAL|PET_EFFECT		10%|2x	When activated, this pet will follow your main pet! 10% chance to receive 2x pvp artifacts & treasures while pking!
23628	Bounty beast mini-pet	False	False	CURRENT_HOVERS_YAML	hover	CONDITIONAL_OR_CONTEXTUAL|PET_EFFECT		10%|1	When activated, this pet will follow your main pet! 10% chance to receive a bonus t1 emblem from bh!
23932	Malevolent cannon	True	False	CURRENT_HOVERS_YAML	hover	CORE_COMBAT_BONUS_MENTION|SPECIAL_ATTACK|DEFENCE_BYPASS_OR_REDUCTION|CONDITIONAL_OR_CONTEXTUAL	attack_bonus	10	Powerful upgrade to the barrelchest cannon. Special attack smites your opponent and ignores enemy defenses for 10 seconds!
23933	Limitbreak corp pet	False	False	CURRENT_HOVERS_YAML	hover	CORE_COMBAT_BONUS_MENTION|SPECIAL_ATTACK|ACCURACY_MODIFIER|CONDITIONAL_OR_CONTEXTUAL|PET_EFFECT	attack_bonus	10%|30|+15%	- Restores 10% special attack every 30 seconds. - Grants +15% attack bonus - Increased melee special attack accuracy.
23984	Wanderer's amulet (i)	False	True	CURRENT_HOVERS_YAML	hover	CONDITIONAL_OR_CONTEXTUAL		+10%|+10%	Increases pvm damage by +10% Raises drop rate bonus by +10% Autokeep but still tradeable
23985	Zamorak godsword (or)	True	False	CURRENT_HOVERS_YAML	hover	CORE_COMBAT_BONUS_MENTION|SPECIAL_ATTACK|ACCURACY_MODIFIER|CONDITIONAL_OR_CONTEXTUAL	attack_bonus		Includes red particle glow effects. Increased special attack accuracy and damage.
23986	Saradomin godsword (or)	True	False	CURRENT_HOVERS_YAML	hover	CORE_COMBAT_BONUS_MENTION|SPECIAL_ATTACK|ACCURACY_MODIFIER|CONDITIONAL_OR_CONTEXTUAL	attack_bonus		Includes gold particle glow effects. Increased special attack accuracy and damage.
23987	Bandos godsword (or)	True	False	CURRENT_HOVERS_YAML	hover	CORE_COMBAT_BONUS_MENTION|SPECIAL_ATTACK|ACCURACY_MODIFIER|CONDITIONAL_OR_CONTEXTUAL	attack_bonus		Includes black particle glow effects. Increased special attack accuracy and damage.
23988	Gilded beast mini-pet	False	False	CURRENT_HOVERS_YAML	hover	CONDITIONAL_OR_CONTEXTUAL|PET_EFFECT		+15%|+5%|2X|10%	When activated, this pet will follow your main pet! Grants a +15% drop rate bonus! Grants a +5% chance for 2X rare drops! 10% chance to receive an extra drop while PvMing!
23995	Pet kraken	False	False	CURRENT_HOVERS_YAML	hover	CONDITIONAL_OR_CONTEXTUAL|PET_EFFECT		+15%	Deal +15% bonus damage against Kraken
24000	King black dragon pet	False	False	CURRENT_HOVERS_YAML	hover	CONDITIONAL_OR_CONTEXTUAL|PET_EFFECT		+15%	Deal +15% bonus damage against KBD
24006	Obsidian helm	False	False	CURRENT_HOVERS_YAML	hover	ACCURACY_MODIFIER|CONDITIONAL_OR_CONTEXTUAL|SET_EFFECT			Each piece slightly increases the prayer drain of soulsplit/smite Full set: Bonus obby wep accuracy/damage
24007	Obsidian platebody	False	False	CURRENT_HOVERS_YAML	hover	ACCURACY_MODIFIER|CONDITIONAL_OR_CONTEXTUAL|SET_EFFECT			Each piece slightly increases the prayer drain of soulsplit/smite. Full set: Bonus obby wep accuracy/damage
24008	Obsidian platelegs	False	False	CURRENT_HOVERS_YAML	hover	ACCURACY_MODIFIER|CONDITIONAL_OR_CONTEXTUAL|SET_EFFECT			Each piece slightly increases the prayer drain of soulsplit/smite. Full set: Bonus obby wep accuracy/damage
24023	Scythe of vitur (dyed)	True	False	CURRENT_HOVERS_YAML	hover	CORE_COMBAT_BONUS_MENTION|SPECIAL_ATTACK|CONDITIONAL_OR_CONTEXTUAL	attack_bonus	3|100%|75%|50%|2	Hits up to 3 enemies at once. First hit deals 100% damage, second deals 75%, and the third deals 50%. Special attack deals 2 hits to each opponent.
24048	Icelord pet	False	False	CURRENT_I_BIN	hover	CONDITIONAL_OR_CONTEXTUAL|PET_EFFECT		1|4|1|10|100|30	Hits have a 1/4 chance for the icelord pet to shoot an icicle dealing up to 1/10 enemy max HP (100 dmg cap) Global cooldown of 30 seconds
24049	Festive dragon claws	True	False	CURRENT_HOVERS_YAML	hover	DEFENCE_BYPASS_OR_REDUCTION|CONDITIONAL_OR_CONTEXTUAL		50%|20%|2x	- Hits have a 50% chance to ignore 20% of enemy's defences - Deals 2x damage in PvM
24050	Mystical icelord pet	False	False	CURRENT_I_BIN	hover	CONDITIONAL_OR_CONTEXTUAL|PET_EFFECT		1|4|1|10|150|+10%	- Hits have a 1/4 chance for the pet to shoot an icicle dealing up to 1/10 enemy max HP (150 dmg cap in wildy, no cap non-wildy) - Deal +10% damage in PvM. - Very rare chance to insta-kill monsters
24094	Blood candle	False	False	CURRENT_HOVERS_YAML	hover	CORE_COMBAT_BONUS_MENTION|CONDITIONAL_OR_CONTEXTUAL	strength_bonus	+9|+15%|+7.5%	Attaches to the Jungle totem lantern for the following upgrades: - Increased strength bonus to +9 - Provides +15% drop rate. - Deals +7.5% damage against monsters.
24095	Blood totem lantern	False	True	CURRENT_HOVERS_YAML	hover	CONDITIONAL_OR_CONTEXTUAL		+15%|+7.5%	- Provides +15% drop rate. - Deals +7.5% damage against monsters.
24110	Easter kalphite pet	False	False	CURRENT_HOVERS_YAML	hover	CORE_COMBAT_BONUS_MENTION|DEFENCE_BYPASS_OR_REDUCTION|CONDITIONAL_OR_CONTEXTUAL|PET_EFFECT	strength_bonus|range_strength|magic_damage	5%|+5|+5% - 10|33%	- Restores prayer by 5% of damage taken - Increases ranged strength by +5 - Increases magic damage by +5% - 10% chance to completely ignore enemy defences if using ranged/magic (33% in PvM)
24111	Easter bounty cape	False	True	CURRENT_HOVERS_YAML	hover	CONDITIONAL_OR_CONTEXTUAL		10%	Slightly better stats than original. Gives a 10% damage boost in all wilderness PvM.
24111	Easter bounty cape	False	True	CURRENT_I_BIN	hover	CONDITIONAL_OR_CONTEXTUAL		+15%|+15%	Same effect as Bounty cape. Grants +15% drop rate & +15% PvM damage in wildy. Autokeep but still Tradeable
24136	Easter boots (t1)	False	True	CURRENT_HOVERS_YAML	hover	CONDITIONAL_OR_CONTEXTUAL		+10%|+5%	+10% tokens from roaming mobs and +5% event damage while equipped.
24137	Easter boots (t2)	False	True	CURRENT_HOVERS_YAML	hover	CONDITIONAL_OR_CONTEXTUAL		+25%|+10%	+25% tokens from roaming mobs and +10% event damage while equipped.
24138	Easter boots (t3)	False	True	CURRENT_HOVERS_YAML	hover	CONDITIONAL_OR_CONTEXTUAL		+35%|+15%	+35% tokens from roaming mobs and +15% event damage while equipped.
24145	Ultimate easter kalphite pet	False	False	CURRENT_HOVERS_YAML	hover	CORE_COMBAT_BONUS_MENTION|DEFENCE_BYPASS_OR_REDUCTION|CONDITIONAL_OR_CONTEXTUAL|PET_EFFECT	strength_bonus|range_strength|magic_damage	7.5%|+15|+10% - 15|50%	- Restores prayer by 7.5% of damage taken - Increases ranged strength by +15 - Increases magic damage by +10% - 15% chance to completely ignore enemy defences if using ranged/magic (50% in PvM)
24145	Ultimate easter kalphite pet	False	False	CURRENT_I_BIN	hover	CORE_COMBAT_BONUS_MENTION|DEFENCE_BYPASS_OR_REDUCTION|CONDITIONAL_OR_CONTEXTUAL|PET_EFFECT	strength_bonus|range_strength|magic_damage	7.5%|+15|+10% - 50|15%|50%|25%	- Restores prayer by 7.5% of damage taken - Increases ranged strength by +15 - Increases magic damage by +10% - 50% chance to ignore enemy damage soaking - 15% chance to completely ignore enemy defences if using ranged/magic (50% in PvM) - Range double shots (swift gloves, etc.) will deal 25% of the first hit's damage as a minimum (PvM only)
24152	Ancient godsword	True	False	CURRENT_HOVERS_YAML	hover	CORE_COMBAT_BONUS_MENTION|ATTACK_SPEED_OR_TICK_TIMING|SPECIAL_ATTACK|CONDITIONAL_OR_CONTEXTUAL	attack_bonus	25|8|5|125	Special attack marks opponent, who will receive 25 damage in 8 ticks if they are within 5 tiles of you. Mark damage is 125 in PvM
24155	Zaryte crossbow	True	False	CURRENT_HOVERS_YAML	hover	CORE_COMBAT_BONUS_MENTION|SPECIAL_ATTACK|CONDITIONAL_OR_CONTEXTUAL	attack_bonus		Special attack fires a set of quick shots with a guaranteed bolt spec on the first hit.
24159	Pernix cowl (i)	False	True	CURRENT_HOVERS_YAML	hover	CORE_COMBAT_BONUS_MENTION|DEFENCE_BYPASS_OR_REDUCTION|CONDITIONAL_OR_CONTEXTUAL	strength_bonus|range_strength|defence	+15|+15%	Set effects (if all pieces are worn): - Extra +15 range strength bonus - +15% chance to ignore enemy range defence
24160	Pernix body (i)	False	True	CURRENT_HOVERS_YAML	hover	CORE_COMBAT_BONUS_MENTION|DEFENCE_BYPASS_OR_REDUCTION|CONDITIONAL_OR_CONTEXTUAL	strength_bonus|range_strength|defence	+15|+15%	Set effects (if all pieces are worn): - Extra +15 range strength bonus - +15% chance to ignore enemy range defence
24161	Pernix chaps (i)	False	True	CURRENT_HOVERS_YAML	hover	CORE_COMBAT_BONUS_MENTION|DEFENCE_BYPASS_OR_REDUCTION|CONDITIONAL_OR_CONTEXTUAL	strength_bonus|range_strength|defence	+15|+15%	Set effects (if all pieces are worn): - Extra +15 range strength bonus - +15% chance to ignore enemy range defence
24162	Virtus mask (i)	False	True	CURRENT_HOVERS_YAML	hover	CORE_COMBAT_BONUS_MENTION|MAX_HIT_CAP|CONDITIONAL_OR_CONTEXTUAL	defence	+3|+25	Set effects (if all pieces are worn): - Magic max hit caps raised by +3 - Extra +25 crush, stab and slash defence bonus
24163	Virtus robe top (i)	False	True	CURRENT_HOVERS_YAML	hover	CORE_COMBAT_BONUS_MENTION|MAX_HIT_CAP|CONDITIONAL_OR_CONTEXTUAL	defence	+3|+25	Set effects (if all pieces are worn): - Magic max hit caps raised by +3 - Extra +25 crush, stab and slash defence bonus
24164	Virtus robe legs (i)	False	True	CURRENT_HOVERS_YAML	hover	CORE_COMBAT_BONUS_MENTION|MAX_HIT_CAP|CONDITIONAL_OR_CONTEXTUAL	defence	+3|+25	Set effects (if all pieces are worn): - Magic max hit caps raised by +3 - Extra +25 crush, stab and slash defence bonus
24165	Torva full helm (i)	False	True	CURRENT_HOVERS_YAML	hover	CORE_COMBAT_BONUS_MENTION|CONDITIONAL_OR_CONTEXTUAL	strength_bonus	+5|+3	Set effects (if all pieces are worn): - Extra +5 strength bonus - Increased melee hit cap by +3 - Immunity to poison and venom.
24166	Torva platebody (i)	False	True	CURRENT_HOVERS_YAML	hover	CORE_COMBAT_BONUS_MENTION|CONDITIONAL_OR_CONTEXTUAL	strength_bonus	+5|+3	Set effects (if all pieces are worn): - Extra +5 strength bonus - Increased melee hit cap by +3 - Immunity to poison and venom.
24167	Torva platelegs (i)	False	True	CURRENT_HOVERS_YAML	hover	CORE_COMBAT_BONUS_MENTION|CONDITIONAL_OR_CONTEXTUAL	strength_bonus	+5|+3	Set effects (if all pieces are worn): - Extra +5 strength bonus - Increased melee hit cap by +3 - Immunity to poison and venom.
24184	Collection icon 1	False	False	CURRENT_HOVERS_YAML	hover	ACCURACY_MODIFIER|CONDITIONAL_OR_CONTEXTUAL		+2.5%	Increases PVM accuracy by +2.5%
24185	Collection icon 2	False	False	CURRENT_HOVERS_YAML	hover	CONDITIONAL_OR_CONTEXTUAL		+2.5%	Increases PVM damage by +2.5%
24186	Collection icon 3	False	False	CURRENT_HOVERS_YAML	hover	ACCURACY_MODIFIER|CONDITIONAL_OR_CONTEXTUAL		+5%	Increases PVM accuracy by +5%
24187	Collection icon 4	False	False	CURRENT_HOVERS_YAML	hover	CONDITIONAL_OR_CONTEXTUAL		+5%	Increases PVM damage by +5%
24188	Dragon-slayer gloves	False	True	CURRENT_HOVERS_YAML	hover	ACCURACY_MODIFIER|CONDITIONAL_OR_CONTEXTUAL		+15%	Grants +15% damage & accuracy against all draconic monsters.
24189	Rev-slayer gloves	False	True	CURRENT_HOVERS_YAML	hover	ACCURACY_MODIFIER|CONDITIONAL_OR_CONTEXTUAL		+12.5%	Grants +12.5% damage & accuracy against all revenants.
24204	Amulet of mightfury	False	True	CURRENT_HOVERS_YAML	hover	CONDITIONAL_OR_CONTEXTUAL		+2.5%|+10%	+2.5% magic & melee damage in PvM and grants +10% blood money from PvP kills Autokeep but tradeable
24205	Amulet of sightfury	False	True	CURRENT_HOVERS_YAML	hover	CONDITIONAL_OR_CONTEXTUAL		+2.5%|+10%	+2.5% range & melee damage in PvM and grants +10% blood money from PvP kills Autokeep but tradeable
24206	Amulet of blightfury	False	True	CURRENT_HOVERS_YAML	hover	CONDITIONAL_OR_CONTEXTUAL		+2.5%|+10%	+2.5% magic & range damage in PvM and grants +10% blood money from PvP kills Autokeep but tradeable
24207	Amulet of nightfury	False	True	CURRENT_HOVERS_YAML	hover	CONDITIONAL_OR_CONTEXTUAL		+5%|+15%	+5% magic, melee, and range damage in PvM and grants +15% blood money from PvP kills Autokeep but tradeable
24231	Nightwinter tome (t1)	True	False	CURRENT_HOVERS_YAML	hover	CONDITIONAL_OR_CONTEXTUAL		+10%|+5%	+10% tokens from roaming event mobs and +5% event damage while equipped.
24232	Nightwinter tome (t2)	True	False	CURRENT_HOVERS_YAML	hover	CONDITIONAL_OR_CONTEXTUAL		+25%|+10%	+25% tokens from roaming event mobs and +10% event damage while equipped.
24233	Nightwinter tome (t3)	True	False	CURRENT_HOVERS_YAML	hover	CONDITIONAL_OR_CONTEXTUAL		+35%|+15%	+35% tokens from roaming event mobs and +15% event damage while equipped.
24243	ZGS special scroll	False	False	CURRENT_HOVERS_YAML	hover	CORE_COMBAT_BONUS_MENTION|SPECIAL_ATTACK|ACCURACY_MODIFIER|CONDITIONAL_OR_CONTEXTUAL	attack_bonus	10%|+5	Permanently boosts Ancient GS spec accuracy by 10% and spec max hit by +5. Also changes the special attack's color in battle!
24245	Grand looting bag	False	False	CURRENT_HOVERS_YAML	hover	CONDITIONAL_OR_CONTEXTUAL		+30%	If you do NOT have a Yoshi pet equipped or in your inventory, you'll receive: - +30% drop rate bonus in the wilderness! - Chance to receive mboxes from both wilderness PvM & PvP kills. - Very rare chance for Mystery chests from wilderness PvM & PvP kills - Loot will telegrab to the bag when it is opened (this also works in non-wilderness)
24246	Grand looting bag	False	False	CURRENT_HOVERS_YAML	hover	CONDITIONAL_OR_CONTEXTUAL		+30%	If you do NOT have a Yoshi pet equipped or in your inventory, you'll receive: - +30% drop rate bonus in the wilderness! - Chance to receive mboxes from both wilderness PvM & PvP kills. - Very rare chance for Mystery chests from wilderness PvM & PvP kills - Loot will telegrab to the bag when it is opened (this also works in non-wilderness)
24248	King soul dragon mini-pet	False	False	CURRENT_HOVERS_YAML	hover	CONDITIONAL_OR_CONTEXTUAL|PET_EFFECT		25%|2X|10%|1|10%|2X	When activated, this pet will follow your main pet! - 25% chance to receive 2X BM from edge/pure/deep pking! - 10% chance to receive a bonus T1 emblem from Bounty Hunter! - 10% chance to receive 2X PvP artifacts and treasures while pking!
24248	King soul dragon mini-pet	False	False	CURRENT_I_BIN	hover	CONDITIONAL_OR_CONTEXTUAL|PET_EFFECT		25%|2X|10%|1|10%|2X|+10%	When activated, this pet will follow your main pet! - 25% chance to receive 2X BM from edge/pure/deep pking! - 10% chance to receive a bonus T1 emblem from Bounty Hunter! - 10% chance to receive 2X PvP artifacts and treasures while pking! - +10% PvP rare drop rate chance!
24260	Vintage bonus (1 hour)	False	False	CURRENT_I_BIN	hover	CONDITIONAL_OR_CONTEXTUAL		2x|+25%|1	Grants 2x vintage tickets from PKing and +25% tickets from PVM for 1 hour.
25415	Solar behemoth pet	False	False	CURRENT_I_BIN	hover	ACCURACY_MODIFIER|CONDITIONAL_OR_CONTEXTUAL|PET_EFFECT		50|1|10% - 2|15% - 3|15%|10	For every 50 damage you deal, you gain Spirit charge - 1st charge: Increases damage by 10% - 2nd charge: Increases defences by 15% - 3rd charge: Increases accuracy by 15% (Resets if you stop attacking for 10+ secs, or swap pets)
25422	Solar staff of light	True	False	CURRENT_HOVERS_YAML	hover	CONDITIONAL_OR_CONTEXTUAL		1|4|1-10|1865	Has a 1/4 chance to shoot an extra solar spell dealing 1-10 damage. (You mus1865t have solar infinity set equipped)
25423	Lunar staff of light	True	False	CURRENT_HOVERS_YAML	hover	CONDITIONAL_OR_CONTEXTUAL		1|4|1-10	Has a 1/4 chance to shoot an extra lunar spell dealing 1-10 damage. (You must have lunar infinity set equipped)
25425	Unholy behemoth pet	False	False	CURRENT_I_BIN	hover	ACCURACY_MODIFIER|CONDITIONAL_OR_CONTEXTUAL|PET_EFFECT		50|1|15%|1|6 - 2|25%|1|5 - 3|25%|1|4|20	For every 50 damage you deal, you gain Spirit charge - 1st charge: Increases damage by 15% & smites 1/6 - 2nd charge: Increases defences by 25% & smites 1/5 - 3rd charge: Increases accuracy by 25% & smites 1/4 (Resets if you stop attacking for 20+ secs, or swap pets)
25504	Lucky summer bow	True	False	CURRENT_HOVERS_YAML	hover	CORE_COMBAT_BONUS_MENTION|ATTACK_SPEED_OR_TICK_TIMING|CONDITIONAL_OR_CONTEXTUAL	attack_bonus	+1|+25%|10	Attack speed is +1 faster than starter bow & increases drop rate by +25% against event npcs & bosses (Must be equipped for 10s for effect)
25505	Greedy summer bow	True	False	CURRENT_HOVERS_YAML	hover	CORE_COMBAT_BONUS_MENTION|ATTACK_SPEED_OR_TICK_TIMING|CONDITIONAL_OR_CONTEXTUAL	attack_bonus	+1|10%|10	Attack speed is +1 faster than starter bow & increases token amount by 10% against event npcs & bosses (Must be equipped for 10s for effect)
25507	Summer accumulator (t1)	False	True	CURRENT_HOVERS_YAML	hover	CONDITIONAL_OR_CONTEXTUAL		+10%|+5%	+10% tokens from roaming mobs and +5% event damage while equipped.
25508	Summer accumulator (t2)	False	True	CURRENT_HOVERS_YAML	hover	CONDITIONAL_OR_CONTEXTUAL		+25%|+10%	+25% tokens from roaming mobs and +10% event damage while equipped.
25509	Summer accumulator (t3)	False	True	CURRENT_HOVERS_YAML	hover	CONDITIONAL_OR_CONTEXTUAL		+35%|+15%	+35% tokens from roaming mobs and +15% event damage while equipped.
25515	Summer pegasian boots	False	True	CURRENT_HOVERS_YAML	hover	ACCURACY_MODIFIER|CONDITIONAL_OR_CONTEXTUAL		+5%|+2.5%	Gives a +5% damage & accuracy bonus in PvM. Gives +2.5% bonus in PvP.
25516	Summer primordial boots	False	True	CURRENT_HOVERS_YAML	hover	ACCURACY_MODIFIER|CONDITIONAL_OR_CONTEXTUAL		+5%|+2.5%	Gives a +5% damage & accuracy bonus in PvM. Gives +2.5% bonus in PvP.
25517	Summer eternal boots	False	True	CURRENT_HOVERS_YAML	hover	ACCURACY_MODIFIER|CONDITIONAL_OR_CONTEXTUAL		+5%|+2.5%	Gives a +5% damage & accuracy bonus in PvM. Gives +2.5% bonus in PvP.
25526	Tiny volcanic hydra pet	False	False	CURRENT_HOVERS_YAML	hover	ATTACK_SPEED_OR_TICK_TIMING|CONDITIONAL_OR_CONTEXTUAL|PET_EFFECT		3|2|12	Has a chance to spit lava, inflicting a 'burn' effect dealing 3 damage (typeless) every 2 ticks (for 12 ticks)
25527	Volcanic hydra pet	False	False	CURRENT_HOVERS_YAML	hover	CORE_COMBAT_BONUS_MENTION|ATTACK_SPEED_OR_TICK_TIMING|CONDITIONAL_OR_CONTEXTUAL|PET_EFFECT	defence	3|3|2|18	Has a chance to spit lava, inflicting a 'burn' effect dealing 3 damage (typeless) and draining their defence level by 3 every 2 ticks (for 18 ticks)
25537	Hotspot glorious scroll	False	False	CURRENT_HOVERS_YAML	hover	CONDITIONAL_OR_CONTEXTUAL		1|250	Permanently unlocks a 1/250 base chance to get Glorious caskets from hotspot PvP kills. - Requires a Master+ blood orb to receive them! - Glorious caskets do NOT work with blood keys! - Chances improved by Grand Luck Falcon pet, and when risking a Cursed blood orb
25539	Spring rev treasure pet	False	False	CURRENT_HOVERS_YAML	hover	CONDITIONAL_OR_CONTEXTUAL|PET_EFFECT		10%|+30%|+35%|+25%|+10% - 30	- Restores prayer & hp by 10% of damage taken - Increases damage to all Revenants by +30% - Increases drop rate for all Revenants by +35% - Increases drop rate for other monsters by +25% - Increases superior chance for revenants by +10% - 30% chance for rare revenant drops to be doubled!
25552	Claws of callisto	False	False	CURRENT_HOVERS_YAML	hover	CORE_COMBAT_BONUS_MENTION|SPECIAL_ATTACK|ACCURACY_MODIFIER|CONDITIONAL_OR_CONTEXTUAL	attack_bonus	+10%	Attach to a Skotizo chainmace to improve its PvM damage & accuracy. Includes a unique special attack, and also grants a +10% superior spawn chance for any monster you kill with it.
25553	Fangs of venenatis	False	False	CURRENT_HOVERS_YAML	hover	CORE_COMBAT_BONUS_MENTION|SPECIAL_ATTACK|ACCURACY_MODIFIER|CONDITIONAL_OR_CONTEXTUAL	attack_bonus	+10%	Attach to a Skotizo bow to improve its PvM damage & accuracy. Includes a unique special attack, and also grants a +10% superior spawn chance for any monster you kill with it.
25554	Skull of vet'ion	False	False	CURRENT_HOVERS_YAML	hover	CORE_COMBAT_BONUS_MENTION|SPECIAL_ATTACK|ACCURACY_MODIFIER|CONDITIONAL_OR_CONTEXTUAL	attack_bonus	+10%	Attach to a Skotizo sceptre to improve its PvM damage & accuracy. Includes a unique special attack, and also grants a +10% superior spawn chance for any monster you kill with it.
25562	Blood slayer hide body	False	True	CURRENT_HOVERS_YAML	hover	CONDITIONAL_OR_CONTEXTUAL		20|+2.5%	- Rank 20 Provides a +2.5% chance for a task kill to count as two. Also inherits the drop rate bonus of mythic d'hide (if you own the respective piece.)
25563	Blood slayer hide chaps	False	True	CURRENT_HOVERS_YAML	hover	CONDITIONAL_OR_CONTEXTUAL		20|+2.5%	- Rank 20 Provides a +2.5% chance for a task kill to count as two. Also inherits the drop rate bonus of mythic d'hide (if you own the respective piece.)
25564	Blood slayer javelin	True	False	CURRENT_HOVERS_YAML	hover	SPECIAL_ATTACK|CONDITIONAL_OR_CONTEXTUAL		15	- Rank 15 When used with a ballista, special attacks inflict bleed based on damage dealt.
25565	Blood slayer jav. pack (10)	False	False	CURRENT_HOVERS_YAML	hover	SPECIAL_ATTACK|CONDITIONAL_OR_CONTEXTUAL		15	- Rank 15 When used with a ballista, special attacks inflict bleed based on damage dealt.
25567	Cursed fang	True	False	CURRENT_HOVERS_YAML	hover	CORE_COMBAT_BONUS_MENTION|SPECIAL_ATTACK|ACCURACY_MODIFIER|CONDITIONAL_OR_CONTEXTUAL	attack_bonus	15%|85%|15%|100%	- Blocked attacks guarantee an accuracy re-roll. - Successful hits guarantee between 15% to 85% of your max dmg - Special attack improves damage & accuracy, and guarantees successful hits to be between 15% to 100% of your max dmg.
25607	test	False	False	CURRENT_I_BIN	param_7	CONDITIONAL_OR_CONTEXTUAL		+10%|+5%	Boosts token drops from roaming mob kills by +10% when equipped and increases damage dealt by +5%
25607	test	False	False	CURRENT_I_BIN	param_8	CONDITIONAL_OR_CONTEXTUAL		+15%|+10%	Boosts token drops from roaming mob kills by +15% when equipped and increases damage dealt by +10%
25621	Easter bounty cape (dyed)	False	True	CURRENT_HOVERS_YAML	hover	CONDITIONAL_OR_CONTEXTUAL		10%	Slightly better stats than original. Gives a 10% damage boost in all wilderness PvM.
25908	Dragon warhammer (wavetide)	True	False	CURRENT_I_BIN	hover	CORE_COMBAT_BONUS_MENTION|SPECIAL_ATTACK|CONDITIONAL_OR_CONTEXTUAL	attack_bonus	50%|25%	Stronger variant of the dragon warhammer (or). Special attack cost reduced from 50% to 25% and has uncapped PvM damage.
25956	Sword of sacrifice (hope)	True	False	CURRENT_HOVERS_YAML	hover	CONDITIONAL_OR_CONTEXTUAL		5%|0.3%|10%	Damages wielder by 5% of damage dealt. Damage taken reduced by 0.3% per hp missing. Reduction is doubled in PvM. Reduces enemy def by 10% of damage dealt.
25957	Sword of sacrifice (rage)	True	False	CURRENT_HOVERS_YAML	hover	CONDITIONAL_OR_CONTEXTUAL		5%|0.3%|10%	Damages wielder by 5% of damage dealt. Damage and cap is boosted by 0.3% per hp missing. Boost is doubled in PvM. Prayer is restored by 10% of damage dealt.
25974	Point slayer upgrade scroll II	False	False	CURRENT_HOVERS_YAML	hover	CONDITIONAL_OR_CONTEXTUAL		25|1|10|1|5	- Rank 25 Gives a permanent perk to be able to receive point mboxes at a 1/10 chance from task targets (1/5 chance from PvP targets) Untradeable
25977	Swift bow (t)	True	False	CURRENT_HOVERS_YAML	hover	CONDITIONAL_OR_CONTEXTUAL			As fast as blowpipe in PvM combat.
26101	Adventure scroll	False	False	CURRENT_HOVERS_YAML	hover	CONDITIONAL_OR_CONTEXTUAL		1|+10|+15%|+25%	Gives the following buffs for 1 hour: +10 Blood money from PKs +15% PvM Damage +25% Drop rate bonus
26103	Adventurer's whip	True	False	CURRENT_HOVERS_YAML	hover	CONDITIONAL_OR_CONTEXTUAL		+25%|60	Deals +25% damage in PvM But max hit is capped at 60!
26121	Blood slayer robe top	False	True	CURRENT_HOVERS_YAML	hover	CONDITIONAL_OR_CONTEXTUAL		20|+2.5%	- Rank 20 Provides a +2.5% chance for a task kill to count as two. Also inherits the drop rate bonus of mythic robes (if you own the respective piece.)
26122	Blood slayer robe bottoms	False	True	CURRENT_HOVERS_YAML	hover	CONDITIONAL_OR_CONTEXTUAL		20|+2.5%	- Rank 20 Provides a +2.5% chance for a task kill to count as two. Also inherits the drop rate bonus of mythic robes (if you own the respective piece.)
26123	Blood slayer platebody	False	True	CURRENT_HOVERS_YAML	hover	CONDITIONAL_OR_CONTEXTUAL		20|+2.5%	- Rank 20 Provides a +2.5% chance for a task kill to count as two. Also inherits the drop rate bonus of mythic armor (if you own the respective piece.)
26124	Blood slayer greaves	False	True	CURRENT_HOVERS_YAML	hover	CONDITIONAL_OR_CONTEXTUAL		20|+2.5%	- Rank 20 Provides a +2.5% chance for a task kill to count as two. Also inherits the drop rate bonus of mythic armor (if you own the respective piece.)
26125	Blood slayer icon	False	False	CURRENT_HOVERS_YAML	hover	CONDITIONAL_OR_CONTEXTUAL		25|+2.5%|1|10|1|5|+5	- Rank 25 Deal +2.5% PvM damage against blood slayer targets, and recieve a 1/10 chance (1/5 PvP) to receive +5 blood slayer points from task kills.
26982	Vote boost book (u)	False	False	CURRENT_HOVERS_YAML	hover	CONDITIONAL_OR_CONTEXTUAL		10%|+10%|+25%	Increases PvM damage by 10% and Drop rate bonus by +10% and Exp gain boosted by +25% Consumed upon usage
26983	Dragon boost book (u)	False	False	CURRENT_HOVERS_YAML	hover	CONDITIONAL_OR_CONTEXTUAL		10%	Increases PvM damage by 10% while fighting dragon creatures. Consumed upon usage
26984	Revenant boost book (u)	False	False	CURRENT_HOVERS_YAML	hover	CONDITIONAL_OR_CONTEXTUAL		10%	Increases PvM damage by 10% while fighting revenants. Consumed upon usage
26985	Deep wild boost book (u)	False	False	CURRENT_HOVERS_YAML	hover	CONDITIONAL_OR_CONTEXTUAL		10%	Increases PvM damage by 10% while PvMing in the deep Wilderness. Consumed upon usage
26986	Raid boost book (u)	False	False	CURRENT_HOVERS_YAML	hover	CONDITIONAL_OR_CONTEXTUAL		10%	Increases PvM damage by 10% while fighting within raids. Consumed upon usage
26990	Reaver mask	False	True	CURRENT_HOVERS_YAML	hover	CONDITIONAL_OR_CONTEXTUAL		30%	This mask will make you deal 30% more damage on WILDY monsters and bosses. Untradeable & Autokeep
27030	Blood lava slayer helm	False	True	CURRENT_HOVERS_YAML	hover	CONDITIONAL_OR_CONTEXTUAL		+25%|+50%|+37.5%	- Earn +25% more blood money from tasks. - Deal +50% PvM damage with Melee attacks. - Deal +37.5% damage with Ranged & Magic attacks. Autokeep & untradeable
27031	Blood frost slayer helm	False	True	CURRENT_HOVERS_YAML	hover	CONDITIONAL_OR_CONTEXTUAL		+25%|+50%|+37.5%	- Earn +25% more blood money from tasks. - Deal +50% PvM damage with Magic attacks. - Deal +37.5% damage with Melee & Ranged attacks. Autokeep & untradeable
27032	Blood earth slayer helm	False	True	CURRENT_HOVERS_YAML	hover	CONDITIONAL_OR_CONTEXTUAL		+25%|+50%|+37.5%	- Earn +25% more blood money from tasks. - Deal +50% PvM damage with Ranged attacks. - Deal +37.5% damage with Melee & Magic attacks. Autokeep & untradeable
27034	Ultimate slayer helmet	False	True	CURRENT_I_BIN	hover	CONDITIONAL_OR_CONTEXTUAL		+35%|+65%|+15%	Earn +35% more blood money from tasks. - Deal +65% damage in PvM combat. - Receive +15% drop rate bonus - Counts as a crestbearer helmet / hat / coif as long as you own one on your account (must be in your bank) Autokeep & untradeable
27035	Ultimate slayer helmet (or)	False	True	CURRENT_HOVERS_YAML	hover	CONDITIONAL_OR_CONTEXTUAL		+35%|+65%|+15%	- Earn +35% more blood money from tasks. - Deal +65% damage in PvM combat. - Receive +15% drop rate bonus - Counts as a crestbearer helmet/hat as long as you own one on your account Autokeep & untradeable (Ornamented with Cosmic dye)
27035	Ultimate slayer helmet (or)	False	True	CURRENT_I_BIN	hover	CONDITIONAL_OR_CONTEXTUAL		+35%|+65%|+15%	Earn +35% more blood money from tasks. - Deal +65% damage in PvM combat. - Receive +15% drop rate bonus - Counts as a crestbearer helmet / hat / coif as long as you own one on your account (must be in your bank) Autokeep & untradeable
27155	Verdant pendant	False	True	CURRENT_HOVERS_YAML	hover	CORE_COMBAT_BONUS_MENTION|SPECIAL_ATTACK|CONDITIONAL_OR_CONTEXTUAL	attack_bonus	10%|50|5|30	- Restores special attack by 10% for every 50 damage dealt in PvM only. - Effect is doubled if wearing a Verdant Ring - Activation has a 5 second cooldown - Can't activate within 30 sec of PvP combat
27156	Verdant ring	False	True	CURRENT_HOVERS_YAML	hover	CONDITIONAL_OR_CONTEXTUAL		+5%	- Increases damage by +5% when using Piety, Rigour or Augury - Effect is doubled if wearing a Verdant Pendant
27200	Mimic	False	False	CURRENT_HOVERS_YAML	hover	CONDITIONAL_OR_CONTEXTUAL			"Can be opened to encounter the Mimic boss. - This boss will spit out treasures as it takes damage, somewhat like a ""Loot pinata"" - Killing the boss also has a rare chance to summon the Cursed mimic for the entire server to kill (safe FunPK event)"
27223	Reaver top	False	True	CURRENT_HOVERS_YAML	hover	CONDITIONAL_OR_CONTEXTUAL		5%	This armor will make you deal 5% more damage on WILDY monsters and bosses. Untradeable & Autokeep
27224	Reaver legs	False	True	CURRENT_HOVERS_YAML	hover	CONDITIONAL_OR_CONTEXTUAL		5%	This armor will make you deal 5% more damage on WILDY monsters and bosses. Untradeable & Autokeep
27225	Dread bow	True	False	CURRENT_HOVERS_YAML	hover	CONDITIONAL_OR_CONTEXTUAL		60%	This bow will deal 60% more damage on WILDY monsters and bosses.
27226	Reaver top (i)	False	True	CURRENT_HOVERS_YAML	hover	CONDITIONAL_OR_CONTEXTUAL		10%	This armor will make you deal 10% more damage on WILDY monsters and bosses. Untradeable & Autokeep
27227	Reaver legs (i)	False	True	CURRENT_HOVERS_YAML	hover	CONDITIONAL_OR_CONTEXTUAL		10%	This armor will make you deal 10% more damage on WILDY monsters and bosses. Untradeable & Autokeep
27239	Robin hood hat (reaver)	False	True	CURRENT_HOVERS_YAML	hover	CONDITIONAL_OR_CONTEXTUAL		30%	This hat will make you deal 30% more damage on WILDY monsters and bosses. Tradeable & Autokeep
27242	Basilisk rapier	True	False	CURRENT_HOVERS_YAML	hover	CONDITIONAL_OR_CONTEXTUAL		30%|50%|30	This rapier will deal 30% more damage on WILDY monsters and bosses. Bonus increases to 50% on monsters past 30 wilderness.
27403	Verdant pendant (i)	False	True	CURRENT_HOVERS_YAML	hover	CORE_COMBAT_BONUS_MENTION|SPECIAL_ATTACK|CONDITIONAL_OR_CONTEXTUAL	attack_bonus	25%|10%|50|5|30	- Increases drop rate by 25% - Restores special attack by 10% for every 50 damage dealt in PvM only. - Effect is doubled if wearing a Verdant Ring - Activation has a 5 second cooldown - Can't activate within 30 sec of PvP combat
27406	Monster hunter c'bow (t1)	True	False	CURRENT_HOVERS_YAML	hover	CORE_COMBAT_BONUS_MENTION|ATTACK_SPEED_OR_TICK_TIMING|BASE_DAMAGE_RANGE|CONDITIONAL_OR_CONTEXTUAL	attack_bonus	1-15|3	- Base damage against event mobs: 1-15 - Attack speed: 3
27407	Monster hunter c'bow (t2)	True	False	CURRENT_HOVERS_YAML	hover	CORE_COMBAT_BONUS_MENTION|ATTACK_SPEED_OR_TICK_TIMING|BASE_DAMAGE_RANGE|CONDITIONAL_OR_CONTEXTUAL	attack_bonus	5-20|3	- Base damage against event mobs: 5-20 - Attack speed: 3
27408	Monster hunter c'bow (t3)	True	False	CURRENT_HOVERS_YAML	hover	CORE_COMBAT_BONUS_MENTION|ATTACK_SPEED_OR_TICK_TIMING|BASE_DAMAGE_RANGE|CONDITIONAL_OR_CONTEXTUAL	attack_bonus	10-25|3	- Base damage against event mobs: 10-25 - Attack speed: 3
27409	Monster hunter c'bow (t4)	True	False	CURRENT_HOVERS_YAML	hover	CORE_COMBAT_BONUS_MENTION|ATTACK_SPEED_OR_TICK_TIMING|BASE_DAMAGE_RANGE|CONDITIONAL_OR_CONTEXTUAL	attack_bonus	15-30|3	- Base damage against event mobs: 15-30 - Attack speed: 3
27410	Monster hunter c'bow (t5)	True	False	CURRENT_HOVERS_YAML	hover	CORE_COMBAT_BONUS_MENTION|ATTACK_SPEED_OR_TICK_TIMING|BASE_DAMAGE_RANGE|CONDITIONAL_OR_CONTEXTUAL	attack_bonus	15-40|2	- Base damage against event mobs: 15-40 - Attack speed: 2
27415	Pumpkin lantern (t2)	False	True	CURRENT_HOVERS_YAML	hover	CONDITIONAL_OR_CONTEXTUAL		+5%|+25%	- Deals +5% damage against event mobs (roaming) - Receive +25% tokens from event mobs (roaming)
27416	Pumpkin lantern (t3)	False	True	CURRENT_HOVERS_YAML	hover	CONDITIONAL_OR_CONTEXTUAL		+10%|+35%	- Deals +10% damage against event mobs (roaming) - Receive +35% tokens from event mobs (roaming)
27418	Werewolf pet	False	False	CURRENT_HOVERS_YAML	hover	ACCURACY_MODIFIER|CONDITIONAL_OR_CONTEXTUAL|PET_EFFECT		15%|+15%|30|+10%|+5%	- Melee hits have a 15% chance to receive +15% accuracy - Killing a player or monster grants you 'Frenzy' - Frenzy: For 30 seconds you deal +10% melee damage in PvM (+5% in PvP)
27419	Vampyre pet	False	False	CURRENT_HOVERS_YAML	hover	ACCURACY_MODIFIER|CONDITIONAL_OR_CONTEXTUAL|PET_EFFECT		30|+10%|+5%	- You are healed for half the bleed damage you inflict - Killing a player or monster grants you 'Blood satiation' - Blood satiation: For 30 seconds you have +10% range/mage damage & accuracy in PvM (+5% in PvP)
27420	Vaewolf experiment pet	False	False	CURRENT_HOVERS_YAML	hover	ACCURACY_MODIFIER|CONDITIONAL_OR_CONTEXTUAL|PET_EFFECT		+15%|30|+10%|+5%|30|+10%|+5%	- Melee hits receive a +15% accuracy bonus - You are healed for the full bleed damage you inflict - Killing a player or monster grants you both 'Frenzy' and 'Blood satiation' - Frenzy: For 30 seconds you deal +10% melee damage in PvM (+5% in PvP) - Blood satiation: For 30 seconds you have +10% range/mage damage & accuracy in PvM (+5% in PvP)
27422	Haunted swift gloves	False	True	CURRENT_HOVERS_YAML	hover	ACCURACY_MODIFIER|CONDITIONAL_OR_CONTEXTUAL		+5%|+2.5%	Gives a +5% damage & accuracy bonus in PvM. Gives +2.5% bonus in PvP.
27423	Haunted spellcaster gloves	False	True	CURRENT_HOVERS_YAML	hover	ACCURACY_MODIFIER|CONDITIONAL_OR_CONTEXTUAL		+5%|+2.5%	Gives a +5% damage & accuracy bonus in PvM. Gives +2.5% bonus in PvP.
27424	Haunted goliath gloves	False	True	CURRENT_HOVERS_YAML	hover	ACCURACY_MODIFIER|CONDITIONAL_OR_CONTEXTUAL		+5%|+2.5%	Gives a +5% damage & accuracy bonus in PvM. Gives +2.5% bonus in PvP.
27425	H'ween pet voucher (2023)	False	False	CURRENT_HOVERS_YAML	hover	ACCURACY_MODIFIER|CONDITIONAL_OR_CONTEXTUAL|PET_EFFECT		30|+10%|+5%|15%|+15%|30|+10%|+5%	Claim for the pet of your current faction! (After this event, you can claim either pet of your choice) Vampyre pet: - You are healed for half the bleed damage you inflict - Killing a player or monster grants you 'Blood satiation' - Blood satiation: For 30 seconds you have +10% range/mage damage & accuracy in PvM (+5% in PvP) Werewolf pet: - Melee hits have a 15% chance to receive +15% accuracy - Killing a player or monster grants you 'Frenzy' - Frenzy: For 30 seconds you deal +10% melee damage in PvM (+5% in PvP)
27436	Imp net (blood)	False	False	CURRENT_HOVERS_YAML	hover	CONDITIONAL_OR_CONTEXTUAL		5%	Can be thrown at ranged distance! Increases catch rate of implings and gives 5% chance to double the impling
27437	Imp net (cursed)	False	False	CURRENT_HOVERS_YAML	hover	CONDITIONAL_OR_CONTEXTUAL		10%	Can be thrown at ranged distance! Increases catch rate of implings and gives 10% chance to double the impling
27438	Imp net (infernal)	False	False	CURRENT_HOVERS_YAML	hover	CONDITIONAL_OR_CONTEXTUAL		15%	Can be thrown at ranged distance! Increases catch rate of implings and gives 15% chance to double the impling
27439	Imp net (elderblood)	False	False	CURRENT_HOVERS_YAML	hover	CONDITIONAL_OR_CONTEXTUAL		20%	Can be thrown at ranged distance! Increases catch rate of implings and gives 20% chance to double the impling
27454	Collection icon 5	False	False	CURRENT_HOVERS_YAML	hover	ACCURACY_MODIFIER|CONDITIONAL_OR_CONTEXTUAL		+5%	Increases PVM damage & accuracy by +5%
27476	Reaver ornament kit	False	False	CURRENT_I_BIN	hover	CONDITIONAL_OR_CONTEXTUAL		+15%	Upgrades Blood reaver (i) top or legs to Exotic reaver Exotic pieces +15% more damage on WILDY monsters and bosses. Untradeable & Autokeep
27477	Exotic reaver top	False	True	CURRENT_HOVERS_YAML	hover	CONDITIONAL_OR_CONTEXTUAL		15%	This armor will make you deal 15% more damage on WILDY monsters and bosses. Untradeable & Autokeep
27478	Exotic reaver legs	False	True	CURRENT_HOVERS_YAML	hover	CONDITIONAL_OR_CONTEXTUAL		15%	This armor will make you deal 15% more damage on WILDY monsters and bosses. Untradeable & Autokeep
27481	Shadowrend dagger	True	False	CURRENT_HOVERS_YAML	hover	CORE_COMBAT_BONUS_MENTION|SPECIAL_ATTACK|CONDITIONAL_OR_CONTEXTUAL	attack_bonus		Special attack deals massive damage in PvM combat.
27485	Scythe of shadowrend	True	False	CURRENT_I_BIN	hover	CORE_COMBAT_BONUS_MENTION|ATTACK_SPEED_OR_TICK_TIMING|CONDITIONAL_OR_CONTEXTUAL	strength_bonus	90|4|1|3|2.5x|1-25	90 str bonus but faster. (4 ticks) 1/3 chance in PvM to deal 2.5x damage and decrease enemy def lvl by 1-25.
27486	Wanderer's boots	False	True	CURRENT_HOVERS_YAML	hover	CONDITIONAL_OR_CONTEXTUAL		+15%|+15%	- Includes effect of devout boots. - +15% PvM damage when worn with wanderer's amulet - +15% PvM damage when worn with wanderer's ring Autokeep but still tradeable
27549	Midnight spring lantern (t2)	False	True	CURRENT_I_BIN	hover	CONDITIONAL_OR_CONTEXTUAL		+10%|+5%	Boosts token drops from roaming mob kills by +10% when equipped and increases damage dealt by +5%
27550	Midnight spring lantern (t3)	False	True	CURRENT_I_BIN	hover	CONDITIONAL_OR_CONTEXTUAL		+15%|+10%	Boosts token drops from roaming mob kills by +15% when equipped and increases damage dealt by +10%
27552	Spring tiger hat	False	True	CURRENT_I_BIN	hover	CONDITIONAL_OR_CONTEXTUAL|SET_EFFECT		+2.5%|+2.5%|+27.5%	Grants +2.5% drop rate and +2.5% PvM damage per piece equipped in the Wilderness Set effect: Grants additional +27.5% PvM damage when the full set is equipped in the Wilderness
27553	Spring tiger top	False	True	CURRENT_I_BIN	hover	CONDITIONAL_OR_CONTEXTUAL|SET_EFFECT		+2.5%|+2.5%|+27.5%	Grants +2.5% drop rate and +2.5% PvM damage per piece equipped in the Wilderness Set effect: Grants additional +27.5% PvM damage when the full set is equipped in the Wilderness
27554	Spring tiger legs	False	True	CURRENT_I_BIN	hover	CONDITIONAL_OR_CONTEXTUAL|SET_EFFECT		+2.5%|+2.5%|+27.5%	Grants +2.5% drop rate and +2.5% PvM damage per piece equipped in the Wilderness Set effect: Grants additional +27.5% PvM damage when the full set is equipped in the Wilderness
27555	Imp net (midnight)	False	False	CURRENT_HOVERS_YAML	hover	CONDITIONAL_OR_CONTEXTUAL		20%|2.5%	Can be thrown at ranged distance! Increases catch rate of implings and gives 20% chance to double the impling Also gives 2.5% chance to TRIPLE impling
27556	Spring tiger pet	False	False	CURRENT_I_BIN	hover	CONDITIONAL_OR_CONTEXTUAL|PET_EFFECT		+2.5%|5%|1|6|1-5|5-25|10-25|10|10	"- Grants +2.5% (5% in PvM) melee and range damage - Hits have a 1/6 chance to inflict ""Tiger strike"" - Tiger strike: Deals an extra hit between 1-5 (5-25 in PvM) and increases your drop rate by 10-25% for 10 seconds (Effect has a 10 second cooldown)"
27557	Midnight hunllef pet	False	False	CURRENT_I_BIN	hover	CORE_COMBAT_BONUS_MENTION|SPECIAL_ATTACK|DEFENCE_BYPASS_OR_REDUCTION|CONDITIONAL_OR_CONTEXTUAL|PET_EFFECT	defence	+7.5%|+10%|1|3|3-6|32-64|25-50|20|10|33%|50%	"Fusion of the Dark Hunllef and Midnight Tiger pet - Grants +7.5% (+10% in PvM) melee and range damage - Hits have a 1/3 chance to inflict a ""Tiger strike"" - Tiger strike: Deals an extra hit between 3-6 (32-64 in PvM) and increases your drop rate by 25-50% for 20 seconds (Effect has a 10 second cooldown) - 33% chance (50% in PvM) for your special attacks to ignore enemy's melee & range defence (specs only)"
27673	Midnight imp net pack (25)	False	False	CURRENT_HOVERS_YAML	hover	SPECIAL_ATTACK|CONDITIONAL_OR_CONTEXTUAL		25x	Gives 25x special spring imp nets!
27676	Midnight tiger pet	False	False	CURRENT_I_BIN	hover	CONDITIONAL_OR_CONTEXTUAL|PET_EFFECT		+5%|7.5%|1|5|2-6|18-42|15-30|15|10	"- Grants +5% (7.5% in PvM) melee and range damage - Hits have a 1/5 chance to inflict a ""Tiger strike"" - Tiger strike: Deals an extra hit between 2-6 (18-42 in PvM) and increases your drop rate by 15-30% for 15 seconds (Effect has a 10 second cooldown)"
27686	Blunderbuss cannon (t1)	True	False	CURRENT_I_BIN	hover	BASE_DAMAGE_RANGE|CONDITIONAL_OR_CONTEXTUAL		5-15	Deals 5-15 base damage against event mobs
27687	Blunderbuss cannon (t2)	True	False	CURRENT_I_BIN	hover	BASE_DAMAGE_RANGE|CONDITIONAL_OR_CONTEXTUAL		10-20	Deals 10-20 base damage against event mobs
27688	Blunderbuss cannon (t3)	True	False	CURRENT_I_BIN	hover	BASE_DAMAGE_RANGE|CONDITIONAL_OR_CONTEXTUAL		15-25	Deals 15-25 base damage against event mobs
27689	Blunderbuss cannon (t4)	True	False	CURRENT_I_BIN	hover	BASE_DAMAGE_RANGE|CONDITIONAL_OR_CONTEXTUAL		20-35	Deals 20-35 base damage against event mobs
27690	Tidal tempoross pet	False	False	CURRENT_I_BIN	hover	ATTACK_SPEED_OR_TICK_TIMING|CONDITIONAL_OR_CONTEXTUAL|PET_EFFECT		2X|1	Tridents deal 2X damage and are 1 tick faster in PvM.
27691	Tsunami tempoross pet	False	False	CURRENT_I_BIN	hover	CORE_COMBAT_BONUS_MENTION|ACCURACY_MODIFIER|CONDITIONAL_OR_CONTEXTUAL|PET_EFFECT	magic_damage	15%|15|10|+5%|+5%|+5%|+7.5%	15% chance to inflict the Storm, Whirlpool, or Lightning debuff to your opponent (15 sec cooldown) (Debuffs last 10 secs, unstackable, cancels on pet swap) Storm: Players deal +5% magic damage to target Whirlpool: Players deal +5% range damage to target Lightning: Players deal +5% melee damage to target All the above: Players have +7.5% accuracy against the target
27918	Wavetide kodai wand	True	False	CURRENT_I_BIN	hover	ATTACK_SPEED_OR_TICK_TIMING|CONDITIONAL_OR_CONTEXTUAL		3	Spells in PvM cast at 3-tick speed
27928	Noxious halberd	True	False	CURRENT_I_BIN	hover	CORE_COMBAT_BONUS_MENTION|SPECIAL_ATTACK|ACCURACY_MODIFIER|CONDITIONAL_OR_CONTEXTUAL	attack_bonus	20|+25%|10%|3X|50%|2X|3X	- Inflicts venom starting at 20 damage in PvM - Deals +25% damage against arachnids - 10% chance to hit 3X, otherwise 50% chance to hit 2X (Chance improves w/ Aranea or Araxyte boots) (PvM only) - Attacks from two tiles away and diagonally - Special attack grants 3X accuracy and four PvM hits
27932	Aranea boots	False	True	CURRENT_I_BIN	hover	CONDITIONAL_OR_CONTEXTUAL		+25%|2X|25%|3X|10%	- Immune to spider boss web effects - Deals +25% damage against arachnids - Noxious halberd attacks always hit 2X in PvM, and have a 25% chance to 3X hit in PvM (rather than 10%)
27934	Radiant oathplate legs	False	True	CURRENT_I_BIN	hover	MAX_HIT_CAP|CONDITIONAL_OR_CONTEXTUAL|SET_EFFECT		+4	Melee max hit caps raised by +4 with full set
27935	Radiant oathplate chest	False	True	CURRENT_I_BIN	hover	MAX_HIT_CAP|CONDITIONAL_OR_CONTEXTUAL|SET_EFFECT		+4	Melee max hit caps raised by +4 with full set
27936	Radiant oathplate helm	False	True	CURRENT_I_BIN	hover	MAX_HIT_CAP|CONDITIONAL_OR_CONTEXTUAL|SET_EFFECT		+4	Melee max hit caps raised by +4 with full set
27970	Araxyte slayer helmet	False	True	CURRENT_I_BIN	hover	CONDITIONAL_OR_CONTEXTUAL		+75%|10	- Grants the Fused slayer helmet PvM boost - Deals +75% damage against arachnids - Caps Explosive Araxyte damage at 10 per explosion
27971	Amulet of rancour (dark)	False	True	CURRENT_I_BIN	hover	MAX_HIT_CAP|CONDITIONAL_OR_CONTEXTUAL		+1|+25%	- Increases melee max hit cap by +1 - Increases Noxious weapon damage by +25% (PvM) - Remove the dye to recover the amulet and dye
27972	Amulet of rancour	False	True	CURRENT_I_BIN	hover	MAX_HIT_CAP|CONDITIONAL_OR_CONTEXTUAL		+1|+25%	- Increases the melee max hit cap by +1 - Increases Noxious weapon damage by +25% (PvM)
28013	Dragon longsword (cr)	True	False	CURRENT_I_BIN	hover	MAX_HIT_CAP|SPECIAL_ATTACK|CONDITIONAL_OR_CONTEXTUAL		+5	+5 spec max hit cap Always lost on death
28016	Dragon mace (cr)	True	False	CURRENT_I_BIN	hover	MAX_HIT_CAP|SPECIAL_ATTACK|CONDITIONAL_OR_CONTEXTUAL		+3	+3 spec max hit cap Always lost on death
28048	Gladiator khopesh	True	False	CURRENT_I_BIN	hover	CORE_COMBAT_BONUS_MENTION|SPECIAL_ATTACK|CONDITIONAL_OR_CONTEXTUAL	attack_bonus|magic_damage	50%|3x|3	- Special attack deals two hits, then an additional lightning strike with magic damage - PvM hits have a 50% chance to strike lightning to other monsters in a 3x3 area.
28100	Grand Hween casket (2025)	False	False	CURRENT_I_BIN	hover	CONDITIONAL_OR_CONTEXTUAL		28111|23204|23224|22144|23228|22260|24025	Opens for the following potential items: <item=28111>Hallowdorvis pet <item=23204>Reaper bludgeon <item=23224>Blood reaper pet <item=22144>Haunted zaryte branch <item=23228>Uncommon chance for Blood reaper scythe hilt <item=22260> Rare chance for a Grand promo package (event) <item=24025>Very rare chance for Ecto scythe dye as a bonus reward alongside all the above!
28111	Hallowdorvis pet	False	False	CURRENT_I_BIN	hover	ACCURACY_MODIFIER|CONDITIONAL_OR_CONTEXTUAL|PET_EFFECT		2|7.5%|3X	Increases damage & accuracy of scythes, bludgeons, and 2H axes by 7.5% (3X in PvM)
28112	Dark hallowbork pet	False	False	CURRENT_I_BIN	hover	ACCURACY_MODIFIER|CONDITIONAL_OR_CONTEXTUAL|PET_EFFECT		2|+15%|+10%|2|+2.5%|+5%|4X	- All melee 2H weapons deal +15% damage and have +10% accuracy - Scythes, bludgeons, and 2H axes grant a bonus +2.5% damage & +5% accuracy (Effects are 4X in PvM)
28127	Cursehorn minotaur pet	False	False	CURRENT_I_BIN	hover	CORE_COMBAT_BONUS_MENTION|CONDITIONAL_OR_CONTEXTUAL|PET_EFFECT	attack_bonus|strength_bonus	+40|+20|5%|+15%|17.5%|1484	- Gives +40 crush attack & +20 strength bonus - Boosts melee dmg & acc by 5% of crush attack bonus - Boost is capped at +15% - Cap increases to 17.5% if risking Cursed orb <item=1484>
28150	Festive korasi's sword	True	False	CURRENT_I_BIN	hover	CORE_COMBAT_BONUS_MENTION|SPECIAL_ATTACK|CONDITIONAL_OR_CONTEXTUAL	attack_bonus	50%|1-5	- Special attack hits twice in PvM - Spec has 50% chance to deal extra 1-5 damage
28152	(Cosmetic) Candle dagger	False	False	CURRENT_I_BIN	hover	CORE_COMBAT_BONUS_MENTION|SPECIAL_ATTACK|CONDITIONAL_OR_CONTEXTUAL	attack_bonus		When toggled, your DDS will appear as a candle dagger with a confetti special attack
28153	Grand treasure (fuse box unlock)	False	False	CURRENT_I_BIN	hover	CONDITIONAL_OR_CONTEXTUAL		20701	When claimed, you will unlock the chance to receive <item=20701>Pet fuse boxes from PvP Grand Treasure drops (This scroll is untradeable)
28154	Frosty zaryte bow	False	True	CURRENT_I_BIN	hover	CORE_COMBAT_BONUS_MENTION|ATTACK_SPEED_OR_TICK_TIMING|CONDITIONAL_OR_CONTEXTUAL	attack_bonus	+25%	- One tick faster attack speed in PvP compared to the standard bow. - Grants +25% PvM damage boost
28155	Gladiator chest	False	True	CURRENT_I_BIN	hover	MAX_HIT_CAP|CONDITIONAL_OR_CONTEXTUAL|SET_EFFECT		+2|+2	Melee max hit cap raised by +2 with full set Includes an additional +2 boost whenever a Gladiator weapon is equipped with the full set.
28156	Gladiator breeches	False	True	CURRENT_I_BIN	hover	MAX_HIT_CAP|CONDITIONAL_OR_CONTEXTUAL|SET_EFFECT		+2|+2	Melee max hit cap raised by +2 with full set Includes an additional +2 boost whenever a Gladiator weapon is equipped with the full set.
28157	Gladiator helm	False	True	CURRENT_I_BIN	hover	MAX_HIT_CAP|CONDITIONAL_OR_CONTEXTUAL|SET_EFFECT		+2|+2	Melee max hit cap raised by +2 with full set Includes an additional +2 boost whenever a Gladiator weapon is equipped with the full set.
28163	Grand spring casket (2026)	False	False	CURRENT_I_BIN	hover	CONDITIONAL_OR_CONTEXTUAL		28178|24110|22518|24111|23042|22260|24025	Opens for the following potential items: - <item=28178>Forest stallion pet - <item=24110>Easter kalphite pet - <item=22518>Mad hatter pet - <item=24111>Easter bounty cape - <item=23042>Easter hand cannon - <item=22260> Rare chance for a Grand promo package (event) <item=24025>Very rare chance for Springbloom dye as a bonus reward alongside all the above!
28176	Carrot sword	True	False	CURRENT_I_BIN	hover	SAME_STATS_OR_BONUSES_RELATION|SPECIAL_ATTACK|CONDITIONAL_OR_CONTEXTUAL			Same stats & spec as Vesta longsword
28179	Arcane nature demon pet	False	False	CURRENT_I_BIN	hover	CORE_COMBAT_BONUS_MENTION|BASE_DAMAGE_RANGE|ACCURACY_MODIFIER|CONDITIONAL_OR_CONTEXTUAL|PET_EFFECT	attack_bonus	+5|15%|+30%|200|+5|+35%|25%|2X	- Increases duration of entangle freeze by +5 seconds - Increases spell accuracy by 15% of magic attack bonus (Cap of +30% at 200+ Magic attack bonus) - God spells deal +5 base damage and +35% damage bonus - Receive more tokens from battle mage drops. - Increased shard drop rate & 25% chance for 2X shards
28194	Cursed eclipse atlatl	True	False	CURRENT_I_BIN	hover	CORE_COMBAT_BONUS_MENTION|SPECIAL_ATTACK|CONDITIONAL_OR_CONTEXTUAL	attack_bonus	10%	- Hits have a 10% chance to inflict a slow burn - Special attack will consume your target's burn or bleed into one hit with a guaranteed minimum damage (scaled by remaining burn/bleed) (Special attack requires full cursed eclipse set)
28195	Cursed eclipse chestplate	False	True	CURRENT_I_BIN	hover	CORE_COMBAT_BONUS_MENTION|SPECIAL_ATTACK|CONDITIONAL_OR_CONTEXTUAL	attack_bonus	10%|25%	When full eclipse set is equipped: - Unlocks cursed eclipse atlatl's special attack - Increases atlatl burn chance from 10% to 25% - Doubles atlatl burn damage
28196	Cursed eclipse tassets	False	True	CURRENT_I_BIN	hover	CORE_COMBAT_BONUS_MENTION|SPECIAL_ATTACK|CONDITIONAL_OR_CONTEXTUAL	attack_bonus	10%|25%	When full eclipse set is equipped: - Unlocks cursed eclipse atlatl's special attack - Increases atlatl burn chance from 10% to 25% - Doubles atlatl burn damage
28197	Cursed eclipse helm	False	True	CURRENT_I_BIN	hover	CORE_COMBAT_BONUS_MENTION|SPECIAL_ATTACK|CONDITIONAL_OR_CONTEXTUAL	attack_bonus	10%|25%	When full eclipse set is equipped: - Unlocks cursed eclipse atlatl's special attack - Increases atlatl burn chance from 10% to 25% - Doubles atlatl burn damage
28502	Masori mask	False	True	CURRENT_I_BIN	hover	CONDITIONAL_OR_CONTEXTUAL|SET_EFFECT		50%	Set effect: Increased chance of swift gloves double shot proc in PvM by 50%
28503	Masori body	False	True	CURRENT_I_BIN	hover	CONDITIONAL_OR_CONTEXTUAL|SET_EFFECT		50%	Set effect: Increased chance of swift gloves double shot proc in PvM by 50%
28504	Masori chaps	False	True	CURRENT_I_BIN	hover	CONDITIONAL_OR_CONTEXTUAL|SET_EFFECT		50%	Set effect: Increased chance of swift gloves double shot proc in PvM by 50%
28505	Crest masori mask	False	True	CURRENT_I_BIN	hover	CONDITIONAL_OR_CONTEXTUAL|SET_EFFECT		2.5%	Absorb 2.5% damage (per piece)
28506	Crest masori body	False	True	CURRENT_I_BIN	hover	CONDITIONAL_OR_CONTEXTUAL|SET_EFFECT		2.5%	Absorb 2.5% damage (per piece)
28507	Crest masori chaps	False	True	CURRENT_I_BIN	hover	CONDITIONAL_OR_CONTEXTUAL|SET_EFFECT		2.5%	Absorb 2.5% damage (per piece)
28508	Masori crafting kit	False	False	CURRENT_I_BIN	hover	CORE_COMBAT_BONUS_MENTION|SPECIAL_ATTACK|CONDITIONAL_OR_CONTEXTUAL	attack_bonus		Cosmetic kit for both the ava's assembler and ava's assembler (i). Counts as a piece of masori armor for the masori c'bow special attack (PvM bonus effect)
28516	Masori crossbow	True	False	CURRENT_I_BIN	hover	CORE_COMBAT_BONUS_MENTION|ATTACK_SPEED_OR_TICK_TIMING|SPECIAL_ATTACK|DEFENCE_BYPASS_OR_REDUCTION|CONDITIONAL_OR_CONTEXTUAL	attack_bonus|defence	+20%|+150%|5%|15%|+1	- Standard attacks deal +20% damage for each piece of masori armor equipped (PvM only) - Special attack deals +150% damage for each piece of masori armor equipped (PvM only) - With masori armor set equipped, has 5% chance to ignore 15% of your enemy's equipment defense - With masori armor set, PvM attack speed is +1
28517	Twisted catalyst	False	False	CURRENT_I_BIN	hover	CONDITIONAL_OR_CONTEXTUAL		60|+5%|+10%|10	Upgrades an Enchanted heart to Xerician heart Upon invigorating, for a 60 second duration: - Grants +5% PvM damage - Grants +10% PvM damage with twisted weaponry - Provide dragonfire and venom immunity - Keeps stats boosted (if not in PvP for the 10+ secs)
28518	Xerician heart	False	False	CURRENT_I_BIN	hover	CONDITIONAL_OR_CONTEXTUAL		60|+5%|+10%|10	Upon invigorating, for a 60 second duration: - Grants +5% PvM damage - Grants +10% PvM damage with twisted weaponry - Provide dragonfire and venom immunity - Keeps stats boosted (if not in PvP for the 10+ secs)
28519	Scroll of tenacity	False	False	CURRENT_I_BIN	hover	CONDITIONAL_OR_CONTEXTUAL			Unlocks the magic and ranged variant of the Turmoil curse prayer. (Note: Weaker bonuses in PvP combat)
28520	Xerician blessing	False	False	CURRENT_I_BIN	hover	ACCURACY_MODIFIER|CONDITIONAL_OR_CONTEXTUAL		+15%|+5%	- Boosts damage & accuracy in CoX raids by +15% - Grants +5% rare chance for CoX chest.
28521	Vampyric blessing	False	False	CURRENT_I_BIN	hover	ACCURACY_MODIFIER|CONDITIONAL_OR_CONTEXTUAL		+15%|+5%	- Boosts damage & accuracy in ToB raids by +15% - Grants +5% rare chance for ToB chest.
28522	Verzik's pages	False	False	CURRENT_I_BIN	hover	CONDITIONAL_OR_CONTEXTUAL		+25%|+35%	Used to upgrade the Siren tome to Verzik's tome - Slightly improve stats from Siren's tome - Grants +25% damage with sanguinesti staves (PvM only) - Grants +35% damage against arachnid enemies Pages are autokept, siren tome drops on death
28523	Verzik's tome	True	False	CURRENT_I_BIN	hover	CONDITIONAL_OR_CONTEXTUAL		+25%|+35%	- Slightly improve stats from Siren tome - Grants +25% damage with sanguinesti staves (PvM only) - Grants +35% damage against arachnid enemies Pages are autokept, siren tome drops on death
28524	Sanguine scythe kit	False	False	CURRENT_I_BIN	hover	CONDITIONAL_OR_CONTEXTUAL		21566|27485|25%|35%|10%	- Upgrades <item=21566>Scythe of vitur to Scythe of sanguinesti - Upgrades <item=27485>Shadowrend scythe to Scythe of bloodrend - Grants a 25% chance (35% for bloodrend) to deal an extra hit in PvM and to heal for 10% of damage dealt. - Grants immunity to the Damage affliction in raids Kit is autokept, standard scythe drops on death
28527	Amascut blessing	False	False	CURRENT_I_BIN	hover	ACCURACY_MODIFIER|CONDITIONAL_OR_CONTEXTUAL		+15%|+5%	- Boosts damage & accuracy in ToA raids by +15% - Grants +5% rare chance for ToA chest.
28530	Akkha pet	False	False	CURRENT_I_BIN	hover	CONDITIONAL_OR_CONTEXTUAL|PET_EFFECT		+25%|+10%|2X	- Deal +25% damage in Akkha's lair - Increases damage with spears by +10% - Increases karamja glove spear bonus by 2X in PvM combat.
28531	Ba-ba pet	False	False	CURRENT_I_BIN	hover	CONDITIONAL_OR_CONTEXTUAL|PET_EFFECT		+25%|1|3|+35%	- Deal +25% damage in Ba-ba's lair - Hits in PvM have a 1/3 chance to deal +35% damage
28532	Kephri pet	False	False	CURRENT_I_BIN	hover	CONDITIONAL_OR_CONTEXTUAL|PET_EFFECT		+25%|25-50	- Deal +25% damage in Kephri's lair - Hits in PvM have chance to fling dung, dealing 25-50 damage
28533	Zebak pet	False	False	CURRENT_I_BIN	hover	CONDITIONAL_OR_CONTEXTUAL|PET_EFFECT		+25%|15%|35%|1|4	- Deal +25% damage in Zebak's lair - Take 15% less damage in PvM - Recoil 35% of damage taken in PvM, and heals you for 1/4 the damage recoiled
28534	Warden pet	False	False	CURRENT_I_BIN	hover	ACCURACY_MODIFIER|CONDITIONAL_OR_CONTEXTUAL|PET_EFFECT		+25%|+7.5%|+50%|+15%|+7.5%|+15%|+7.5%	- Deal +25% damage in Warden's lair - Fang weapons deal +7.5% (+50% in PvM) damage - Elidinis ward grants +15% accuracy & +7.5% damage - Tumeken's shadow grants +15% accuracy & +7.5% damage
28536	Osmumten's fang	True	False	CURRENT_I_BIN	hover	CONDITIONAL_OR_CONTEXTUAL		15%|85%|+50%	- Successful PvM hits guarantee between 15% to 85% of your true max damage - Deals an additional +50% damage in PvM
28538	Tumeken imbue stone	False	False	CURRENT_I_BIN	hover	CORE_COMBAT_BONUS_MENTION|ATTACK_SPEED_OR_TICK_TIMING|CONDITIONAL_OR_CONTEXTUAL	attack_bonus	2X	Imbues the Tumeken's Shadow for: - Slight increase in stats - Increased attack speed in PvM - Deal 2X damage in PvM combat - Ignores damage soaking in PvP
28539	Tumeken's shadow (i)	True	False	CURRENT_I_BIN	hover	CORE_COMBAT_BONUS_MENTION|ATTACK_SPEED_OR_TICK_TIMING|SPECIAL_ATTACK|DEFENCE_BYPASS_OR_REDUCTION|CONDITIONAL_OR_CONTEXTUAL	attack_bonus|defence	2X	- Increased attack speed in PvM combat - Deals 2X damage in PvM combat - Ignores damage soaking defenses - Special attack reduces enemy magic & defense Imbue stone is autokept, standard staff drops on death
28547	Cursed phalanx	False	False	CURRENT_I_BIN	hover	CORE_COMBAT_BONUS_MENTION|ATTACK_SPEED_OR_TICK_TIMING|ACCURACY_MODIFIER|CONDITIONAL_OR_CONTEXTUAL	attack_bonus|strength_bonus	15-85|35-90|+1|+3	Upgrades the Osmumten's fang to (or) version: - Increases damage guarantee from 15-85% of your true max hit to 35-90% - Increases attack speed by +1 (+3 in PvM) - Increased strength and accuracy bonus
28548	Osmumten's fang (or)	True	False	CURRENT_I_BIN	hover	CORE_COMBAT_BONUS_MENTION|ATTACK_SPEED_OR_TICK_TIMING|CONDITIONAL_OR_CONTEXTUAL	attack_bonus	35%|90%|+1|+2|+50%	- Successful PvM hits guarantee between 35% to 90% of your true max damage - Increased attack speed by +1 (+2 PvM) - Deals an additional +50% damage in PvM
28557	Grand summer casket (2026)	False	False	CURRENT_I_BIN	hover	CONDITIONAL_OR_CONTEXTUAL		25415|27690|28893|28789|6|22260|28564	Chance to receive one of the following: <item=25415>Solar behemoth pet <item=27690>Tidal tempoross pet <item=28893>Wavetide sigil <item=28789>x6 Mystery tickets (event) <item=22260> Rare chance for a Grand promo package (event) <item=28564>Very rare chance for Wavesurfer dye as a bonus reward alongside all the above!
28561	Summer solar gem	False	False	CURRENT_I_BIN	hover	CONDITIONAL_OR_CONTEXTUAL			Exchangeable for rewards or event perks. You can also risk them in the wilderness to boost your: - Wilderness drop rate bonus - Tokens earned from event mobs and PKing (The more gems risked, the higher the boost!)
28562	Solar gem pack (50)	False	False	CURRENT_I_BIN	hover	CONDITIONAL_OR_CONTEXTUAL			Exchangeable for rewards or event perks. You can also risk them in the wilderness to boost your: - Wilderness drop rate bonus - Tokens earned from event mobs and PKing (The more gems risked, the higher the boost!)
28571	Balmung upgrade scroll	False	False	CURRENT_I_BIN	hover	MAX_HIT_CAP|SPECIAL_ATTACK|CONDITIONAL_OR_CONTEXTUAL		+5|+5	Permanently boosts Balmung's max hit cap by +5, and spec duration by +5 seconds (Upgrades also included for Cursed balmung)
28581	Araxxor pet	False	False	CURRENT_I_BIN	hover	ACCURACY_MODIFIER|CONDITIONAL_OR_CONTEXTUAL|PET_EFFECT		20%|+10%|+30%	- Grants immunity to venom and disease - 20% chance to inflict disease - Against diseased enemies: +10% PvP and +30% PvM damage & accuracy
28582	Dark araxxor pet	False	False	CURRENT_I_BIN	hover	ACCURACY_MODIFIER|CONDITIONAL_OR_CONTEXTUAL|PET_EFFECT		20%|+2|+12.5%|+40%	- Grants immunity to venom and disease - 20% chance to inflict disease with +2 damage - Against diseased enemies: +12.5% PvP and +40% PvM damage & accuracy
28583	Araxyte boots	False	True	CURRENT_I_BIN	hover	CONDITIONAL_OR_CONTEXTUAL		+50%|2X|25%|3X|10%|+2	- Immune to spider boss web effects - Deals +50% damage against arachnids - Noxious halberd attacks always hit 2X in PvM, and have a 25% chance to 3X hit in PvM (rather than 10%) - Increases Noxious halberd PvP hit caps by +2
28584	Noxious halberd (i)	True	False	CURRENT_I_BIN	hover	CORE_COMBAT_BONUS_MENTION|SPECIAL_ATTACK|ACCURACY_MODIFIER|CONDITIONAL_OR_CONTEXTUAL	attack_bonus	20|+25%|10%|3X|75%|2X|3X	- Inflicts venom starting at 20 damage in PvM - Deals +25% damage against arachnids - 10% chance to hit 3X, otherwise 75% chance to hit 2X (Chance improves w/ Aranea or Araxyte boots) (PvM only) - Attacks from two tiles away and diagonally - Special attack grants 3X accuracy and four PvM hits
28585	Noxious shadowrend dagger	True	False	CURRENT_I_BIN	hover	CONDITIONAL_OR_CONTEXTUAL		20|+10%|+25%	- Inflicts venom starting at 20 damage in PvM - Deals +10% PvM damage & +25% arachnid damage
28586	Noxious twisted bow	True	False	CURRENT_I_BIN	hover	SPECIAL_ATTACK|CONDITIONAL_OR_CONTEXTUAL		25-50|+10%|+25%|50%|2X|25	- Always deals additional 25-50 venom damage per hit in PvM - Deals +10% PvM damage & +25% arachnid damage - Special (50%): Webweaver-style multi-hit - Four hits with 2X damage in PvM - Three hits capped at 25 each in PvP
28587	Noxious trident	True	False	CURRENT_I_BIN	hover	SPECIAL_ATTACK|CONDITIONAL_OR_CONTEXTUAL		20|+10%|+25%|50%|20-20|-20	- Inflicts venom starting at 20 damage in PvM - Deals +10% PvM damage & +25% arachnid damage - Special (50%): Rapid-fires three spell projectiles - PvP hits are capped at 20-20-20
28590	Blood slayer wisdom scroll	False	False	CURRENT_HOVERS_YAML	hover	CONDITIONAL_OR_CONTEXTUAL		50|+50%	- Rank 50 Doubles worn Blood slayer effect activation chances. Raises Blood slayer weapon damage to +50% in PvM. Gives the Blood slayer ring a permanent vigour effect.
28592	Blood slayer might scroll	False	False	CURRENT_HOVERS_YAML	hover	CONDITIONAL_OR_CONTEXTUAL		50|+1%|10|+25%|250	- Rank 50 Grants +1% PvM damage on Blood slayer tasks per 10 ranks earned. This bonus caps at +25% at rank 250.
28595	Cursed energy	False	False	CURRENT_I_BIN	hover	CONDITIONAL_OR_CONTEXTUAL		+15%|250	- Currency for the Cursed Mayhem mini-event - Earned from PvP, Wilderness PvM and Wilderness implings - Risking energy boosts activity rewards up to +15% - The first 250 energy earned each day is doubled - Used for temporary event perks and the event shop - Tradeable and always lost on death
28596	Cursed vigour ring	False	True	CURRENT_I_BIN	hover	CORE_COMBAT_BONUS_MENTION|SPECIAL_ATTACK|ACCURACY_MODIFIER|CONDITIONAL_OR_CONTEXTUAL	attack_bonus	+5%|10	- Ring of vigour stats and special attack effect - +5% damage and accuracy while risking a Cursed orb - Always lost on death and converts to 10B cash
28597	Dark cursed halo	False	True	CURRENT_I_BIN	hover	SAME_STATS_OR_BONUSES_RELATION|MAX_HIT_CAP|CONDITIONAL_OR_CONTEXTUAL		+1	- Same stats and hotspot effect as the Glorious crown - Fused slayer helmet effect while risking a Cursed orb - +1 max hit cap while risking a Cursed orb - Autokeep and tradeable
28598	Araxyte egg	False	False	CURRENT_I_BIN	hover	CONDITIONAL_OR_CONTEXTUAL		28581|6200|6202|4278|25-50|10877|+1%|+50%|50	- Opens for an <item=28581>Araxxor pet or: - <item=6200>Donator mystery box - <item=6202>PvP mystery box - <item=4278>25-50 Blood money - <item=10877>Goodie bag - Risking each egg grants +1% Dark Araxyte drop rate (Maximum +50% from 50 eggs) - Always lost on death
28605	Araxyte slayer helmet (dark)	False	True	CURRENT_I_BIN	hover	CONDITIONAL_OR_CONTEXTUAL		+75%|10	- Grants the Fused slayer helmet PvM boost - Deals +75% damage against arachnids - Caps Explosive Araxyte damage at 10 per explosion - Remove the dye to recover the helm and dye
28607	Glorious blood orb	False	False	CURRENT_I_BIN	hover	CONDITIONAL_OR_CONTEXTUAL		1.5x|+10%|50%|25%|10%|+25%|+35%|+10%|1.25x	- Includes all cursed orb boosts with a 1.5x multiplier - Grants +10% double rare drop chance in the wild - 50% chance for BH/CBH crate PK drops to double - 25% chance for PK rating reward drops to double - 10% chance for grand treasure pvp drops to double - Glorious caskets receive a +25% chance boost - Glorious casket drops have a +35% chance to double - Glorious statuette drops have a +10% chance to double - This orb's unique boosts receive a 1.25x multiplier if your opponent was also risking a Glorious blood orb Always risked on death
28608	Amulet of rancour (range)	False	True	CURRENT_I_BIN	hover	MAX_HIT_CAP|CONDITIONAL_OR_CONTEXTUAL		+1|+25%	- Ranged variant of the amulet of rancour - Increases ranged max hit cap by +1 (PvP) - Increases Noxious weapon damage by +25% (PvM)
28609	Amulet of rancour (magic)	False	True	CURRENT_I_BIN	hover	MAX_HIT_CAP|CONDITIONAL_OR_CONTEXTUAL		+1|+25%	- Magic variant of the amulet of rancour - Increases magic max hit cap by +1 (PvP) - Increases Noxious weapon damage by +25% (PvM)
28692	Infernal tempoross pet	False	False	CURRENT_I_BIN	hover	ATTACK_SPEED_OR_TICK_TIMING|CONDITIONAL_OR_CONTEXTUAL|PET_EFFECT		2X|1|1.5X	- Upgrades blood barrage and blitz spells to Magma spells which can inflict burn in PvM that heal you (unstackable w/ bleed) - Acts as a tome of fire in PvM (does not stack with tome) - Tridents deal 2X damage and are 1 tick faster in PvM - Other autocast staves deal 1.5X damage in PvM
28694	Pirate's hook (t2)	False	True	CURRENT_I_BIN	hover	CONDITIONAL_OR_CONTEXTUAL		+10%|+5%	Boosts token drops from roaming mob kills by +10% when equipped and increases damage dealt by +5%
28695	Pirate's hook (t3)	False	True	CURRENT_I_BIN	hover	CONDITIONAL_OR_CONTEXTUAL		+15%|+10%	Boosts token drops from roaming mob kills by +15% when equipped and increases damage dealt by +10%
28698	Gilded claw hook	False	True	CURRENT_I_BIN	hover	CONDITIONAL_OR_CONTEXTUAL		+10%	Increases melee PvM damage by +10%
28701	Wanderer's boots (e)	False	True	CURRENT_I_BIN	hover	CONDITIONAL_OR_CONTEXTUAL		+15%|+15%	- Includes effect of devout boots. - Grants +15% drop rate bonus - Grants +15% PvM damage for each Wanderer's item worn (including icons, mini-pets, exotic box weapons, and even the boots themselves!) Autokeep and untradeable
28716	Collection blessing 1	False	False	CURRENT_I_BIN	hover	ACCURACY_MODIFIER|CONDITIONAL_OR_CONTEXTUAL		+2.5%	Increases PVM accuracy by +2.5% Does not stack with collection icons! (This is simply an equip slot variant for the icon)
28717	Collection blessing 2	False	False	CURRENT_I_BIN	hover	CONDITIONAL_OR_CONTEXTUAL		+2.5%	Increases PVM damage by +2.5% Does not stack with collection icons! (This is simply an equip slot variant for the icon)
28718	Collection blessing 3	False	False	CURRENT_I_BIN	hover	ACCURACY_MODIFIER|CONDITIONAL_OR_CONTEXTUAL		+5%	Increases PVM accuracy by +5% Does not stack with collection icons! (This is simply an equip slot variant for the icon)
28719	Collection blessing 4	False	False	CURRENT_I_BIN	hover	CONDITIONAL_OR_CONTEXTUAL		+5%	Increases PVM damage by +5% Does not stack with collection icons! (This is simply an equip slot variant for the icon)
28720	Collection blessing 5	False	False	CURRENT_I_BIN	hover	ACCURACY_MODIFIER|CONDITIONAL_OR_CONTEXTUAL		+5%	Increases PVM damage & accuracy by +5% Does not stack with collection icons! (This is simply an equip slot variant for the icon)
28732	Gladiator dagger	False	False	CURRENT_I_BIN	hover	CORE_COMBAT_BONUS_MENTION|SPECIAL_ATTACK|CONDITIONAL_OR_CONTEXTUAL	attack_bonus		Special attack unleashes a flurry of precise strikes
28733	Gladiator maul	True	False	CURRENT_I_BIN	hover	CORE_COMBAT_BONUS_MENTION|MAX_HIT_CAP|SPECIAL_ATTACK|ACCURACY_MODIFIER|CONDITIONAL_OR_CONTEXTUAL	attack_bonus|defence	30|+1|35%	Swinging the maul will grant you 30 seconds of Gladiator's might, improving the maul's accuracy, damage, and max hit cap by +1. Special attack reduces enemy defence by 35%
28734	Gladiator axe	True	False	CURRENT_I_BIN	hover	CORE_COMBAT_BONUS_MENTION|ACCURACY_MODIFIER|CONDITIONAL_OR_CONTEXTUAL	attack_bonus|defence		Has a chance for accuracy re-roll, scaled up by your target's defense bonus against your attack style (slash/crush)
28736	Scroll of fortuity	False	False	CURRENT_I_BIN	hover	CONDITIONAL_OR_CONTEXTUAL		+10%|+15%|30	Grants +10% chance for rare PK treasures and +15% drop rate bonus for 30 mins.
28758	Impling goggles	False	True	CURRENT_I_BIN	hover	CONDITIONAL_OR_CONTEXTUAL		+5%|+5%	- Always notes implings caught - Grants +5% chance to double implings - Grants +5% catch rate bonus (Cosmetic slot item)
28771	Witch cape	False	True	CURRENT_I_BIN	hover	CORE_COMBAT_BONUS_MENTION|CONDITIONAL_OR_CONTEXTUAL	magic_damage	+5%	Increases drop rate and wildy PvM magic damage by +5% per witch piece equipped
28781	Nutcracker staff (t1)	True	False	CURRENT_I_BIN	hover	CORE_COMBAT_BONUS_MENTION|ATTACK_SPEED_OR_TICK_TIMING|BASE_DAMAGE_RANGE|CONDITIONAL_OR_CONTEXTUAL	attack_bonus	5-20|3	- Base damage against event mobs: 5-20 - Attack speed: 3
28782	Nutcracker staff (t2)	True	False	CURRENT_I_BIN	hover	CORE_COMBAT_BONUS_MENTION|ATTACK_SPEED_OR_TICK_TIMING|BASE_DAMAGE_RANGE|CONDITIONAL_OR_CONTEXTUAL	attack_bonus	10-25|3	- Base damage against event mobs: 10-25 - Attack speed: 3
28783	Nutcracker staff (t3)	True	False	CURRENT_I_BIN	hover	CORE_COMBAT_BONUS_MENTION|ATTACK_SPEED_OR_TICK_TIMING|BASE_DAMAGE_RANGE|CONDITIONAL_OR_CONTEXTUAL	attack_bonus	15-30|2	- Base damage against event mobs: 15-30 - Attack speed: 2
28784	Nutcracker staff (t4)	True	False	CURRENT_I_BIN	hover	CORE_COMBAT_BONUS_MENTION|ATTACK_SPEED_OR_TICK_TIMING|BASE_DAMAGE_RANGE|CONDITIONAL_OR_CONTEXTUAL	attack_bonus	20-35|2	- Base damage against event mobs: 20-35 - Attack speed: 2
28793	Frost gargoyle pet	False	False	CURRENT_I_BIN	hover	CONDITIONAL_OR_CONTEXTUAL|PET_EFFECT		50%|+5%	- Reduces 50% of incoming bleed damage - Deal +5% damage in PvM combat
28794	Glacial gargoyle pet	False	False	CURRENT_I_BIN	hover	CORE_COMBAT_BONUS_MENTION|DEFENCE_BYPASS_OR_REDUCTION|CONDITIONAL_OR_CONTEXTUAL|PET_EFFECT	defence	60%|+7.5%|15%	- Reduces 60% of incoming bleed damage - Deal +7.5% damage in PvM combat - Ignore 15% of enemy defensive equipment bonuses
28795	Grimgloom gargoyle pet	False	False	CURRENT_I_BIN	hover	CORE_COMBAT_BONUS_MENTION|DEFENCE_BYPASS_OR_REDUCTION|CONDITIONAL_OR_CONTEXTUAL|PET_EFFECT	defence	0|+10%|30%|15%|25%	- Mitigates all incoming bleed damage to 0 - Deal +10% damage in PvM combat (30% when risking a cursed orb in the wilderness) - Ignore 15% of enemy defensive equipment bonuses (25% if you're actively bleeding) - Combined effects with death pet
28805	Wonderous halo	False	True	CURRENT_I_BIN	hover	CONDITIONAL_OR_CONTEXTUAL		+7.5%|+10%	Use any helmet slot item on this halo to bind the stats of that item to the halo! Also has a drop rate bonus of +7.5% and boosts PvP treasure drop chance by +10% Autokeep but still Tradeable
28807	Doppelganger pet (dyed)	False	False	CURRENT_I_BIN	hover	CONDITIONAL_OR_CONTEXTUAL|PET_EFFECT		+10%|+10%	Includes shadow pet effects while also keeping combat stats boosted. Includes +10% drop rate bonus and +10% PvP treasure drop rate.
28808	Burning claws	True	False	CURRENT_I_BIN	hover	SPECIAL_ATTACK|CONDITIONAL_OR_CONTEXTUAL		40%|3|2|10|2x	Spec costs 40% and hits 3 times. Also causes a burn on enemy dealing 2 damage per tick until 10 total damage dealt. Deals 2x damage in PvM.
28809	Emberlight	True	False	CURRENT_I_BIN	hover	CORE_COMBAT_BONUS_MENTION|SPECIAL_ATTACK|CONDITIONAL_OR_CONTEXTUAL	attack_bonus	2.5x|50%|3|15	- Deals 2.5x damage to demons. - Special attack costs 50% and causes a burn on enemy dealing 3 damage per tick until 15 total damage dealt.
28810	Scorching bow	True	False	CURRENT_I_BIN	hover	CORE_COMBAT_BONUS_MENTION|SPECIAL_ATTACK|CONDITIONAL_OR_CONTEXTUAL	attack_bonus	2.5x|50%|3|15	- Deals 2.5x damage to demons. - Special attack costs 50% and causes a burn on enemy dealing 3 damage per tick until 15 total damage dealt.
28824	Doppelganger dye (wonderous)	False	False	CURRENT_I_BIN	hover	CONDITIONAL_OR_CONTEXTUAL		+10%|+10%	Attaches to a Doppelganger pet. Provides +10% drop rate bonus and +10% PvP treasure drop rate.
28831	Wonderous totem lantern	False	True	CURRENT_I_BIN	hover	CONDITIONAL_OR_CONTEXTUAL		+17.5%|+7.5%	- Provides +17.5% drop rate. - Deals +7.5% damage against monsters. Wonderous candle is autokept (but not lantern)
28832	Sarachnis pet	False	False	CURRENT_I_BIN	hover	CONDITIONAL_OR_CONTEXTUAL|PET_EFFECT		+5%	- Increases damage dealt by +5% - Effect doubled when equipping Sarachnis cudgel or Brackish blade
28837	Cursed morrigan's javelin	True	False	CURRENT_I_BIN	hover	ACCURACY_MODIFIER|CONDITIONAL_OR_CONTEXTUAL		+20%|+7.5%	Increases accuracy by +20% and damage by +7.5% when risking a Cursed blood orb
28841	Cursed balmung	True	False	CURRENT_I_BIN	hover	CORE_COMBAT_BONUS_MENTION|ATTACK_SPEED_OR_TICK_TIMING|SPECIAL_ATTACK|CONDITIONAL_OR_CONTEXTUAL	attack_bonus	1|10|50%	Special attack enrages the axe to ignores enemy damage soak and attack 1 tick faster for 10 seconds. Standard attacks have a 50% chance to bypass soak.
28844	Ultimate rift guardian pet	False	False	CURRENT_I_BIN	hover	CONDITIONAL_OR_CONTEXTUAL|PET_EFFECT		+7.5%|+7.5%|+2.5%	- Increases damage dealt by +7.5% - Increases drop rate bonus by +7.5% - Increases double rare drop chance by +2.5%
28847	Malice basilisk pet	False	False	CURRENT_I_BIN	hover	ACCURACY_MODIFIER|CONDITIONAL_OR_CONTEXTUAL|PET_EFFECT		+10%|+10%|2x|30	- Increases damage & accuracy by +10% with Rapiers - Increases Wildy PvM damage by +10% (2x above 30 wildy)
28848	Malice demonic gorilla pet	False	False	CURRENT_I_BIN	hover	ACCURACY_MODIFIER|CONDITIONAL_OR_CONTEXTUAL|PET_EFFECT		+7.5%|4x	Increases damage & accuracy by +7.5% when using soulsplit or smite. Effect is 4x stronger in PvM.
28849	Malice blood dragon pet	False	False	CURRENT_I_BIN	hover	ACCURACY_MODIFIER|CONDITIONAL_OR_CONTEXTUAL|PET_EFFECT		+7.5%|+3	- Increases damage & accuracy by +7.5% when using Dragon and Blood weaponry. - Increases DFS max hit by +3
28850	Malice chaos giant pet	False	False	CURRENT_I_BIN	hover	CONDITIONAL_OR_CONTEXTUAL|PET_EFFECT		3|50%	Reduces all damage received by 3 and has 50% chance to restore Prayer by the amount reduced. (Works against recoil, veng & bleed.)
28856	Infernal demon pet	False	False	CURRENT_I_BIN	hover	MAX_HIT_CAP|CONDITIONAL_OR_CONTEXTUAL|PET_EFFECT		+10%|+3|+25%	- Increases Tormented demon weapon damage by +10% and PvP max hit cap by +3 - Increases damage dealt to demons by +25%
28859	Purging staff (i)	True	False	CURRENT_I_BIN	hover	CORE_COMBAT_BONUS_MENTION|ATTACK_SPEED_OR_TICK_TIMING|CONDITIONAL_OR_CONTEXTUAL	attack_bonus	+1	Stronger variant of Purging staff with +1 attack speed in PvM
28864	Grand spring casket (2025)	False	False	CURRENT_I_BIN	hover	CONDITIONAL_OR_CONTEXTUAL		21945|23018|24111|1|50|22260	Gives one of three Ultra rare rewards: - Easter ele c'bow <item=21945> - Easterwyrm pet <item=23018> - Easter bounty cape <item=24111> - [BONUS] 1/50 chance for Grand promo <item=22260>
28870	Crestbearer hide chaps	False	True	CURRENT_I_BIN	hover	ACCURACY_MODIFIER|CONDITIONAL_OR_CONTEXTUAL|SET_EFFECT		+10%|+45%	Deals +10% range damage in PvM. Gives an additional boost of +45% damage and accuracy in PvM when full set is worn.
28871	Crestbearer hide body	False	True	CURRENT_I_BIN	hover	ACCURACY_MODIFIER|CONDITIONAL_OR_CONTEXTUAL|SET_EFFECT		+10%|+45%	Deals +10% range damage in PvM. Gives an additional boost of +45% damage and accuracy in PvM when full set is worn.
28872	Crestbearer hide coif	False	True	CURRENT_I_BIN	hover	ACCURACY_MODIFIER|CONDITIONAL_OR_CONTEXTUAL|SET_EFFECT		+10%|+45%	Deals +10% range damage in PvM. Gives an additional boost of +45% damage and accuracy in PvM when full set is worn.
28873	Crestbearer hide chaps (dyed)	False	True	CURRENT_I_BIN	hover	ACCURACY_MODIFIER|CONDITIONAL_OR_CONTEXTUAL|SET_EFFECT		+10%|+45%	Deals +10% range damage in PvM. Gives an additional boost of +45% damage and accuracy in PvM when full set is worn.
28874	Crestbearer hide body (dyed)	False	True	CURRENT_I_BIN	hover	ACCURACY_MODIFIER|CONDITIONAL_OR_CONTEXTUAL|SET_EFFECT		+10%|+45%	Deals +10% range damage in PvM. Gives an additional boost of +45% damage and accuracy in PvM when full set is worn.
28875	Crestbearer hide coif (dyed)	False	True	CURRENT_I_BIN	hover	ACCURACY_MODIFIER|CONDITIONAL_OR_CONTEXTUAL|SET_EFFECT		+10%|+45%	Deals +10% range damage in PvM. Gives an additional boost of +45% damage and accuracy in PvM when full set is worn.
28881	Oathplate legs	False	True	CURRENT_I_BIN	hover	MAX_HIT_CAP|CONDITIONAL_OR_CONTEXTUAL|SET_EFFECT		+3	Melee max hit caps raised by +3 with full set
28882	Oathplate chestplate	False	True	CURRENT_I_BIN	hover	MAX_HIT_CAP|CONDITIONAL_OR_CONTEXTUAL|SET_EFFECT		+3	Melee max hit caps raised by +3 with full set
28883	Oathplate helm	False	True	CURRENT_I_BIN	hover	MAX_HIT_CAP|CONDITIONAL_OR_CONTEXTUAL|SET_EFFECT		+3	Melee max hit caps raised by +3 with full set
28887	Riftwalker corp beast pet	False	False	CURRENT_I_BIN	hover	ACCURACY_MODIFIER|CONDITIONAL_OR_CONTEXTUAL|PET_EFFECT		+10%|+20%|+15%|+5%	- PvP: Grants +10% melee damage and accuracy - PvM: Grants +20% overall damage and accuracy - Grants +15% drop rate bonus - Grants +5% chance for doubled rare drops
28888	Scopesight vasa pet	False	False	CURRENT_I_BIN	hover	ACCURACY_MODIFIER|CONDITIONAL_OR_CONTEXTUAL|PET_EFFECT		+10|+15|+17.5%|+6|5%|+10%|+40%|+25%|+50%|+25%	- Keeps magic level boosted by +10 and range by +15 - Grants +17.5% range accuracy bonus - Increases spell max hits by +6 - Magic & range attacks have a 5% chance to activate Snipe, granting +10% damage (+40% PvM) and +25% accuracy (+50% PvM) - Deal +25% more magic & range damage in PvM
28890	Magma geyser titan pet	False	False	CURRENT_I_BIN	hover	CORE_COMBAT_BONUS_MENTION|SPECIAL_ATTACK|ACCURACY_MODIFIER|CONDITIONAL_OR_CONTEXTUAL|PET_EFFECT	attack_bonus	+2.5%|+5%|2X|3X|10%|30|12.5%|60	- Grants +2.5% ranged damage and +5% accuracy (Effect is 2X on non-special attack hits) (Effect is 3X in PvM, stacks with above) - Non special range attacks have a 10% chance to activate Steam Ward for 30 seconds which soaks damage by 12.5% (60 sec cooldown)
28891	Molten geyser titan pet	False	False	CURRENT_I_BIN	hover	CORE_COMBAT_BONUS_MENTION|SPECIAL_ATTACK|ACCURACY_MODIFIER|CONDITIONAL_OR_CONTEXTUAL|PET_EFFECT	attack_bonus	+7.5%|+7.5%|2X|3X|20%|60|12.5%|60	- Grants +7.5% melee & ranged damage with +7.5% accuracy (Effect is 2X on non-special attack hits) (Effect is 3X in PvM, stacks with above) - Non special range/melee attacks have a 20% chance to activate Steam Ward for 60 seconds which soaks damage by 12.5% (60 sec cooldown)
28910	Revenant relic	False	False	CURRENT_I_BIN	hover	CONDITIONAL_OR_CONTEXTUAL		+15%|+10%	Can be attached to a Fused slayer helmet to create a Revenant slayer helmet. Upgraded helmet provides +15% damage & +10% drop rate against all Revenants.
28912	PvP mystery chest	False	False	CURRENT_I_BIN	hover	CONDITIONAL_OR_CONTEXTUAL		5x|+5%	Opens for 5x reward rolls. Gives +5% better chances for Very rares than regular Pvp mystery boxes.
