sourceItemId	sourceName	targetItemId	targetName
4274	Black h'ween mask	1053	Green h'ween mask
4278	Blood money	995	Coins
6202	PvP mystery box	6200	Donator mystery box
6203	Primal mystery box	6201	Point mystery box
6204	Chaotic mystery box	6200	Donator mystery box
6205	Pet mystery box	6201	Point mystery box
6206	Fancy mystery box	6200	Donator mystery box
7634	Boxing gloves (blue)	7632	Boxing gloves (red)
11997	Pet tanzanite zulrah	11996	Pet magma zulrah
11998	Pet serpentine zulrah	11996	Pet magma zulrah
12421	Light infinity bottoms	6924	Infinity bottoms
12423	Light infinity top	6916	Infinity top
12457	Dark infinity hat	6918	Infinity hat
12458	Dark infinity top	6916	Infinity top
12459	Dark infinity bottoms	6924	Infinity bottoms
12644	Pet dagannoth prime	12643	Pet dagannoth supreme
12691	Tyrannical ring (i)	12603	Tyrannical ring
12692	Treasonous ring (i)	12605	Treasonous ring
12908	Anti-venom (4)	113	Strength potion(4)
12909	Anti-venom(3)	91	Guam potion(unf)
12910	Anti-venom(2)	117	Strength potion(2)
12911	Anti-venom(1)	119	Strength potion(1)
12912	Bounty cape	6570	Fire cape
12915	Blood cape	6570	Fire cape
13517	Soul hunter's gem	1601	Diamond
13922	Sanfew serum (4)	113	Strength potion(4)
13923	Sanfew serum (3)	91	Guam potion(unf)
13924	Sanfew serum (2)	117	Strength potion(2)
13925	Sanfew serum (1)	119	Strength potion(1)
14000	Snowman tonic	2028	Premade blurb' sp.
14001	Gold sheep tonic	2028	Premade blurb' sp.
14002	Gnome rider tonic	2028	Premade blurb' sp.
14003	Desert spirit tonic	2028	Premade blurb' sp.
14004	Guardian tonic	2028	Premade blurb' sp.
14005	Fireman tonic	2028	Premade blurb' sp.
14006	Vacation tonic	2028	Premade blurb' sp.
14007	Camel tonic	2028	Premade blurb' sp.
14008	Dracula tonic	2028	Premade blurb' sp.
14009	Spooky ghost tonic	2028	Premade blurb' sp.
14010	Confusion beast tonic	2028	Premade blurb' sp.
14011	Santa tonic	2028	Premade blurb' sp.
14012	Ice queen tonic	2028	Premade blurb' sp.
14013	Gorilla tonic	2028	Premade blurb' sp.
14014	Easter bunny tonic	2028	Premade blurb' sp.
14015	Rabbit tonic	2028	Premade blurb' sp.
14016	Nature spirit tonic	2028	Premade blurb' sp.
14101	Yell color scroll	14100	Yell tag scroll
14102	Title scroll	14100	Yell tag scroll
14323	Stamina potion (4)	113	Strength potion(4)
14325	Stamina potion(3)	91	Guam potion(unf)
14327	Stamina potion (2)	117	Strength potion(2)
14329	Stamina potion (1)	119	Strength potion(1)
14455	Elf hat	1050	Santa hat
14456	Black santa hat	1050	Santa hat
14457	Purple h'ween mask	1053	Green h'ween mask
14480	Herblore ingredient pack	14479	Training equipment
14481	Crafting supplies pack	14479	Training equipment
14482	Smithing pack	14479	Training equipment
14483	Logs and fletching pack	14479	Training equipment
14485	Cooking supplies pack	14479	Training equipment
14486	Beginner dragon claws	14484	Dragon claws
14487	Beginner AGS	11694	Armadyl godsword
14488	Skilling tool pack	14479	Training equipment
14489	Herblore herb pack	14479	Training equipment
14492	Fire element bolts	879	Opal bolts
14493	Fire element bolts	14492	Fire element bolts
14494	Fire element bolts	14492	Fire element bolts
14495	Fire element bolts	14492	Fire element bolts
14496	Fire element bolts	14492	Fire element bolts
14497	Ice element bolts	879	Opal bolts
14498	Ice element bolts	14497	Ice element bolts
14499	Ice element bolts	14497	Ice element bolts
14500	Ice element bolts	14497	Ice element bolts
14501	Ice element bolts	14497	Ice element bolts
14502	Earth element bolts	879	Opal bolts
14503	Earth element bolts	14502	Earth element bolts
14504	Earth element bolts	14502	Earth element bolts
14505	Earth element bolts	14502	Earth element bolts
14506	Earth element bolts	14502	Earth element bolts
14523	Mystery chest	8151	Mahogany chest
14600	Blood money	4278	Blood money
14601	Blood money	4278	Blood money
14602	Blood money	4278	Blood money
14603	Blood money	4278	Blood money
14604	Blood money	4278	Blood money
14605	Blood money	4278	Blood money
14606	Blood money	4278	Blood money
14607	Blood money	4278	Blood money
14608	Blood money	4278	Blood money
15004	Void alien pet	15000	Alien pet
15005	Charmed alien pet	15000	Alien pet
15034	Elemental javelin	13879	Morrigan's javelin
15242	Barrelchest cannon	15241	Hand cannon
15300	Special restore (4)	113	Strength potion(4)
15301	Special restore (3)	91	Guam potion(unf)
15302	Special restore (2)	117	Strength potion(2)
15303	Special restore (1)	119	Strength potion(1)
15551	Legendary Wings	15550	V.I.P Wings
15999	$100 Badge	1488	Paladin's badge
16001	$10.00 bond	16000	$5.00 bond
16002	$20.00 bond	16000	$5.00 bond
16003	$30.00 bond	16000	$5.00 bond
16004	$45.00 bond	16000	$5.00 bond
16005	$75.00 bond	16000	$5.00 bond
16006	$100.00 bond	16000	$5.00 bond
16007	$500.00 bond	16000	$5.00 bond
16100	Larran's loot scroll (u)	6798	Champion scroll
17000	Vesta's chainbody (broken)	13887	Vesta's chainbody
17001	Vesta's plateskirt (broken)	13893	Vesta's plateskirt
17002	Vesta's longsword (broken)	13899	Vesta's longsword
17003	Zuriel's robe top (broken)	13858	Zuriel's robe top
17004	Zuriel's robe bot (broken)	13861	Zuriel's robe bottom
17005	Zuriel's hood (broken)	13864	Zuriel's hood
17006	Statius's body (broken)	13884	Statius's platebody
17007	Statius's legs (broken)	13890	Statius's platelegs
17008	Statius's helm (broken)	13896	Statius's full helm
17009	Stat. warhammer (broken)	13902	Statius's warhammer
17010	Morrigan's body (broken)	13870	Morrigan's leather body
17011	Morrigan's chaps (broken)	13873	Morrigan's leather chaps
17012	Morrigan's coif (broken)	13876	Morrigan's coif
17013	Elite void top (broken)	13072	Elite void top
17014	Elite void top (broken)	13073	Elite void robe
19000	Blood wings	3789	Sam's angel wings
19022	Deep Wild III Scroll	291	Notes
19023	Pure IV Scroll	291	Notes
19042	Enchanted partyhat	1038	Red partyhat
19043	Enchanted h'ween mask	1053	Green h'ween mask
19051	Completionist cape	19050	Completionist cape
19205	Magic shortbow (i)	841	Shortbow
19305	Dark fishing bait	313	Fishing bait
19323	Amulet of eternal glory	1478	Amulet of accuracy
20065	Occult ornament kit	19549	Anguish ornament kit
20467	Vet'ion jr. (orange)	20466	Vet'ion jr. (purple)
20469	Skilling scroll	2677	Clue scroll
20470	Pking scroll	2677	Clue scroll
20471	Pk task reward (easy)	405	Casket
20472	Casket (skilling)	405	Casket
20478	Mysterious task bottle	20477	Task bottle (skill)
20479	Book of war	711	Book on chemicals
20480	Book of law	711	Book on chemicals
20481	Book of darkness	711	Book on chemicals
20504	Rift guardian (air)	20503	Rift guardian (fire)
20505	Rift guardian (mind)	20503	Rift guardian (fire)
20506	Rift guardian (water)	20503	Rift guardian (fire)
20507	Rift guardian (earth)	20503	Rift guardian (fire)
20508	Rift guardian (body)	20503	Rift guardian (fire)
20509	Rift guardian (cosmic)	20503	Rift guardian (fire)
20510	Rift guardian (chaos)	20503	Rift guardian (fire)
20511	Rift guardian (nature)	20503	Rift guardian (fire)
20512	Rift guardian (law)	20503	Rift guardian (fire)
20513	Rift guardian (death)	20503	Rift guardian (fire)
20514	Rift guardian (soul)	20503	Rift guardian (fire)
20515	Rift guardian (astral)	20503	Rift guardian (fire)
20516	Rift guardian (blood)	20503	Rift guardian (fire)
20523	Lava whip	4151	Abyssal whip
20524	Easter mystery box	13999	Epic pet mystery box
20529	Choccy tokens (old)	2209	Chocchip crunchies
20530	Pink partyhat	1038	Red partyhat
20531	Fortune genie pet	10586	Combat lamp
20532	Dragon defender (t)	12954	Dragon defender
20539	Charmed partyhat	1038	Red partyhat
20540	Lava partyhat	1038	Red partyhat
20541	Water partyhat	1038	Red partyhat
20542	White pet accessory	9040	Gold seal
20543	Red pet accessory	9040	Gold seal
20544	Green pet accessory	9040	Gold seal
20545	Blue pet accessory	9040	Gold seal
20546	Gold pet accessory	9040	Gold seal
20547	Korasi raffle ticket	5020	Minecart ticket
20548	Divine raffle ticket	5020	Minecart ticket
20551	Ethereal spirit shield	13740	Divine spirit shield
20558	Fused slayer helmet	20557	Purple slayer helmet
20571	Infernal stone	1601	Diamond
20574	Viper helmet	12933	Magma helm
20576	Crumbled summer gems	1633	Crushed gem
20577	Summer mystery box	13999	Epic pet mystery box
20578	Beach gloves (yellow)	7632	Boxing gloves (red)
20579	Beach gloves (purple)	7632	Boxing gloves (red)
20581	Beach flippers	6666	Flippers
20582	Beach spirit robe	6107	Ghostly robe
20583	Beach spirit robe	6108	Ghostly robe
20584	Tree spirit pet	6063	Spirit tree
20687	Frost dragon bones	20521	Lava dragon bones
20689	Frost whip	4151	Abyssal whip
20693	Ava's accumulator (t)	10498	Ava's attractor
20697	Zuriel's staff (broken)	20696	Zuriel's staff
20698	Ring of vigour (i)	19669	Ring of vigour
20699	Enchanted pet accessory	9040	Gold seal
20700	Vesta's spear (broken)	13905	Vesta's spear
20701	Pet fuse box	13999	Epic pet mystery box
20702	Red skeleton mask	9925	Skeleton mask
20703	Red skeleton shirt	9924	Skeleton shirt
20704	Red skeleton leggings	9923	Skeleton leggings
20705	Red skeleton gloves	9922	Skeleton gloves
20706	Red skeleton boots	9921	Skeleton boots
20707	Green skeleton mask	9925	Skeleton mask
20708	Green skeleton shirt	9924	Skeleton shirt
20709	Green skeleton leggings	9923	Skeleton leggings
20710	Green skeleton gloves	9922	Skeleton gloves
20711	Green skeleton boots	9921	Skeleton boots
20712	Blue skeleton mask	9925	Skeleton mask
20713	Blue skeleton shirt	9924	Skeleton shirt
20714	Blue skeleton leggings	9923	Skeleton leggings
20715	Blue skeleton gloves	9922	Skeleton gloves
20716	Blue skeleton boots	9921	Skeleton boots
20721	Shade genie pet	10586	Combat lamp
20722	H'ween mystery box	13999	Epic pet mystery box
20723	Kharazi spear (p++)	5016	Bone spear
20724	Kharazi cape	1052	Cape of legends
20726	Shadow wings	3789	Sam's angel wings
20727	Elder maul raffle ticket	5020	Minecart ticket
20728	Kodai wand raffle ticket	5020	Minecart ticket
20729	Ethereal torso	9097	Lunar torso
20730	Ethereal legs	9098	Lunar legs
20731	Blood chest	8151	Mahogany chest
20733	Mac daddy hat	20732	Pimp hat
20737	Winter santa hat	1050	Santa hat
20739	Festive scarf	9470	Gnome scarf
20743	Holiday mystery box	13999	Epic pet mystery box
20744	Guthix rest(4)	712	Cup of tea
20746	Guthix rest(3)	712	Cup of tea
20748	Guthix rest(2)	712	Cup of tea
20750	Guthix rest(1)	712	Cup of tea
20754	Feather headdress (charged)	20752	Feather headdress
20755	Feather headdress	20752	Feather headdress
20757	Feather headdress (charged)	20752	Feather headdress
20758	Feather headdress	20752	Feather headdress
20760	Feather headdress (charged)	20752	Feather headdress
20761	Feather headdress	20752	Feather headdress
20763	Feather headdress (charged)	20752	Feather headdress
20764	Feather headdress	20752	Feather headdress
20766	Feather headdress (charged)	20752	Feather headdress
20773	Ancient mace	11058	Mace
20774	Frozen scimitar	20772	Dragon scimitar (or)
20775	Grand ring	9104	Lunar ring
20783	Mystic coins (old)	995	Coins
20784	Mystic coins (old)	20783	Mystic coins (old)
20785	Mystic coins (old)	20783	Mystic coins (old)
20786	Mystic coins (old)	20783	Mystic coins (old)
20787	Mystic coins (old)	20783	Mystic coins (old)
20788	Mystic coins (old)	20783	Mystic coins (old)
20789	Mystic coins (old)	20783	Mystic coins (old)
20790	Mystic coins (old)	20783	Mystic coins (old)
20791	Mystic coins (old)	20783	Mystic coins (old)
20792	Mystic coins (old)	20783	Mystic coins (old)
20793	Mystic infinity hat	6918	Infinity hat
20794	Mystic infinity top	6916	Infinity top
20795	Mystic infinity bottoms	6924	Infinity bottoms
20796	Mystic tome	20690	Tome of frost
20797	Divine hawk pet	12186	Zamorak hawk
20798	Mystic casket	3849	Rusty casket
20799	Grandmaster wand	6914	Master wand
20800	Holy shard	4082	Salve shard
20801	Shard of balance	4082	Salve shard
20802	Unholy shard	4082	Salve shard
20805	Blood casket (1k)	20803	Coin casket (1b)
20807	Grand prize key	85	Shiny key
20808	Bloodlust scroll	6798	Champion scroll
20810	Ethereal kodai wand	20486	Kodai wand
20811	Lava key	85	Shiny key
20952	Ice melter	84	Staff of armadyl
20988	Surge spell scroll	291	Notes
20989	Goliath token	7478	Dragon token
20990	Swift token	7478	Dragon token
20991	Spellcaster token	7478	Dragon token
20992	Enchanted gloves	12860	Swordfish gloves
20993	Shilo village teletab	8013	Teleport to house
20994	Demon island teletab	8013	Teleport to house
20997	Kharazi sword	7806	Barrelchest sword
21001	Blood shaman robes	428	Priest gown
21002	Blood shaman top	426	Priest gown
21003	Blood shaman hood	20595	Elder chaos hood
21004	Nocturnal guardian pet	20776	Ancient guardian pet
21005	Ethereal elder maul	20485	Elder maul
21006	D. warhammer raffle ticket	5020	Minecart ticket
21007	Elemental staff raffle ticket	5020	Minecart ticket
21008	Ethereal shield	3122	Granite shield
21009	Ethereal cape	9101	Lunar cape
21011	Cursed platebody	20555	Obsidian platebody
21012	Cursed platelegs	20556	Obsidian platelegs
21014	Lava skin token	20569	Elemental skin token
21015	Frost skin token	20569	Elemental skin token
21018	Zamorak max cape	21016	Saradomin max cape
21019	Zamorak max hood	21017	Saradomin max hood
21020	Guthix max cape	21016	Saradomin max cape
21021	Guthix max hood	21017	Saradomin max hood
21022	Ava's max cape	21016	Saradomin max cape
21023	Ava's max hood	21017	Saradomin max hood
21025	Fire max hood	21017	Saradomin max hood
21027	Infernal max hood	21017	Saradomin max hood
21028	Ava's max cape (t)	21016	Saradomin max cape
21029	Ava's max hood (t)	21017	Saradomin max hood
21030	Max cape	21016	Saradomin max cape
21031	Max hood	21017	Saradomin max hood
21033	Staff of light	21032	Staff of light
21034	Staff of light	21032	Staff of light
21035	Staff of light	21032	Staff of light
21036	Lava relic	21013	Cursed relic
21037	Frost relic	21013	Cursed relic
21038	Lava slayer helmet	20557	Purple slayer helmet
21039	Frost slayer helmet	20557	Purple slayer helmet
21040	3rd age mystery box	13999	Epic pet mystery box
21041	Promo package I	11972	Empty crate
21059	Ethereal dragon warhammer	13576	Dragon warhammer
21060	Ethereal elemental staff	14490	Elemental staff
21061	Pink flippers	6666	Flippers
21062	Easter flippers	6666	Flippers
21063	Easter partyhat	1038	Red partyhat
21064	null	1038	Red partyhat
21065	Easter cracker	13423	Christmas cracker
21068	Easter pet accessory	9040	Gold seal
21069	Easter mystery chest	8151	Mahogany chest
21074	Bloodwyrm pet	20538	Wildywyrm pet
21075	Bloodmancer pendant	295	Glarial's amulet
21076	Ancient berserker pet	20742	Corrupt berserker pet
21078	PK Happytail wings	3789	Sam's angel wings
21079	PK Happytail wings	3789	Sam's angel wings
21080	PK Happytail wings	3789	Sam's angel wings
21081	PK Happytail wings	3789	Sam's angel wings
21082	PK Happytail wings	3789	Sam's angel wings
21084	Bloodwyrm scroll	291	Notes
21093	Infernal heart	21092	Twisted heart
21094	Imbued heart	21092	Twisted heart
21095	Enchanted heart	21092	Twisted heart
21096	Fused partyhat	1038	Red partyhat
21097	Chicken head	11015	Chicken head
21098	Crystal halberd	21091	New crystal halberd full
21102	Royal seed pod	9469	Grand seed pod
21106	Cursed void ornament kit	19549	Anguish ornament kit
21107	Cursed void top	13072	Elite void top
21108	Cursed void robe	13073	Elite void robe
21114	Armadyl coif	10374	Zamorak coif
21115	Bandos coif	10374	Zamorak coif
21117	Bandos d'hide boots	21111	Armadyl d'hide boots
21118	Bandos chaps	21112	Armadyl chaps
21120	Bandos bracers	10368	Zamorak bracers
21121	Ancient coif	10374	Zamorak coif
21123	Ancient d'hide boots	21111	Armadyl d'hide boots
21124	Ancient chaps	21112	Armadyl chaps
21126	Ancient bracers	10368	Zamorak bracers
21127	Enchanted boots	12710	Primordial Boots
21128	Dinh's raffle ticket	5020	Minecart ticket
21129	Toxic blowpipe raffle ticket	5020	Minecart ticket
21131	Ethereal gloves	12860	Swordfish gloves
21132	Crumbled summer gems	20580	Crumbled summer gems
21133	Summer partyhat	1038	Red partyhat
21134	Summer flippers	6666	Flippers
21135	Red flippers	6666	Flippers
21140	Blood berserker ring	15220	Berserker ring (i)
21142	Blood archer ring	15019	Archers' ring (i)
21146	Vorkath max cape	21016	Saradomin max cape
21147	Vorkath max hood	21017	Saradomin max hood
21149	Vorkath teleport	6798	Champion scroll
21150	Cursed helm (broken)	21010	Cursed helm
21151	Cursed platebody (broken)	20555	Obsidian platebody
21152	Cursed platelegs (broken)	20556	Obsidian platelegs
21153	Ring of vigour (i) (broken)	19669	Ring of vigour
21154	Amulet of torture (or) (broken)	19555	Amulet of torture (or)
21155	Necklace of anguish (or) (broken)	19548	Necklace of anguish (or)
21156	Occult necklace (or) (broken)	19720	Occult necklace (or)
21157	HG point lamp	2528	Lamp
21158	Golden Armadyl godsword	11694	Armadyl godsword
21159	Boost pack (5)	11972	Empty crate
21160	Shining elemental c'bow	14491	Elemental c'bow
21161	Shining elemental staff	14490	Elemental staff
21162	Kharazi dark bow	11235	Dark bow
21250	Cursed ancient staff	4675	Ancient staff
21251	LMS point lamp	2528	Lamp
21252	Larran's loot scroll	6798	Champion scroll
21253	Blood slayer beast pet	6637	Dark beast
21254	Onyx dragon bolts (e)	879	Opal bolts
21255	null	3815	null
21256	null	3816	null
21258	null	3818	null
21259	Blood impling jar	11238	Baby impling jar
21262	Cursed hat 2	21261	Cursed hat 1
21263	Cursed hat 3	21261	Cursed hat 1
21270	Bunnyman mask	27561	Pink bunnyman mask
21272	Demonic bunnyman mask	21270	Bunnyman mask
21272	Demonic bunnyman mask	27561	Pink bunnyman mask
21273	King easter dragon pet	7987	King black dragon pet
21277	Kharazi bolts	879	Opal bolts
21278	null	3815	null
21279	null	3816	null
21280	null	3817	null
21281	null	3818	null
21283	Spiritkou mask	20095	Ankou mask
21284	Spiritkou top	20098	Ankou top
21285	Spiritkou leggings	20104	Ankou's leggings
21287	null	3817	null
21557	Dragon defender (t) (broken)	12954	Dragon defender
21558	Enchanted gloves (broken)	12860	Swordfish gloves
21559	Enchanted boots (broken)	12710	Primordial Boots
21563	Summer package	11972	Empty crate
21564	Viridescent tekton pet	21070	Tekton pet
21573	Avernic defender (broken)	21571	Avernic defender
21574	Grand ring (i)	9104	Lunar ring
21575	Lava tentacle	12006	Abyssal tentacle
21576	Frost tentacle	12006	Abyssal tentacle
21577	Ethereal toxic blowpipe	12926	Toxic blowpipe
21578	Ethereal dinh's bulwark	20468	Dinh's bulwark
21580	Bracelet of ethereum	11067	null
21581	Bracelet of ethereum (u)	11067	null
21601	Archaic wyrm pet	20538	Wildywyrm pet
21602	Skotizo chainmace	21585	Viggora's chainmace
21603	Skotizo bow	21583	Craw's bow
21604	Skotizo sceptre	21587	Thammaron's sceptre
21605	Promo package III	11972	Empty crate
21620	Obsidian decorative bench	21616	Marble decorative bench
21622	Zulrah topiary bush	21621	Kraken topiary bush
21623	Kalphite queen bush	21621	Kraken topiary bush
21624	Gilded burners	8075	Marble burners
21625	Gilded repair bench	8389	Repair bench
21627	Dark orrery	8347	Large orrery
21628	Heraldic salvage	8951	Pieces of eight
21629	Enchanted banner	8672	Money banner
21630	Enchanted heraldic shield	8736	Money kiteshield
21631	Bounty teleport tablet	8013	Teleport to house
21633	Sam's angel wings	3789	Sam's angel wings
21634	PK Happytail wings	3789	Sam's angel wings
21642	Victor's cape	21641	Victor's cape
21643	Victor's cape 1 (lms)	21641	Victor's cape
21644	Victor's cape 2 (lms)	21641	Victor's cape
21647	Hefty crate	7630	Crate
21648	Gilded anchor	10887	Barrelchest anchor
21649	Void helmet upgrade kit	19549	Anguish ornament kit
21660	Relic of blood theatre	21013	Cursed relic
21661	Sanguinesti staff (e)	21570	Sanguinesti staff
21662	Ghrazi blood rapier	21565	Ghrazi rapier
21670	Boxing gloves (blood)	7632	Boxing gloves (red)
21671	Boxing gloves (shadow)	7632	Boxing gloves (red)
21672	Blood sled	20738	Frozen sled
21673	Blood flippers	6666	Flippers
21674	Dark blood cape	6570	Fire cape
21675	Shadow cape	6570	Fire cape
21677	Blood halo	19433	Zamorak halo
21678	Charmed halo	19433	Zamorak halo
21679	Infernal halo	19433	Zamorak halo
21680	Shadow sled	20738	Frozen sled
21681	Shadow flippers	6666	Flippers
21682	Charmed sled	20738	Frozen sled
21683	Charmed flippers	6666	Flippers
21684	Blood halo (broken)	19433	Zamorak halo
21685	Charmed halo (broken)	19433	Zamorak halo
21686	Infernal halo (broken)	19433	Zamorak halo
21689	H'ween token (old)	20995	Kharazi token
21690	H'ween mystery chest	8151	Mahogany chest
21691	H'ween package	11972	Empty crate
21699	Grim h'ween mask	1053	Green h'ween mask
21700	Grim partyhat	1038	Red partyhat
21701	Phantom scythe	1419	Scythe
21702	Holy alien pet	15000	Alien pet
21703	Amulet of avarice (i)	21588	Amulet of avarice
21706	Dark ankou mask	20095	Ankou mask
21707	Dark ankou top	20098	Ankou top
21708	Dark ankou leggings	20104	Ankou's leggings
21709	Grand champion cape	21705	Champion cape
21713	Arcane demon pet	8138	Demon
21714	Blood slayer gloves	12860	Swordfish gloves
21715	Blood slayer ring	19669	Ring of vigour
21721	Blood slayer staff	20696	Zuriel's staff
21722	Blood slayer spear	13905	Vesta's spear
21725	Blood slayer accumulator	10498	Ava's attractor
21726	null	21676	Mystery ticket
21727	Golden tourney ticket	5020	Minecart ticket
21728	Golden crown	21704	Champion crown
21729	Blood relic	21013	Cursed relic
21730	Blood slayer helm (broken)	21724	Blood slayer helmet
21731	Blood slayer gem	1601	Diamond
21732	Referral box	13999	Epic pet mystery box
21733	Bloodlust scroll (refer)	6798	Champion scroll
21734	Berserk phoenix pet	20692	Celestial phoenix pet
21735	Vial breaking scroll	291	Notes
21738	Earth slayer helmet	20557	Purple slayer helmet
21739	Earth relic	21013	Cursed relic
21760	Shield fuse scroll	6798	Champion scroll
21762	Ancestral hat (dyed)	20474	Ancestral hat
21763	Ancestral robe top (dyed)	20475	Ancestral robe top
21764	Ancestral robe bottom (dyed)	20476	Ancestral robe bottom
21765	Justiciar chestguard (dyed)	21568	Justiciar chestguard
21766	Justiciar legguards (dyed)	21569	Justiciar legguards
21767	Ancient ward	21086	Ancient wyvern shield
21768	Snow graahk legs	10047	Graahk legs
21769	Snow graahk top	10049	Graahk top
21770	Snow graahk headdress	10051	Graahk headdress
21771	Santa ele' shirt	10400	Black ele' shirt
21774	Carriable xmas crate	8871	Crate with zanik
21775	Jolly cane	20741	Candy cane
21776	Christmas whip	4151	Abyssal whip
21777	Christmas scarf	9470	Gnome scarf
21778	Festive h'ween mask	1053	Green h'ween mask
21779	Festive partyhat	1038	Red partyhat
21780	Jolly banner	8672	Money banner
21781	Jolly halo	19433	Zamorak halo
21782	Winter demon mask	20032	Jungle demon mask
21783	Christmas lantern	21276	Jungle totem lantern
21784	Jolly scarf	9470	Gnome scarf
21785	Jack frost's hat	13101	Top hat
21786	Speckled santa hat	1050	Santa hat
21800	Speckled sled	20738	Frozen sled
21801	Jolly penguin pet	12188	Penguin
21802	Winter penguin pet	12188	Penguin
21803	Festive penguin pet	12188	Penguin
21807	Bloodier key	21806	Bloody key
21808	Winter shards	10506	Old winter shards
21812	Sorcerer's hood	21809	Sorcerer's hood
21813	Sorcerer's robe top	21810	Sorcerer's robe top
21814	Sorcerer's robe bottoms	21811	Sorcerer's robe bottoms
21815	Sorcerer's hood	21809	Sorcerer's hood
21816	Sorcerer's robe top	21810	Sorcerer's robe top
21817	Sorcerer's robe bottoms	21811	Sorcerer's robe bottoms
21818	Frosty twisted branch	771	Dramen branch
21819	Frosty twisted bow	20483	Twisted bow
21820	Winter 2019 casket	3849	Rusty casket
21822	Ban hammer	7449	Meat tenderiser
21823	Cursed fighter hat	10548	Fighter hat
21824	Cursed fighter torso	10551	Fighter torso
21825	Cursed fighter hat (broken)	10548	Fighter hat
21826	Cursed fighter torso (broken)	10551	Fighter torso
21827	Larran's teleport tablet	8013	Teleport to house
21828	Dark buttspear	20725	Sunspear
21831	Ags special scroll	14100	Yell tag scroll
21832	Bgs special scroll	14100	Yell tag scroll
21833	Dragon warhammer (or)	13576	Dragon warhammer
21834	Cursed emblem	12746	Mysterious emblem
21835	Cursed emblem (tier 2)	12748	Mysterious emblem (tier 2)
21836	Cursed emblem (tier 3)	12749	Mysterious emblem (tier 3)
21837	Cursed emblem (tier 4)	12750	Mysterious emblem (tier 4)
21838	Cursed emblem (tier 5)	12751	Mysterious emblem (tier 5)
21839	Cursed emblem (tier 6)	12752	Mysterious emblem (tier 6)
21840	Cursed emblem (tier 7)	12753	Mysterious emblem (tier 7)
21841	Cursed emblem (tier 8)	12754	Mysterious emblem (tier 8)
21842	Cursed emblem (tier 9)	12755	Mysterious emblem (tier 9)
21843	Cursed emblem (tier 10)	12756	Mysterious emblem (tier 10)
21857	Bounty assembler upgrade	14100	Yell tag scroll
21858	Bounty god cape upgrade	14100	Yell tag scroll
21859	Bounty infernal upgrade	14100	Yell tag scroll
21860	Cursed kharazi ornament kit	19549	Anguish ornament kit
21861	Cursed kharazi body	10954	Kharazi leatherbody
21862	Cursed kharazi chaps	10956	Kharazi chaps
21863	Infernal skin token	20569	Elemental skin token
21864	Easter guardian pet	20776	Ancient guardian pet
21865	Bounty guardian pet	20776	Ancient guardian pet
21868	Dark korasi's sword	15135	Korasi's sword
21869	Korasi ornament kit	19549	Anguish ornament kit
21870	Brimstone ornament kit	19549	Anguish ornament kit
21872	Xerician pendant	19553	Amulet of torture
21873	Book of verzik	711	Book on chemicals
21874	Bounty completionist upgrade	14100	Yell tag scroll
21877	Justiciar faceguard (dyed)	21567	Justiciar faceguard
21880	Easter dye 2020	21761	Barrows dye
21881	Obsidian cape (pink)	20736	Obsidian cape (r)
21882	Obsidian cape (blue)	20736	Obsidian cape (r)
21897	Chocokebbit pet	11026	Chocolate kebbit
21899	Easter parrot	21773	Jolly parrot
21901	Blue eye patch	21900	Pink eye patch
21904	Easter pirate boots	7114	Pirate boots
21906	Easter naval shirt	8952	Blue naval shirt
21907	Easter tricorn hat	8959	Blue tricorn hat
21908	Blue kite	12844	Toy kite
21909	Pink kite	12844	Toy kite
21910	Chocolate bunny pet	21066	Baby easter bunny pet
21911	Blue bunny tonic	2028	Premade blurb' sp.
21912	Pink bunny tonic	2028	Premade blurb' sp.
21915	Easter dragon pet	20996	Jungle dragon pet
21916	Choccy token (old)	20995	Kharazi token
21917	Rubber chicken (corona)	4566	Rubber chicken
21919	Pink snelm	3337	Myre snelm
21920	Hazmat top	284	Plague jacket
21921	Hazmat bottoms	285	Plague trousers
21922	Hazmat mask	1506	Gas mask
21923	Easter treasure casket	405	Casket
21924	Easter treasure chest	8151	Mahogany chest
21925	Vesta's chainbody (easter)	13887	Vesta's chainbody
21926	Vesta's plateskirt (easter)	13893	Vesta's plateskirt
21927	Statius's platebody (easter)	13884	Statius's platebody
21928	Statius's platelegs (easter)	13890	Statius's platelegs
21929	Statius's full helm (easter)	13896	Statius's full helm
21930	Zuriel's robe top (easter)	13858	Zuriel's robe top
21931	Zuriel's robe bottom (easter)	13861	Zuriel's robe bottom
21932	Zuriel's hood (easter)	13864	Zuriel's hood
21933	Morrigan's leather body (easter)	13870	Morrigan's leather body
21934	Morrigan's leather chaps (easter)	13873	Morrigan's leather chaps
21935	Morrigan's coif (easter)	13876	Morrigan's coif
21938	Easter zaryte bow	14990	Zaryte bow
21939	Easter elemental sigil	771	Dramen branch
21940	Easter halo	19433	Zamorak halo
21943	Stylish wings	3789	Sam's angel wings
21945	Easter ele c'bow	14491	Elemental c'bow
21946	Easter 2020 casket	3849	Rusty casket
21948	Green handegg	21947	Blue handegg
21949	Red handegg	21947	Blue handegg
21956	Easter icon	10557	Collector icon
21957	Wild artifact (deep wild)	9034	Wild artifact (gold)
21958	Elderblood ring (i)	12605	Treasonous ring
21959	Enchanted gloves (i)	12860	Swordfish gloves
21960	Enchanted boots (i)	12710	Primordial Boots
21961	Enchanted gloves (i) (broken)	12860	Swordfish gloves
21962	Enchanted boots (i) (broken)	12710	Primordial Boots
21963	Grand comp. cape (range)	19050	Completionist cape
21964	Grand comp. cape (magic)	19050	Completionist cape
22001	Lunar demon pet	21805	Winter demon pet
22002	Solar demon pet	21805	Winter demon pet
22003	Ultimate justiciar faceguard	21845	Inquisitor faceguard
22004	Ultimate justiciar chestguard	21846	Inquisitor chestguard
22005	Ultimate justiciar legguards	21847	Inquisitor legguards
22007	Ring of venenatis	22006	Ring of callisto
22008	Ring of scorpia	22006	Ring of callisto
22012	Lava key tooth half	985	Tooth half of a key
22013	Lava key loop half	987	Loop half of a key
22014	Solar mask	20549	Ethereal mask
22015	Lunar mask	20549	Ethereal mask
22016	Behallowed saradomin sword	20567	Saradomin's blessed sword
22017	Solar dark bow	11235	Dark bow
22019	Lunarlight	22018	Solarlight
22020	Mystic hat (lunar)	4089	Mystic hat
22021	Mystic robe top (lunar)	4091	Mystic robe top
22022	Mystic robe bottom (lunar)	4093	Mystic robe bottom
22027	Lunar kite	12844	Toy kite
22028	Solar kite	12844	Toy kite
22029	Solar icon	10557	Collector icon
22030	Lunar icon	10557	Collector icon
22031	Solar parrot	21773	Jolly parrot
22032	Lunar parrot	21773	Jolly parrot
22034	Bond casket	3849	Rusty casket
22035	Bond casket key	85	Shiny key
22040	Soul hunter crown	21704	Champion crown
22041	Beginner Vesta's chainbody	13887	Vesta's chainbody
22042	Beginner Vesta's plateskirt	13893	Vesta's plateskirt
22043	Beginner Zuriel's top	13858	Zuriel's robe top
22044	Beginner Zuriel's bottoms	13861	Zuriel's robe bottom
22045	Beginner Morrigan's body	13870	Morrigan's leather body
22046	Beginner Morrigan's chaps	13873	Morrigan's leather chaps
22047	Vesta's chainbody (broken)	13887	Vesta's chainbody
22048	Vesta's plateskirt (broken)	13893	Vesta's plateskirt
22049	Zuriel's robe top (broken)	13858	Zuriel's robe top
22050	Zuriel's robe bot (broken)	13861	Zuriel's robe bottom
22051	Morrigan's body (broken)	13870	Morrigan's leather body
22052	Morrigan's chaps (broken)	13873	Morrigan's leather chaps
22053	White flippers	6666	Flippers
22054	Tan flippers	6666	Flippers
22057	Gem upgrade scroll	14100	Yell tag scroll
22058	Moneymaking upgrade scroll	14100	Yell tag scroll
22059	Soul hunter cape	1052	Cape of legends
22061	Crumbled Summer gems	1633	Crushed gem
22063	Summer battle tokens	7478	Dragon token
22064	Upgrade potion	113	Strength potion(4)
22067	Summer 2020 casket	3849	Rusty casket
22070	Summer treasure casket	405	Casket
22071	Summer treasure chest	8151	Mahogany chest
22072	Super-soaker	20400	Event rpg
22073	Lunar phoenix pet	20692	Celestial phoenix pet
22074	Solar berserker pet	20742	Corrupt berserker pet
22075	Mega-soaker	20400	Event rpg
22076	Rare event box	13999	Epic pet mystery box
22083	Nightmare staff (terror)	21851	Nightmare staff (eldritch)
22084	Orb of terror	21854	Eldritch orb
22085	Beginner casket	405	Casket
22086	Nightmare unlock scroll	14100	Yell tag scroll
22089	Gilded fairy mini-pet	22088	Lucky fairy mini-pet
22090	Grand crest (u)	20771	Grand crest
22091	Luck scroll	6798	Champion scroll
22092	Raids scroll	6798	Champion scroll
22093	Skotizo scroll	6798	Champion scroll
22094	Mythic hide body	7370	D'hide body(g)
22096	Mythic robe top	12873	Battle robe top 100
22097	Mythic robe bottoms	12880	Battle robe bottom 100
22098	Mythic token	7478	Dragon token
22099	Treasure chest (u)	8151	Mahogany chest
22100	Blood theatre casket	8151	Mahogany chest
22101	Coin banking perk	14100	Yell tag scroll
22102	Bound looting bag	20691	Looting bag
22111	Blood amulet of fury (or)	19335	Amulet of fury (or)
22112	Dark brimstone ring (i)	21871	Dark brimstone ring
22113	Dragon hunter crossbow (i)	20572	Dragon hunter crossbow
22116	Ava's assembler (i)	21148	Ava's assembler
22118	Chaos cloak	20473	Wilderness cloak
22120	Bloodfire shield	11284	Dragonfire shield
22121	Swift blade (t)	21645	Swift blade
22122	Champion wings	3789	Sam's angel wings
22123	Grand champion wings	3789	Sam's angel wings
22124	Champion parrot	21773	Jolly parrot
22125	Grand champion parrot	21773	Jolly parrot
22127	Blunt dragon arrow pack (500)	14479	Training equipment
22128	Champion icon	10557	Collector icon
22129	Grand champion icon	10557	Collector icon
22130	Tevins partyhat	1038	Red partyhat
22131	Admin partyhat	1038	Red partyhat
22132	Owner partyhat	1038	Red partyhat
22133	Wealthy partyhat	1038	Red partyhat
22137	Cursed dagon'hai hat	22105	Crestbearer hat
22138	Cursed dagon'hai robe bottom	22107	Crestbearer robe bottom
22139	Mystic bounty cape	6570	Fire cape
22140	Halloween dye 2020	21761	Barrows dye
22141	Inquisitor faceguard (dyed)	21845	Inquisitor faceguard
22142	Inquisitor chestguard (dyed)	21846	Inquisitor chestguard
22143	Inquisitor legguards (dyed)	21847	Inquisitor legguards
22144	Haunted zaryte branch	771	Dramen branch
22145	Haunted zaryte bow	14990	Zaryte bow
22146	Demonic bandos chestplate	11724	Bandos chestplate
22147	Demonic bandos tassets	11726	Bandos tassets
22148	H'ween 2020 casket	3849	Rusty casket
22152	Seasonal drop boost scroll	6798	Champion scroll
22153	Seasonal drop doubler scroll	6798	Champion scroll
22154	Seasonal hotspot scroll	6798	Champion scroll
22155	Seasonal blood rev scroll	6798	Champion scroll
22156	Haunted fairy pet	21088	Tectonic fairy pet
22157	Cursed vesta's longsword	13899	Vesta's longsword
22158	Cursed statius' warhammer	13902	Statius's warhammer
22160	Cursed demon pet	8138	Demon
22162	Spooky halo	19433	Zamorak halo
22164	Dwarf remains	22163	Dwarf remains
22165	Dwarf remains	22163	Dwarf remains
22166	Dwarf remains	22163	Dwarf remains
22167	Orange ankou mask	20095	Ankou mask
22168	Orange ankou top	20098	Ankou top
22169	Orange ankou's leggings	20104	Ankou's leggings
22170	Orange partyhat	1038	Red partyhat
22171	Wise old ghost tonic	2028	Premade blurb' sp.
22172	Blood ghost tonic	2028	Premade blurb' sp.
22173	Grim reaper tonic	2028	Premade blurb' sp.
22174	Spooky skeleton tonic	2028	Premade blurb' sp.
22179	Boxing gloves (infernal)	7632	Boxing gloves (red)
22180	Infernal sled	20738	Frozen sled
22181	Infernal flippers	6666	Flippers
22182	Minipet mystery box	13999	Epic pet mystery box
22183	Dark blood lantern	21276	Jungle totem lantern
22184	Shadow lantern	21276	Jungle totem lantern
22185	Charmed lantern	21276	Jungle totem lantern
22199	Black skull mask	22192	Skull mask
22218	Swift bow	22217	Rain bow
22220	Slaughter cape	22219	Cape of skulls
22233	Parrot	21773	Jolly parrot
22245	Barbarian battleaxe	5056	Dwarven battleaxe
22250	Cursed's 3rd-age kiteshield	10352	3rd age kiteshield
22255	Ghostly parrot	21773	Jolly parrot
22256	H'ween token (old)	20995	Kharazi token
22259	H'ween icon	10557	Collector icon
22260	Grand promo package (event)	21665	Grand promo package
22261	Promo package III (event)	11972	Empty crate
22262	Ancestral hat (dyed)	20474	Ancestral hat
22263	Ancestral robe top (dyed)	20475	Ancestral robe top
22264	Ancestral robe bottom (dyed)	20476	Ancestral robe bottom
22265	Charmed ancestral dye	21761	Barrows dye
22270	Glacial beast legs	10041	Larupia legs
22273	Glacial partyhat	1038	Red partyhat
22274	Glacial santa hat	1050	Santa hat
22275	Glacial icon	10557	Collector icon
22276	Glacial parrot	21773	Jolly parrot
22277	Santa pirate boots	7114	Pirate boots
22278	Santa pirate shirt	21902	Easter pirate shirt
22279	Santa pirate leggings	21905	Easter pirate leggings
22280	Santa pirate hat	21883	Easter pirate hat
22282	Winter dye 2020	21761	Barrows dye
22285	Frosty spirit shield	13736	Blessed spirit shield
22286	Ava's assembler (i) (dyed)	21148	Ava's assembler
22287	Enchanted gloves (i) (dyed)	12860	Swordfish gloves
22288	Enchanted boots (i) (dyed)	12710	Primordial Boots
22289	Enchanted gloves (i) (broken)	12860	Swordfish gloves
22290	Enchanted boots (i) (broken)	12710	Primordial Boots
22293	Polypore staff	21944	Stylish staff
22359	Goliath gloves (white)	22358	Goliath gloves (black)
22360	Goliath gloves (yellow)	22358	Goliath gloves (black)
22361	Goliath gloves (red)	22358	Goliath gloves (black)
22363	Swift gloves (white)	22362	Swift gloves (black)
22364	Swift gloves (yellow)	22362	Swift gloves (black)
22365	Swift gloves (red)	22362	Swift gloves (black)
22367	Spellcaster gloves (white)	22366	Spellcaster gloves (black)
22368	Spellcaster gloves (yellow)	22366	Spellcaster gloves (black)
22369	Spellcaster gloves (red)	22366	Spellcaster gloves (black)
22450	Frozen armadyl helmet	11718	Armadyl helmet
22451	Frozen armadyl chestplate	11720	Armadyl chestplate
22452	Frozen armadyl plateskirt	11722	Armadyl plateskirt
22453	Winter token (old)	20995	Kharazi token
22454	Holiday cake (event boost)	21821	Holiday cake
22455	Chocolate snowpipe (t1)	12926	Toxic blowpipe
22456	Chocolate snowpipe (t2)	12926	Toxic blowpipe
22457	Chocolate snowpipe (t3)	12926	Toxic blowpipe
22459	Swifty imp box	22458	Looty imp box
22460	Regular imp box	22458	Looty imp box
22461	Frosty imp box	22458	Looty imp box
22463	Frozen fur	948	Bear fur
22464	Winter event coin	22257	H'ween event coin
22485	Blue santa hat	1050	Santa hat
22486	Pink santa hat	1050	Santa hat
22487	Chocolate santa hat	1050	Santa hat
22488	Pink pimp hat	20732	Pimp hat
22489	Blue pimp hat	20732	Pimp hat
22490	Golden bunny pet	21066	Baby easter bunny pet
22494	Magic easter wand	6908	Beginner wand
22495	Raiden hawk pet	12186	Zamorak hawk
22496	Raiden's ban hammer	7449	Meat tenderiser
22497	Toy dark bow	11235	Dark bow
22498	Toy dragon claws	14484	Dragon claws
22499	Toy armadyl godsword	11694	Armadyl godsword
22500	Toy surge staff	84	Staff of armadyl
22501	Toy barrage staff	84	Staff of armadyl
22502	Toy teleblock staff	84	Staff of armadyl
22503	Toy veng staff	84	Staff of armadyl
22504	Easter Dharok's helm	4716	Dharok's helm
22505	Easter Dharok's greataxe	4718	Dharok's greataxe
22506	Easter Dharok's platebody	4720	Dharok's platebody
22507	Easter Dharok's platelegs	4722	Dharok's platelegs
22508	Blue chef's hat	1949	Chef's hat
22509	Pink chef's hat	1949	Chef's hat
22510	Blue apron	1005	White apron
22511	Pink apron	1005	White apron
22512	Blue gnome scarf	9470	Gnome scarf
22513	Pink gnome scarf	9470	Gnome scarf
22514	Tektonic platebody (dyed)	20555	Obsidian platebody
22515	Tektonic platelegs (dyed)	20682	Completionist legs 2
22517	Easter dye 2021	21761	Barrows dye
22520	Explosive eggs (Tier 1)	10879	Red satchel
22521	Explosive eggs (Tier 2)	10879	Red satchel
22522	Explosive eggs (Tier 3)	10879	Red satchel
22524	Spring token (2021)	20995	Kharazi token
22525	Gilded egg (2022)	21950	Easter egg (treasure)
22526	Spring elixir (old)	731	Enchanted vial
22527	Spring event coin	22257	H'ween event coin
22528	Spring event skin token	20569	Elemental skin token
22529	Blood looting bag	20691	Looting bag
22530	Blood looting bag	22103	Bound looting bag
22777	Winter bobble hat	6856	Bobble hat
22778	Winter bobble scarf	6857	Bobble scarf
22779	Winter jester hat	6858	Jester hat
22780	Winter jester scarf	6859	Jester scarf
22781	Jolly jester hat	6860	Tri-jester hat
22782	Jolly jester scarf	6861	Tri-jester scarf
22784	Jolly wool scarf	6863	Woolly scarf
22786	Stylish winter hat	20732	Pimp hat
22787	Winter deer hat	10507	Reindeer hat
22788	Winter imp pet	9952	Imp
22789	Jolly sled	20738	Frozen sled
22790	Jolly partyhat	1038	Red partyhat
22791	Jolly santa hat	1050	Santa hat
22793	Dragon snowman pet	11956	Dragon snowman hat
22795	Pirate snowman pet	11958	Pirate snowman hat
22796	Tophat snowman pet	22281	Evil snowman pet
22798	Santa tonic	2028	Premade blurb' sp.
22799	Winter flippers	6666	Flippers
22800	Jolly flippers	6666	Flippers
22801	Winter kite	12844	Toy kite
22803	Winter santa jacket	17101	Santa jacket
22804	Winter santa pantaloons	17102	Santa pantaloons
22805	Jolly santa jacket	17101	Santa jacket
22806	Jolly santa pantaloons	17102	Santa pantaloons
22807	Old winter shards	10506	Old winter shards
22808	TzFrozt-Jad pet	21867	Warmaster Jad pet
22810	Winter partyhat	1038	Red partyhat
22813	Mythic cape	21083	Sponsor cape
22815	Dragonstone dragon bolts (e)	879	Opal bolts
22816	null	3815	null
22817	null	3816	null
22818	null	3817	null
22819	null	3818	null
22820	Amethyst arrow	11217	Dragon fire arrows
22821	Amethyst arrow	22820	Amethyst arrow
22822	Amethyst arrow	22820	Amethyst arrow
22823	Amethyst arrow	22820	Amethyst arrow
22824	Amethyst arrow	22820	Amethyst arrow
22827	Dragon hunter lance	22114	Dragon hunter lance (i)
22828	Brimstone ring	21871	Dark brimstone ring
22832	Mythic helm	21010	Cursed helm
22833	Mythic platebody	20555	Obsidian platebody
22834	Mythic platelegs	20556	Obsidian platelegs
22835	Mythic helm (broken)	21010	Cursed helm
22836	Mythic platebody (broken)	20555	Obsidian platebody
22837	Mythic platelegs (broken)	20556	Obsidian platelegs
22838	Mythic armor kit	19549	Anguish ornament kit
22839	Cursed void top (broken)	13072	Elite void top
22840	Cursed void robe (broken)	13073	Elite void robe
22843	Bloodcore token	20995	Kharazi token
22844	Mystic hat (dusk)	4089	Mystic hat
22845	Mystic robe top (dusk)	4091	Mystic robe top
22846	Mystic robe bottom (dusk)	4093	Mystic robe bottom
22850	Mystic fire shard	4082	Salve shard
22851	Mystic frost shard	4082	Salve shard
22852	Tome of fire (i)	20449	Tome of fire
22853	Tome of frost (i)	20690	Tome of frost
22854	(Filler) Bryophyta's staff	20550	Ethereal staff
22860	Shadow skin token	20569	Elemental skin token
22861	Angelic skin token	20569	Elemental skin token
22862	Infernal blood dye	21013	Cursed relic
22864	Raid armor dye (blood)	21013	Cursed relic
22865	Raid weapon dye (blood)	21013	Cursed relic
22866	Nex armor dye (blood)	21013	Cursed relic
22867	Doppelganger dye	21013	Cursed relic
22869	Blood dragon mini-pet	20996	Jungle dragon pet
22870	King blood dragon mini-pet	7987	King black dragon pet
22871	Mystic dragon pet	20996	Jungle dragon pet
22872	Cursed upgrade scroll	291	Notes
22873	Ring of greed	19024	Blood ring
22874	Ring of enchanting	19024	Blood ring
22875	Grand ring (e)	9104	Lunar ring
22876	Treasure casket	405	Casket
22877	Treasure chest	8151	Mahogany chest
22878	Dark serpentine helmet	12933	Magma helm
22880	Thief's scroll	6798	Champion scroll
22881	Enchanted boots (i) (broken)	27287	Enchanted boots (i) (dyed)
22882	Enchanted gloves (i) (broken)	27288	Enchanted gloves (i) (dyed)
22884	Cursed skin token	20569	Elemental skin token
22885	Bounty max cape	21024	Fire max cape
22886	Bounty max hood	21017	Saradomin max hood
22888	Ancient crossbow	4734	Karil's crossbow
22890	Blood mutagen	22879	Dark mutagen
22891	Blood serpentine helmet	12933	Magma helm
22894	Hosidius hood	22893	Arceuus hood
22895	Lovakengj hood	22893	Arceuus hood
22896	Piscarilius hood	22893	Arceuus hood
22897	Shayzien hood	22893	Arceuus hood
22898	Monk's robe top (g)	7390	Wizard robe (g)
22899	Monk's robe (g)	7386	Blue skirt (g)
22911	Gnome child tonic	2028	Premade blurb' sp.
22912	Golden chef's hat	1949	Chef's hat
22913	Wooden shield (g)	1171	Wooden shield
22914	Wizard top (t)	7390	Wizard robe (g)
22915	Wizard skirt (t)	7386	Blue skirt (g)
22916	Wizard hat (t)	7394	Wizard hat (g)
22917	White wizard top (t)	7390	Wizard robe (g)
22918	White wizard skirt (t)	7386	Blue skirt (g)
22919	White wizard hat (t)	7394	Wizard hat (g)
22920	Zamorak robe (t)	7390	Wizard robe (g)
22921	Zamorak robe (t)	7386	Blue skirt (g)
22922	Zamorak robe (g)	7390	Wizard robe (g)
22923	Zamorak robe (g)	7386	Blue skirt (g)
22924	Blood sabre	11037	Brine sabre
22925	Unholy book (g)	711	Book on chemicals
22926	Holy book (g)	711	Book on chemicals
22927	Book of balance (g)	711	Book on chemicals
22928	Amulet of the damned (t)	21101	Amulet of the damned
22929	Book of war (g)	711	Book on chemicals
22930	Book of law (g)	711	Book on chemicals
22931	Book of darkness (g)	711	Book on chemicals
22933	Enchanted pure hood	22893	Arceuus hood
22934	Enchanted main hood	22893	Arceuus hood
22935	Enchanted book	711	Book on chemicals
22936	Tektonic platebody	20555	Obsidian platebody
22937	Tektonic platelegs	20682	Completionist legs 2
22938	Tektonic full helm	22516	Tektonic full helm (dyed)
22939	Sanfew serum flask (6)	20559	Super combat flask (6)
22941	Sanfew serum flask (5)	20560	Super combat flask (5)
22942	Sanfew serum flask (4)	20561	Super combat flask (4)
22943	Sanfew serum flask (3)	20562	Super combat flask (3)
22944	Sanfew serum flask (2)	20563	Super combat flask (2)
22945	Sanfew serum flask (1)	20564	Super combat flask (1)
22947	Ancient hydra pet	22842	Blood hydra pet
22949	Elderblood ring	12605	Treasonous ring
22951	Dragon platebody (or)	20555	Obsidian platebody
22952	Dragon platelegs (or)	20682	Completionist legs 2
22953	Dragon full helm (or)	22516	Tektonic full helm (dyed)
22954	Terrier puppy mini-pet	12191	null
22955	Greyhound puppy mini-pet	12192	null
22956	Labrador puppy mini-pet	12193	null
22957	Dalmatian puppy mini-pet	12194	null
22958	Sheepdog puppy mini-pet	12195	null
22959	Bulldog puppy mini-pet	12196	null
22962	Olmlet pet	22519	Ultimate olmlet pet
22963	Relic of xeric	21013	Cursed relic
22964	Mystic jad pet	21867	Warmaster Jad pet
22967	Graceful top	22966	Graceful top (purple)
22968	Graceful top (gold)	22966	Graceful top (purple)
22969	Graceful top (red)	22966	Graceful top (purple)
22970	Graceful top (green)	22966	Graceful top (purple)
22971	Graceful top	22966	Graceful top (purple)
22973	Graceful legs	22972	Graceful legs (purple)
22974	Graceful legs (gold)	22972	Graceful legs (purple)
22975	Graceful legs (red)	22972	Graceful legs (purple)
22976	Graceful legs (green)	22972	Graceful legs (purple)
22977	Graceful legs	22972	Graceful legs (purple)
22979	Graceful hood	22978	Graceful hood (purple)
22980	Graceful hood (gold)	22978	Graceful hood (purple)
22981	Graceful hood (red)	22978	Graceful hood (purple)
22982	Graceful hood (green)	22978	Graceful hood (purple)
22983	Graceful hood	22978	Graceful hood (purple)
22984	Graceful cape (purple)	21083	Sponsor cape
22985	Graceful cape	21083	Sponsor cape
22986	Graceful cape (gold)	21083	Sponsor cape
22987	Graceful cape (red)	21083	Sponsor cape
22988	Graceful cape (green)	21083	Sponsor cape
22989	Graceful cape	21083	Sponsor cape
22991	Graceful boots	22990	Graceful boots (purple)
22992	Graceful boots (gold)	22990	Graceful boots (purple)
22993	Graceful boots (red)	22990	Graceful boots (purple)
22994	Graceful boots (green)	22990	Graceful boots (purple)
22995	Graceful boots	22990	Graceful boots (purple)
22997	Graceful gloves	22996	Graceful gloves (purple)
22998	Graceful gloves (gold)	22996	Graceful gloves (purple)
22999	Graceful gloves (red)	22996	Graceful gloves (purple)
23000	Graceful gloves (green)	22996	Graceful gloves (purple)
23001	Graceful gloves	22996	Graceful gloves (purple)
23002	Easter basket	4565	Basket of eggs
23003	Pink rubber chicken	4566	Rubber chicken
23004	Sky blue partyhat	1038	Red partyhat
23005	Blue easter partyhat	1038	Red partyhat
23006	Sky blue flippers	6666	Flippers
23007	Blue easter flippers	6666	Flippers
23008	Easter bunny feet	20525	Bunny feet
23009	Easter bunny top	20526	Bunny top
23010	Easter bunny legs	20527	Bunny legs
23011	Easter bunny paws	20528	Bunny paws
23012	Easter bunny ears	21913	Demonic bunny ears
23013	Pink bunny ears	21913	Demonic bunny ears
23020	Egg-sploder (i)	1409	Iban's staff
23022	Egg-beater	23019	Egg-beater (i)
23023	Egg-sploder	1409	Iban's staff
23024	Egg-blaster	23021	Egg-blaster (i)
23025	Choccy token (old)	20995	Kharazi token
23026	Festive easter helm	23014	Easter egg helm
23027	Festive easter body	23015	Eggshell platebody
23028	Festive easter legs	23016	Eggshell platelegs
23029	Egg weapon charge	291	Notes
23030	Festive basket	4565	Basket of eggs
23032	Easter elixir (old)	731	Enchanted vial
23033	Black chinchompa	9976	Chinchompa
23035	Medium wild casket	23034	Beginner wild casket
23036	Blood wild casket	23034	Beginner wild casket
23038	Enchanted event hunter garb	20672	Event hunter garb
23039	Enchanted event hunter trousers	20674	Event hunter trousers
23040	Enchanted event hunter cloak	20676	Event hunter cloak
23041	Enchanted event hunter helm	22811	Event hunter helm
23042	Easter hand cannon	22809	Snowball cannon
23043	Bag of explosive eggs	10879	Red satchel
23045	Slayer crystal	8353	Crystal of power
23046	Hotspot crystal	8353	Crystal of power
23048	Sceptre of the gods	21712	Champion sceptre
23054	Infernal tentacle	12006	Abyssal tentacle
23055	Malevolent clamp	10893	Cranial clamp
23056	Malevolent sword	7806	Barrelchest sword
23058	Malevolent maul	20999	Kharazi maul
23061	Wicked blade	10858	Shadow sword
23063	Grand comp. cape (melee)	19050	Completionist cape
23064	Infernal fang	13577	Magic fang
23065	Elemental sigil	6993	Z sigil
23068	Sun shorts	23067	Beach shorts
23070	Sun flippers	6666	Flippers
23071	Summer parrot	21773	Jolly parrot
23072	Summer kite	12844	Toy kite
23073	Summer pirate hat	21883	Easter pirate hat
23074	Summer dragon pet	20996	Jungle dragon pet
23075	Solarkath pet	21143	Vorkath pet
23076	Crumbled summer gems	20580	Crumbled summer gems
23078	Summer elixir	731	Enchanted vial
23079	Infernal cape (broken)	20570	Infernal cape
23080	Bound rune pouch (broken)	6819	Rune pouch
23081	Ferocious gloves (broken)	22826	Ferocious gloves
23109	Enchanted guthix cape	20780	Imbued guthix cape
23110	Enchanted saradomin cape	20781	Imbued saradomin cape
23111	Bound rune pouch	6819	Rune pouch
23112	Enchanted zamorak cape	20782	Imbued zamorak cape
23113	Sapphire dragon bolts (e)	879	Opal bolts
23114	null	3815	null
23115	null	3816	null
23116	null	3817	null
23117	null	3818	null
23121	Extended stamina potion (4)	113	Strength potion(4)
23123	Extended stamina potion(3)	91	Guam potion(unf)
23125	Extended stamina potion (2)	117	Strength potion(2)
23127	Extended stamina potion (1)	119	Strength potion(1)
23129	Holy phoenix pet	20692	Celestial phoenix pet
23148	Looting bag	22103	Bound looting bag
23150	Ethereal toxic blowpipe (broken)	12926	Toxic blowpipe
23151	Ethereal spirit shield (broken)	13740	Divine spirit shield
23152	Ethereal korasi (broken)	20553	Ethereal korasi
23153	Ethereal kodai wand (broken)	20486	Kodai wand
23154	Ethereal elder maul (broken)	20485	Elder maul
23155	Ethereal dragon warhammer (broken)	13576	Dragon warhammer
23156	Ethereal elemental staff (broken)	14490	Elemental staff
23157	Ethereal dinh's bulwark (broken)	20468	Dinh's bulwark
23159	Tormented bracelet (or) (broken)	22232	Tormented bracelet (or)
23160	Vigorous hydra pet	22842	Blood hydra pet
23162	Shadow halo	19433	Zamorak halo
23163	Shadow halo (broken)	19433	Zamorak halo
23164	Angelic halo	19433	Zamorak halo
23165	Angelic halo (broken)	19433	Zamorak halo
23171	Grand promo token	20995	Kharazi token
23173	Limitbreak berserker pet	20742	Corrupt berserker pet
23175	Eternal bounty cape	20694	Eternal blood cape
23180	Abyssal dagger (i)	20573	Abyssal dagger (p++)
23181	Ancestral hat (dyed)	20474	Ancestral hat
23182	Ancestral robe top (dyed)	20475	Ancestral robe top
23183	Ancestral robe bottom (dyed)	20476	Ancestral robe bottom
23184	Justiciar faceguard (dyed)	21567	Justiciar faceguard
23185	Justiciar chestguard (dyed)	21568	Justiciar chestguard
23186	Justiciar legguards (dyed)	21569	Justiciar legguards
23187	Dragon platelegs (g)	4087	Dragon platelegs
23188	Dragon full helm (g)	11335	Dragon full helm
23190	3rd age dye	21761	Barrows dye
23191	Larran's scroll	14100	Yell tag scroll
23192	Dagon'hai robe top	22136	Cursed dagon'hai robe top
23193	Dagon'hai hat	22105	Crestbearer hat
23194	Dagon'hai robe bottom	22107	Crestbearer robe bottom
23195	Blood-revenant catcher	10025	Magic box
23196	Ancestral hat (dyed)	20474	Ancestral hat
23197	Ancestral robe top (dyed)	20475	Ancestral robe top
23198	Ancestral robe bottom (dyed)	20476	Ancestral robe bottom
23199	Justiciar faceguard (dyed)	21567	Justiciar faceguard
23200	Justiciar chestguard (dyed)	21568	Justiciar chestguard
23201	Justiciar legguards (dyed)	21569	Justiciar legguards
23203	Flaming skull mask	22192	Skull mask
23204	Reaper bludgeon	13045	Abyssal bludgeon
23205	Halloween santa hat	1050	Santa hat
23207	Blackburn leggings	6185	Prince leggings
23209	Halloween pumpkin mask	9920	Jack lantern mask
23211	Blood reaper bottoms	20718	Killer's bottoms
23212	Blood reaper top	20719	Killer's top
23215	Joker tights	10838	Silly jester tights
23217	Halloween dye 2019	21761	Barrows dye
23218	Blood h'ween mask	1053	Green h'ween mask
23219	Blood partyhat	1038	Red partyhat
23220	Gravestone tonic	2028	Premade blurb' sp.
23221	Spooky hween scroll	6798	Champion scroll
23222	Spectre dart	812	Bronze dart(p)
23225	Spooky parrot	21773	Jolly parrot
23227	H'ween token (old)	20995	Kharazi token
23228	Blood reaper scythe hilt	1486	Piece of railing
23229	H'ween 2019 casket	3849	Rusty casket
23230	Neitiznot faceguard	22060	Blood neitiznot faceguard
23231	Blood thorn-bush seeds	299	Mithril seeds
23255	Super attack flask (6)	20559	Super combat flask (6)
23257	Super attack flask (5)	20560	Super combat flask (5)
23259	Super attack flask (4)	20561	Super combat flask (4)
23261	Super attack flask (3)	20562	Super combat flask (3)
23263	Super attack flask (2)	20563	Super combat flask (2)
23265	Super attack flask (1)	20564	Super combat flask (1)
23279	Super strength flask (6)	20559	Super combat flask (6)
23281	Super strength flask (5)	20560	Super combat flask (5)
23283	Super strength flask (4)	20561	Super combat flask (4)
23285	Super strength flask (3)	20562	Super combat flask (3)
23287	Super strength flask (2)	20563	Super combat flask (2)
23289	Super strength flask (1)	20564	Super combat flask (1)
23291	Super defence flask (6)	20559	Super combat flask (6)
23293	Super defence flask (5)	20560	Super combat flask (5)
23295	Super defence flask (4)	20561	Super combat flask (4)
23297	Super defence flask (3)	20562	Super combat flask (3)
23299	Super defence flask (2)	20563	Super combat flask (2)
23301	Super defence flask (1)	20564	Super combat flask (1)
23303	Ranging flask (6)	20559	Super combat flask (6)
23305	Ranging flask (5)	20560	Super combat flask (5)
23307	Ranging flask (4)	20561	Super combat flask (4)
23309	Ranging flask (3)	20562	Super combat flask (3)
23311	Ranging flask (2)	20563	Super combat flask (2)
23313	Ranging flask (1)	20564	Super combat flask (1)
23351	Saradomin brew flask (6)	20559	Super combat flask (6)
23353	Saradomin brew flask (5)	20560	Super combat flask (5)
23355	Saradomin brew flask (4)	20561	Super combat flask (4)
23357	Saradomin brew flask (3)	20562	Super combat flask (3)
23359	Saradomin brew flask (2)	20563	Super combat flask (2)
23361	Saradomin brew flask (1)	20564	Super combat flask (1)
23399	Super restore flask (6)	20559	Super combat flask (6)
23401	Super restore flask (5)	20560	Super combat flask (5)
23403	Super restore flask (4)	20561	Super combat flask (4)
23405	Super restore flask (3)	20562	Super combat flask (3)
23407	Super restore flask (2)	20563	Super combat flask (2)
23409	Super restore flask (1)	20564	Super combat flask (1)
23423	Magic flask (6)	20559	Super combat flask (6)
23425	Magic flask (5)	20560	Super combat flask (5)
23427	Magic flask (4)	20561	Super combat flask (4)
23429	Magic flask (3)	20562	Super combat flask (3)
23431	Magic flask (2)	20563	Super combat flask (2)
23433	Magic flask (1)	20564	Super combat flask (1)
23451	Lava pendant	295	Glarial's amulet
23453	Random mystery box	13999	Epic pet mystery box
23454	Random mystery chest	8151	Mahogany chest
23455	Blood hunter hood	20595	Elder chaos hood
23458	Soul hunter icon	10557	Collector icon
23459	Mystery yoshi pet	12109	Cockatrice egg
23460	Cursed bounty chest	8151	Mahogany chest
23461	Superior blood rev scroll	6798	Champion scroll
23462	Larran's casket	405	Casket
23464	Blood slayer point box	13999	Epic pet mystery box
23465	Phantom wings	3789	Sam's angel wings
23466	Phantom shoulder monkey	22252	Shoulder monkey
23467	Gilded shoulder monkey	22252	Shoulder monkey
23468	Charmed shoulder monkey	22252	Shoulder monkey
23469	Cursed out's genie pet	10586	Combat lamp
23480	Support partyhat	1038	Red partyhat
23481	Mod partyhat	1038	Red partyhat
23482	Super mod partyhat	1038	Red partyhat
23483	Grand mod partyhat	1038	Red partyhat
23484	Scooby's Ultimate olmlet pet	22519	Ultimate olmlet pet
23485	Infernic defender	21571	Avernic defender
23486	Infernal neitiznot faceguard	22060	Blood neitiznot faceguard
23487	Infernalkou mask	20095	Ankou mask
23488	Infernalkou top	20098	Ankou top
23489	Infernalkou leggings	20104	Ankou's leggings
23490	Infernal wings	3789	Sam's angel wings
23491	Lunar slayer helmet	20557	Purple slayer helmet
23492	Armadyl godsword (cursed)	21089	Armadyl godsword (or)
23493	Hunllef unlock scroll	14100	Yell tag scroll
23494	Marauders gloves (i)	22117	Marauders gloves
23495	Cursed's fortune genie pet	10586	Combat lamp
23620	Super luck scroll	21163	Minigame boost scroll
23621	Bloodslayer reset scroll	21163	Minigame boost scroll
23622	Blood discount scroll	21163	Minigame boost scroll
23624	Unbound grand prize key	23623	Unbound prize key
23625	Wanderer's amulet	4081	Salve amulet
23628	Bounty beast mini-pet	23627	Treasure beast mini-pet
23629	Soul beast mini-pet	23627	Treasure beast mini-pet
23630	Wanderer's ring (i)	23626	Wanderer's ring
23631	Beast icon (t1)	10557	Collector icon
23632	Beast icon (t2)	10557	Collector icon
23634	Vintage point lamp	2528	Lamp
23635	Glorious wild casket	23034	Beginner wild casket
23637	Hotspot key scroll I	23636	Hotspot point scroll I
23638	Glorious icon	10557	Collector icon
23650	Glorious parrot	21773	Jolly parrot
23651	Tribute icon	10557	Collector icon
23652	Tribute parrot	21773	Jolly parrot
23654	Tribute partyhat	1038	Red partyhat
23655	Victor's cape 1 (hg)	21641	Victor's cape
23656	Victor's cape 2 (hg)	21641	Victor's cape
23657	Gilded hand cannon	15241	Hand cannon
23658	Gilded robin hat	2581	Robin hood hat
23659	Gilded ranger boots	2577	Ranger boots
23660	Hunter ankou mask	20095	Ankou mask
23661	Hunter ankou top	20098	Ankou top
23662	Hunter ankou leggings	20104	Ankou's leggings
23663	Tribute wizard top	7390	Wizard robe (g)
23664	Tribute wizard skirt	7386	Blue skirt (g)
23665	Tribute wizard hat	7394	Wizard hat (g)
23666	Omniscient cape	6570	Fire cape
23667	Flex death taunt	21941	Tea drinker death taunt
23668	Air guitar death taunt	21941	Tea drinker death taunt
23669	Humiliation death taunt	21941	Tea drinker death taunt
23670	Ethereal skin token	20569	Elemental skin token
23671	(Old) Gladiator's tokens	2209	Chocchip crunchies
23672	Neitiznot helm (gladiator)	21936	Easter neitiznot helm
23673	Blood key	85	Shiny key
23674	Grand blood key	85	Shiny key
23905	Tribute santa hat	1050	Santa hat
23907	Blood skotizo dye	21761	Barrows dye
23908	Skotizo chainmace (dyed)	21585	Viggora's chainmace
23909	Skotizo bow (dyed)	21583	Craw's bow
23910	Skotizo sceptre (dyed)	21587	Thammaron's sceptre
23911	Blood-revenant ashes	235	Unicorn horn dust
23912	Blood-revenant talisman	1450	Blood talisman
23930	Spectral emblem (h'ween)	12756	Mysterious emblem (tier 10)
23931	Deathbringer tonic	2028	Premade blurb' sp.
23932	Malevolent cannon	15241	Hand cannon
23933	Limitbreak corp pet	22812	Holy corporeal beast pet
23934	Infernal skull mask	22192	Skull mask
23935	Evil clown mask	22900	Clown mask
23936	Evil clown bow tie	22901	Clown bow tie
23937	Evil clown gown	22902	Clown gown
23938	Evil clown trousers	22903	Clown trousers
23939	Evil clown shoes	22904	Clown shoes
23940	Blood cleaver	7451	Cleaver
23941	Behallowed icon	10557	Collector icon
23942	Behallowed santa hat	1050	Santa hat
23943	Behallowed h'ween mask	1053	Green h'ween mask
23944	Behallowed partyhat	1038	Red partyhat
23947	Wicked token	23946	Draught token
23948	Polter lantern	4550	Bullseye lantern
23949	Polter lantern (t2)	4550	Bullseye lantern
23950	Polter lantern (t3)	4550	Bullseye lantern
23951	Poltergust (t2)	9906	Ghost buster 500
23952	Poltergust (t3)	9906	Ghost buster 500
23953	H'ween token (old)	20995	Kharazi token
23954	Spooky hween scroll	6798	Champion scroll
23955	H'ween vintage casket	3849	Rusty casket
23956	Wicked xarpus pet	21658	Xarpus pet
23957	Infernal skull mask (broken)	22192	Skull mask
23958	Ethereal mask	20549	Ethereal mask
23959	Ethereal staff	20550	Ethereal staff
23960	Ethereal shield	3122	Granite shield
23961	Ethereal cape	9101	Lunar cape
23962	Ethereal torso	9097	Lunar torso
23963	Ethereal legs	9098	Lunar legs
23964	Ethereal gloves	12860	Swordfish gloves
23965	Cursed's shaman robes	428	Priest gown
23966	Cursed's shaman robes	428	Priest gown
23967	Cursed's shaman robes	428	Priest gown
23968	Cursed's shaman robes	428	Priest gown
23969	Cursed's shaman robes	428	Priest gown
23970	Cursed's shaman robes	428	Priest gown
23971	Cursed's shaman top	426	Priest gown
23972	Cursed's shaman top	426	Priest gown
23973	Cursed's shaman top	426	Priest gown
23974	Cursed's shaman top	426	Priest gown
23975	Cursed's shaman top	426	Priest gown
23976	Cursed's shaman top	426	Priest gown
23977	Cursed's shaman hood	20595	Elder chaos hood
23978	Cursed's shaman hood	20595	Elder chaos hood
23979	Cursed's shaman hood	20595	Elder chaos hood
23980	Cursed's shaman hood	20595	Elder chaos hood
23981	Cursed's shaman hood	20595	Elder chaos hood
23982	Cursed's shaman hood	20595	Elder chaos hood
23984	Wanderer's amulet (i)	4081	Salve amulet
23988	Gilded beast mini-pet	23627	Treasure beast mini-pet
24016	Scooby's behemoth pet	6637	Dark beast
24017	Scooby's behemoth pet	6637	Dark beast
24018	Scooby's behemoth pet	6637	Dark beast
24019	Cursed's behemoth pet	6637	Dark beast
24020	Cursed's inquisitor faceguard	21845	Inquisitor faceguard
24021	Cursed's inquisitor chestguard	21846	Inquisitor chestguard
24022	Cursed's inquisitor legguards	21847	Inquisitor legguards
24023	Scythe of vitur (dyed)	21566	Scythe of vitur
24024	Blood reaper scythe (dyed)	23202	Blood reaper scythe
24025	Ecto scythe dye	21761	Barrows dye
24026	Dear returning player..	14100	Yell tag scroll
24027	Winter token	20995	Kharazi token
24028	Holiday cake (event boost)	21821	Holiday cake
24029	Candy cane staff (t1)	20741	Candy cane
24030	Candy cane staff (t2)	20741	Candy cane
24031	Candy cane staff (t3)	20741	Candy cane
24032	Candy cane staff (t4)	20741	Candy cane
24033	Jolly shortbow (t1)	4212	New crystal bow
24034	Jolly shortbow (t2)	4212	New crystal bow
24035	Jolly shortbow (t3)	4212	New crystal bow
24036	Jolly shortbow (t4)	4212	New crystal bow
24037	Snowball launcher	20400	Event rpg
24039	Holiday charm (t2)	24038	Holiday charm (t1)
24040	Holiday charm (t3)	24038	Holiday charm (t1)
24042	Festive emblem	12756	Mysterious emblem (tier 10)
24043	Festive emblem (cursed)	12756	Mysterious emblem (tier 10)
24044	Jolly death taunt	21941	Tea drinker death taunt
24045	Festive icon	10557	Collector icon
24046	Winter vintage casket	3849	Rusty casket
24047	Snowglobe crusher	233	Pestle and mortar
24049	Festive dragon claws	22950	Dragon claws (or)
24050	Mystical icelord pet	24048	Icelord pet
24069	Cursed helm (dyed)	21010	Cursed helm
24070	Cursed platebody (dyed)	20555	Obsidian platebody
24071	Cursed platelegs (dyed)	20556	Obsidian platelegs
24072	Cursed void top (dyed)	13072	Elite void top
24073	Cursed void robe (dyed)	13073	Elite void robe
24074	Cursed void top (broken)	13072	Elite void top
24075	Cursed void robe (broken)	13073	Elite void robe
24076	Cursed helm (broken)	21010	Cursed helm
24077	Cursed platebody (broken)	20555	Obsidian platebody
24078	Cursed platelegs (broken)	20556	Obsidian platelegs
24079	Cursed fighter hat (dyed)	10548	Fighter hat
24080	Cursed fighter torso (dyed)	10551	Fighter torso
24081	Cursed fighter hat (broken)	10548	Fighter hat
24082	Cursed fighter torso (broken)	10551	Fighter torso
24083	Opulent cursed dye	21761	Barrows dye
24085	Blood slayer cave scroll	11681	Scrap paper
24086	Tooth half cave key	985	Tooth half of a key
24088	Loop half of cave key	987	Loop half of a key
24090	Cave key	85	Shiny key
24092	Cave essence	6159	Rock-shell shard
24093	Blood slayer tentacle	12006	Abyssal tentacle
24094	Blood candle	32	Lit black candle
24095	Blood totem lantern	21276	Jungle totem lantern
24099	Empty flask	20564	Super combat flask (1)
24100	Void ranger helm (or)	11675	Void ranger helm (or)
24101	Void melee helm (or)	11676	Void melee helm (or)
24102	Void mage helm (or)	11674	Void mage helm (or)
24103	Raids chart	8356	Infernal chart
24111	Easter bounty cape	6570	Fire cape
24112	Easter dye 2022	21761	Barrows dye
24113	Blood slayer helmet (dyed)	21724	Blood slayer helmet
24114	Dark serpentine helmet (dyed)	12933	Magma helm
24115	Blood neitiznot faceguard (dyed)	22060	Blood neitiznot faceguard
24116	Easter demon mask (blue)	20023	Greater demon mask
24117	Easter demon mask (yellow)	20026	Black demon mask
24118	Easter demon mask (pink)	20032	Jungle demon mask
24119	Easter chaos hood (yellow)	20595	Elder chaos hood
24120	Easter chaos top (yellow)	20517	Elder chaos top
24121	Easter chaos robe (yellow)	20520	Elder chaos robe
24122	Yellow easter icon	10557	Collector icon
24123	Yellow easter partyhat	1038	Red partyhat
24124	Yellow easter santa hat	1050	Santa hat
24125	Yellow gnome scarf	9470	Gnome scarf
24126	Easter chinchompa (t1)	9976	Chinchompa
24127	Easter chinchompa (t2)	9976	Chinchompa
24128	Easter chinchompa (t3)	9976	Chinchompa
24130	Easter staff (t1)	84	Staff of armadyl
24131	Easter staff (t2)	84	Staff of armadyl
24132	Easter staff (t3)	84	Staff of armadyl
24133	Easter sword (t1)	21099	Dragon sword
24134	Easter sword (t2)	21099	Dragon sword
24135	Easter sword (t3)	21099	Dragon sword
24136	Easter boots (t1)	22990	Graceful boots (purple)
24137	Easter boots (t2)	22990	Graceful boots (purple)
24138	Easter boots (t3)	22990	Graceful boots (purple)
24139	Easter arsenal staff	21652	Dawnbringer
24140	Spring token (2022)	20995	Kharazi token
24141	Spring elixir (old)	731	Enchanted vial
24142	Easter egg crusher	233	Pestle and mortar
24143	Spring vintage casket	3849	Rusty casket
24144	Bunny death taunt	21941	Tea drinker death taunt
24145	Ultimate easter kalphite pet	24110	Easter kalphite pet
24146	Cursed out's wings	3789	Sam's angel wings
24147	Cursed out's wings	3789	Sam's angel wings
24148	Cursed out's wings	3789	Sam's angel wings
24149	Cursed out's wings	3789	Sam's angel wings
24150	Cursed out's wings	3789	Sam's angel wings
24151	Cursed out's wings	3789	Sam's angel wings
24158	Nex unlock scroll	14100	Yell tag scroll
24159	Pernix cowl (i)	14996	Pernix cowl
24160	Pernix body (i)	14995	Pernix body
24161	Pernix chaps (i)	14994	Pernix chaps
24162	Virtus mask (i)	14993	Virtus mask
24163	Virtus robe top (i)	14992	Virtus robe top
24164	Virtus robe legs (i)	14991	Virtus robe legs
24165	Torva full helm (i)	14998	Torva full helm
24166	Torva platebody (i)	14997	Torva platebody
24167	Torva platelegs (i)	14999	Torva platelegs
24170	Harbringer Nex pet	24169	Nex pet
24171	Prize ticket (u)	21676	Mystery ticket
24172	Hotspot bonus (15 min)	6798	Champion scroll
24173	Cursed's Ethereal pet	21130	Ethereal pet
24175	Pet fuse box (seasonal)	13999	Epic pet mystery box
24176	Cursed's crestbearer helmet	23141	Crestbearer helmet
24177	Cursed's crestbearer platebody	23142	Crestbearer platebody
24178	Cursed's crestbearer platelegs	23143	Crestbearer platelegs
24179	Pet fuse chest	8151	Mahogany chest
24180	Ultimate mystery chest	8151	Mahogany chest
24181	Epic pet mystery chest	8151	Mahogany chest
24182	Epic point mystery chest	8151	Mahogany chest
24183	Ultimate treasure chest	8151	Mahogany chest
24184	Collection icon 1	10557	Collector icon
24185	Collection icon 2	10557	Collector icon
24186	Collection icon 3	10557	Collector icon
24187	Collection icon 4	10557	Collector icon
24188	Dragon-slayer gloves	22117	Marauders gloves
24189	Rev-slayer gloves	22117	Marauders gloves
24190	Lucky-slayer gloves	22117	Marauders gloves
24191	Fused collection gloves	22117	Marauders gloves
24192	Radiant dye (dclaws)	21761	Barrows dye
24193	Radiant dye (ags)	21761	Barrows dye
24194	Dragon claws (or)	22950	Dragon claws (or)
24195	Armadyl godsword (or)	21089	Armadyl godsword (or)
24196	Partyhat & specs (red)	18432	Partyhat & specs
24197	Partyhat & specs (yellow)	18432	Partyhat & specs
24198	Partyhat & specs (purple)	18432	Partyhat & specs
24199	Partyhat & specs (black)	18432	Partyhat & specs
24200	Partyhat & specs (green)	18432	Partyhat & specs
24201	Black gnome scarf	9470	Gnome scarf
24202	Yellow gnome scarf	9470	Gnome scarf
24203	Magma toxic blowpipe	22135	Dark toxic blowpipe
24204	Amulet of mightfury	22109	Blood amulet of fury
24205	Amulet of sightfury	22109	Blood amulet of fury
24206	Amulet of blightfury	22109	Blood amulet of fury
24207	Amulet of nightfury	22109	Blood amulet of fury
24208	Nightwinter icon	10557	Collector icon
24209	Nightwinter partyhat	1038	Red partyhat
24210	Krampmare pet	22087	Nightmare pet
24211	Evil krampmare pet	22087	Nightmare pet
24212	Nightwinter sled	20738	Frozen sled
24213	Nightwinter token (2022)	20995	Kharazi token
24214	Winterstorm wand (t1)	6908	Beginner wand
24215	Winterstorm wand (t2)	6908	Beginner wand
24216	Winterstorm wand (t3)	6908	Beginner wand
24217	Nightstorm wand (t1)	6908	Beginner wand
24218	Nightstorm wand (t2)	6908	Beginner wand
24219	Nightstorm wand (t3)	6908	Beginner wand
24220	Nightwinter santa hat	1050	Santa hat
24221	Red pumpkin mask	21698	Jack phantom mask
24222	Festive skeleton mask	9925	Skeleton mask
24223	Festive skeleton shirt	9924	Skeleton shirt
24224	Festive skeleton leggings	9923	Skeleton leggings
24225	White pumpkin mask	21698	Jack phantom mask
24226	Goldenglow icon	10557	Collector icon
24227	Goldenglow partyhat	1038	Red partyhat
24228	Nightwinter event coin (2022)	22257	H'ween event coin
24230	Nightwinter wand	6908	Beginner wand
24231	Nightwinter tome (t1)	711	Book on chemicals
24232	Nightwinter tome (t2)	711	Book on chemicals
24233	Nightwinter tome (t3)	711	Book on chemicals
24234	Nightwinter vintage casket	3849	Rusty casket
24235	Nightwinter talisman	5516	Elemental talisman
24236	Festive emblem (2022)	12756	Mysterious emblem (tier 10)
24237	Festive emblem (cursed) (2022)	12756	Mysterious emblem (tier 10)
24238	Evil wolper pet	19382	Giant wolper pet
24239	Glorious icon (i)	10557	Collector icon
24241	Glorious key	85	Shiny key
24242	Nex upgrade scroll	14100	Yell tag scroll
24243	ZGS special scroll	14100	Yell tag scroll
24245	Grand looting bag	20691	Looting bag
24246	Grand looting bag	22103	Bound looting bag
24248	King soul dragon mini-pet	7987	King black dragon pet
24249	Dark sunspear	20725	Sunspear
24250	Vintage dungeon teleport (u)	24264	Vintage dungeon teleport
24255	Loot key	24254	Loot key
24256	Loot key	24254	Loot key
24257	Loot key	24254	Loot key
24258	Loot key	24254	Loot key
24259	Loot key	24254	Loot key
24260	Vintage bonus (1 hour)	6798	Champion scroll
24262	Gilded falcon mini-pet	23170	Grand luck falcon pet
24263	Vintage point ticket	2996	Agility arena ticket
24264	Vintage dungeon teleport	21632	Edgeville teleport
24265	Vintage chest key	6792	Ancestral key
24419	Blood crown	21704	Champion crown
24965	Bounty mystery scroll	607	Tattered scroll
24966	Cursed mystery scroll	607	Tattered scroll
25000	Blood whip	4151	Abyssal whip
25002	Blood dark bow	11235	Dark bow
25005	5k Magic tokens	23077	Summer gem bag
25006	Mystic coins	995	Coins
25007	Mystic coins	25006	Mystic coins
25008	Mystic coins	25006	Mystic coins
25009	Mystic coins	25006	Mystic coins
25010	Mystic coins	25006	Mystic coins
25011	Mystic coins	25006	Mystic coins
25012	Mystic coins	25006	Mystic coins
25013	Mystic coins	25006	Mystic coins
25014	Mystic coins	25006	Mystic coins
25015	Mystic coins	25006	Mystic coins
25016	Smooth dance victory taunt	21941	Tea drinker death taunt
25017	Reaper death taunt	21941	Tea drinker death taunt
25018	Confetti death taunt	21941	Tea drinker death taunt
25019	Planker death taunt	21941	Tea drinker death taunt
25020	T-bag victory taunt	21941	Tea drinker death taunt
25021	Unholy hawk pet	12186	Zamorak hawk
25022	Dark mystic infinity hat	6918	Infinity hat
25023	Dark mystic infinity top	6916	Infinity top
25024	Dark mystic infinity bottoms	6924	Infinity bottoms
25101	Blood phoenix pet	20692	Celestial phoenix pet
25102	Blood berserker pet	20742	Corrupt berserker pet
25103	Death pet	21090	Infernal death pet
25104	Holy berserker pet	20742	Corrupt berserker pet
25105	Corporeal beast pet	22812	Holy corporeal beast pet
25106	Treasure fairy pet	21088	Tectonic fairy pet
25107	Viridescent fairy	21088	Tectonic fairy pet
25396	Swampbark helm	25389	Splitcestral hat
25397	Swampbark body	25390	Splitcestral robe top
25398	Swampbark legs	25391	Splitcestral robe bottoms
25405	Holy nightmare pet	22087	Nightmare pet
25407	Summer token (old)	20995	Kharazi token
25408	Summer elixir	731	Enchanted vial
25409	Summer event coin	22257	H'ween event coin
25411	Soaker arm-cannon (T2)	25410	Soaker arm-cannon (T1)
25412	Soaker arm-cannon (T3)	25410	Soaker arm-cannon (T1)
25414	Essence crusher	233	Pestle and mortar
25415	Solar behemoth pet	6637	Dark beast
25416	Solar infinity hat	6918	Infinity hat
25417	Solar infinity top	6916	Infinity top
25418	Solar infinity bottoms	6924	Infinity bottoms
25419	Lunar infinity hat	6918	Infinity hat
25420	Lunar infinity top	6916	Infinity top
25421	Lunar infinity bottoms	6924	Infinity bottoms
25422	Solar staff of light	21032	Staff of light
25423	Lunar staff of light	21032	Staff of light
25424	Xeric casket	8151	Mahogany chest
25425	Unholy behemoth pet	6637	Dark beast
25426	Soaker backpack (T1)	7535	Diving apparatus
25427	Soaker backpack (T2)	7535	Diving apparatus
25428	Soaker backpack (T3)	7535	Diving apparatus
25501	Starter summer bow	841	Shortbow
25502	Strong summer bow	841	Shortbow
25503	Quick summer bow	841	Shortbow
25504	Lucky summer bow	841	Shortbow
25505	Greedy summer bow	841	Shortbow
25506	Ultra summer bow	841	Shortbow
25507	Summer accumulator (t1)	10498	Ava's attractor
25508	Summer accumulator (t2)	10498	Ava's attractor
25509	Summer accumulator (t3)	10498	Ava's attractor
25510	Summer token (2022)	20995	Kharazi token
25511	Summer event coin (2022)	22257	H'ween event coin
25512	Summer elixir (2022)	24229	Nightwinter elixir (2022)
25513	Summer ticket	2996	Agility arena ticket
25514	Summer vintage casket	3849	Rusty casket
25515	Summer pegasian boots	12710	Primordial Boots
25516	Summer primordial boots	12710	Primordial Boots
25517	Summer eternal boots	12710	Primordial Boots
25520	Harvest partyhat	1038	Red partyhat
25521	Harvest icon	10557	Collector icon
25522	Harvest parrot	21773	Jolly parrot
25523	Harvest flippers	6666	Flippers
25524	Harvest kite	12844	Toy kite
25527	Volcanic hydra pet	22842	Blood hydra pet
25531	Summer shell crusher	233	Pestle and mortar
25532	Orange summer partyhat	1038	Red partyhat
25533	Soul hunter tonic	2028	Premade blurb' sp.
25534	Orange summer santa hat	1050	Santa hat
25535	Orange summer scarf	9470	Gnome scarf
25536	Blood wild casket (u)	23034	Beginner wild casket
25537	Hotspot glorious scroll	23636	Hotspot point scroll I
25538	Spring rev dragon pet	12475	Hatchling dragon
25539	Spring rev treasure pet	12475	Hatchling dragon
25540	Spring rev sceptre (t1)	6762	Saradomin mjolnir
25541	Spring rev sceptre (t2)	6762	Saradomin mjolnir
25542	Spring rev sceptre (t3)	6762	Saradomin mjolnir
25543	Spring rev sceptre (t4)	6762	Saradomin mjolnir
25544	Spring rev sceptre (t5)	6764	Zamorak mjolnir
25545	Revenant robe hood	6109	Ghostly hood
25546	Revenant robe top	6107	Ghostly robe
25547	Revenant robe bottom	6108	Ghostly robe
25550	Flourescent spring icon	10557	Collector icon
25551	Green spring icon	10557	Collector icon
25556	Ursine chainmace (dyed)	25555	Ursine chainmace
25558	Webweaver bow (dyed)	25557	Webweaver bow
25560	Accursed sceptre (a)	24252	Dwarf remains
25561	Accursed sceptre (dyed)	25559	Accursed sceptre
25562	Blood slayer hide body	10624	Graahk top
25563	Blood slayer hide chaps	10372	Zamorak chaps
25564	Blood slayer javelin	19484	Dragon javelin
25566	Blood slayer hasta	22831	Dragon hasta
25571	Crystal helmet	23475	Crystal helmet
25572	Crystal platebody	23476	Crystal platebody
25573	Crystal platelegs	23477	Crystal platelegs
25574	Crystal helmet	23475	Crystal helmet
25575	Crystal platebody	23476	Crystal platebody
25576	Crystal platelegs	23477	Crystal platelegs
25578	Crystal helmet	23475	Crystal helmet
25579	Crystal platebody	23476	Crystal platebody
25580	Crystal platelegs	23477	Crystal platelegs
25581	Crystal helmet	23475	Crystal helmet
25582	Crystal platebody	23476	Crystal platebody
25583	Crystal platelegs	23477	Crystal platelegs
25584	Crystal helmet	23475	Crystal helmet
25585	Crystal platebody	23476	Crystal platebody
25586	Crystal platelegs	23477	Crystal platelegs
25587	Crystal helmet	23475	Crystal helmet
25588	Crystal platebody	23476	Crystal platebody
25589	Crystal platelegs	23477	Crystal platelegs
25590	Crystal helmet	23475	Crystal helmet
25591	Crystal platebody	23476	Crystal platebody
25592	Crystal platelegs	23477	Crystal platelegs
25593	Bow of faerdhinen	23470	Bow of faerdhinen
25594	Bow of faerdhinen	23470	Bow of faerdhinen
25595	Bow of faerdhinen	23470	Bow of faerdhinen
25596	Bow of faerdhinen	23470	Bow of faerdhinen
25597	Bow of faerdhinen	23470	Bow of faerdhinen
25598	Bow of faerdhinen	23470	Bow of faerdhinen
25599	Bow of faerdhinen	23470	Bow of faerdhinen
25601	Crystal of iowerth	25600	Crystal of ithell
25602	Crystal of trahaearn	25600	Crystal of ithell
25603	Crystal of cadarn	25600	Crystal of ithell
25604	Crystal of crwys	25600	Crystal of ithell
25605	Crystal of hefin	25600	Crystal of ithell
25606	Crystal of amlodd	25600	Crystal of ithell
25608	'perfect' ring	773	null
25609	Blood slayer tentacle (broken)	24093	Blood slayer tentacle
25610	Blood slayer spear (broken)	21722	Blood slayer spear
25611	Blood slayer book (broken)	21723	Blood slayer book
25612	Blood slayer hasta (broken)	25566	Blood slayer hasta
25613	Blood slayer bow (broken)	21720	Blood slayer bow
25614	Blood slayer staff (broken)	21721	Blood slayer staff
25615	Spring casket 2023	3849	Rusty casket
25616	Spring revenant ashes	235	Unicorn horn dust
25617	Spring ash crusher	233	Pestle and mortar
25619	Spring event coin (2023)	22257	H'ween event coin
25621	Easter bounty cape (dyed)	6570	Fire cape
25622	Spring token (2023)	20995	Kharazi token
25623	Spring elixir (2023)	731	Enchanted vial
25625	Marigold h'ween mask	1053	Green h'ween mask
25626	Peach h'ween mask	1053	Green h'ween mask
25627	Brown h'ween mask	1053	Green h'ween mask
25628	Mint h'ween mask	1053	Green h'ween mask
25629	Pastel h'ween mask	1053	Green h'ween mask
25630	Aether h'ween mask	1053	Green h'ween mask
25631	Lavender h'ween mask	1053	Green h'ween mask
25632	Pink h'ween mask	1053	Green h'ween mask
25633	Cyan h'ween mask	1053	Green h'ween mask
25634	Halos' mask	1053	Green h'ween mask
25635	Sunset h'ween mask	1053	Green h'ween mask
25636	Cerulean h'ween mask	1053	Green h'ween mask
25637	Lime h'ween mask	1053	Green h'ween mask
25638	Grey h'ween mask	1053	Green h'ween mask
25639	Sky celest h'ween mask	1053	Green h'ween mask
25640	Marigold santa hat	1050	Santa hat
25641	Peach santa hat	1050	Santa hat
25642	Brown santa hat	1050	Santa hat
25643	Mint santa hat	1050	Santa hat
25644	Aether santa hat	1050	Santa hat
25645	Smoothie's santa hat	1050	Santa hat
25646	Slapped santa hat	1050	Santa hat
25647	Walkchaos's santa hat	1050	Santa hat
25648	Noobsown santa hat	1050	Santa hat
25649	Sunset santa hat	1050	Santa hat
25650	Vibranium's santa hat	1050	Santa hat
25651	Wr3cked you santa hat	1050	Santa hat
25652	Grey santa hat	1050	Santa hat
25653	Vihtic's santa hat	1050	Santa hat
25654	Sky celest santa hat	1050	Santa hat
25655	Marigold partyhat	1038	Red partyhat
25656	Peach partyhat	1038	Red partyhat
25657	Brown partyhat	1038	Red partyhat
25658	Lano partyhat	1038	Red partyhat
25659	Nopid's partyhat	1038	Red partyhat
25660	Aether partyhat	1038	Red partyhat
25661	Lavender partyhat	1038	Red partyhat
25662	Fpk merk partyhat	1038	Red partyhat
25663	Cyan partyhat	1038	Red partyhat
25664	Casalusio partyhat	1038	Red partyhat
25665	Sunset partyhat	1038	Red partyhat
25666	Cursed out's partyhat	1038	Red partyhat
25667	Lime partyhat	1038	Red partyhat
25668	Grey partyhat	1038	Red partyhat
25669	Sky celest partyhat	1038	Red partyhat
25670	Peach cavalier	2639	Tan cavalier
25671	Burgundy cavalier	2639	Tan cavalier
25672	Creamsicle cavalier	2639	Tan cavalier
25673	Olive cavalier	2639	Tan cavalier
25674	Pine green cavalier	2639	Tan cavalier
25675	Powder cavalier	2639	Tan cavalier
25676	Gentle cavalier	2639	Tan cavalier
25677	Kiwi cavalier	2639	Tan cavalier
25678	Sea green cavalier	2639	Tan cavalier
25679	Aether cavalier	2639	Tan cavalier
25680	Sunset cavalier	2639	Tan cavalier
25681	Teal cavalier	2639	Tan cavalier
25682	Slime cavalier	2639	Tan cavalier
25683	Rose cavalier	2639	Tan cavalier
25684	Sky celest cavalier	2639	Tan cavalier
25685	Fancy tribal mask	6335	Tribal mask
25686	Fancy tribal mask	6335	Tribal mask
25687	Fancy tribal mask	6335	Tribal mask
25688	Fancy tribal mask	6335	Tribal mask
25689	Fancy tribal mask	6335	Tribal mask
25690	Fancy tribal mask	6335	Tribal mask
25691	Fancy tribal mask	6335	Tribal mask
25692	Fancy tribal mask	6335	Tribal mask
25693	Fancy tribal mask	6335	Tribal mask
25694	Fancy tribal mask	6335	Tribal mask
25695	Fancy tribal mask	6335	Tribal mask
25696	Fancy tribal mask	6335	Tribal mask
25697	Fancy tribal mask	6335	Tribal mask
25698	Fancy tribal mask	6335	Tribal mask
25699	Fancy tribal mask	6335	Tribal mask
25700	Elder chaos hood	20595	Elder chaos hood
25701	Elder chaos top	20517	Elder chaos top
25702	Elder chaos robe	20520	Elder chaos robe
25703	Elder chaos hood	20595	Elder chaos hood
25704	Elder chaos top	20517	Elder chaos top
25705	Elder chaos robe	20520	Elder chaos robe
25706	Elder chaos hood	20595	Elder chaos hood
25707	Elder chaos top	20517	Elder chaos top
25708	Elder chaos robe	20520	Elder chaos robe
25709	Elder chaos hood	20595	Elder chaos hood
25710	Elder chaos top	20517	Elder chaos top
25711	Elder chaos robe	20520	Elder chaos robe
25712	Elder chaos hood	20595	Elder chaos hood
25713	Elder chaos top	20517	Elder chaos top
25714	Elder chaos robe	20520	Elder chaos robe
25715	Wizard hat (t)	20595	Elder chaos hood
25716	Wizard robe top (t)	20517	Elder chaos top
25717	Wizard robe bottom (t)	20520	Elder chaos robe
25718	Wizard hat (t)	7394	Wizard hat (g)
25719	Wizard robe top (t)	7390	Wizard robe (g)
25720	Wizard robe bottom (t)	7386	Blue skirt (g)
25721	Wizard hat (t)	7394	Wizard hat (g)
25722	Wizard robe top (t)	7390	Wizard robe (g)
25723	Wizard robe bottom (t)	7386	Blue skirt (g)
25724	Wizard hat (t)	7394	Wizard hat (g)
25725	Wizard robe top (t)	7390	Wizard robe (g)
25726	Wizard robe bottom (t)	7386	Blue skirt (g)
25727	Wizard hat (t)	7394	Wizard hat (g)
25728	Wizard robe top (t)	7390	Wizard robe (g)
25729	Wizard robe bottom (t)	7386	Blue skirt (g)
25730	Fancy full helm (t)	2595	Black full helm(g)
25731	Fancy platebody (t)	2591	Black platebody (g)
25732	Fancy platelegs (t)	2593	Black platelegs (g)
25733	Aether full helm (t)	2595	Black full helm(g)
25734	Aether platebody (t)	2653	Zamorak platebody
25735	Aether platelegs (t)	2593	Black platelegs (g)
25736	Fancy full helm (t)	2595	Black full helm(g)
25737	Fancy platebody (t)	2591	Black platebody (g)
25738	Fancy platelegs (t)	2593	Black platelegs (g)
25739	Fancy full helm (t)	2595	Black full helm(g)
25740	Fancy platebody (t)	2591	Black platebody (g)
25741	Fancy platelegs (t)	2593	Black platelegs (g)
25742	Fancy sled	20738	Frozen sled
25743	Fancy sled	4084	Sled
25744	Fancy sled	4084	Sled
25745	Soulwisp sled	4084	Sled
25746	Aetherglow sled	4084	Sled
25747	Fancy sled	4084	Sled
25748	Fancy sled	4084	Sled
25749	Fancy sled	4084	Sled
25750	Fancy sled	4084	Sled
25751	Fancy sled	4084	Sled
25752	Fancy sled	4084	Sled
25753	Fancy sled	4084	Sled
25754	Fancy sled	4084	Sled
25755	Moonreaver sled	4084	Sled
25756	Fancy sled	4084	Sled
25757	Fancy sled	4084	Sled
25758	Mistwater icon	10557	Collector icon
25759	Silvercrest icon	10557	Collector icon
25760	Crimsonburst icon	10557	Collector icon
25761	Emeraldleaf icon	10557	Collector icon
25762	Sapphiremoon icon	10557	Collector icon
25763	Amberglow icon	10557	Collector icon
25764	Ivorylace icon	10557	Collector icon
25765	Azurebreeze icon	10557	Collector icon
25766	Astral icon	10557	Collector icon
25767	Violetdusk icon	10557	Collector icon
25768	Obsidianshadow icon	10557	Collector icon
25769	Infernoglint icon	10557	Collector icon
25770	Aetherglow icon	10557	Collector icon
25771	Cobaltcrest icon	10557	Collector icon
25772	Lumenshine icon	10557	Collector icon
25773	Goldenglow cape	6570	Fire cape
25774	Silvercrest cape	6570	Fire cape
25775	Crimsonburst cape	6570	Fire cape
25776	Emeraldleaf cape	6570	Fire cape
25777	Sapphiremoon cape	6570	Fire cape
25778	Amberglow cape	6570	Fire cape
25779	Ivorylace cape	6570	Fire cape
25780	Azurebreeze cape	6570	Fire cape
25781	Rubyflame cape	6570	Fire cape
25782	Violetdusk cape	6570	Fire cape
25783	Obsidianshadow cape	6570	Fire cape
25784	Topazglint cape	6570	Fire cape
25785	Opalshine cape	6570	Fire cape
25786	Cobaltcrest cape	6570	Fire cape
25787	Jademist cape	6570	Fire cape
25788	Berserker helm (fancy)	3751	Berserker helm
25789	Berserker helm (fancy)	3751	Berserker helm
25790	Berserker helm (fancy)	3751	Berserker helm
25791	Berserker helm (fancy)	3751	Berserker helm
25792	Berserker helm (fancy)	3751	Berserker helm
25793	Berserker helm (fancy)	3751	Berserker helm
25794	Berserker helm (fancy)	3751	Berserker helm
25795	Berserker helm (fancy)	3751	Berserker helm
25796	Berserker helm (fancy)	3751	Berserker helm
25797	Berserker helm (fancy)	3751	Berserker helm
25798	Robin hood hat (fancy)	2581	Robin hood hat
25799	Robin hood hat (fancy)	2581	Robin hood hat
25800	Robin hood hat (fancy)	2581	Robin hood hat
25801	Robin hood hat (fancy)	2581	Robin hood hat
25802	Robin hood hat (fancy)	2581	Robin hood hat
25803	Robin hood hat (fancy)	2581	Robin hood hat
25804	Robin hood hat (fancy)	2581	Robin hood hat
25805	Robin hood hat (fancy)	2581	Robin hood hat
25806	Robin hood hat (fancy)	2581	Robin hood hat
25807	Robin hood hat (fancy)	2581	Robin hood hat
25808	Ranger boots (fancy)	2577	Ranger boots
25809	Ranger boots (fancy)	2577	Ranger boots
25810	Ranger boots (fancy)	2577	Ranger boots
25811	Ranger boots (fancy)	2577	Ranger boots
25812	Ranger boots (fancy)	2577	Ranger boots
25813	Ranger boots (fancy)	2577	Ranger boots
25814	Ranger boots (fancy)	2577	Ranger boots
25815	Ranger boots (fancy)	2577	Ranger boots
25816	Ranger boots (fancy)	2577	Ranger boots
25817	Ranger boots (fancy)	2577	Ranger boots
25818	Chompy hat (fancy)	2995	Chompy bird hat
25819	Chompy hat (fancy)	2995	Chompy bird hat
25820	Chompy hat (fancy)	2995	Chompy bird hat
25821	Chompy hat (fancy)	2995	Chompy bird hat
25822	Chompy hat (fancy)	2995	Chompy bird hat
25823	Chompy hat (fancy)	2995	Chompy bird hat
25824	Chompy hat (fancy)	2995	Chompy bird hat
25825	Chompy hat (fancy)	2995	Chompy bird hat
25826	Chompy hat (fancy)	2995	Chompy bird hat
25827	Chompy hat (fancy)	2995	Chompy bird hat
25828	Fancy hunter hat (t)	21261	Cursed hat 1
25829	Fancy hunter hat (t)	21261	Cursed hat 1
25830	Fancy hunter hat (t)	21261	Cursed hat 1
25831	Fancy hunter hat (t)	21261	Cursed hat 1
25832	Fancy hunter hat (t)	21261	Cursed hat 1
25833	Fancy hunter hat (t)	21261	Cursed hat 1
25834	Fancy hunter hat (t)	21261	Cursed hat 1
25835	Fancy hunter hat (t)	21261	Cursed hat 1
25836	Fancy hunter hat (t)	21261	Cursed hat 1
25837	Fancy hunter hat (t)	21261	Cursed hat 1
25838	Fancy pirate hat	8950	Pirate hat
25839	Fancy pirate hat	8950	Pirate hat
25840	Fancy pirate hat	8950	Pirate hat
25841	Fancy pirate hat	8950	Pirate hat
25842	Fancy pirate hat	8950	Pirate hat
25843	Fancy pirate hat	8950	Pirate hat
25844	Fancy pirate hat	8950	Pirate hat
25845	Fancy pirate hat	8950	Pirate hat
25846	Fancy pirate hat	8950	Pirate hat
25847	Fancy pirate hat	8950	Pirate hat
25848	Fancy pirate hat	8950	Pirate hat
25849	Fancy pirate hat	8950	Pirate hat
25850	Fancy pirate hat	8950	Pirate hat
25851	Fancy pirate hat	8950	Pirate hat
25852	Fancy pirate hat	8950	Pirate hat
25853	Fancy fighter boots	9006	Fighting boots
25854	Fancy fighter boots	9006	Fighting boots
25855	Fancy fighter boots	9006	Fighting boots
25856	Fancy fighter boots	9006	Fighting boots
25857	Fancy fighter boots	9006	Fighting boots
25858	Aether fighter boots	9006	Fighting boots
25859	Fancy fighter boots	9006	Fighting boots
25860	Fancy fighter boots	9006	Fighting boots
25861	Fancy fighter boots	9006	Fighting boots
25862	Fancy fighter boots	9006	Fighting boots
25863	Fancy flippers	6666	Flippers
25864	Fancy flippers	6666	Flippers
25865	Fancy flippers	6666	Flippers
25866	Fancy flippers	6666	Flippers
25867	Fancy flippers	6666	Flippers
25868	Fancy flippers	6666	Flippers
25869	Fancy flippers	6666	Flippers
25870	Fancy flippers	6666	Flippers
25871	Fancy flippers	6666	Flippers
25872	Fancy flippers	6666	Flippers
25873	Abyssal whip (t)	4151	Abyssal whip
25874	Abyssal whip (astral)	4151	Abyssal whip
25875	Abyssal whip (t)	4151	Abyssal whip
25876	Abyssal whip (t)	4151	Abyssal whip
25877	Abyssal whip (t)	4151	Abyssal whip
25878	Abyssal whip (t)	4151	Abyssal whip
25879	Abyssal whip (t)	4151	Abyssal whip
25880	Abyssal whip (t)	4151	Abyssal whip
25881	Abyssal whip (t)	4151	Abyssal whip
25882	Abyssal whip (t)	4151	Abyssal whip
25883	White armadyl godsword	11694	Armadyl godsword
25884	White bandos godsword	11696	Bandos godsword
25885	White saradomin godsword	11698	Saradomin godsword
25886	White zamorak godsword	11700	Zamorak godsword
25887	Black armadyl godsword	11694	Armadyl godsword
25888	Black bandos godsword	11696	Bandos godsword
25889	Black saradomin godsword	11698	Saradomin godsword
25890	Black zamorak godsword	11700	Zamorak godsword
25891	Fancy gnome scarf	9470	Gnome scarf
25892	Fancy gnome scarf	9470	Gnome scarf
25893	Fancy gnome scarf	9470	Gnome scarf
25894	Midnight rain scarf	9470	Gnome scarf
25895	Lumenshine scarf	9470	Gnome scarf
25896	Fancy gnome scarf	9470	Gnome scarf
25897	Fancy gnome scarf	9470	Gnome scarf
25898	Fancy gnome scarf	9470	Gnome scarf
25899	Astral partyhat	1038	Red partyhat
25900	Fancy partyhat	1038	Red partyhat
25901	Fancy partyhat	1038	Red partyhat
25902	Pearlescent partyhat	1038	Red partyhat
25903	Fancy partyhat	1038	Red partyhat
25904	Fancy partyhat	1038	Red partyhat
25905	Oceanic partyhat	1038	Red partyhat
25906	Mistglow partyhat	1038	Red partyhat
25907	Fancy partyhat	1038	Red partyhat
25908	Dragon warhammer (wavetide)	13576	Dragon warhammer
25909	Dragon warhammer (fancy)	13576	Dragon warhammer
25910	Dragon warhammer (fancy)	13576	Dragon warhammer
25911	Dragon warhammer (fancy)	13576	Dragon warhammer
25912	Dragon warhammer (fancy)	13576	Dragon warhammer
25913	Dragon warhammer (fancy)	13576	Dragon warhammer
25914	Dragon warhammer (fancy)	13576	Dragon warhammer
25915	Dragon warhammer (fancy)	13576	Dragon warhammer
25916	TokHaar-kal (aether)	23639	TokHaar-Kal
25917	TokHaar-kal (fancy)	23639	TokHaar-Kal
25918	TokHaar-kal (fancy)	23639	TokHaar-Kal
25919	TokHaar-kal (fancy)	23639	TokHaar-Kal
25920	TokHaar-kal (soulwisp)	23639	TokHaar-Kal
25950	Referral code box	13999	Epic pet mystery box
25951	Vintage point ticket (u)	24263	Vintage point ticket
25952	Dormant $10.00 bond	16000	$5.00 bond
25953	Gilded egg (2023)	21950	Easter egg (treasure)
25954	Malevolent war axe (U)	23057	Malevolent war axe
25955	Sword of sacrifice (despair)	10858	Shadow sword
25956	Sword of sacrifice (hope)	10858	Shadow sword
25957	Sword of sacrifice (rage)	10858	Shadow sword
25958	Sacrificial token	11180	Ancient coin
25959	Icon of sacrifice (rage)	10556	Attacker icon
25960	Icon of sacrifice (hope)	10556	Attacker icon
25961	Icon of sacrifice (despair)	10556	Attacker icon
25963	Mystery chest (u)	8151	Mahogany chest
25964	Prize key (u)	7678	Prize key
25967	Hotspot key scroll II	23636	Hotspot point scroll I
25968	Hotspot point scroll II	23636	Hotspot point scroll I
25969	Glorious bounty cape	6570	Fire cape
25970	Eternal glorious cape	20694	Eternal blood cape
25971	Glorious crown	21704	Champion crown
25972	Lucky upgrade scroll	22892	Dragon upgrade scroll
25973	Point slayer upgrade scroll I	22892	Dragon upgrade scroll
25974	Point slayer upgrade scroll II	22892	Dragon upgrade scroll
25977	Swift bow (t)	22217	Rain bow
25978	Rain cloud death taunt	21941	Tea drinker death taunt
25979	Blood reaper death taunt	21941	Tea drinker death taunt
25980	Fancy flowers	2460	Flowers
25981	Fancy flowers	2460	Flowers
25982	Fancy flowers	2460	Flowers
25983	Fancy flowers	2460	Flowers
25984	Fancy flowers	2460	Flowers
25985	Fancy flowers	2460	Flowers
25986	Aether flowers	2460	Flowers
25987	Fancy flowers	2460	Flowers
25988	Fancy flowers	2460	Flowers
25989	Fancy flowers	2460	Flowers
25990	Fancy flowers	2460	Flowers
25991	Fancy flowers	2460	Flowers
25992	Fancy flowers	2460	Flowers
25993	Fancy flowers	2460	Flowers
25994	Fancy flowers	2460	Flowers
25995	Fancy flowers	2460	Flowers
25996	Fancy flowers	2460	Flowers
25997	Fancy flowers	2460	Flowers
25998	Fancy flowers	2460	Flowers
25999	Fancy flowers	2460	Flowers
26000	Fancy flowers	2460	Flowers
26001	Fancy flowers	2460	Flowers
26002	Cursed out's flowers	2460	Flowers
26003	Fancy flowers	2460	Flowers
26004	Fancy flowers	2460	Flowers
26005	Fancy flowers	2460	Flowers
26006	Fancy flowers	2460	Flowers
26007	Fancy flowers	2460	Flowers
26008	Fancy flowers	2460	Flowers
26009	Fancy flowers	2460	Flowers
26010	Fancy flowers	2460	Flowers
26011	Fancy flowers	2460	Flowers
26012	Fancy flowers	2460	Flowers
26013	Fancy flowers	2460	Flowers
26014	Fancy flowers	2460	Flowers
26015	Fancy flowers	2460	Flowers
26016	Fancy flowers	2460	Flowers
26017	Fancy flowers	2460	Flowers
26018	Fancy flowers	2460	Flowers
26019	Fancy flowers	2460	Flowers
26020	Fancy flowers	2460	Flowers
26021	Fancy lantern	7053	Lit bug lantern
26022	Fancy lantern	7053	Lit bug lantern
26023	Fancy lantern	7053	Lit bug lantern
26024	Fancy lantern	7053	Lit bug lantern
26025	Fancy lantern	7053	Lit bug lantern
26026	Fancy lantern	7053	Lit bug lantern
26027	Fancy lantern	7053	Lit bug lantern
26028	Fancy lantern	7053	Lit bug lantern
26029	Fancy lantern	7053	Lit bug lantern
26030	Fancy lantern	7053	Lit bug lantern
26031	Fancy lantern	7053	Lit bug lantern
26032	Fancy lantern	7053	Lit bug lantern
26033	Fancy lantern	7053	Lit bug lantern
26034	Fancy lantern	7053	Lit bug lantern
26035	Fancy lantern	7053	Lit bug lantern
26036	Aether lantern	7053	Lit bug lantern
26037	Fancy lantern	7053	Lit bug lantern
26038	Cosmetic halo	19433	Zamorak halo
26039	Cosmetic halo	19433	Zamorak halo
26040	Cosmetic halo	19433	Zamorak halo
26041	Cosmetic halo	19433	Zamorak halo
26042	Cosmetic halo	19433	Zamorak halo
26043	Cosmetic halo	19433	Zamorak halo
26044	Cosmetic halo	19433	Zamorak halo
26045	Cosmetic halo	19433	Zamorak halo
26046	Cosmetic halo	19433	Zamorak halo
26047	Pearlescent halo	19433	Zamorak halo
26048	Cosmetic halo	19433	Zamorak halo
26049	Cosmetic halo	19433	Zamorak halo
26050	Cosmetic halo	19433	Zamorak halo
26051	Cosmetic halo	19433	Zamorak halo
26052	Cosmetic halo	19433	Zamorak halo
26053	Cosmetic halo	19433	Zamorak halo
26054	Cosmetic halo	19433	Zamorak halo
26055	Cosmetic halo	19433	Zamorak halo
26056	Cosmetic halo	19433	Zamorak halo
26057	Cosmetic halo	19433	Zamorak halo
26058	Cosmetic halo	19433	Zamorak halo
26059	Fancy tribal top	6351	Tribal top
26060	Fancy tribal top	6351	Tribal top
26061	Fancy tribal top	6351	Tribal top
26062	Fancy tribal top	6351	Tribal top
26063	Fancy tribal top	6351	Tribal top
26064	Fancy tribal top	6351	Tribal top
26065	Fancy tribal top	6351	Tribal top
26066	Fancy tribal top	6351	Tribal top
26067	Fancy tribal top	6351	Tribal top
26068	Fancy tribal top	6351	Tribal top
26069	Fancy tribal top	6351	Tribal top
26070	Fancy tribal top	6351	Tribal top
26071	Fancy tribal top	6351	Tribal top
26072	Fancy tribal top	6351	Tribal top
26073	Fancy tribal top	6351	Tribal top
26074	Boxing gloves (decorative)	7632	Boxing gloves (red)
26075	Boxing gloves (decorative)	7632	Boxing gloves (red)
26076	Boxing gloves (decorative)	7632	Boxing gloves (red)
26077	Boxing gloves (decorative)	7632	Boxing gloves (red)
26078	Boxing gloves (decorative)	7632	Boxing gloves (red)
26079	Boxing gloves (decorative)	7632	Boxing gloves (red)
26080	Boxing gloves (decorative)	7632	Boxing gloves (red)
26081	Boxing gloves (decorative)	7632	Boxing gloves (red)
26082	Boxing gloves (decorative)	7632	Boxing gloves (red)
26083	Boxing gloves (decorative)	7632	Boxing gloves (red)
26084	Boxing gloves (decorative)	7632	Boxing gloves (red)
26085	Boxing gloves (decorative)	7632	Boxing gloves (red)
26086	Boxing gloves (decorative)	7632	Boxing gloves (red)
26087	Boxing gloves (decorative)	7632	Boxing gloves (red)
26088	Boxing gloves (decorative)	7632	Boxing gloves (red)
26100	Luck scroll (u)	22091	Luck scroll
26101	Adventure scroll	22091	Luck scroll
26102	Adventurer casket	405	Casket
26103	Adventurer's whip	4151	Abyssal whip
26104	Point mystery casket	405	Casket
26105	Adventure pet (imp)	9952	Imp
26106	Adventure pet (goblin)	8133	Hobgoblin guard
26107	Adventurer's bag	10878	Starter's goodie bag
26108	Bloodslayer reset scroll (u)	21163	Minigame boost scroll
26109	Item spawning guide	1856	Item spawning guide
26110	Commands guide	292	Loadout spawning guide
26111	Adventurer chest	8151	Mahogany chest
26112	Dailies reset scroll (u)	21163	Minigame boost scroll
26113	Adventure coin	11179	Old coin
26114	Pet fuse box (u)	13999	Epic pet mystery box
26116	Dragon claws (cr)	14484	Dragon claws
26117	Cursed totem	749	Yommi totem
26118	Elite package	8038	Shoe box
26119	Wanderer re-roll scroll	23983	Wanderer insurance scroll
26120	Bounty rewind scroll	23983	Wanderer insurance scroll
26121	Blood slayer robe top	22096	Mythic robe top
26122	Blood slayer robe bottoms	22097	Mythic robe bottoms
26123	Blood slayer platebody	22833	Mythic platebody
26124	Blood slayer greaves	22834	Mythic platelegs
26125	Blood slayer icon	10557	Collector icon
26126	Blood slayer platebody (broken)	26123	Blood slayer platebody
26127	Blood slayer greaves (broken)	26124	Blood slayer greaves
26980	Gold reaper death taunt	21941	Tea drinker death taunt
26981	Monster ticket (u)	24263	Vintage point ticket
26982	Vote boost book (u)	6749	Demonic tome
26983	Dragon boost book (u)	6749	Demonic tome
26984	Revenant boost book (u)	6749	Demonic tome
26985	Deep wild boost book (u)	6749	Demonic tome
26986	Raid boost book (u)	6749	Demonic tome
26987	Golden gift box	6855	Bauble box
26988	Thief's scroll (u)	6798	Champion scroll
26989	Reaver hide	9081	Suqah leather
26990	Reaver mask	8901	Black mask (10)
26992	Cursed impling jar	11238	Baby impling jar
26994	Infernal impling jar	11238	Baby impling jar
26995	Blood butterfly net	11259	Magic butterfly net
26996	Cursed butterfly net	11259	Magic butterfly net
26997	Infernal butterfly net	11259	Magic butterfly net
27004	Zombie head	2460	Flowers
27005	Cyclops head	1053	Green h'ween mask
27008	Pink elegant legs	10394	Flared trousers
27009	Pink elegant shirt	21906	Easter naval shirt
27010	Donator token	22098	Mythic token
27011	Elite token	22098	Mythic token
27012	VIP token	22098	Mythic token
27013	Sponsor token	22098	Mythic token
27014	Cosmic token	22098	Mythic token
27015	Mythic dragon sigil	6747	Demonic sigil mould
27016	Wave extension (7 days)	4183	Star amulet
27017	Superior dzone revs (7 days)	27016	Wave extension (7 days)
27018	Cosmic cape	21083	Sponsor cape
27018	Cosmic cape	22813	Mythic cape
27019	Cosmic hide chaps	25563	Blood slayer hide chaps
27020	Cosmic hide body	25562	Blood slayer hide body
27021	Donator elixir	25623	Spring elixir (2023)
27022	Horn of war	10516	Attacker horn
27023	Horn of wolves	27022	Horn of war
27024	Horn of nightmares	27022	Horn of war
27025	Horn of zaros	27022	Horn of war
27027	Cosmicwyrm sigil	6747	Demonic sigil mould
27028	Cosmic robe bottoms	12880	Battle robe bottom 100
27028	Cosmic robe bottoms	22097	Mythic robe bottoms
27029	Cosmic robe top	12873	Battle robe top 100
27029	Cosmic robe top	22096	Mythic robe top
27030	Blood lava slayer helm	21724	Blood slayer helmet
27031	Blood frost slayer helm	27030	Blood lava slayer helm
27031	Blood frost slayer helm	21724	Blood slayer helmet
27032	Blood earth slayer helm	27030	Blood lava slayer helm
27032	Blood earth slayer helm	21724	Blood slayer helmet
27033	Blood slayer helmet (or)	27030	Blood lava slayer helm
27033	Blood slayer helmet (or)	21724	Blood slayer helmet
27034	Ultimate slayer helmet	21724	Blood slayer helmet
27035	Ultimate slayer helmet (or)	27034	Ultimate slayer helmet
27035	Ultimate slayer helmet (or)	21724	Blood slayer helmet
27036	Blood lava slayer helm (broken)	27030	Blood lava slayer helm
27037	Blood frost slayer helm (broken)	27031	Blood frost slayer helm
27038	Blood earth slayer helm (broken)	27032	Blood earth slayer helm
27039	Ultimate slayer helmet (broken)	27036	Blood lava slayer helm (broken)
27040	Ultimate slayer helmet (or) (broken)	27038	Blood earth slayer helm (broken)
27041	Blood slayer helm (or) (broken)	27033	Blood slayer helmet (or)
27042	Cosmic dye (slayer)	21761	Barrows dye
27043	Cerberus certificate	769	Certificate
27045	Nex soul	27044	Nightmare soul
27046	Dark callisto soul	27044	Nightmare soul
27047	Devious vet'ion soul	27044	Nightmare soul
27048	Vile venenatis soul	27044	Nightmare soul
27049	Blood slayer beast soul	27044	Nightmare soul
27050	Skotizo soul	27044	Nightmare soul
27058	Vampyric essence	690	Broken glass
27059	Xerician essence	690	Broken glass
27060	Pk task bottle (easy)	20477	Task bottle (skill)
27061	Mystery shard	11156	Astral rune shards
27062	Enchanting dust	592	Ashes
27063	Super enchanting dust	592	Ashes
27064	Ultra enchanting dust	592	Ashes
27065	Donator ticket bundle (1k)	6200	Donator mystery box
27066	Donator ticket bundle (5k)	6200	Donator mystery box
27067	Mystery ticket (u)	21676	Mystery ticket
27068	Skotizo soul (enriched)	27044	Nightmare soul
27069	Nex soul (enriched)	27044	Nightmare soul
27070	Pk task scroll (easy)	2677	Clue scroll
27071	Pk task scroll (medium)	27070	Pk task scroll (easy)
27072	Pk task scroll (hard)	27070	Pk task scroll (easy)
27073	Pk task scroll (elite)	27070	Pk task scroll (easy)
27074	Pk task bottle (medium)	27060	Pk task bottle (easy)
27075	Pk task bottle (hard)	27060	Pk task bottle (easy)
27076	Pk task bottle (elite)	27060	Pk task bottle (easy)
27080	Pk task reward (medium)	20471	Pk task reward (easy)
27081	Pk task reward (hard)	20471	Pk task reward (easy)
27082	Pk task reward (elite)	20471	Pk task reward (easy)
27083	Pvm task scroll (easy)	27070	Pk task scroll (easy)
27084	Pvm task scroll (medium)	27083	Pvm task scroll (easy)
27085	Pvm task scroll (hard)	27083	Pvm task scroll (easy)
27086	Pvm task scroll (elite)	27083	Pvm task scroll (easy)
27087	Pvm task bottle (easy)	27060	Pk task bottle (easy)
27088	Pvm task bottle (medium)	27087	Pvm task bottle (easy)
27089	Pvm task bottle (hard)	27087	Pvm task bottle (easy)
27090	Pvm task bottle (elite)	27087	Pvm task bottle (easy)
27095	Pvm task reward (easy)	20471	Pk task reward (easy)
27096	Pvm task reward (medium)	27095	Pvm task reward (easy)
27097	Pvm task reward (hard)	27095	Pvm task reward (easy)
27098	Pvm task reward (elite)	27095	Pvm task reward (easy)
27150	Mysterious map	2376	Skavid map
27151	Cursed treasure map	2376	Skavid map
27152	Cursed treasure	405	Casket
27155	Verdant pendant	87	Armadyl pendant
27156	Verdant ring	4446	Steel key ring
27157	Verdant partyhat	1048	White partyhat
27158	Cursed map token I	717	Scrawled note
27159	Cursed map token II	717	Scrawled note
27160	Cursed map token III	717	Scrawled note
27161	Hunllef soul	27044	Nightmare soul
27162	Hunllef soul (enriched)	27044	Nightmare soul
27163	Infernal kraken soul	27044	Nightmare soul
27164	Infernal kraken soul (enriched)	27044	Nightmare soul
27165	Malevolent barrelchest soul	27044	Nightmare soul
27166	Malevolent barrelchest soul (enriched)	27044	Nightmare soul
27167	Behemoth elemental soul	27044	Nightmare soul
27168	Behemoth elemental soul (enriched)	27044	Nightmare soul
27169	Sotetseg soul	27044	Nightmare soul
27170	Sotetseg soul (enriched)	27044	Nightmare soul
27171	Blood maledictus soul	27044	Nightmare soul
27172	Blood maledictus soul (enriched)	27044	Nightmare soul
27173	Mimic soul	27044	Nightmare soul
27174	Mimic soul (enriched)	27044	Nightmare soul
27175	Superior blood rev soul	27044	Nightmare soul
27176	Superior blood rev soul (enriched)	27044	Nightmare soul
27177	Jungle demon soul	27044	Nightmare soul
27178	Jungle demon soul (enriched)	27044	Nightmare soul
27179	Cosmicwyrm soul	27044	Nightmare soul
27180	Cosmicwyrm soul (enriched)	27044	Nightmare soul
27181	Bloodwyrm soul	27044	Nightmare soul
27182	Bloodwyrm soul (enriched)	27044	Nightmare soul
27183	Soul mystery box	6200	Donator mystery box
27184	Soul mystery chest	14523	Mystery chest
27185	Enriched soul box	6200	Donator mystery box
27186	Enriched soul chest	14523	Mystery chest
27187	Dark callisto soul (enriched)	27044	Nightmare soul
27188	Devious vet'ion soul (enriched)	27044	Nightmare soul
27189	Vile venenatis soul (enriched)	27044	Nightmare soul
27190	Blood slayer beast soul (enriched)	27044	Nightmare soul
27191	Nightmare soul (enriched)	27044	Nightmare soul
27192	Cosmic whip	4151	Abyssal whip
27193	Cosmic blowpipe	12926	Toxic blowpipe
27194	Cosmic trident	11908	Trident of the seas
27195	Imp mask	1053	Green h'ween mask
27196	Goblin mask	1053	Green h'ween mask
27197	Cat mask	1050	Santa hat
27200	Mimic	405	Casket
27202	Ring of nature	2550	Ring of recoil
27203	Gold elegant shirt	21906	Easter naval shirt
27204	Gold elegant legs	10394	Flared trousers
27206	Toxic staff of the dead (or)	12904	Toxic staff of the dead
27207	Briefcase	22913	Wooden shield (g)
27209	Beanie	1050	Santa hat
27210	Monk's robe top (t)	22898	Monk's robe top (g)
27211	Monk's robe (t)	22899	Monk's robe (g)
27212	Black unicorn mask	1053	Green h'ween mask
27213	White unicorn mask	1053	Green h'ween mask
27214	Leprechaun hat	1050	Santa hat
27215	Black leprechaun hat	1050	Santa hat
27216	Wolf cloak	23639	TokHaar-Kal
27217	Wolf mask	1050	Santa hat
27219	3rd age katana	1303	Rune longsword
27220	Verdant spade	952	Spade
27221	Map fragment	1535	Map part
27223	Reaver top	10049	Graahk top
27224	Reaver legs	10047	Graahk legs
27225	Dread bow	4827	Comp ogre bow
27226	Reaver top (i)	10049	Graahk top
27227	Reaver legs (i)	10047	Graahk legs
27228	Blood assembler dye	21761	Barrows dye
27229	Ava's assembler (i) (dyed)	21148	Ava's assembler
27230	Blood infinity bottoms	6924	Infinity bottoms
27231	Blood infinity top	6916	Infinity top
27232	Blood infinity hat	6918	Infinity hat
27233	Ranger boots (purple)	2577	Ranger boots
27234	Ranger boots (red)	2577	Ranger boots
27235	Ranger boots (black)	2577	Ranger boots
27236	Robin hood hat (purple)	2581	Robin hood hat
27237	Robin hood hat (red)	2581	Robin hood hat
27238	Robin hood hat (black)	2581	Robin hood hat
27239	Robin hood hat (reaver)	2581	Robin hood hat
27240	Robin hood hat (reaver) (broken)	27239	Robin hood hat (reaver)
27241	Grand gift box	6855	Bauble box
27242	Basilisk rapier	16955	Primal rapier
27243	Giant anchor	10887	Barrelchest anchor
27244	Anchor ornament kit	19549	Anguish ornament kit
27246	Scroll sack (PvM)	27245	Scroll sack (PK)
27247	Guthix d'hide shield	20484	Twisted buckler
27248	Saradomin d'hide shield	27247	Guthix d'hide shield
27249	Zamorak d'hide shield	27247	Guthix d'hide shield
27250	Ancient d'hide shield	27247	Guthix d'hide shield
27251	Armadyl d'hide shield	27247	Guthix d'hide shield
27252	Bandos d'hide shield	27247	Guthix d'hide shield
27253	Gilded d'hide chaps	2497	Black d'hide chaps
27254	Gilded d'hide body	2503	Black d'hide body
27255	Gilded d'hide vambraces	2491	Black d'hide vamb
27256	Shayzien banner	21629	Enchanted banner
27257	Piscarilius banner	27256	Shayzien banner
27257	Piscarilius banner	21629	Enchanted banner
27258	Lovakengj banner	27256	Shayzien banner
27258	Lovakengj banner	21629	Enchanted banner
27259	Hosidius banner	27256	Shayzien banner
27259	Hosidius banner	21629	Enchanted banner
27260	Arceuus banner	27256	Shayzien banner
27260	Arceuus banner	21629	Enchanted banner
27261	Ring of coins	2550	Ring of recoil
27262	Ring of 3rd age	2550	Ring of recoil
27263	Ring of malevolence	27262	Ring of 3rd age
27263	Ring of malevolence	2550	Ring of recoil
27264	Ring of blood money	27261	Ring of coins
27264	Ring of blood money	2550	Ring of recoil
27265	Guthix d'hide shield (g)	27247	Guthix d'hide shield
27266	Saradomin d'hide shield (g)	27248	Saradomin d'hide shield
27266	Saradomin d'hide shield (g)	27247	Guthix d'hide shield
27267	Zamorak d'hide shield (g)	27249	Zamorak d'hide shield
27267	Zamorak d'hide shield (g)	27247	Guthix d'hide shield
27268	Ancient d'hide shield (g)	27250	Ancient d'hide shield
27268	Ancient d'hide shield (g)	27247	Guthix d'hide shield
27269	Armadyl d'hide shield (g)	27251	Armadyl d'hide shield
27269	Armadyl d'hide shield (g)	27247	Guthix d'hide shield
27270	Bandos d'hide shield (g)	27252	Bandos d'hide shield
27270	Bandos d'hide shield (g)	27247	Guthix d'hide shield
27272	Ghommal's avernic defender	21571	Avernic defender
27281	Crier coat	21906	Easter naval shirt
27282	Crier hat	1050	Santa hat
27283	Climbing boots (g)	3105	Climbing boots
27284	Thieving bag	23639	TokHaar-Kal
27285	Ghommal's defender (broken)	27272	Ghommal's avernic defender
27286	Enchanted blood dye	21761	Barrows dye
27287	Enchanted boots (i) (dyed)	12710	Primordial Boots
27287	Enchanted boots (i) (dyed)	21960	Enchanted boots (i)
27288	Enchanted gloves (i) (dyed)	12860	Swordfish gloves
27288	Enchanted gloves (i) (dyed)	21959	Enchanted gloves (i)
27290	Fusion storm box (limited)	25921	Celestial radiance box (limited)
27291	Bandos tassets (fancy)	11726	Bandos tassets
27292	Bandos chestplate (fancy)	11724	Bandos chestplate
27293	Bandos boots (fancy)	11728	Bandos boots
27294	Flameburst defender (fancy)	17273	Flameburst defender
27295	Fusion storm partyhat	1048	White partyhat
27296	Fusion storm santa hat	1050	Santa hat
27297	Fusion storm h'ween mask	1053	Green h'ween mask
27298	Fusion storm icon	10557	Collector icon
27299	Fusion storm frog mask	10721	Frog mask
27300	Fusion storm demon mask	20032	Jungle demon mask
27301	Oceanic pulse box (limited)	25921	Celestial radiance box (limited)
27302	Founder's box (limited)	25921	Celestial radiance box (limited)
27303	Founder's partyhat	1048	White partyhat
27304	Founder's santa hat	1050	Santa hat
27305	Founder's wizard hat	7394	Wizard hat (g)
27306	Founder's jester hat	10836	Silly jester hat
27308	Founder's rubber chicken	4566	Rubber chicken
27309	Founder's shirt	6388	Desert top
27310	Founder's boots	9005	Fancy boots
27311	Founder's cape	22905	Pure team cape (magic)
27313	Founder's leggings	21905	Easter pirate leggings
27314	Founder's skirt	7386	Blue skirt (g)
27315	Founder's platelegs	2593	Black platelegs (g)
27316	Founder's platebody	2591	Black platebody (g)
27317	Founder's full helm	2595	Black full helm(g)
27318	Founder's gloves	12860	Swordfish gloves
27319	Resvano's ethereal legs	20730	Ethereal legs
27320	Resvano's ethereal torso	20729	Ethereal torso
27321	Resvano's ethereal mask	20549	Ethereal mask
27322	Resvano's ethereal staff	20550	Ethereal staff
27323	Resvano's ethereal cape	21009	Ethereal cape
27324	Resvano's ethereal shield	21008	Ethereal shield
27325	Resvano's ethereal gloves	21131	Ethereal gloves
27326	Resvano's ethereal legs	20730	Ethereal legs
27327	Resvano's ethereal torso	20729	Ethereal torso
27328	Resvano's ethereal mask	20549	Ethereal mask
27329	Resvano's ethereal staff	20550	Ethereal staff
27330	Resvano's ethereal cape	21009	Ethereal cape
27331	Resvano's ethereal shield	21008	Ethereal shield
27332	Resvano's ethereal gloves	21131	Ethereal gloves
27333	Resvano's ethereal legs	20730	Ethereal legs
27334	Resvano's ethereal torso	20729	Ethereal torso
27335	Resvano's ethereal mask	20549	Ethereal mask
27336	Resvano's ethereal staff	20550	Ethereal staff
27337	Resvano's ethereal cape	21009	Ethereal cape
27338	Resvano's ethereal shield	21008	Ethereal shield
27339	Resvano's ethereal gloves	21131	Ethereal gloves
27340	Resvano's evil wolper pet	19382	Giant wolper pet
27341	Resvano's evil wolper pet	19382	Giant wolper pet
27342	Resvano's evil wolper pet	19382	Giant wolper pet
27343	Resvano's ethereal pet	21130	Ethereal pet
27344	Resvano's ethereal pet	21130	Ethereal pet
27345	Resvano's ethereal pet	21130	Ethereal pet
27346	Cosmic helm	22832	Mythic helm
27347	Cosmic platebody	22833	Mythic platebody
27348	Cosmic platelegs	22834	Mythic platelegs
27349	Cosmic armor kit	22838	Mythic armor kit
27350	Cosmic helm (broken)	27346	Cosmic helm
27351	Cosmic platebody (broken)	27347	Cosmic platebody
27352	Cosmic platelegs (broken)	27348	Cosmic platelegs
27353	Wave extension II (7 days)	4183	Star amulet
27354	Zone blood slayer scroll	6798	Champion scroll
27355	Cerberus booster (14 days)	27016	Wave extension (7 days)
27391	Challenge ticket	4067	Donator ticket
27392	Challenge partyhat	1048	White partyhat
27393	Challenge icon	10558	Defender icon
27394	Slayer speed pass	1854	Shantay pass
27395	Daily double pass	1854	Shantay pass
27396	Weekly bonus pass	1854	Shantay pass
27397	Challenge double pass	1854	Shantay pass
27398	Enhanced pet fuse box	13999	Epic pet mystery box
27399	Enhanced pet fuse box (u)	13999	Epic pet mystery box
27400	Enhanced pet fuse box (seasonal)	13999	Epic pet mystery box
27401	Swift bow ornament kit	27218	TSotD ornament kit
27402	Swift bow (or)	22217	Rain bow
27402	Swift bow (or)	22218	Swift bow
27403	Verdant pendant (i)	5521	Binding necklace
27404	Ultra bank boost	7677	Bank boost
27405	Impling catcher	10025	Magic box
27406	Monster hunter c'bow (t1)	8880	Dorgeshuun c'bow
27406	Monster hunter c'bow (t1)	9185	Rune c'bow
27407	Monster hunter c'bow (t2)	8880	Dorgeshuun c'bow
27407	Monster hunter c'bow (t2)	9185	Rune c'bow
27408	Monster hunter c'bow (t3)	8880	Dorgeshuun c'bow
27408	Monster hunter c'bow (t3)	9185	Rune c'bow
27409	Monster hunter c'bow (t4)	8880	Dorgeshuun c'bow
27409	Monster hunter c'bow (t4)	9185	Rune c'bow
27410	Monster hunter c'bow (t5)	8880	Dorgeshuun c'bow
27410	Monster hunter c'bow (t5)	9185	Rune c'bow
27411	Pumpkin lantern (t1)	23948	Polter lantern
27412	Monster remains	3400	Riyl remains
27413	H'ween token (2023)	20995	Kharazi token
27414	Spooky elixir (2023)	731	Enchanted vial
27415	Pumpkin lantern (t2)	27411	Pumpkin lantern (t1)
27415	Pumpkin lantern (t2)	23948	Polter lantern
27416	Pumpkin lantern (t3)	27411	Pumpkin lantern (t1)
27416	Pumpkin lantern (t3)	23948	Polter lantern
27417	Remains crusher	25617	Spring ash crusher
27418	Werewolf pet	13115	Wolf mask
27419	Vampyre pet	4198	Decapitated head
27422	Haunted swift gloves	22362	Swift gloves (black)
27423	Haunted spellcaster gloves	22366	Spellcaster gloves (black)
27424	Haunted goliath gloves	22358	Goliath gloves (black)
27425	H'ween pet voucher (2023)	13149	Book page
27426	Vampyre lord tonic	21912	Pink bunny tonic
27427	Ghoulish icon	10557	Collector icon
27428	H'ween 2023 casket	23955	H'ween vintage casket
27429	Spectral emblem	12756	Mysterious emblem (tier 10)
27430	Spectral emblem (cursed)	12756	Mysterious emblem (tier 10)
27432	Elderblood impling jar	11238	Baby impling jar
27435	Elderblood butterfly net	11259	Magic butterfly net
27436	Imp net (blood)	751	Gnomeball
27437	Imp net (cursed)	751	Gnomeball
27438	Imp net (infernal)	751	Gnomeball
27439	Imp net (elderblood)	751	Gnomeball
27440	Elderblood net piece	303	Small fishing net
27441	Guardian imp pet	9952	Imp
27442	Aetherglow dye (slayer)	21761	Barrows dye
27443	Ultimate slayer helm (aether)	27034	Ultimate slayer helmet
27443	Ultimate slayer helm (aether)	21724	Blood slayer helmet
27444	Ultimate slayer helm (aether) (broken)	27038	Blood earth slayer helm (broken)
27445	NYAN's shadow pet	25606	Crystal of amlodd
27446	James' god pet	25606	Crystal of amlodd
27447	Kellatha's god pet	25606	Crystal of amlodd
27448	Gooby's god pet	25606	Crystal of amlodd
27449	Ascend's god pet	25606	Crystal of amlodd
27450	Bsouth's god pet	25606	Crystal of amlodd
27451	Raiden's god pet	25606	Crystal of amlodd
27452	Scooby's god pet	25606	Crystal of amlodd
27453	Dungeon map	2376	Skavid map
27454	Collection icon 5	24187	Collection icon 4
27456	Hunter elixir (blood slayer)	27455	Hunter elixir (soul shards)
27457	Hunter sigils	4035	10th squad sigil
27458	Impling token	9620	Indigo pentagon
27467	Donor cerberus pet	18450	Cerberus pet
27468	Elite cerberus pet	18450	Cerberus pet
27469	VIP cerberus pet	18450	Cerberus pet
27470	Sponsor cerberus pet	18450	Cerberus pet
27471	Vote boss sigil	7774	Reward token
27472	Vote sigil pouch	5514	Giant pouch
27473	Exotic mystery box	6200	Donator mystery box
27477	Exotic reaver top	10049	Graahk top
27478	Exotic reaver legs	10047	Graahk legs
27479	Wanderer's cloth	8790	Bolt of cloth
27482	Pet fuse key	7678	Prize key
27483	Exotic key	7678	Prize key
27486	Wanderer's boots	22830	Devout boots
27487	Hotspot point lamp	2528	Lamp
27510	Mysterious torn page 1	4809	Torn page
27511	Mysterious torn page 2	27510	Mysterious torn page 1
27512	Mysterious torn page 3	27510	Mysterious torn page 1
27513	Cursed scriptures	11345	Ancient page
27514	Elite prize box	6200	Donator mystery box
27515	VIP prize box	27514	Elite prize box
27516	Sponsor prize box	27514	Elite prize box
27517	Cerberus sigil	27471	Vote boss sigil
27518	Mysterious map (u)	27150	Mysterious map
27519	Elderblood ring (broken)	22949	Elderblood ring
27520	Elderblood ring (i) (broken)	21958	Elderblood ring (i)
27521	Elite shop certificate	693	Level 3 certificate
27522	VIP shop certificate	27521	Elite shop certificate
27523	Sponsor shop certificate	27521	Elite shop certificate
27524	Elderblood ring (i) (broken)	27520	Elderblood ring (i) (broken)
27525	Wanderer's amulet (broken)	23625	Wanderer's amulet
27526	Wanderer's amulet (broken)	27525	Wanderer's amulet (broken)
27527	Wanderer's amulet (i) (broken)	23984	Wanderer's amulet (i)
27528	Wanderer's amulet (i) (broken)	27527	Wanderer's amulet (i) (broken)
27529	Wanderer's ring (broken)	23626	Wanderer's ring
27530	Wanderer's ring (broken)	27529	Wanderer's ring (broken)
27531	Wanderer's ring (i) (broken)	23630	Wanderer's ring (i)
27532	Wanderer's ring (i) (broken)	27531	Wanderer's ring (i) (broken)
27533	Wanderer's boots (broken)	27486	Wanderer's boots
27534	Wanderer's boots (broken)	27533	Wanderer's boots (broken)
27535	Repair extension (7 days)	27016	Wave extension (7 days)
27536	Repair extension II (7 days)	4183	Star amulet
27537	Edgeville scroll	25537	Hotspot glorious scroll
27538	Exotic mystery chest	8151	Mahogany chest
27544	Spring staff (t1)	6526	Toktz-mej-tal
27545	Spring staff (t2)	6526	Toktz-mej-tal
27546	Spring staff (t3)	6526	Toktz-mej-tal
27547	Spring staff (t4)	6526	Toktz-mej-tal
27548	Midnight spring lantern (t1)	4550	Bullseye lantern
27549	Midnight spring lantern (t2)	4550	Bullseye lantern
27550	Midnight spring lantern (t3)	4550	Bullseye lantern
27551	Spring crusher (2025)	233	Pestle and mortar
27552	Spring tiger hat	10039	Kyatt hat
27553	Spring tiger top	10037	Kyatt top
27554	Spring tiger legs	10035	Kyatt legs
27555	Imp net (midnight)	751	Gnomeball
27556	Spring tiger pet	10039	Kyatt hat
27558	Midnight spring partyhat	1048	White partyhat
27559	Midnight spring sled	20738	Frozen sled
27560	Midnight spring icon	24187	Collection icon 4
27561	Pink bunnyman mask	21270	Bunnyman mask
27562	Easter dye 2024	21761	Barrows dye
27568	Spring egg	1944	Egg
27569	Spring token (2024)	20995	Kharazi token
27670	Spring elixir (2024)	731	Enchanted vial
27671	Spring event coin (2024)	22257	H'ween event coin
27672	Spring 2024 casket	3849	Rusty casket
27673	Midnight imp net pack (25)	290	Research package
27674	Midnight butterfly net	11259	Magic butterfly net
27675	Gilded egg (2024)	21950	Easter egg (treasure)
27676	Midnight tiger pet	27556	Spring tiger pet
27677	Fuse box enhancer	20800	Holy shard
27678	Exotic voucher	27425	H'ween pet voucher (2023)
27679	Event hunter token	688	Buttons
27680	Event hunter icon	10559	Healder icon
27681	Summer token (2024)	20995	Kharazi token
27683	Summer event coin (2024)	22257	H'ween event coin
27684	Summer elixir (2024)	27670	Spring elixir (2024)
27685	Summer 2024 casket	3849	Rusty casket
27686	Blunderbuss cannon (t1)	15241	Hand cannon
27687	Blunderbuss cannon (t2)	27686	Blunderbuss cannon (t1)
27688	Blunderbuss cannon (t3)	27686	Blunderbuss cannon (t1)
27689	Blunderbuss cannon (t4)	27686	Blunderbuss cannon (t1)
27691	Tsunami tempoross pet	27690	Tidal tempoross pet
27914	Edge hotspot bonus (30 min)	6798	Champion scroll
27915	Deep hotspot bonus (30 min)	6798	Champion scroll
27916	Mimic dust	9468	Sawdust
27917	Impling box	6200	Donator mystery box
27918	Wavetide kodai wand	20486	Kodai wand
27919	Super vote boost book (u)	6749	Demonic tome
27920	Summer crusher (2025)	233	Pestle and mortar
27922	Summer elixir (2025)	27670	Spring elixir (2024)
27924	Glorious statuette scroll	25537	Hotspot glorious scroll
27926	Summer emblem	12756	Mysterious emblem (tier 10)
27927	Summer emblem (cursed)	12756	Mysterious emblem (tier 10)
27938	Helmet of the moon	1053	Green h'ween mask
28035	Golden prize ticket (u)	24171	Prize ticket (u)
28036	Diamond gift box	6855	Bauble box
28043	Helmet of the dark moon	27938	Helmet of the moon
28043	Helmet of the dark moon	1053	Green h'ween mask
28044	Cursed void top	21107	Cursed void top
28045	Cursed void robe	21108	Cursed void robe
28046	Cursed void top (dyed)	24072	Cursed void top (dyed)
28047	Cursed void robe (dyed)	24073	Cursed void robe (dyed)
28048	Gladiator khopesh	27946	null
28049	null	27946	null
28050	Fuse box enhancer (u)	27677	Fuse box enhancer
28067	Radiant oathplate helm (dark)	27936	Radiant oathplate helm
28068	Radiant oathplate chest (dark)	27935	Radiant oathplate chest
28069	Radiant oathplate legs (dark)	27934	Radiant oathplate legs
28070	Radiant oathplate helm (ice)	27936	Radiant oathplate helm
28071	Radiant oathplate chest (ice)	27935	Radiant oathplate chest
28072	Radiant oathplate legs (ice)	27934	Radiant oathplate legs
28073	Radiant oathplate helm (fire)	27936	Radiant oathplate helm
28074	Radiant oathplate chest (fire)	27935	Radiant oathplate chest
28075	Radiant oathplate legs (fire)	27934	Radiant oathplate legs
28076	Radiant ice dye	1763	Red dye
28077	Radiant fire dye	1763	Red dye
28078	Radiant dark dye	1763	Red dye
28079	Crown of victory	21704	Champion crown
28080	Victory icon	10559	Healder icon
28081	Not your average bunny mask	27561	Pink bunnyman mask
28081	Not your average bunny mask	1053	Green h'ween mask
28082	Not your average bunny mask	27561	Pink bunnyman mask
28082	Not your average bunny mask	1053	Green h'ween mask
28084	Yama's axe	28011	Dragon battleaxe (cr)
28085	Proto pet A	25606	Crystal of amlodd
28086	Proto pet B	25606	Crystal of amlodd
28087	Proto pet C	25606	Crystal of amlodd
28088	Proto pet D	25606	Crystal of amlodd
28089	Proto pet E	25606	Crystal of amlodd
28090	Proto pet F	25606	Crystal of amlodd
28091	Proto pet G	25606	Crystal of amlodd
28092	Proto pet H	25606	Crystal of amlodd
28093	Proto pet I	25606	Crystal of amlodd
28094	Proto pet J	25606	Crystal of amlodd
28095	Nate proto pet	25606	Crystal of amlodd
28096	Spooky token bundle (2025)	14480	Herblore ingredient pack
28097	Vintage trinket box (hween)	7959	Heavy box
28098	Hween crusher (2025)	233	Pestle and mortar
28099	Hween elixir (2025)	27670	Spring elixir (2024)
28100	Grand Hween casket (2025)	28864	Grand spring casket (2025)
28101	H'ween token (2025)	27681	Summer token (2024)
28102	H'ween event coin (2025)	27683	Summer event coin (2024)
28103	Haunted skull	964	Skull
28104	Spooky dragon mask	1053	Green h'ween mask
28105	Ghoulish partyhat	11864	Rainbow partyhat
28105	Ghoulish partyhat	1050	Santa hat
28106	Ghoulish dragon mask	28104	Spooky dragon mask
28106	Ghoulish dragon mask	1053	Green h'ween mask
28107	Ghoulish jad plush	27564	Midnight spring jad plush
28108	Spooky jad plush	27564	Midnight spring jad plush
28109	Spooky emblem	12756	Mysterious emblem (tier 10)
28110	Spooky emblem (cursed)	12756	Mysterious emblem (tier 10)
28113	Beginner primal maul	16425	Primal maul
28114	Beginner primal 2h sword	16909	Primal 2h sword
28115	Beginner korasi's sword	15135	Korasi's sword
28117	Edge supply crate (anglerfish)	28116	Edge supply crate (rocktail)
28119	Fused collection gloves (i)	24191	Fused collection gloves
28119	Fused collection gloves (i)	21959	Enchanted gloves (i)
28121	Fight credits (wins)	5020	Minecart ticket
28122	Fight credits (loss)	28121	Fight credits (wins)
28123	Grand treasure voucher	972	Papyrus
28124	Edge supply crate (angler range)	28117	Edge supply crate (anglerfish)
28128	Festive winter scarf	1731	Amulet of power
28129	Dog boots	3105	Climbing boots
28130	Dog disguise	1053	Green h'ween mask
28131	Present box hat	1053	Green h'ween mask
28132	Frozen emblem	12756	Mysterious emblem (tier 10)
28133	Frozen emblem (cursed)	12756	Mysterious emblem (tier 10)
28134	Frozen token bundle (2025)	14480	Herblore ingredient pack
28135	Vintage trinket box (winter)	7959	Heavy box
28136	Winter crusher (2025)	233	Pestle and mortar
28137	Winter elixir (2025)	27670	Spring elixir (2024)
28138	Grand winter casket (2025)	28864	Grand spring casket (2025)
28139	Winter token (2025)	27681	Summer token (2024)
28140	Winter event coin (2025)	27683	Summer event coin (2024)
28141	Forest santa hat	1050	Santa hat
28142	Tundra santa hat	1050	Santa hat
28143	Blizzard santa hat	1050	Santa hat
28144	Forest icon	10557	Collector icon
28145	Tundra icon	10557	Collector icon
28147	Essence of winter	964	Skull
28149	Dragon defender (cr)	20532	Dragon defender (t)
28149	Dragon defender (cr)	17273	Flameburst defender
28150	Festive korasi's sword	15135	Korasi's sword
28151	Dragon candle dagger	5698	Drag dagger(p++)
28152	(Cosmetic) Candle dagger	7960	Empty box
28153	Grand treasure (fuse box unlock)	28123	Grand treasure voucher
28154	Frosty zaryte bow	14990	Zaryte bow
28161	Spring crusher (2026)	233	Pestle and mortar
28162	Spring elixir (2026)	27670	Spring elixir (2024)
28163	Grand spring casket (2026)	28864	Grand spring casket (2025)
28164	Spring token (2026)	27681	Summer token (2024)
28165	Spring event coin (2026)	27683	Summer event coin (2024)
28166	Spring acorns	5251	null
28168	Purple bunnyman mask	21270	Bunnyman mask
28168	Purple bunnyman mask	27561	Pink bunnyman mask
28169	Blue bunnyman mask	21270	Bunnyman mask
28169	Blue bunnyman mask	27561	Pink bunnyman mask
28170	Springbloom icon	10557	Collector icon
28171	Springbloom partyhat	11864	Rainbow partyhat
28171	Springbloom partyhat	1050	Santa hat
28172	Carrot costume tights	13893	Vesta's plateskirt
28173	Carrot costume body	13887	Vesta's chainbody
28174	Carrot costume hat	10828	Helm of neitiznot
28175	Carrot costume gloves	7462	Barrows gloves
28176	Carrot sword	13899	Vesta's longsword
28180	Spring emblem 2026	12756	Mysterious emblem (tier 10)
28181	Spring emblem 2026 (cursed)	12756	Mysterious emblem (tier 10)
28182	Spring bundle (2026)	14480	Herblore ingredient pack
28183	Vintage trinket box (spring)	7959	Heavy box
28184	Egg death taunt	21941	Tea drinker death taunt
28186	Spring bloom dye	21761	Barrows dye
28187	Ursine chainmace (dyed)	25555	Ursine chainmace
28188	Webweaver bow (dyed)	25557	Webweaver bow
28189	Accursed sceptre (dyed)	25559	Accursed sceptre
28190	Soul mystery ticket	21676	Mystery ticket
28191	Blood diamond boost voucher	6949	A magic scroll
28192	Bloodcore boost voucher	6949	A magic scroll
28193	Bloodchanting boost voucher	6949	A magic scroll
28500	Affliction tome	6749	Demonic tome
28509	Masori assembler	21148	Ava's assembler
28515	Masori assembler (i)	28509	Masori assembler
28515	Masori assembler (i)	22116	Ava's assembler (i)
28516	Masori crossbow	24155	Zaryte crossbow
28517	Twisted catalyst	744	Heart crystal
28518	Xerician heart	21092	Twisted heart
28520	Xerician blessing	27026	Sponsor blessing
28521	Vampyric blessing	27026	Sponsor blessing
28522	Verzik's pages	4573	Pages
28523	Verzik's tome	21849	Siren tome
28525	Scythe of sanguinesti	21566	Scythe of vitur
28526	Scythe of bloodrend	28525	Scythe of sanguinesti
28527	Amascut blessing	27026	Sponsor blessing
28529	Elder raid luck scroll	28528	Elder raid damage scroll
28535	Relic of amascut	21013	Cursed relic
28540	Amascut casket	8151	Mahogany chest
28546	Amascut essence	690	Broken glass
28549	Crest masori mask (blood)	28505	Crest masori mask
28550	Crest masori body (blood)	28506	Crest masori body
28551	Crest masori chaps (blood)	28507	Crest masori chaps
28552	Amascut voucher	769	Certificate
28553	Summer crusher (2026)	233	Pestle and mortar
28556	Summer elixir (2026)	27670	Spring elixir (2024)
28557	Grand summer casket (2026)	28864	Grand spring casket (2025)
28558	Summer token (2026)	27681	Summer token (2024)
28559	Summer event coin (2026)	27683	Summer event coin (2024)
28560	Summer bundle (2026)	14480	Herblore ingredient pack
28561	Summer solar gem	28167	Springbloom gem
28564	Wavesurfer dye	21761	Barrows dye
28565	Osmumten's fang (or) (dyed)	28548	Osmumten's fang (or)
28566	Tumeken's shadow (i) (dyed)	28539	Tumeken's shadow (i)
28568	Summer emblem 2026	27926	Summer emblem
28569	Summer emblem 2026 (cursed)	27927	Summer emblem (cursed)
28571	Balmung upgrade scroll	14100	Yell tag scroll
28580	Araxxor teleport	6798	Champion scroll
28582	Dark araxxor pet	28581	Araxxor pet
28583	Araxyte boots	27932	Aranea boots
28584	Noxious halberd (i)	27928	Noxious halberd
28585	Noxious shadowrend dagger	27481	Shadowrend dagger
28586	Noxious twisted bow	20483	Twisted bow
28587	Noxious trident	12899	Trident of the swamp
28589	Araxyte unlock scroll	14100	Yell tag scroll
28590	Blood slayer wisdom scroll	11681	Scrap paper
28591	Blood slayer fortune scroll	11681	Scrap paper
28592	Blood slayer might scroll	11681	Scrap paper
28593	Blood slayer mystery scroll	11681	Scrap paper
28594	Araxyte relic	21729	Blood relic
28595	Cursed energy	28803	Essence of wonder
28596	Cursed vigour ring	19669	Ring of vigour
28597	Dark cursed halo	25971	Glorious crown
28598	Araxyte egg	10531	Green egg
28599	Dark araxxor dye	21761	Barrows dye
28600	Araxyte boots (dark)	28583	Araxyte boots
28601	Noxious halberd (i) (dark)	28584	Noxious halberd (i)
28602	Noxious shadowrend dagger (dark)	28585	Noxious shadowrend dagger
28603	Noxious twisted bow (dark)	28586	Noxious twisted bow
28604	Noxious trident (dark)	28587	Noxious trident
28605	Araxyte slayer helmet (dark)	27970	Araxyte slayer helmet
28606	Araxxor teleport pack (50)	28562	Solar gem pack (50)
28607	Glorious blood orb	1484	Cursed blood orb
28692	Infernal tempoross pet	27690	Tidal tempoross pet
28693	Pirate's hook (t1)	2997	Pirate's hook
28693	Pirate's hook (t1)	1059	Leather gloves
28694	Pirate's hook (t2)	2997	Pirate's hook
28694	Pirate's hook (t2)	1059	Leather gloves
28695	Pirate's hook (t3)	2997	Pirate's hook
28695	Pirate's hook (t3)	1059	Leather gloves
28696	Summer crusher (2024)	233	Pestle and mortar
28697	Vintage trinket box (summer)	7959	Heavy box
28698	Gilded claw hook	8929	Crabclaw hook
28698	Gilded claw hook	22358	Goliath gloves (black)
28699	Giant parrot	21773	Jolly parrot
28699	Giant parrot	25522	Harvest parrot
28700	Pirate foot peg	1061	Leather boots
28701	Wanderer's boots (e)	22830	Devout boots
28701	Wanderer's boots (e)	27486	Wanderer's boots
28702	Wanderer's boots (e) (broken)	27486	Wanderer's boots
28703	Wanderer's boots (e) (broken)	27486	Wanderer's boots
28704	Exotic stone	1631	Uncut dragonstone
28705	Task master contact orb	9681	Commorb v2
28706	Crestbearer platelegs (dyed)	23143	Crestbearer platelegs
28707	Crestbearer platebody (dyed)	23142	Crestbearer platebody
28708	Crestbearer helmet (dyed)	23141	Crestbearer helmet
28709	Crestbearer robe bottom (dyed)	22107	Crestbearer robe bottom
28710	Crestbearer robe top (dyed)	22106	Crestbearer robe top
28711	Crestbearer hat (dyed)	22105	Crestbearer hat
28712	Blood totem lantern (dyed)	24095	Blood totem lantern
28713	Blood crestbearer dye	27286	Enchanted blood dye
28714	Staff bomb	751	Gnomeball
28715	Charmed lantern dye	27286	Enchanted blood dye
28716	Collection blessing 1	27026	Sponsor blessing
28717	Collection blessing 2	27026	Sponsor blessing
28718	Collection blessing 3	27026	Sponsor blessing
28719	Collection blessing 4	27026	Sponsor blessing
28720	Collection blessing 5	27026	Sponsor blessing
28730	Limitbreak death pet	25103	Death pet
28732	Gladiator dagger	10584	Keris(p++)
28735	Gladiator tokens (dormant)	28731	Gladiator tokens
28736	Scroll of fortuity	19022	Deep Wild III Scroll
28737	Gladiator casket	22148	H'ween 2020 casket
28755	Exotic prize key	7678	Prize key
28756	Impling ether	235	Unicorn horn dust
28757	Rare unique	6823	Star bauble
28758	Impling goggles	25521	Harvest icon
28759	Impling cannon	25521	Harvest icon
28760	Impling hunter kit	28759	Impling cannon
28760	Impling hunter kit	25521	Harvest icon
28761	Lucky upgrade scroll II	22892	Dragon upgrade scroll
28763	Nightwinter token (2024)	24213	Nightwinter token (2022)
28764	Nightwinter elixir (2024)	24229	Nightwinter elixir (2022)
28765	Mint chocolate	6794	Choc-ice
28766	Nightwinter event coin (2024)	24228	Nightwinter event coin (2022)
28767	Nightwinter 2024 casket	24234	Nightwinter vintage casket
28768	Witch hat	13864	Zuriel's hood
28769	Witch top	13858	Zuriel's robe top
28770	Witch robes	13861	Zuriel's robe bottom
28771	Witch cape	23110	Enchanted saradomin cape
28772	Snowman ring	23031	Easter ring
28773	Festive nutcracker boots	11732	Dragon boots
28774	Festive nutcracker hat	1050	Santa hat
28775	Festive nutcracker trousers	542	Monk's robe
28776	Festive nutcracker top	544	Monk's robe
28777	Sweet nutcracker boots	11732	Dragon boots
28778	Sweet nutcracker hat	1050	Santa hat
28779	Sweet nutcracker trousers	542	Monk's robe
28780	Sweet nutcracker top	544	Monk's robe
28782	Nutcracker staff (t2)	28781	Nutcracker staff (t1)
28783	Nutcracker staff (t3)	28781	Nutcracker staff (t1)
28784	Nutcracker staff (t4)	28782	Nutcracker staff (t2)
28784	Nutcracker staff (t4)	28781	Nutcracker staff (t1)
28785	Gingerbread shield (t1)	27548	Midnight spring lantern (t1)
28786	Gingerbread shield (t2)	27548	Midnight spring lantern (t1)
28787	Gingerbread shield (t3)	27548	Midnight spring lantern (t1)
28788	Nightwinter crusher (2024)	233	Pestle and mortar
28789	Mystery ticket (event)	21676	Mystery ticket
28790	Festive emblem (cursed)	12756	Mysterious emblem (tier 10)
28791	Festive emblem	27429	Spectral emblem
28792	Vintage trinket box (nightwinter)	7959	Heavy box
28796	Sack of coal	6570	Fire cape
28797	Haunted wine bottle	1337	Bronze warhammer
28798	Snowglobe helmet	1053	Green h'ween mask
28799	Dark snowglobe helmet	28798	Snowglobe helmet
28799	Dark snowglobe helmet	1053	Green h'ween mask
28800	Festive crown	1050	Santa hat
28801	Dark festive crown	28800	Festive crown
28801	Dark festive crown	1050	Santa hat
28802	Giant boulder	8871	Crate with zanik
28803	Essence of wonder	690	Broken glass
28804	Wonderous reward box	6200	Donator mystery box
28805	Wonderous halo	19433	Zamorak halo
28805	Wonderous halo	21677	Blood halo
28806	Wonderous icon	10557	Collector icon
28812	Wanderer's pass	1854	Shantay pass
28813	Infinite money bag	23639	TokHaar-Kal
28814	Scarf of goodwill	6585	Amulet of fury
28817	Promo lamp (t1)	2528	Lamp
28818	Promo lamp (t2)	2528	Lamp
28819	Promo lamp (t3)	2528	Lamp
28820	Promo lamp (t1) (event)	28817	Promo lamp (t1)
28821	Promo lamp (t2) (event)	28818	Promo lamp (t2)
28822	Promo lamp (t3) (event)	28819	Promo lamp (t3)
28824	Doppelganger dye (wonderous)	1763	Red dye
28825	Bond casket and key	298	A key
28827	Wonderous halo (broken)	28805	Wonderous halo
28830	Wonderous candle	32	Lit black candle
28831	Wonderous totem lantern	24095	Blood totem lantern
28833	Shimmering stone	1631	Uncut dragonstone
28834	Spawner boost (7 days)	4183	Star amulet
28835	Spawner boost II (7 days)	4183	Star amulet
28836	Adventure unlock scroll	12626	Test paper
28837	Cursed morrigan's javelin	13879	Morrigan's javelin
28838	Mystic armadyl orb	6635	Commorb
28840	Tainted crossbow string	9438	Crossbow string
28841	Cursed balmung	21073	Balmung
28842	Tainted ancient c'bow	22888	Ancient crossbow
28845	Shard of war	24154	Nihil shard
28846	Grand warmaster casket	22148	H'ween 2020 casket
28849	Malice blood dragon pet	12475	Hatchling dragon
28857	Infernal claws	28808	Burning claws
28858	Emberlight (i)	28809	Emberlight
28859	Purging staff (i)	28811	Purging staff
28860	Scorching bow (i)	28810	Scorching bow
28861	Spring token (2025)	20995	Kharazi token
28862	Spring elixir (2025)	731	Enchanted vial
28863	Spring event coin (2025)	22257	H'ween event coin
28864	Grand spring casket (2025)	3849	Rusty casket
28865	Spring emblem	12756	Mysterious emblem (tier 10)
28866	Spring emblem (cursed)	12756	Mysterious emblem (tier 10)
28867	Dark spring goggles	25521	Harvest icon
28868	Easter goggles	25521	Harvest icon
28873	Crestbearer hide chaps (dyed)	28870	Crestbearer hide chaps
28874	Crestbearer hide body (dyed)	28871	Crestbearer hide body
28875	Crestbearer hide coif (dyed)	28872	Crestbearer hide coif
28876	Ninja shoulder monkey	22252	Shoulder monkey
28877	Propeller hat	1050	Santa hat
28878	Gnome child plush	1171	Wooden shield
28879	Gnome child backpack	23639	TokHaar-Kal
28892	Wavetide shard	4614	Broken plate
28893	Wavetide sigil	4613	Spinning plate
28894	Grand summer casket (2025)	28864	Grand spring casket (2025)
28895	Summer token (2025)	27681	Summer token (2024)
28896	Summer event coin (2025)	27683	Summer event coin (2024)
28897	Volcanic sand	1783	Bucket of sand
28898	Tropical partyhat	11864	Rainbow partyhat
28898	Tropical partyhat	1050	Santa hat
28899	Wavesurfer santa hat	1050	Santa hat
28900	Magma chef hat	1949	Chef's hat
28901	Magma apron	1005	White apron
28902	Ocean bucket helm	20059	Bucket helm (g)
28903	Magma bucket helm	20059	Bucket helm (g)
28904	Wavesurfer goggles	25521	Harvest icon
28910	Revenant relic	1857	Totem
28911	Revenant slayer helmet	20558	Fused slayer helmet
28912	PvP mystery chest	8151	Mahogany chest
