region_id	region_x	region_y	world_x0	world_y0	name	group	classification	evidence	map_present	land_present	terrain_parse_ok	object_parse_ok	placements	travel_object_placements	usage_status	usage_rationale
5771	22	139	1408	8896			SPAWNPK_STATIC_EVIDENCE	CLIENT_HARDCODED_REGION_PATCH;O_BIN_CUSTOM_OBJECT_PLACEMENTS	True	True	True	True	3284	0	CLIENT_HARDCODED_REGION	Exact client applies a region mapping patch; live reachability not proven by this fact alone
5772	22	140	1408	8960			SPAWNPK_STATIC_EVIDENCE	CLIENT_HARDCODED_REGION_PATCH;O_BIN_CUSTOM_OBJECT_PLACEMENTS	True	True	True	True	1577	0	CLIENT_HARDCODED_REGION	Exact client applies a region mapping patch; live reachability not proven by this fact alone
5956	23	68	1472	4352			SPAWNPK_STATIC_EVIDENCE	CLIENT_HARDCODED_REGION_PATCH;O_BIN_CUSTOM_OBJECT_PLACEMENTS	True	True	True	True	1344	0	CLIENT_HARDCODED_REGION	Exact client applies a region mapping patch; live reachability not proven by this fact alone
6234	24	90	1536	5760			CACHE_PRESENT_UNCLASSIFIED		True	True	True	True	0	0	CACHE_ONLY_UNCONFIRMED	Present in current cache/index but no direct SpawnPK usage evidence in this static pass
6473	25	73	1600	4672			CACHE_PRESENT_UNCLASSIFIED		True	True	True	True	0	0	CACHE_ONLY_UNCONFIRMED	Present in current cache/index but no direct SpawnPK usage evidence in this static pass
6475	25	75	1600	4800			CACHE_PRESENT_UNCLASSIFIED		True	True	True	True	1071	0	CACHE_ONLY_UNCONFIRMED	Present in current cache/index but no direct SpawnPK usage evidence in this static pass
6480	25	80	1600	5120			SPAWNPK_STATIC_EVIDENCE	CLIENT_HARDCODED_REGION_PATCH;O_BIN_CUSTOM_OBJECT_PLACEMENTS	True	True	True	True	5625	0	CLIENT_HARDCODED_REGION	Exact client applies a region mapping patch; live reachability not proven by this fact alone
6481	25	81	1600	5184			SPAWNPK_STATIC_EVIDENCE	CLIENT_HARDCODED_REGION_PATCH;O_BIN_CUSTOM_OBJECT_PLACEMENTS	True	True	True	True	4542	0	CLIENT_HARDCODED_REGION	Exact client applies a region mapping patch; live reachability not proven by this fact alone
6483	25	83	1600	5312			CACHE_PRESENT_UNCLASSIFIED		False	False	False	False	0	0	CACHE_ONLY_UNCONFIRMED	Present in current cache/index but no direct SpawnPK usage evidence in this static pass
6487	25	87	1600	5568			CACHE_PRESENT_UNCLASSIFIED		True	True	True	True	4217	0	CACHE_ONLY_UNCONFIRMED	Present in current cache/index but no direct SpawnPK usage evidence in this static pass
6488	25	88	1600	5632			CACHE_PRESENT_UNCLASSIFIED		True	True	True	True	4376	0	CACHE_ONLY_UNCONFIRMED	Present in current cache/index but no direct SpawnPK usage evidence in this static pass
6489	25	89	1600	5696			CACHE_PRESENT_UNCLASSIFIED		True	True	True	True	4299	0	CACHE_ONLY_UNCONFIRMED	Present in current cache/index but no direct SpawnPK usage evidence in this static pass
6722	26	66	1664	4224			CACHE_PRESENT_UNCLASSIFIED		True	True	True	True	0	0	CACHE_ONLY_UNCONFIRMED	Present in current cache/index but no direct SpawnPK usage evidence in this static pass
6725	26	69	1664	4416			CACHE_PRESENT_UNCLASSIFIED		True	True	True	True	0	0	CACHE_ONLY_UNCONFIRMED	Present in current cache/index but no direct SpawnPK usage evidence in this static pass
6726	26	70	1664	4480			CACHE_PRESENT_UNCLASSIFIED		True	True	True	True	0	0	CACHE_ONLY_UNCONFIRMED	Present in current cache/index but no direct SpawnPK usage evidence in this static pass
6731	26	75	1664	4800			CACHE_PRESENT_UNCLASSIFIED		True	True	True	True	0	0	CACHE_ONLY_UNCONFIRMED	Present in current cache/index but no direct SpawnPK usage evidence in this static pass
6738	26	82	1664	5248			CACHE_PRESENT_UNCLASSIFIED		False	False	False	False	0	0	CACHE_ONLY_UNCONFIRMED	Present in current cache/index but no direct SpawnPK usage evidence in this static pass
6741	26	85	1664	5440			CACHE_PRESENT_UNCLASSIFIED		True	True	True	True	0	0	CACHE_ONLY_UNCONFIRMED	Present in current cache/index but no direct SpawnPK usage evidence in this static pass
6743	26	87	1664	5568			CACHE_PRESENT_UNCLASSIFIED		True	True	True	True	4062	0	CACHE_ONLY_UNCONFIRMED	Present in current cache/index but no direct SpawnPK usage evidence in this static pass
6744	26	88	1664	5632			CACHE_PRESENT_UNCLASSIFIED		True	True	True	True	4312	0	CACHE_ONLY_UNCONFIRMED	Present in current cache/index but no direct SpawnPK usage evidence in this static pass
6745	26	89	1664	5696			CACHE_PRESENT_UNCLASSIFIED		True	True	True	True	4289	0	CACHE_ONLY_UNCONFIRMED	Present in current cache/index but no direct SpawnPK usage evidence in this static pass
6810	26	154	1664	9856			SPAWNPK_STATIC_EVIDENCE	CLIENT_HARDCODED_REGION_PATCH	True	True	True	True	4318	0	CLIENT_HARDCODED_REGION	Exact client applies a region mapping patch; live reachability not proven by this fact alone
6985	27	73	1728	4672			CACHE_PRESENT_UNCLASSIFIED		True	True	True	True	0	0	CACHE_ONLY_UNCONFIRMED	Present in current cache/index but no direct SpawnPK usage evidence in this static pass
6989	27	77	1728	4928			CACHE_PRESENT_UNCLASSIFIED		True	True	True	True	0	0	CACHE_ONLY_UNCONFIRMED	Present in current cache/index but no direct SpawnPK usage evidence in this static pass
6991	27	79	1728	5056			SPAWNPK_STATIC_EVIDENCE	O_BIN_CUSTOM_OBJECT_PLACEMENTS	True	True	True	True	1772	0	CUSTOMIZED_CACHE_ONLY_UNCONFIRMED	Cache region contains object IDs customized by o.bin; this does not by itself prove production reachability
6992	27	80	1728	5120			CACHE_PRESENT_UNCLASSIFIED		True	True	True	True	5224	0	CACHE_ONLY_UNCONFIRMED	Present in current cache/index but no direct SpawnPK usage evidence in this static pass
6993	27	81	1728	5184			CACHE_PRESENT_UNCLASSIFIED		True	True	True	True	4719	0	CACHE_ONLY_UNCONFIRMED	Present in current cache/index but no direct SpawnPK usage evidence in this static pass
6994	27	82	1728	5248			CACHE_PRESENT_UNCLASSIFIED		False	False	False	False	0	0	CACHE_ONLY_UNCONFIRMED	Present in current cache/index but no direct SpawnPK usage evidence in this static pass
6995	27	83	1728	5312			CACHE_PRESENT_UNCLASSIFIED		True	True	True	True	6477	0	CACHE_ONLY_UNCONFIRMED	Present in current cache/index but no direct SpawnPK usage evidence in this static pass
7001	27	89	1728	5696			CACHE_PRESENT_UNCLASSIFIED		True	True	True	True	4621	0	CACHE_ONLY_UNCONFIRMED	Present in current cache/index but no direct SpawnPK usage evidence in this static pass
7234	28	66	1792	4224			CACHE_PRESENT_UNCLASSIFIED		True	True	True	True	0	0	CACHE_ONLY_UNCONFIRMED	Present in current cache/index but no direct SpawnPK usage evidence in this static pass
7236	28	68	1792	4352			CACHE_PRESENT_UNCLASSIFIED		True	True	True	True	5487	0	CACHE_ONLY_UNCONFIRMED	Present in current cache/index but no direct SpawnPK usage evidence in this static pass
7238	28	70	1792	4480			CACHE_PRESENT_UNCLASSIFIED		True	True	True	True	228	0	CACHE_ONLY_UNCONFIRMED	Present in current cache/index but no direct SpawnPK usage evidence in this static pass
7243	28	75	1792	4800			CACHE_PRESENT_UNCLASSIFIED		True	True	True	True	577	0	CACHE_ONLY_UNCONFIRMED	Present in current cache/index but no direct SpawnPK usage evidence in this static pass
7244	28	76	1792	4864			CACHE_PRESENT_UNCLASSIFIED		True	True	True	True	0	0	CACHE_ONLY_UNCONFIRMED	Present in current cache/index but no direct SpawnPK usage evidence in this static pass
7247	28	79	1792	5056			SPAWNPK_STATIC_EVIDENCE	O_BIN_CUSTOM_OBJECT_PLACEMENTS	True	True	True	True	1024	0	CUSTOMIZED_CACHE_ONLY_UNCONFIRMED	Cache region contains object IDs customized by o.bin; this does not by itself prove production reachability
7248	28	80	1792	5120			SPAWNPK_STATIC_EVIDENCE	O_BIN_CUSTOM_OBJECT_PLACEMENTS	True	True	True	True	1088	0	CUSTOMIZED_CACHE_ONLY_UNCONFIRMED	Cache region contains object IDs customized by o.bin; this does not by itself prove production reachability
7249	28	81	1792	5184			CACHE_PRESENT_UNCLASSIFIED		True	True	True	True	506	0	CACHE_ONLY_UNCONFIRMED	Present in current cache/index but no direct SpawnPK usage evidence in this static pass
7250	28	82	1792	5248			CACHE_PRESENT_UNCLASSIFIED		False	False	False	False	0	0	CACHE_ONLY_UNCONFIRMED	Present in current cache/index but no direct SpawnPK usage evidence in this static pass
7490	29	66	1856	4224			CACHE_PRESENT_UNCLASSIFIED		True	True	True	True	0	0	CACHE_ONLY_UNCONFIRMED	Present in current cache/index but no direct SpawnPK usage evidence in this static pass
7492	29	68	1856	4352			CACHE_PRESENT_UNCLASSIFIED		True	True	True	True	3012	0	CACHE_ONLY_UNCONFIRMED	Present in current cache/index but no direct SpawnPK usage evidence in this static pass
7494	29	70	1856	4480			CACHE_PRESENT_UNCLASSIFIED		True	True	True	True	912	0	CACHE_ONLY_UNCONFIRMED	Present in current cache/index but no direct SpawnPK usage evidence in this static pass
7496	29	72	1856	4608			CACHE_PRESENT_UNCLASSIFIED		True	True	True	True	9700	0	CACHE_ONLY_UNCONFIRMED	Present in current cache/index but no direct SpawnPK usage evidence in this static pass
7499	29	75	1856	4800			SPAWNPK_STATIC_EVIDENCE	O_BIN_CUSTOM_OBJECT_PLACEMENTS	True	True	True	True	3347	0	CUSTOMIZED_CACHE_ONLY_UNCONFIRMED	Cache region contains object IDs customized by o.bin; this does not by itself prove production reachability
7500	29	76	1856	4864			CACHE_PRESENT_UNCLASSIFIED		True	True	True	True	0	0	CACHE_ONLY_UNCONFIRMED	Present in current cache/index but no direct SpawnPK usage evidence in this static pass
7501	29	77	1856	4928			CACHE_PRESENT_UNCLASSIFIED		True	True	True	True	4952	0	CACHE_ONLY_UNCONFIRMED	Present in current cache/index but no direct SpawnPK usage evidence in this static pass
7502	29	78	1856	4992			CACHE_PRESENT_UNCLASSIFIED		True	True	True	True	0	0	CACHE_ONLY_UNCONFIRMED	Present in current cache/index but no direct SpawnPK usage evidence in this static pass
7503	29	79	1856	5056			CACHE_PRESENT_UNCLASSIFIED		True	True	True	True	6240	0	CACHE_ONLY_UNCONFIRMED	Present in current cache/index but no direct SpawnPK usage evidence in this static pass
7504	29	80	1856	5120			CACHE_PRESENT_UNCLASSIFIED		True	True	True	True	440	0	CACHE_ONLY_UNCONFIRMED	Present in current cache/index but no direct SpawnPK usage evidence in this static pass
7505	29	81	1856	5184			CACHE_PRESENT_UNCLASSIFIED		True	True	True	True	5347	0	CACHE_ONLY_UNCONFIRMED	Present in current cache/index but no direct SpawnPK usage evidence in this static pass
7507	29	83	1856	5312			SPAWNPK_STATIC_EVIDENCE	O_BIN_CUSTOM_OBJECT_PLACEMENTS	True	True	True	True	1380	0	CUSTOMIZED_CACHE_ONLY_UNCONFIRMED	Cache region contains object IDs customized by o.bin; this does not by itself prove production reachability
7508	29	84	1856	5376			CACHE_PRESENT_UNCLASSIFIED		True	True	True	True	2408	0	CACHE_ONLY_UNCONFIRMED	Present in current cache/index but no direct SpawnPK usage evidence in this static pass
7509	29	85	1856	5440			CACHE_PRESENT_UNCLASSIFIED		True	True	True	True	1860	0	CACHE_ONLY_UNCONFIRMED	Present in current cache/index but no direct SpawnPK usage evidence in this static pass
7510	29	86	1856	5504			CACHE_PRESENT_UNCLASSIFIED		False	False	False	False	0	0	CACHE_ONLY_UNCONFIRMED	Present in current cache/index but no direct SpawnPK usage evidence in this static pass
7511	29	87	1856	5568			CACHE_PRESENT_UNCLASSIFIED		False	False	False	False	0	0	CACHE_ONLY_UNCONFIRMED	Present in current cache/index but no direct SpawnPK usage evidence in this static pass
7513	29	89	1856	5696			SPAWNPK_STATIC_EVIDENCE	CLIENT_HARDCODED_REGION_PATCH	True	True	True	True	7128	0	CLIENT_HARDCODED_REGION	Exact client applies a region mapping patch; live reachability not proven by this fact alone
7514	29	90	1856	5760			SPAWNPK_STATIC_EVIDENCE	CLIENT_HARDCODED_REGION_PATCH	True	True	True	True	136	0	CLIENT_HARDCODED_REGION	Exact client applies a region mapping patch; live reachability not proven by this fact alone
7745	30	65	1920	4160			CACHE_PRESENT_UNCLASSIFIED		True	True	True	True	0	0	CACHE_ONLY_UNCONFIRMED	Present in current cache/index but no direct SpawnPK usage evidence in this static pass
7748	30	68	1920	4352			CACHE_PRESENT_UNCLASSIFIED		True	True	True	True	2161	0	CACHE_ONLY_UNCONFIRMED	Present in current cache/index but no direct SpawnPK usage evidence in this static pass
7749	30	69	1920	4416			CACHE_PRESENT_UNCLASSIFIED		True	True	True	True	7827	0	CACHE_ONLY_UNCONFIRMED	Present in current cache/index but no direct SpawnPK usage evidence in this static pass
7752	30	72	1920	4608			CACHE_PRESENT_UNCLASSIFIED		True	True	True	True	2041	0	CACHE_ONLY_UNCONFIRMED	Present in current cache/index but no direct SpawnPK usage evidence in this static pass
7753	30	73	1920	4672			SPAWNPK_STATIC_EVIDENCE	O_BIN_CUSTOM_OBJECT_PLACEMENTS	True	True	True	True	2258	0	CUSTOMIZED_CACHE_ONLY_UNCONFIRMED	Cache region contains object IDs customized by o.bin; this does not by itself prove production reachability
7754	30	74	1920	4736			CACHE_PRESENT_UNCLASSIFIED		True	True	True	True	17	0	CACHE_ONLY_UNCONFIRMED	Present in current cache/index but no direct SpawnPK usage evidence in this static pass
7755	30	75	1920	4800			CACHE_PRESENT_UNCLASSIFIED		True	True	True	True	158	0	CACHE_ONLY_UNCONFIRMED	Present in current cache/index but no direct SpawnPK usage evidence in this static pass
7756	30	76	1920	4864			CACHE_PRESENT_UNCLASSIFIED		True	True	True	True	0	0	CACHE_ONLY_UNCONFIRMED	Present in current cache/index but no direct SpawnPK usage evidence in this static pass
7757	30	77	1920	4928			CACHE_PRESENT_UNCLASSIFIED		True	True	True	True	1006	0	CACHE_ONLY_UNCONFIRMED	Present in current cache/index but no direct SpawnPK usage evidence in this static pass
7758	30	78	1920	4992			SPAWNPK_STATIC_EVIDENCE	O_BIN_CUSTOM_OBJECT_PLACEMENTS	True	True	True	True	551	0	CUSTOMIZED_CACHE_ONLY_UNCONFIRMED	Cache region contains object IDs customized by o.bin; this does not by itself prove production reachability
7759	30	79	1920	5056			CACHE_PRESENT_UNCLASSIFIED		True	True	True	True	3142	0	CACHE_ONLY_UNCONFIRMED	Present in current cache/index but no direct SpawnPK usage evidence in this static pass
7760	30	80	1920	5120			SPAWNPK_STATIC_EVIDENCE	O_BIN_CUSTOM_OBJECT_PLACEMENTS	True	True	True	True	3127	0	CUSTOMIZED_CACHE_ONLY_UNCONFIRMED	Cache region contains object IDs customized by o.bin; this does not by itself prove production reachability
7763	30	83	1920	5312			CACHE_PRESENT_UNCLASSIFIED		True	True	True	True	1384	0	CACHE_ONLY_UNCONFIRMED	Present in current cache/index but no direct SpawnPK usage evidence in this static pass
7769	30	89	1920	5696			CACHE_PRESENT_UNCLASSIFIED		False	False	False	False	0	0	CACHE_ONLY_UNCONFIRMED	Present in current cache/index but no direct SpawnPK usage evidence in this static pass
8001	31	65	1984	4160			CACHE_PRESENT_UNCLASSIFIED		True	True	True	True	0	0	CACHE_ONLY_UNCONFIRMED	Present in current cache/index but no direct SpawnPK usage evidence in this static pass
8002	31	66	1984	4224			CACHE_PRESENT_UNCLASSIFIED		True	True	True	True	0	0	CACHE_ONLY_UNCONFIRMED	Present in current cache/index but no direct SpawnPK usage evidence in this static pass
8004	31	68	1984	4352			CACHE_PRESENT_UNCLASSIFIED		False	False	False	False	0	0	CACHE_ONLY_UNCONFIRMED	Present in current cache/index but no direct SpawnPK usage evidence in this static pass
8005	31	69	1984	4416			SPAWNPK_STATIC_EVIDENCE	O_BIN_CUSTOM_OBJECT_PLACEMENTS	True	True	True	True	3279	0	CUSTOMIZED_CACHE_ONLY_UNCONFIRMED	Cache region contains object IDs customized by o.bin; this does not by itself prove production reachability
8006	31	70	1984	4480			CACHE_PRESENT_UNCLASSIFIED		True	True	True	True	2032	0	CACHE_ONLY_UNCONFIRMED	Present in current cache/index but no direct SpawnPK usage evidence in this static pass
8008	31	72	1984	4608			SPAWNPK_STATIC_EVIDENCE	O_BIN_CUSTOM_OBJECT_PLACEMENTS	True	True	True	True	3499	0	CUSTOMIZED_CACHE_ONLY_UNCONFIRMED	Cache region contains object IDs customized by o.bin; this does not by itself prove production reachability
8009	31	73	1984	4672			CACHE_PRESENT_UNCLASSIFIED		True	True	True	True	1974	0	CACHE_ONLY_UNCONFIRMED	Present in current cache/index but no direct SpawnPK usage evidence in this static pass
8010	31	74	1984	4736			CACHE_PRESENT_UNCLASSIFIED		True	True	True	True	338	0	CACHE_ONLY_UNCONFIRMED	Present in current cache/index but no direct SpawnPK usage evidence in this static pass
8011	31	75	1984	4800			SPAWNPK_STATIC_EVIDENCE	O_BIN_CUSTOM_OBJECT_PLACEMENTS	True	True	True	True	4334	0	CUSTOMIZED_CACHE_ONLY_UNCONFIRMED	Cache region contains object IDs customized by o.bin; this does not by itself prove production reachability
8012	31	76	1984	4864			SPAWNPK_STATIC_EVIDENCE	O_BIN_CUSTOM_OBJECT_PLACEMENTS	True	True	True	True	3299	0	CUSTOMIZED_CACHE_ONLY_UNCONFIRMED	Cache region contains object IDs customized by o.bin; this does not by itself prove production reachability
8013	31	77	1984	4928			CACHE_PRESENT_UNCLASSIFIED		True	True	True	True	0	0	CACHE_ONLY_UNCONFIRMED	Present in current cache/index but no direct SpawnPK usage evidence in this static pass
8014	31	78	1984	4992			CACHE_PRESENT_UNCLASSIFIED		True	True	True	True	498	0	CACHE_ONLY_UNCONFIRMED	Present in current cache/index but no direct SpawnPK usage evidence in this static pass
8015	31	79	1984	5056			CACHE_PRESENT_UNCLASSIFIED		True	True	True	True	768	0	CACHE_ONLY_UNCONFIRMED	Present in current cache/index but no direct SpawnPK usage evidence in this static pass
8017	31	81	1984	5184			SPAWNPK_STATIC_EVIDENCE	O_BIN_CUSTOM_OBJECT_PLACEMENTS	True	True	True	True	3892	0	CUSTOMIZED_CACHE_ONLY_UNCONFIRMED	Cache region contains object IDs customized by o.bin; this does not by itself prove production reachability
8019	31	83	1984	5312			CACHE_PRESENT_UNCLASSIFIED		True	True	True	True	0	0	CACHE_ONLY_UNCONFIRMED	Present in current cache/index but no direct SpawnPK usage evidence in this static pass
8020	31	84	1984	5376			SPAWNPK_STATIC_EVIDENCE	O_BIN_CUSTOM_OBJECT_PLACEMENTS	True	True	True	True	4387	0	CUSTOMIZED_CACHE_ONLY_UNCONFIRMED	Cache region contains object IDs customized by o.bin; this does not by itself prove production reachability
8021	31	85	1984	5440			CACHE_PRESENT_UNCLASSIFIED		True	True	True	True	0	0	CACHE_ONLY_UNCONFIRMED	Present in current cache/index but no direct SpawnPK usage evidence in this static pass
8022	31	86	1984	5504			CACHE_PRESENT_UNCLASSIFIED		True	True	True	True	0	0	CACHE_ONLY_UNCONFIRMED	Present in current cache/index but no direct SpawnPK usage evidence in this static pass
8025	31	89	1984	5696			CACHE_PRESENT_UNCLASSIFIED		False	False	False	False	0	0	CACHE_ONLY_UNCONFIRMED	Present in current cache/index but no direct SpawnPK usage evidence in this static pass
8240	32	48	2048	3072			CACHE_PRESENT_UNCLASSIFIED		True	True	True	True	0	0	CACHE_ONLY_UNCONFIRMED	Present in current cache/index but no direct SpawnPK usage evidence in this static pass
8241	32	49	2048	3136			CACHE_PRESENT_UNCLASSIFIED		True	True	True	True	0	0	CACHE_ONLY_UNCONFIRMED	Present in current cache/index but no direct SpawnPK usage evidence in this static pass
8242	32	50	2048	3200			CACHE_PRESENT_UNCLASSIFIED		True	True	True	True	0	0	CACHE_ONLY_UNCONFIRMED	Present in current cache/index but no direct SpawnPK usage evidence in this static pass
8243	32	51	2048	3264			CACHE_PRESENT_UNCLASSIFIED		True	True	True	True	0	0	CACHE_ONLY_UNCONFIRMED	Present in current cache/index but no direct SpawnPK usage evidence in this static pass
8249	32	57	2048	3648			CACHE_PRESENT_UNCLASSIFIED		True	True	True	True	0	0	CACHE_ONLY_UNCONFIRMED	Present in current cache/index but no direct SpawnPK usage evidence in this static pass
8250	32	58	2048	3712			CACHE_PRESENT_UNCLASSIFIED		True	True	True	True	0	0	CACHE_ONLY_UNCONFIRMED	Present in current cache/index but no direct SpawnPK usage evidence in this static pass
8251	32	59	2048	3776			CACHE_PRESENT_UNCLASSIFIED		True	True	True	True	0	0	CACHE_ONLY_UNCONFIRMED	Present in current cache/index but no direct SpawnPK usage evidence in this static pass
8252	32	60	2048	3840			SPAWNPK_STATIC_EVIDENCE	O_BIN_CUSTOM_OBJECT_PLACEMENTS	True	True	True	True	1787	0	CUSTOMIZED_CACHE_ONLY_UNCONFIRMED	Cache region contains object IDs customized by o.bin; this does not by itself prove production reachability
8253	32	61	2048	3904			CACHE_PRESENT_UNCLASSIFIED		True	True	True	True	2432	0	CACHE_ONLY_UNCONFIRMED	Present in current cache/index but no direct SpawnPK usage evidence in this static pass
8254	32	62	2048	3968			CACHE_PRESENT_UNCLASSIFIED		True	True	True	True	0	0	CACHE_ONLY_UNCONFIRMED	Present in current cache/index but no direct SpawnPK usage evidence in this static pass
8255	32	63	2048	4032			CACHE_PRESENT_UNCLASSIFIED		True	True	True	True	0	0	CACHE_ONLY_UNCONFIRMED	Present in current cache/index but no direct SpawnPK usage evidence in this static pass
8256	32	64	2048	4096			CACHE_PRESENT_UNCLASSIFIED		True	True	True	True	0	0	CACHE_ONLY_UNCONFIRMED	Present in current cache/index but no direct SpawnPK usage evidence in this static pass
8260	32	68	2048	4352			CACHE_PRESENT_UNCLASSIFIED		False	False	False	False	0	0	CACHE_ONLY_UNCONFIRMED	Present in current cache/index but no direct SpawnPK usage evidence in this static pass
8261	32	69	2048	4416			SPAWNPK_STATIC_EVIDENCE	O_BIN_CUSTOM_OBJECT_PLACEMENTS	True	True	True	True	1185	0	CUSTOMIZED_CACHE_ONLY_UNCONFIRMED	Cache region contains object IDs customized by o.bin; this does not by itself prove production reachability
8262	32	70	2048	4480			CACHE_PRESENT_UNCLASSIFIED		True	True	True	True	289	0	CACHE_ONLY_UNCONFIRMED	Present in current cache/index but no direct SpawnPK usage evidence in this static pass
8263	32	71	2048	4544			CACHE_PRESENT_UNCLASSIFIED		True	True	True	True	1088	0	CACHE_ONLY_UNCONFIRMED	Present in current cache/index but no direct SpawnPK usage evidence in this static pass
8264	32	72	2048	4608			CACHE_PRESENT_UNCLASSIFIED		True	True	True	True	1088	0	CACHE_ONLY_UNCONFIRMED	Present in current cache/index but no direct SpawnPK usage evidence in this static pass
8265	32	73	2048	4672			CACHE_PRESENT_UNCLASSIFIED		True	True	True	True	1088	0	CACHE_ONLY_UNCONFIRMED	Present in current cache/index but no direct SpawnPK usage evidence in this static pass
8266	32	74	2048	4736			CACHE_PRESENT_UNCLASSIFIED		True	True	True	True	289	0	CACHE_ONLY_UNCONFIRMED	Present in current cache/index but no direct SpawnPK usage evidence in this static pass
8267	32	75	2048	4800			SPAWNPK_STATIC_EVIDENCE	O_BIN_CUSTOM_OBJECT_PLACEMENTS	True	True	True	True	944	0	CUSTOMIZED_CACHE_ONLY_UNCONFIRMED	Cache region contains object IDs customized by o.bin; this does not by itself prove production reachability
8269	32	77	2048	4928			CACHE_PRESENT_UNCLASSIFIED		True	True	True	True	803	0	CACHE_ONLY_UNCONFIRMED	Present in current cache/index but no direct SpawnPK usage evidence in this static pass
8270	32	78	2048	4992			SPAWNPK_STATIC_EVIDENCE	O_BIN_CUSTOM_OBJECT_PLACEMENTS	True	True	True	True	574	0	CUSTOMIZED_CACHE_ONLY_UNCONFIRMED	Cache region contains object IDs customized by o.bin; this does not by itself prove production reachability
8271	32	79	2048	5056			SPAWNPK_STATIC_EVIDENCE	O_BIN_CUSTOM_OBJECT_PLACEMENTS	True	True	True	True	3357	0	CUSTOMIZED_CACHE_ONLY_UNCONFIRMED	Cache region contains object IDs customized by o.bin; this does not by itself prove production reachability
8272	32	80	2048	5120			CACHE_PRESENT_UNCLASSIFIED		True	True	True	True	0	0	CACHE_ONLY_UNCONFIRMED	Present in current cache/index but no direct SpawnPK usage evidence in this static pass
8280	32	88	2048	5632			CACHE_PRESENT_UNCLASSIFIED		True	True	True	True	0	0	CACHE_ONLY_UNCONFIRMED	Present in current cache/index but no direct SpawnPK usage evidence in this static pass
8282	32	90	2048	5760			CACHE_PRESENT_UNCLASSIFIED		False	False	False	False	0	0	CACHE_ONLY_UNCONFIRMED	Present in current cache/index but no direct SpawnPK usage evidence in this static pass
8496	33	48	2112	3072			CACHE_PRESENT_UNCLASSIFIED		True	True	True	True	182	0	CACHE_ONLY_UNCONFIRMED	Present in current cache/index but no direct SpawnPK usage evidence in this static pass
8497	33	49	2112	3136			CACHE_PRESENT_UNCLASSIFIED		True	True	True	True	157	0	CACHE_ONLY_UNCONFIRMED	Present in current cache/index but no direct SpawnPK usage evidence in this static pass
8498	33	50	2112	3200			CACHE_PRESENT_UNCLASSIFIED		True	True	True	True	192	0	CACHE_ONLY_UNCONFIRMED	Present in current cache/index but no direct SpawnPK usage evidence in this static pass
8499	33	51	2112	3264			CACHE_PRESENT_UNCLASSIFIED		True	True	True	True	91	0	CACHE_ONLY_UNCONFIRMED	Present in current cache/index but no direct SpawnPK usage evidence in this static pass
8505	33	57	2112	3648			CACHE_PRESENT_UNCLASSIFIED		True	True	True	True	0	0	CACHE_ONLY_UNCONFIRMED	Present in current cache/index but no direct SpawnPK usage evidence in this static pass
8506	33	58	2112	3712			CACHE_PRESENT_UNCLASSIFIED		True	True	True	True	0	0	CACHE_ONLY_UNCONFIRMED	Present in current cache/index but no direct SpawnPK usage evidence in this static pass
8507	33	59	2112	3776			CACHE_PRESENT_UNCLASSIFIED		True	True	True	True	0	0	CACHE_ONLY_UNCONFIRMED	Present in current cache/index but no direct SpawnPK usage evidence in this static pass
8508	33	60	2112	3840			SPAWNPK_STATIC_EVIDENCE	O_BIN_CUSTOM_OBJECT_PLACEMENTS	True	True	True	True	1765	0	CUSTOMIZED_CACHE_ONLY_UNCONFIRMED	Cache region contains object IDs customized by o.bin; this does not by itself prove production reachability
8509	33	61	2112	3904			CACHE_PRESENT_UNCLASSIFIED		True	True	True	True	921	0	CACHE_ONLY_UNCONFIRMED	Present in current cache/index but no direct SpawnPK usage evidence in this static pass
8510	33	62	2112	3968			CACHE_PRESENT_UNCLASSIFIED		True	True	True	True	0	0	CACHE_ONLY_UNCONFIRMED	Present in current cache/index but no direct SpawnPK usage evidence in this static pass
8511	33	63	2112	4032			CACHE_PRESENT_UNCLASSIFIED		True	True	True	True	0	0	CACHE_ONLY_UNCONFIRMED	Present in current cache/index but no direct SpawnPK usage evidence in this static pass
8512	33	64	2112	4096			CACHE_PRESENT_UNCLASSIFIED		True	True	True	True	0	0	CACHE_ONLY_UNCONFIRMED	Present in current cache/index but no direct SpawnPK usage evidence in this static pass
8513	33	65	2112	4160			SPAWNPK_STATIC_EVIDENCE	O_BIN_CUSTOM_OBJECT_PLACEMENTS	True	True	True	True	1745	0	CUSTOMIZED_CACHE_ONLY_UNCONFIRMED	Cache region contains object IDs customized by o.bin; this does not by itself prove production reachability
8514	33	66	2112	4224			SPAWNPK_STATIC_EVIDENCE	O_BIN_CUSTOM_OBJECT_PLACEMENTS	True	True	True	True	983	0	CUSTOMIZED_CACHE_ONLY_UNCONFIRMED	Cache region contains object IDs customized by o.bin; this does not by itself prove production reachability
8515	33	67	2112	4288			SPAWNPK_STATIC_EVIDENCE	O_BIN_CUSTOM_OBJECT_PLACEMENTS	True	True	True	True	1546	0	CUSTOMIZED_CACHE_ONLY_UNCONFIRMED	Cache region contains object IDs customized by o.bin; this does not by itself prove production reachability
8518	33	70	2112	4480			CACHE_PRESENT_UNCLASSIFIED		True	True	True	True	1090	0	CACHE_ONLY_UNCONFIRMED	Present in current cache/index but no direct SpawnPK usage evidence in this static pass
8519	33	71	2112	4544			SPAWNPK_STATIC_EVIDENCE	O_BIN_CUSTOM_OBJECT_PLACEMENTS	True	True	True	True	2113	0	CUSTOMIZED_CACHE_ONLY_UNCONFIRMED	Cache region contains object IDs customized by o.bin; this does not by itself prove production reachability
8520	33	72	2112	4608			CACHE_PRESENT_UNCLASSIFIED		True	True	True	True	1976	0	CACHE_ONLY_UNCONFIRMED	Present in current cache/index but no direct SpawnPK usage evidence in this static pass
8523	33	75	2112	4800			CACHE_PRESENT_UNCLASSIFIED		True	True	True	True	204	0	CACHE_ONLY_UNCONFIRMED	Present in current cache/index but no direct SpawnPK usage evidence in this static pass
8524	33	76	2112	4864			SPAWNPK_STATIC_EVIDENCE	O_BIN_CUSTOM_OBJECT_PLACEMENTS	True	True	True	True	1336	0	CUSTOMIZED_CACHE_ONLY_UNCONFIRMED	Cache region contains object IDs customized by o.bin; this does not by itself prove production reachability
8525	33	77	2112	4928			CACHE_PRESENT_UNCLASSIFIED		True	True	True	True	611	0	CACHE_ONLY_UNCONFIRMED	Present in current cache/index but no direct SpawnPK usage evidence in this static pass
8526	33	78	2112	4992			SPAWNPK_STATIC_EVIDENCE	O_BIN_CUSTOM_OBJECT_PLACEMENTS	True	True	True	True	531	0	CUSTOMIZED_CACHE_ONLY_UNCONFIRMED	Cache region contains object IDs customized by o.bin; this does not by itself prove production reachability
8527	33	79	2112	5056			CACHE_PRESENT_UNCLASSIFIED		True	True	True	True	3609	0	CACHE_ONLY_UNCONFIRMED	Present in current cache/index but no direct SpawnPK usage evidence in this static pass
8528	33	80	2112	5120			CACHE_PRESENT_UNCLASSIFIED		True	True	True	True	732	0	CACHE_ONLY_UNCONFIRMED	Present in current cache/index but no direct SpawnPK usage evidence in this static pass
8529	33	81	2112	5184			CACHE_PRESENT_UNCLASSIFIED		True	True	True	True	0	0	CACHE_ONLY_UNCONFIRMED	Present in current cache/index but no direct SpawnPK usage evidence in this static pass
8530	33	82	2112	5248			SPAWNPK_STATIC_EVIDENCE	O_BIN_CUSTOM_OBJECT_PLACEMENTS	True	True	True	True	3874	0	CUSTOMIZED_CACHE_ONLY_UNCONFIRMED	Cache region contains object IDs customized by o.bin; this does not by itself prove production reachability
8532	33	84	2112	5376			CACHE_PRESENT_UNCLASSIFIED		True	True	True	True	3158	0	CACHE_ONLY_UNCONFIRMED	Present in current cache/index but no direct SpawnPK usage evidence in this static pass
8534	33	86	2112	5504			CACHE_PRESENT_UNCLASSIFIED		True	True	True	True	0	0	CACHE_ONLY_UNCONFIRMED	Present in current cache/index but no direct SpawnPK usage evidence in this static pass
8751	34	47	2176	3008			SPAWNPK_STATIC_EVIDENCE	CLIENT_HARDCODED_REGION_PATCH;O_BIN_CUSTOM_OBJECT_PLACEMENTS	True	True	True	True	415	0	CLIENT_HARDCODED_REGION	Exact client applies a region mapping patch; live reachability not proven by this fact alone
8752	34	48	2176	3072			SPAWNPK_STATIC_EVIDENCE	CLIENT_HARDCODED_REGION_PATCH;O_BIN_CUSTOM_OBJECT_PLACEMENTS	True	True	True	True	929	0	CLIENT_HARDCODED_REGION	Exact client applies a region mapping patch; live reachability not proven by this fact alone
8753	34	49	2176	3136			CACHE_PRESENT_UNCLASSIFIED		True	True	True	True	1968	0	CACHE_ONLY_UNCONFIRMED	Present in current cache/index but no direct SpawnPK usage evidence in this static pass
8754	34	50	2176	3200			CACHE_PRESENT_UNCLASSIFIED		True	True	True	True	1805	0	CACHE_ONLY_UNCONFIRMED	Present in current cache/index but no direct SpawnPK usage evidence in this static pass
8755	34	51	2176	3264			CACHE_PRESENT_UNCLASSIFIED		True	True	True	True	1182	0	CACHE_ONLY_UNCONFIRMED	Present in current cache/index but no direct SpawnPK usage evidence in this static pass
8761	34	57	2176	3648			CACHE_PRESENT_UNCLASSIFIED		True	True	True	True	0	0	CACHE_ONLY_UNCONFIRMED	Present in current cache/index but no direct SpawnPK usage evidence in this static pass
8762	34	58	2176	3712			CACHE_PRESENT_UNCLASSIFIED		True	True	True	True	0	0	CACHE_ONLY_UNCONFIRMED	Present in current cache/index but no direct SpawnPK usage evidence in this static pass
8763	34	59	2176	3776			CACHE_PRESENT_UNCLASSIFIED		True	True	True	True	1354	0	CACHE_ONLY_UNCONFIRMED	Present in current cache/index but no direct SpawnPK usage evidence in this static pass
8764	34	60	2176	3840			CACHE_PRESENT_UNCLASSIFIED		True	True	True	True	0	0	CACHE_ONLY_UNCONFIRMED	Present in current cache/index but no direct SpawnPK usage evidence in this static pass
8767	34	63	2176	4032			CACHE_PRESENT_UNCLASSIFIED		True	True	True	True	0	0	CACHE_ONLY_UNCONFIRMED	Present in current cache/index but no direct SpawnPK usage evidence in this static pass
8768	34	64	2176	4096			CACHE_PRESENT_UNCLASSIFIED		True	True	True	True	0	0	CACHE_ONLY_UNCONFIRMED	Present in current cache/index but no direct SpawnPK usage evidence in this static pass
8769	34	65	2176	4160			CACHE_PRESENT_UNCLASSIFIED		True	True	True	True	857	0	CACHE_ONLY_UNCONFIRMED	Present in current cache/index but no direct SpawnPK usage evidence in this static pass
8770	34	66	2176	4224			SPAWNPK_STATIC_EVIDENCE	O_BIN_CUSTOM_OBJECT_PLACEMENTS	True	True	True	True	1713	0	CUSTOMIZED_CACHE_ONLY_UNCONFIRMED	Cache region contains object IDs customized by o.bin; this does not by itself prove production reachability
8771	34	67	2176	4288			SPAWNPK_STATIC_EVIDENCE	O_BIN_CUSTOM_OBJECT_PLACEMENTS	True	True	True	True	844	0	CUSTOMIZED_CACHE_ONLY_UNCONFIRMED	Cache region contains object IDs customized by o.bin; this does not by itself prove production reachability
8774	34	70	2176	4480			CACHE_PRESENT_UNCLASSIFIED		True	True	True	True	289	0	CACHE_ONLY_UNCONFIRMED	Present in current cache/index but no direct SpawnPK usage evidence in this static pass
8775	34	71	2176	4544			CACHE_PRESENT_UNCLASSIFIED		True	True	True	True	1093	0	CACHE_ONLY_UNCONFIRMED	Present in current cache/index but no direct SpawnPK usage evidence in this static pass
8776	34	72	2176	4608			CACHE_PRESENT_UNCLASSIFIED		True	True	True	True	1088	0	CACHE_ONLY_UNCONFIRMED	Present in current cache/index but no direct SpawnPK usage evidence in this static pass
8777	34	73	2176	4672			CACHE_PRESENT_UNCLASSIFIED		True	True	True	True	1088	0	CACHE_ONLY_UNCONFIRMED	Present in current cache/index but no direct SpawnPK usage evidence in this static pass
8778	34	74	2176	4736			CACHE_PRESENT_UNCLASSIFIED		True	True	True	True	289	0	CACHE_ONLY_UNCONFIRMED	Present in current cache/index but no direct SpawnPK usage evidence in this static pass
8779	34	75	2176	4800			CACHE_PRESENT_UNCLASSIFIED		True	True	True	True	2449	0	CACHE_ONLY_UNCONFIRMED	Present in current cache/index but no direct SpawnPK usage evidence in this static pass
8781	34	77	2176	4928			SPAWNPK_STATIC_EVIDENCE	O_BIN_CUSTOM_OBJECT_PLACEMENTS	True	True	True	True	3553	0	CUSTOMIZED_CACHE_ONLY_UNCONFIRMED	Cache region contains object IDs customized by o.bin; this does not by itself prove production reachability
8782	34	78	2176	4992			SPAWNPK_STATIC_EVIDENCE	O_BIN_CUSTOM_OBJECT_PLACEMENTS	True	True	True	True	4542	0	CUSTOMIZED_CACHE_ONLY_UNCONFIRMED	Cache region contains object IDs customized by o.bin; this does not by itself prove production reachability
8783	34	79	2176	5056			CACHE_PRESENT_UNCLASSIFIED		True	True	True	True	0	0	CACHE_ONLY_UNCONFIRMED	Present in current cache/index but no direct SpawnPK usage evidence in this static pass
8784	34	80	2176	5120			CACHE_PRESENT_UNCLASSIFIED		True	True	True	True	0	0	CACHE_ONLY_UNCONFIRMED	Present in current cache/index but no direct SpawnPK usage evidence in this static pass
8785	34	81	2176	5184			CACHE_PRESENT_UNCLASSIFIED		True	True	True	True	0	0	CACHE_ONLY_UNCONFIRMED	Present in current cache/index but no direct SpawnPK usage evidence in this static pass
8787	34	83	2176	5312			CACHE_PRESENT_UNCLASSIFIED		True	True	True	True	389	0	CACHE_ONLY_UNCONFIRMED	Present in current cache/index but no direct SpawnPK usage evidence in this static pass
8790	34	86	2176	5504			SPAWNPK_STATIC_EVIDENCE	O_BIN_CUSTOM_OBJECT_PLACEMENTS;STATIC_TRAVEL_OBJECT_PLACEMENTS	True	True	True	True	1548	1	CUSTOMIZED_CACHE_ONLY_UNCONFIRMED	Cache region contains object IDs customized by o.bin; this does not by itself prove production reachability
9007	35	47	2240	3008			SPAWNPK_STATIC_EVIDENCE	CLIENT_HARDCODED_REGION_PATCH;O_BIN_CUSTOM_OBJECT_PLACEMENTS	True	True	True	True	76	0	CLIENT_HARDCODED_REGION	Exact client applies a region mapping patch; live reachability not proven by this fact alone
9008	35	48	2240	3072			SPAWNPK_STATIC_EVIDENCE	CLIENT_HARDCODED_REGION_PATCH;O_BIN_CUSTOM_OBJECT_PLACEMENTS	True	True	True	True	607	0	CLIENT_HARDCODED_REGION	Exact client applies a region mapping patch; live reachability not proven by this fact alone
9009	35	49	2240	3136			SPAWNPK_STATIC_EVIDENCE	O_BIN_CUSTOM_OBJECT_PLACEMENTS	True	True	True	True	1842	0	CUSTOMIZED_CACHE_ONLY_UNCONFIRMED	Cache region contains object IDs customized by o.bin; this does not by itself prove production reachability
9010	35	50	2240	3200			CACHE_PRESENT_UNCLASSIFIED		True	True	True	True	1936	0	CACHE_ONLY_UNCONFIRMED	Present in current cache/index but no direct SpawnPK usage evidence in this static pass
9011	35	51	2240	3264			CACHE_PRESENT_UNCLASSIFIED		True	True	True	True	1187	0	CACHE_ONLY_UNCONFIRMED	Present in current cache/index but no direct SpawnPK usage evidence in this static pass
9012	35	52	2240	3328			CACHE_PRESENT_UNCLASSIFIED		True	True	True	True	957	0	CACHE_ONLY_UNCONFIRMED	Present in current cache/index but no direct SpawnPK usage evidence in this static pass
9017	35	57	2240	3648			CACHE_PRESENT_UNCLASSIFIED		True	True	True	True	0	0	CACHE_ONLY_UNCONFIRMED	Present in current cache/index but no direct SpawnPK usage evidence in this static pass
9018	35	58	2240	3712			CACHE_PRESENT_UNCLASSIFIED		True	True	True	True	0	0	CACHE_ONLY_UNCONFIRMED	Present in current cache/index but no direct SpawnPK usage evidence in this static pass
9019	35	59	2240	3776			CACHE_PRESENT_UNCLASSIFIED		True	True	True	True	0	0	CACHE_ONLY_UNCONFIRMED	Present in current cache/index but no direct SpawnPK usage evidence in this static pass
9020	35	60	2240	3840			CACHE_PRESENT_UNCLASSIFIED		True	True	True	True	0	0	CACHE_ONLY_UNCONFIRMED	Present in current cache/index but no direct SpawnPK usage evidence in this static pass
9021	35	61	2240	3904			CACHE_PRESENT_UNCLASSIFIED		True	True	True	True	0	0	CACHE_ONLY_UNCONFIRMED	Present in current cache/index but no direct SpawnPK usage evidence in this static pass
9022	35	62	2240	3968			CACHE_PRESENT_UNCLASSIFIED		True	True	True	True	0	0	CACHE_ONLY_UNCONFIRMED	Present in current cache/index but no direct SpawnPK usage evidence in this static pass
9023	35	63	2240	4032			SPAWNPK_STATIC_EVIDENCE	CLIENT_HARDCODED_REGION_PATCH	True	True	True	True	1242	0	CLIENT_HARDCODED_REGION	Exact client applies a region mapping patch; live reachability not proven by this fact alone
9024	35	64	2240	4096			CACHE_PRESENT_UNCLASSIFIED		True	True	True	True	0	0	CACHE_ONLY_UNCONFIRMED	Present in current cache/index but no direct SpawnPK usage evidence in this static pass
9025	35	65	2240	4160			CACHE_PRESENT_UNCLASSIFIED		True	True	True	True	851	0	CACHE_ONLY_UNCONFIRMED	Present in current cache/index but no direct SpawnPK usage evidence in this static pass
9026	35	66	2240	4224			SPAWNPK_STATIC_EVIDENCE	O_BIN_CUSTOM_OBJECT_PLACEMENTS	True	True	True	True	1837	0	CUSTOMIZED_CACHE_ONLY_UNCONFIRMED	Cache region contains object IDs customized by o.bin; this does not by itself prove production reachability
9027	35	67	2240	4288			SPAWNPK_STATIC_EVIDENCE	O_BIN_CUSTOM_OBJECT_PLACEMENTS	True	True	True	True	470	0	CUSTOMIZED_CACHE_ONLY_UNCONFIRMED	Cache region contains object IDs customized by o.bin; this does not by itself prove production reachability
9032	35	72	2240	4608			SPAWNPK_STATIC_EVIDENCE	O_BIN_CUSTOM_OBJECT_PLACEMENTS	True	True	True	True	10144	0	CUSTOMIZED_CACHE_ONLY_UNCONFIRMED	Cache region contains object IDs customized by o.bin; this does not by itself prove production reachability
9033	35	73	2240	4672			SPAWNPK_STATIC_EVIDENCE	O_BIN_CUSTOM_OBJECT_PLACEMENTS	True	True	True	True	3274	0	CUSTOMIZED_CACHE_ONLY_UNCONFIRMED	Cache region contains object IDs customized by o.bin; this does not by itself prove production reachability
9034	35	74	2240	4736			SPAWNPK_STATIC_EVIDENCE	O_BIN_CUSTOM_OBJECT_PLACEMENTS	True	True	True	True	1100	0	CUSTOMIZED_CACHE_ONLY_UNCONFIRMED	Cache region contains object IDs customized by o.bin; this does not by itself prove production reachability
9035	35	75	2240	4800			SPAWNPK_STATIC_EVIDENCE	O_BIN_CUSTOM_OBJECT_PLACEMENTS	True	True	True	True	2616	0	CUSTOMIZED_CACHE_ONLY_UNCONFIRMED	Cache region contains object IDs customized by o.bin; this does not by itself prove production reachability
9038	35	78	2240	4992			SPAWNPK_STATIC_EVIDENCE	O_BIN_CUSTOM_OBJECT_PLACEMENTS	True	True	True	True	5625	0	CUSTOMIZED_CACHE_ONLY_UNCONFIRMED	Cache region contains object IDs customized by o.bin; this does not by itself prove production reachability
9044	35	84	2240	5376			CACHE_PRESENT_UNCLASSIFIED		True	True	True	True	1423	0	CACHE_ONLY_UNCONFIRMED	Present in current cache/index but no direct SpawnPK usage evidence in this static pass
9045	35	85	2240	5440			CACHE_PRESENT_UNCLASSIFIED		True	True	True	True	0	0	CACHE_ONLY_UNCONFIRMED	Present in current cache/index but no direct SpawnPK usage evidence in this static pass
9046	35	86	2240	5504			CACHE_PRESENT_UNCLASSIFIED		True	True	True	True	0	0	CACHE_ONLY_UNCONFIRMED	Present in current cache/index but no direct SpawnPK usage evidence in this static pass
9048	35	88	2240	5632			SPAWNPK_STATIC_EVIDENCE	O_BIN_CUSTOM_OBJECT_PLACEMENTS	True	True	True	True	147	0	CUSTOMIZED_CACHE_ONLY_UNCONFIRMED	Cache region contains object IDs customized by o.bin; this does not by itself prove production reachability
9049	35	89	2240	5696			SPAWNPK_STATIC_EVIDENCE	O_BIN_CUSTOM_OBJECT_PLACEMENTS	True	True	True	True	986	0	CUSTOMIZED_CACHE_ONLY_UNCONFIRMED	Cache region contains object IDs customized by o.bin; this does not by itself prove production reachability
9050	35	90	2240	5760			CACHE_PRESENT_UNCLASSIFIED		True	True	True	True	906	0	CACHE_ONLY_UNCONFIRMED	Present in current cache/index but no direct SpawnPK usage evidence in this static pass
9113	35	153	2240	9792			CACHE_PRESENT_UNCLASSIFIED		True	True	True	True	0	0	CACHE_ONLY_UNCONFIRMED	Present in current cache/index but no direct SpawnPK usage evidence in this static pass
9114	35	154	2240	9856			CACHE_PRESENT_UNCLASSIFIED		True	True	True	True	0	0	CACHE_ONLY_UNCONFIRMED	Present in current cache/index but no direct SpawnPK usage evidence in this static pass
9262	36	46	2304	2944			CACHE_PRESENT_UNCLASSIFIED		True	True	True	True	0	0	CACHE_ONLY_UNCONFIRMED	Present in current cache/index but no direct SpawnPK usage evidence in this static pass
9263	36	47	2304	3008			SPAWNPK_STATIC_EVIDENCE	CLIENT_HARDCODED_REGION_PATCH;O_BIN_CUSTOM_OBJECT_PLACEMENTS	True	True	True	True	798	0	CLIENT_HARDCODED_REGION	Exact client applies a region mapping patch; live reachability not proven by this fact alone
9264	36	48	2304	3072			SPAWNPK_STATIC_EVIDENCE	CLIENT_HARDCODED_REGION_PATCH;O_BIN_CUSTOM_OBJECT_PLACEMENTS	True	True	True	True	663	0	CLIENT_HARDCODED_REGION	Exact client applies a region mapping patch; live reachability not proven by this fact alone
9265	36	49	2304	3136			CACHE_PRESENT_UNCLASSIFIED		True	True	True	True	2635	0	CACHE_ONLY_UNCONFIRMED	Present in current cache/index but no direct SpawnPK usage evidence in this static pass
9266	36	50	2304	3200			CACHE_PRESENT_UNCLASSIFIED		True	True	True	True	1091	0	CACHE_ONLY_UNCONFIRMED	Present in current cache/index but no direct SpawnPK usage evidence in this static pass
9267	36	51	2304	3264			SPAWNPK_STATIC_EVIDENCE	O_BIN_CUSTOM_OBJECT_PLACEMENTS	True	True	True	True	1163	0	CUSTOMIZED_CACHE_ONLY_UNCONFIRMED	Cache region contains object IDs customized by o.bin; this does not by itself prove production reachability
9268	36	52	2304	3328			SPAWNPK_STATIC_EVIDENCE	O_BIN_CUSTOM_OBJECT_PLACEMENTS	True	True	True	True	354	0	CUSTOMIZED_CACHE_ONLY_UNCONFIRMED	Cache region contains object IDs customized by o.bin; this does not by itself prove production reachability
9269	36	53	2304	3392			SPAWNPK_STATIC_EVIDENCE	O_BIN_CUSTOM_OBJECT_PLACEMENTS	True	True	True	True	264	0	CUSTOMIZED_CACHE_ONLY_UNCONFIRMED	Cache region contains object IDs customized by o.bin; this does not by itself prove production reachability
9270	36	54	2304	3456			CACHE_PRESENT_UNCLASSIFIED		True	True	True	True	97	0	CACHE_ONLY_UNCONFIRMED	Present in current cache/index but no direct SpawnPK usage evidence in this static pass
9271	36	55	2304	3520			SPAWNPK_STATIC_EVIDENCE	O_BIN_CUSTOM_OBJECT_PLACEMENTS	True	True	True	True	3672	0	CUSTOMIZED_CACHE_ONLY_UNCONFIRMED	Cache region contains object IDs customized by o.bin; this does not by itself prove production reachability
9272	36	56	2304	3584			SPAWNPK_STATIC_EVIDENCE	O_BIN_CUSTOM_OBJECT_PLACEMENTS	True	True	True	True	3352	0	CUSTOMIZED_CACHE_ONLY_UNCONFIRMED	Cache region contains object IDs customized by o.bin; this does not by itself prove production reachability
9273	36	57	2304	3648			CACHE_PRESENT_UNCLASSIFIED		True	True	True	True	1566	0	CACHE_ONLY_UNCONFIRMED	Present in current cache/index but no direct SpawnPK usage evidence in this static pass
9274	36	58	2304	3712			CACHE_PRESENT_UNCLASSIFIED		True	True	True	True	0	0	CACHE_ONLY_UNCONFIRMED	Present in current cache/index but no direct SpawnPK usage evidence in this static pass
9275	36	59	2304	3776			CACHE_PRESENT_UNCLASSIFIED		True	True	True	True	1974	0	CACHE_ONLY_UNCONFIRMED	Present in current cache/index but no direct SpawnPK usage evidence in this static pass
9276	36	60	2304	3840			CACHE_PRESENT_UNCLASSIFIED		True	True	True	True	742	0	CACHE_ONLY_UNCONFIRMED	Present in current cache/index but no direct SpawnPK usage evidence in this static pass
9277	36	61	2304	3904			CACHE_PRESENT_UNCLASSIFIED		True	True	True	True	0	0	CACHE_ONLY_UNCONFIRMED	Present in current cache/index but no direct SpawnPK usage evidence in this static pass
9278	36	62	2304	3968			CACHE_PRESENT_UNCLASSIFIED		True	True	True	True	0	0	CACHE_ONLY_UNCONFIRMED	Present in current cache/index but no direct SpawnPK usage evidence in this static pass
9279	36	63	2304	4032			CACHE_PRESENT_UNCLASSIFIED		True	True	True	True	0	0	CACHE_ONLY_UNCONFIRMED	Present in current cache/index but no direct SpawnPK usage evidence in this static pass
9280	36	64	2304	4096			CACHE_PRESENT_UNCLASSIFIED		True	True	True	True	0	0	CACHE_ONLY_UNCONFIRMED	Present in current cache/index but no direct SpawnPK usage evidence in this static pass
9285	36	69	2304	4416			CACHE_PRESENT_UNCLASSIFIED		True	True	True	True	3677	0	CACHE_ONLY_UNCONFIRMED	Present in current cache/index but no direct SpawnPK usage evidence in this static pass
9287	36	71	2304	4544			CACHE_PRESENT_UNCLASSIFIED		True	True	True	True	1814	0	CACHE_ONLY_UNCONFIRMED	Present in current cache/index but no direct SpawnPK usage evidence in this static pass
9288	36	72	2304	4608			SPAWNPK_STATIC_EVIDENCE	O_BIN_CUSTOM_OBJECT_PLACEMENTS	True	True	True	True	336	0	CUSTOMIZED_CACHE_ONLY_UNCONFIRMED	Cache region contains object IDs customized by o.bin; this does not by itself prove production reachability
9289	36	73	2304	4672			CACHE_PRESENT_UNCLASSIFIED		True	True	True	True	768	0	CACHE_ONLY_UNCONFIRMED	Present in current cache/index but no direct SpawnPK usage evidence in this static pass
9290	36	74	2304	4736			CACHE_PRESENT_UNCLASSIFIED		True	True	True	True	194	0	CACHE_ONLY_UNCONFIRMED	Present in current cache/index but no direct SpawnPK usage evidence in this static pass
9293	36	77	2304	4928			CACHE_PRESENT_UNCLASSIFIED		True	True	True	True	1403	0	CACHE_ONLY_UNCONFIRMED	Present in current cache/index but no direct SpawnPK usage evidence in this static pass
9294	36	78	2304	4992			SPAWNPK_STATIC_EVIDENCE	O_BIN_CUSTOM_OBJECT_PLACEMENTS	True	True	True	True	3284	0	CUSTOMIZED_CACHE_ONLY_UNCONFIRMED	Cache region contains object IDs customized by o.bin; this does not by itself prove production reachability
9295	36	79	2304	5056			SPAWNPK_STATIC_EVIDENCE	O_BIN_CUSTOM_OBJECT_PLACEMENTS	True	True	True	True	4728	0	CUSTOMIZED_CACHE_ONLY_UNCONFIRMED	Cache region contains object IDs customized by o.bin; this does not by itself prove production reachability
9297	36	81	2304	5184			CACHE_PRESENT_UNCLASSIFIED		True	True	True	True	3571	0	CACHE_ONLY_UNCONFIRMED	Present in current cache/index but no direct SpawnPK usage evidence in this static pass
9300	36	84	2304	5376			SPAWNPK_STATIC_EVIDENCE	O_BIN_CUSTOM_OBJECT_PLACEMENTS	True	True	True	True	3366	0	CUSTOMIZED_CACHE_ONLY_UNCONFIRMED	Cache region contains object IDs customized by o.bin; this does not by itself prove production reachability
9304	36	88	2304	5632			CACHE_PRESENT_UNCLASSIFIED		True	True	True	True	11685	0	CACHE_ONLY_UNCONFIRMED	Present in current cache/index but no direct SpawnPK usage evidence in this static pass
9305	36	89	2304	5696			CACHE_PRESENT_UNCLASSIFIED		True	True	True	True	0	0	CACHE_ONLY_UNCONFIRMED	Present in current cache/index but no direct SpawnPK usage evidence in this static pass
9306	36	90	2304	5760			SPAWNPK_STATIC_EVIDENCE	O_BIN_CUSTOM_OBJECT_PLACEMENTS	True	True	True	True	2201	0	CUSTOMIZED_CACHE_ONLY_UNCONFIRMED	Cache region contains object IDs customized by o.bin; this does not by itself prove production reachability
9362	36	146	2304	9344			CACHE_PRESENT_UNCLASSIFIED		True	True	True	True	0	0	CACHE_ONLY_UNCONFIRMED	Present in current cache/index but no direct SpawnPK usage evidence in this static pass
9364	36	148	2304	9472			CACHE_PRESENT_UNCLASSIFIED		True	True	True	True	768	0	CACHE_ONLY_UNCONFIRMED	Present in current cache/index but no direct SpawnPK usage evidence in this static pass
9365	36	149	2304	9536			CACHE_PRESENT_UNCLASSIFIED		True	True	True	True	420	0	CACHE_ONLY_UNCONFIRMED	Present in current cache/index but no direct SpawnPK usage evidence in this static pass
9366	36	150	2304	9600			SPAWNPK_STATIC_EVIDENCE	O_BIN_CUSTOM_OBJECT_PLACEMENTS	True	True	True	True	3900	0	CUSTOMIZED_CACHE_ONLY_UNCONFIRMED	Cache region contains object IDs customized by o.bin; this does not by itself prove production reachability
9368	36	152	2304	9728			CACHE_PRESENT_UNCLASSIFIED		True	True	True	True	0	0	CACHE_ONLY_UNCONFIRMED	Present in current cache/index but no direct SpawnPK usage evidence in this static pass
9369	36	153	2304	9792			SPAWNPK_STATIC_EVIDENCE	O_BIN_CUSTOM_OBJECT_PLACEMENTS	True	True	True	True	3181	0	CUSTOMIZED_CACHE_ONLY_UNCONFIRMED	Cache region contains object IDs customized by o.bin; this does not by itself prove production reachability
9370	36	154	2304	9856			CACHE_PRESENT_UNCLASSIFIED		True	True	True	True	2934	0	CACHE_ONLY_UNCONFIRMED	Present in current cache/index but no direct SpawnPK usage evidence in this static pass
9371	36	155	2304	9920			CACHE_PRESENT_UNCLASSIFIED		True	True	True	True	384	0	CACHE_ONLY_UNCONFIRMED	Present in current cache/index but no direct SpawnPK usage evidence in this static pass
9372	36	156	2304	9984			CACHE_PRESENT_UNCLASSIFIED		True	True	True	True	454	0	CACHE_ONLY_UNCONFIRMED	Present in current cache/index but no direct SpawnPK usage evidence in this static pass
9377	36	161	2304	10304			SPAWNPK_STATIC_EVIDENCE	CLIENT_HARDCODED_REGION_PATCH	True	True	True	True	0	0	CLIENT_HARDCODED_REGION	Exact client applies a region mapping patch; live reachability not proven by this fact alone
9518	37	46	2368	2944			CACHE_PRESENT_UNCLASSIFIED		True	True	True	True	0	0	CACHE_ONLY_UNCONFIRMED	Present in current cache/index but no direct SpawnPK usage evidence in this static pass
9519	37	47	2368	3008			SPAWNPK_STATIC_EVIDENCE	O_BIN_CUSTOM_OBJECT_PLACEMENTS	True	True	True	True	1456	0	CUSTOMIZED_CACHE_ONLY_UNCONFIRMED	Cache region contains object IDs customized by o.bin; this does not by itself prove production reachability
9521	37	49	2368	3136			SPAWNPK_STATIC_EVIDENCE	O_BIN_CUSTOM_OBJECT_PLACEMENTS	True	True	True	True	676	0	CUSTOMIZED_CACHE_ONLY_UNCONFIRMED	Cache region contains object IDs customized by o.bin; this does not by itself prove production reachability
9522	37	50	2368	3200			CACHE_PRESENT_UNCLASSIFIED		True	True	True	True	723	0	CACHE_ONLY_UNCONFIRMED	Present in current cache/index but no direct SpawnPK usage evidence in this static pass
9523	37	51	2368	3264			CACHE_PRESENT_UNCLASSIFIED		True	True	True	True	953	0	CACHE_ONLY_UNCONFIRMED	Present in current cache/index but no direct SpawnPK usage evidence in this static pass
9524	37	52	2368	3328			SPAWNPK_STATIC_EVIDENCE	O_BIN_CUSTOM_OBJECT_PLACEMENTS	True	True	True	True	1849	0	CUSTOMIZED_CACHE_ONLY_UNCONFIRMED	Cache region contains object IDs customized by o.bin; this does not by itself prove production reachability
9525	37	53	2368	3392			SPAWNPK_STATIC_EVIDENCE	O_BIN_CUSTOM_OBJECT_PLACEMENTS	True	True	True	True	2475	0	CUSTOMIZED_CACHE_ONLY_UNCONFIRMED	Cache region contains object IDs customized by o.bin; this does not by itself prove production reachability
9526	37	54	2368	3456			SPAWNPK_STATIC_EVIDENCE	O_BIN_CUSTOM_OBJECT_PLACEMENTS	True	True	True	True	2436	0	CUSTOMIZED_CACHE_ONLY_UNCONFIRMED	Cache region contains object IDs customized by o.bin; this does not by itself prove production reachability
9527	37	55	2368	3520			SPAWNPK_STATIC_EVIDENCE	O_BIN_CUSTOM_OBJECT_PLACEMENTS	True	True	True	True	1061	0	CUSTOMIZED_CACHE_ONLY_UNCONFIRMED	Cache region contains object IDs customized by o.bin; this does not by itself prove production reachability
9528	37	56	2368	3584			SPAWNPK_STATIC_EVIDENCE	O_BIN_CUSTOM_OBJECT_PLACEMENTS	True	True	True	True	923	0	CUSTOMIZED_CACHE_ONLY_UNCONFIRMED	Cache region contains object IDs customized by o.bin; this does not by itself prove production reachability
9530	37	58	2368	3712			CACHE_PRESENT_UNCLASSIFIED		True	True	True	True	0	0	CACHE_ONLY_UNCONFIRMED	Present in current cache/index but no direct SpawnPK usage evidence in this static pass
9531	37	59	2368	3776			CACHE_PRESENT_UNCLASSIFIED		True	True	True	True	1946	0	CACHE_ONLY_UNCONFIRMED	Present in current cache/index but no direct SpawnPK usage evidence in this static pass
9532	37	60	2368	3840			CACHE_PRESENT_UNCLASSIFIED		True	True	True	True	788	0	CACHE_ONLY_UNCONFIRMED	Present in current cache/index but no direct SpawnPK usage evidence in this static pass
9533	37	61	2368	3904			CACHE_PRESENT_UNCLASSIFIED		True	True	True	True	0	0	CACHE_ONLY_UNCONFIRMED	Present in current cache/index but no direct SpawnPK usage evidence in this static pass
9534	37	62	2368	3968			CACHE_PRESENT_UNCLASSIFIED		True	True	True	True	0	0	CACHE_ONLY_UNCONFIRMED	Present in current cache/index but no direct SpawnPK usage evidence in this static pass
9535	37	63	2368	4032			CACHE_PRESENT_UNCLASSIFIED		True	True	True	True	0	0	CACHE_ONLY_UNCONFIRMED	Present in current cache/index but no direct SpawnPK usage evidence in this static pass
9536	37	64	2368	4096			CACHE_PRESENT_UNCLASSIFIED		True	True	True	True	0	0	CACHE_ONLY_UNCONFIRMED	Present in current cache/index but no direct SpawnPK usage evidence in this static pass
9538	37	66	2368	4224			SPAWNPK_STATIC_EVIDENCE	O_BIN_CUSTOM_OBJECT_PLACEMENTS;STATIC_TRAVEL_OBJECT_PLACEMENTS	True	True	True	True	1613	1	CUSTOMIZED_CACHE_ONLY_UNCONFIRMED	Cache region contains object IDs customized by o.bin; this does not by itself prove production reachability
9539	37	67	2368	4288			SPAWNPK_STATIC_EVIDENCE	O_BIN_CUSTOM_OBJECT_PLACEMENTS	True	True	True	True	539	0	CUSTOMIZED_CACHE_ONLY_UNCONFIRMED	Cache region contains object IDs customized by o.bin; this does not by itself prove production reachability
9540	37	68	2368	4352			SPAWNPK_STATIC_EVIDENCE	O_BIN_CUSTOM_OBJECT_PLACEMENTS	True	True	True	True	3189	0	CUSTOMIZED_CACHE_ONLY_UNCONFIRMED	Cache region contains object IDs customized by o.bin; this does not by itself prove production reachability
9541	37	69	2368	4416			SPAWNPK_STATIC_EVIDENCE	O_BIN_CUSTOM_OBJECT_PLACEMENTS	True	True	True	True	3750	0	CUSTOMIZED_CACHE_ONLY_UNCONFIRMED	Cache region contains object IDs customized by o.bin; this does not by itself prove production reachability
9543	37	71	2368	4544			CACHE_PRESENT_UNCLASSIFIED		True	True	True	True	0	0	CACHE_ONLY_UNCONFIRMED	Present in current cache/index but no direct SpawnPK usage evidence in this static pass
9544	37	72	2368	4608			CACHE_PRESENT_UNCLASSIFIED		True	True	True	True	0	0	CACHE_ONLY_UNCONFIRMED	Present in current cache/index but no direct SpawnPK usage evidence in this static pass
9545	37	73	2368	4672			SPAWNPK_STATIC_EVIDENCE	O_BIN_CUSTOM_OBJECT_PLACEMENTS	True	True	True	True	2938	0	CUSTOMIZED_CACHE_ONLY_UNCONFIRMED	Cache region contains object IDs customized by o.bin; this does not by itself prove production reachability
9546	37	74	2368	4736			CACHE_PRESENT_UNCLASSIFIED		True	True	True	True	768	0	CACHE_ONLY_UNCONFIRMED	Present in current cache/index but no direct SpawnPK usage evidence in this static pass
9547	37	75	2368	4800			SPAWNPK_STATIC_EVIDENCE	O_BIN_CUSTOM_OBJECT_PLACEMENTS	True	True	True	True	1453	0	CUSTOMIZED_CACHE_ONLY_UNCONFIRMED	Cache region contains object IDs customized by o.bin; this does not by itself prove production reachability
9549	37	77	2368	4928			CACHE_PRESENT_UNCLASSIFIED		True	True	True	True	1393	0	CACHE_ONLY_UNCONFIRMED	Present in current cache/index but no direct SpawnPK usage evidence in this static pass
9550	37	78	2368	4992			SPAWNPK_STATIC_EVIDENCE	O_BIN_CUSTOM_OBJECT_PLACEMENTS	True	True	True	True	1577	0	CUSTOMIZED_CACHE_ONLY_UNCONFIRMED	Cache region contains object IDs customized by o.bin; this does not by itself prove production reachability
9551	37	79	2368	5056			SPAWNPK_STATIC_EVIDENCE	O_BIN_CUSTOM_OBJECT_PLACEMENTS	True	True	True	True	5962	0	CUSTOMIZED_CACHE_ONLY_UNCONFIRMED	Cache region contains object IDs customized by o.bin; this does not by itself prove production reachability
9552	37	80	2368	5120			SPAWNPK_STATIC_EVIDENCE	O_BIN_CUSTOM_OBJECT_PLACEMENTS	True	True	True	True	7370	0	CUSTOMIZED_CACHE_ONLY_UNCONFIRMED	Cache region contains object IDs customized by o.bin; this does not by itself prove production reachability
9553	37	81	2368	5184			SPAWNPK_STATIC_EVIDENCE	O_BIN_CUSTOM_OBJECT_PLACEMENTS	True	True	True	True	1419	0	CUSTOMIZED_CACHE_ONLY_UNCONFIRMED	Cache region contains object IDs customized by o.bin; this does not by itself prove production reachability
9556	37	84	2368	5376			SPAWNPK_STATIC_EVIDENCE	O_BIN_CUSTOM_OBJECT_PLACEMENTS	True	True	True	True	1991	0	CUSTOMIZED_CACHE_ONLY_UNCONFIRMED	Cache region contains object IDs customized by o.bin; this does not by itself prove production reachability
9558	37	86	2368	5504			CACHE_PRESENT_UNCLASSIFIED		True	True	True	True	0	0	CACHE_ONLY_UNCONFIRMED	Present in current cache/index but no direct SpawnPK usage evidence in this static pass
9560	37	88	2368	5632			SPAWNPK_STATIC_EVIDENCE	O_BIN_CUSTOM_OBJECT_PLACEMENTS	True	True	True	True	500	0	CUSTOMIZED_CACHE_ONLY_UNCONFIRMED	Cache region contains object IDs customized by o.bin; this does not by itself prove production reachability
9561	37	89	2368	5696			CACHE_PRESENT_UNCLASSIFIED		True	True	True	True	461	0	CACHE_ONLY_UNCONFIRMED	Present in current cache/index but no direct SpawnPK usage evidence in this static pass
9562	37	90	2368	5760			CACHE_PRESENT_UNCLASSIFIED		True	True	True	True	585	0	CACHE_ONLY_UNCONFIRMED	Present in current cache/index but no direct SpawnPK usage evidence in this static pass
9620	37	148	2368	9472			SPAWNPK_STATIC_EVIDENCE	O_BIN_CUSTOM_OBJECT_PLACEMENTS	True	True	True	True	4790	0	CUSTOMIZED_CACHE_ONLY_UNCONFIRMED	Cache region contains object IDs customized by o.bin; this does not by itself prove production reachability
9621	37	149	2368	9536			CACHE_PRESENT_UNCLASSIFIED		True	True	True	True	1698	0	CACHE_ONLY_UNCONFIRMED	Present in current cache/index but no direct SpawnPK usage evidence in this static pass
9622	37	150	2368	9600			SPAWNPK_STATIC_EVIDENCE	O_BIN_CUSTOM_OBJECT_PLACEMENTS	True	True	True	True	4595	0	CUSTOMIZED_CACHE_ONLY_UNCONFIRMED	Cache region contains object IDs customized by o.bin; this does not by itself prove production reachability
9623	37	151	2368	9664			SPAWNPK_STATIC_EVIDENCE	O_BIN_CUSTOM_OBJECT_PLACEMENTS	True	True	True	True	4550	0	CUSTOMIZED_CACHE_ONLY_UNCONFIRMED	Cache region contains object IDs customized by o.bin; this does not by itself prove production reachability
9624	37	152	2368	9728			CACHE_PRESENT_UNCLASSIFIED		True	True	True	True	193	0	CACHE_ONLY_UNCONFIRMED	Present in current cache/index but no direct SpawnPK usage evidence in this static pass
9625	37	153	2368	9792			SPAWNPK_STATIC_EVIDENCE	O_BIN_CUSTOM_OBJECT_PLACEMENTS	True	True	True	True	2942	0	CUSTOMIZED_CACHE_ONLY_UNCONFIRMED	Cache region contains object IDs customized by o.bin; this does not by itself prove production reachability
9626	37	154	2368	9856			SPAWNPK_STATIC_EVIDENCE	O_BIN_CUSTOM_OBJECT_PLACEMENTS	True	True	True	True	4565	0	CUSTOMIZED_CACHE_ONLY_UNCONFIRMED	Cache region contains object IDs customized by o.bin; this does not by itself prove production reachability
9631	37	159	2368	10176			CACHE_PRESENT_UNCLASSIFIED		True	True	True	True	2030	0	CACHE_ONLY_UNCONFIRMED	Present in current cache/index but no direct SpawnPK usage evidence in this static pass
9632	37	160	2368	10240			CACHE_PRESENT_UNCLASSIFIED		True	True	True	True	3961	0	CACHE_ONLY_UNCONFIRMED	Present in current cache/index but no direct SpawnPK usage evidence in this static pass
9772	38	44	2432	2816			CACHE_PRESENT_UNCLASSIFIED		True	True	True	True	2702	0	CACHE_ONLY_UNCONFIRMED	Present in current cache/index but no direct SpawnPK usage evidence in this static pass
9773	38	45	2432	2880			CACHE_PRESENT_UNCLASSIFIED		True	True	True	True	1382	0	CACHE_ONLY_UNCONFIRMED	Present in current cache/index but no direct SpawnPK usage evidence in this static pass
9774	38	46	2432	2944			SPAWNPK_STATIC_EVIDENCE	O_BIN_CUSTOM_OBJECT_PLACEMENTS	True	True	True	True	279	0	CUSTOMIZED_CACHE_ONLY_UNCONFIRMED	Cache region contains object IDs customized by o.bin; this does not by itself prove production reachability
9775	38	47	2432	3008			SPAWNPK_STATIC_EVIDENCE	O_BIN_CUSTOM_OBJECT_PLACEMENTS	True	True	True	True	1738	0	CUSTOMIZED_CACHE_ONLY_UNCONFIRMED	Cache region contains object IDs customized by o.bin; this does not by itself prove production reachability
9776	38	48	2432	3072			SPAWNPK_STATIC_EVIDENCE	O_BIN_CUSTOM_OBJECT_PLACEMENTS	True	True	True	True	2313	0	CUSTOMIZED_CACHE_ONLY_UNCONFIRMED	Cache region contains object IDs customized by o.bin; this does not by itself prove production reachability
9777	38	49	2432	3136			SPAWNPK_STATIC_EVIDENCE	O_BIN_CUSTOM_OBJECT_PLACEMENTS	True	True	True	True	2378	0	CUSTOMIZED_CACHE_ONLY_UNCONFIRMED	Cache region contains object IDs customized by o.bin; this does not by itself prove production reachability
9778	38	50	2432	3200			SPAWNPK_STATIC_EVIDENCE	O_BIN_CUSTOM_OBJECT_PLACEMENTS	True	True	True	True	1661	0	CUSTOMIZED_CACHE_ONLY_UNCONFIRMED	Cache region contains object IDs customized by o.bin; this does not by itself prove production reachability
9779	38	51	2432	3264			SPAWNPK_STATIC_EVIDENCE	O_BIN_CUSTOM_OBJECT_PLACEMENTS	True	True	True	True	2559	0	CUSTOMIZED_CACHE_ONLY_UNCONFIRMED	Cache region contains object IDs customized by o.bin; this does not by itself prove production reachability
9780	38	52	2432	3328			SPAWNPK_STATIC_EVIDENCE	O_BIN_CUSTOM_OBJECT_PLACEMENTS	True	True	True	True	2107	0	CUSTOMIZED_CACHE_ONLY_UNCONFIRMED	Cache region contains object IDs customized by o.bin; this does not by itself prove production reachability
9781	38	53	2432	3392			SPAWNPK_STATIC_EVIDENCE	O_BIN_CUSTOM_OBJECT_PLACEMENTS	True	True	True	True	2312	0	CUSTOMIZED_CACHE_ONLY_UNCONFIRMED	Cache region contains object IDs customized by o.bin; this does not by itself prove production reachability
9782	38	54	2432	3456			SPAWNPK_STATIC_EVIDENCE	O_BIN_CUSTOM_OBJECT_PLACEMENTS	True	True	True	True	3910	0	CUSTOMIZED_CACHE_ONLY_UNCONFIRMED	Cache region contains object IDs customized by o.bin; this does not by itself prove production reachability
9783	38	55	2432	3520			SPAWNPK_STATIC_EVIDENCE	O_BIN_CUSTOM_OBJECT_PLACEMENTS	True	True	True	True	327	0	CUSTOMIZED_CACHE_ONLY_UNCONFIRMED	Cache region contains object IDs customized by o.bin; this does not by itself prove production reachability
9784	38	56	2432	3584			CACHE_PRESENT_UNCLASSIFIED		True	True	True	True	0	0	CACHE_ONLY_UNCONFIRMED	Present in current cache/index but no direct SpawnPK usage evidence in this static pass
9785	38	57	2432	3648			CACHE_PRESENT_UNCLASSIFIED		True	True	True	True	0	0	CACHE_ONLY_UNCONFIRMED	Present in current cache/index but no direct SpawnPK usage evidence in this static pass
9786	38	58	2432	3712			CACHE_PRESENT_UNCLASSIFIED		True	True	True	True	0	0	CACHE_ONLY_UNCONFIRMED	Present in current cache/index but no direct SpawnPK usage evidence in this static pass
9787	38	59	2432	3776			CACHE_PRESENT_UNCLASSIFIED		True	True	True	True	1	0	CACHE_ONLY_UNCONFIRMED	Present in current cache/index but no direct SpawnPK usage evidence in this static pass
9788	38	60	2432	3840			CACHE_PRESENT_UNCLASSIFIED		True	True	True	True	1	0	CACHE_ONLY_UNCONFIRMED	Present in current cache/index but no direct SpawnPK usage evidence in this static pass
9789	38	61	2432	3904			CACHE_PRESENT_UNCLASSIFIED		True	True	True	True	0	0	CACHE_ONLY_UNCONFIRMED	Present in current cache/index but no direct SpawnPK usage evidence in this static pass
9790	38	62	2432	3968			CACHE_PRESENT_UNCLASSIFIED		True	True	True	True	0	0	CACHE_ONLY_UNCONFIRMED	Present in current cache/index but no direct SpawnPK usage evidence in this static pass
9791	38	63	2432	4032			CACHE_PRESENT_UNCLASSIFIED		True	True	True	True	0	0	CACHE_ONLY_UNCONFIRMED	Present in current cache/index but no direct SpawnPK usage evidence in this static pass
9792	38	64	2432	4096			CACHE_PRESENT_UNCLASSIFIED		True	True	True	True	0	0	CACHE_ONLY_UNCONFIRMED	Present in current cache/index but no direct SpawnPK usage evidence in this static pass
9794	38	66	2432	4224			CACHE_PRESENT_UNCLASSIFIED		True	True	True	True	0	0	CACHE_ONLY_UNCONFIRMED	Present in current cache/index but no direct SpawnPK usage evidence in this static pass
9796	38	68	2432	4352			SPAWNPK_STATIC_EVIDENCE	O_BIN_CUSTOM_OBJECT_PLACEMENTS	True	True	True	True	4100	0	CUSTOMIZED_CACHE_ONLY_UNCONFIRMED	Cache region contains object IDs customized by o.bin; this does not by itself prove production reachability
9797	38	69	2432	4416			SPAWNPK_STATIC_EVIDENCE	O_BIN_CUSTOM_OBJECT_PLACEMENTS	True	True	True	True	4379	0	CUSTOMIZED_CACHE_ONLY_UNCONFIRMED	Cache region contains object IDs customized by o.bin; this does not by itself prove production reachability
9799	38	71	2432	4544			SPAWNPK_STATIC_EVIDENCE	O_BIN_CUSTOM_OBJECT_PLACEMENTS	True	True	True	True	531	0	CUSTOMIZED_CACHE_ONLY_UNCONFIRMED	Cache region contains object IDs customized by o.bin; this does not by itself prove production reachability
9800	38	72	2432	4608			CACHE_PRESENT_UNCLASSIFIED		True	True	True	True	392	0	CACHE_ONLY_UNCONFIRMED	Present in current cache/index but no direct SpawnPK usage evidence in this static pass
9801	38	73	2432	4672			CACHE_PRESENT_UNCLASSIFIED		True	True	True	True	1856	0	CACHE_ONLY_UNCONFIRMED	Present in current cache/index but no direct SpawnPK usage evidence in this static pass
9802	38	74	2432	4736			SPAWNPK_STATIC_EVIDENCE	O_BIN_CUSTOM_OBJECT_PLACEMENTS	True	True	True	True	700	0	CUSTOMIZED_CACHE_ONLY_UNCONFIRMED	Cache region contains object IDs customized by o.bin; this does not by itself prove production reachability
9803	38	75	2432	4800			CACHE_PRESENT_UNCLASSIFIED		True	True	True	True	3751	0	CACHE_ONLY_UNCONFIRMED	Present in current cache/index but no direct SpawnPK usage evidence in this static pass
9804	38	76	2432	4864			CACHE_PRESENT_UNCLASSIFIED		True	True	True	True	3220	0	CACHE_ONLY_UNCONFIRMED	Present in current cache/index but no direct SpawnPK usage evidence in this static pass
9805	38	77	2432	4928			CACHE_PRESENT_UNCLASSIFIED		True	True	True	True	3975	0	CACHE_ONLY_UNCONFIRMED	Present in current cache/index but no direct SpawnPK usage evidence in this static pass
9806	38	78	2432	4992			SPAWNPK_STATIC_EVIDENCE	O_BIN_CUSTOM_OBJECT_PLACEMENTS	True	True	True	True	409	0	CUSTOMIZED_CACHE_ONLY_UNCONFIRMED	Cache region contains object IDs customized by o.bin; this does not by itself prove production reachability
9808	38	80	2432	5120			SPAWNPK_STATIC_EVIDENCE	O_BIN_CUSTOM_OBJECT_PLACEMENTS	True	True	True	True	6368	0	CUSTOMIZED_CACHE_ONLY_UNCONFIRMED	Cache region contains object IDs customized by o.bin; this does not by itself prove production reachability
9809	38	81	2432	5184			SPAWNPK_STATIC_EVIDENCE	O_BIN_CUSTOM_OBJECT_PLACEMENTS	True	True	True	True	1310	0	CUSTOMIZED_CACHE_ONLY_UNCONFIRMED	Cache region contains object IDs customized by o.bin; this does not by itself prove production reachability
9810	38	82	2432	5248			SPAWNPK_STATIC_EVIDENCE	O_BIN_CUSTOM_OBJECT_PLACEMENTS	True	True	True	True	2545	0	CUSTOMIZED_CACHE_ONLY_UNCONFIRMED	Cache region contains object IDs customized by o.bin; this does not by itself prove production reachability
9811	38	83	2432	5312			SPAWNPK_STATIC_EVIDENCE	O_BIN_CUSTOM_OBJECT_PLACEMENTS	True	True	True	True	1300	0	CUSTOMIZED_CACHE_ONLY_UNCONFIRMED	Cache region contains object IDs customized by o.bin; this does not by itself prove production reachability
9812	38	84	2432	5376			SPAWNPK_STATIC_EVIDENCE	O_BIN_CUSTOM_OBJECT_PLACEMENTS	True	True	True	True	1773	0	CUSTOMIZED_CACHE_ONLY_UNCONFIRMED	Cache region contains object IDs customized by o.bin; this does not by itself prove production reachability
9814	38	86	2432	5504			CACHE_PRESENT_UNCLASSIFIED		True	True	True	True	0	0	CACHE_ONLY_UNCONFIRMED	Present in current cache/index but no direct SpawnPK usage evidence in this static pass
9874	38	146	2432	9344			SPAWNPK_STATIC_EVIDENCE	O_BIN_CUSTOM_OBJECT_PLACEMENTS	True	True	True	True	1804	0	CUSTOMIZED_CACHE_ONLY_UNCONFIRMED	Cache region contains object IDs customized by o.bin; this does not by itself prove production reachability
9875	38	147	2432	9408			SPAWNPK_STATIC_EVIDENCE	O_BIN_CUSTOM_OBJECT_PLACEMENTS	True	True	True	True	6525	0	CUSTOMIZED_CACHE_ONLY_UNCONFIRMED	Cache region contains object IDs customized by o.bin; this does not by itself prove production reachability
9876	38	148	2432	9472			CACHE_PRESENT_UNCLASSIFIED		True	True	True	True	922	0	CACHE_ONLY_UNCONFIRMED	Present in current cache/index but no direct SpawnPK usage evidence in this static pass
9877	38	149	2432	9536			CACHE_PRESENT_UNCLASSIFIED		True	True	True	True	501	0	CACHE_ONLY_UNCONFIRMED	Present in current cache/index but no direct SpawnPK usage evidence in this static pass
9878	38	150	2432	9600			CACHE_PRESENT_UNCLASSIFIED		True	True	True	True	4142	0	CACHE_ONLY_UNCONFIRMED	Present in current cache/index but no direct SpawnPK usage evidence in this static pass
9879	38	151	2432	9664			SPAWNPK_STATIC_EVIDENCE	O_BIN_CUSTOM_OBJECT_PLACEMENTS	True	True	True	True	4932	0	CUSTOMIZED_CACHE_ONLY_UNCONFIRMED	Cache region contains object IDs customized by o.bin; this does not by itself prove production reachability
9880	38	152	2432	9728			CACHE_PRESENT_UNCLASSIFIED		True	True	True	True	726	0	CACHE_ONLY_UNCONFIRMED	Present in current cache/index but no direct SpawnPK usage evidence in this static pass
9881	38	153	2432	9792			CACHE_PRESENT_UNCLASSIFIED		True	True	True	True	602	0	CACHE_ONLY_UNCONFIRMED	Present in current cache/index but no direct SpawnPK usage evidence in this static pass
9882	38	154	2432	9856			SPAWNPK_STATIC_EVIDENCE	O_BIN_CUSTOM_OBJECT_PLACEMENTS	True	True	True	True	3527	0	CUSTOMIZED_CACHE_ONLY_UNCONFIRMED	Cache region contains object IDs customized by o.bin; this does not by itself prove production reachability
9883	38	155	2432	9920			CACHE_PRESENT_UNCLASSIFIED		True	True	True	True	896	0	CACHE_ONLY_UNCONFIRMED	Present in current cache/index but no direct SpawnPK usage evidence in this static pass
9886	38	158	2432	10112			CACHE_PRESENT_UNCLASSIFIED		True	True	True	True	1774	0	CACHE_ONLY_UNCONFIRMED	Present in current cache/index but no direct SpawnPK usage evidence in this static pass
10023	39	39	2496	2496			CACHE_PRESENT_UNCLASSIFIED		True	True	True	True	0	0	CACHE_ONLY_UNCONFIRMED	Present in current cache/index but no direct SpawnPK usage evidence in this static pass
10024	39	40	2496	2560			CACHE_PRESENT_UNCLASSIFIED		True	True	True	True	0	0	CACHE_ONLY_UNCONFIRMED	Present in current cache/index but no direct SpawnPK usage evidence in this static pass
10025	39	41	2496	2624			CACHE_PRESENT_UNCLASSIFIED		True	True	True	True	0	0	CACHE_ONLY_UNCONFIRMED	Present in current cache/index but no direct SpawnPK usage evidence in this static pass
10026	39	42	2496	2688			CACHE_PRESENT_UNCLASSIFIED		True	True	True	True	0	0	CACHE_ONLY_UNCONFIRMED	Present in current cache/index but no direct SpawnPK usage evidence in this static pass
10027	39	43	2496	2752			CACHE_PRESENT_UNCLASSIFIED		True	True	True	True	0	0	CACHE_ONLY_UNCONFIRMED	Present in current cache/index but no direct SpawnPK usage evidence in this static pass
10028	39	44	2496	2816			CACHE_PRESENT_UNCLASSIFIED		True	True	True	True	3909	0	CACHE_ONLY_UNCONFIRMED	Present in current cache/index but no direct SpawnPK usage evidence in this static pass
10029	39	45	2496	2880			CACHE_PRESENT_UNCLASSIFIED		True	True	True	True	2373	0	CACHE_ONLY_UNCONFIRMED	Present in current cache/index but no direct SpawnPK usage evidence in this static pass
10030	39	46	2496	2944			SPAWNPK_STATIC_EVIDENCE	O_BIN_CUSTOM_OBJECT_PLACEMENTS	True	True	True	True	1593	0	CUSTOMIZED_CACHE_ONLY_UNCONFIRMED	Cache region contains object IDs customized by o.bin; this does not by itself prove production reachability
10031	39	47	2496	3008			SPAWNPK_STATIC_EVIDENCE	O_BIN_CUSTOM_OBJECT_PLACEMENTS	True	True	True	True	2270	0	CUSTOMIZED_CACHE_ONLY_UNCONFIRMED	Cache region contains object IDs customized by o.bin; this does not by itself prove production reachability
10032	39	48	2496	3072			SPAWNPK_STATIC_EVIDENCE	O_BIN_CUSTOM_OBJECT_PLACEMENTS	True	True	True	True	2814	0	CUSTOMIZED_CACHE_ONLY_UNCONFIRMED	Cache region contains object IDs customized by o.bin; this does not by itself prove production reachability
10033	39	49	2496	3136			SPAWNPK_STATIC_EVIDENCE	O_BIN_CUSTOM_OBJECT_PLACEMENTS	True	True	True	True	2344	0	CUSTOMIZED_CACHE_ONLY_UNCONFIRMED	Cache region contains object IDs customized by o.bin; this does not by itself prove production reachability
10034	39	50	2496	3200			SPAWNPK_STATIC_EVIDENCE	O_BIN_CUSTOM_OBJECT_PLACEMENTS	True	True	True	True	1583	0	CUSTOMIZED_CACHE_ONLY_UNCONFIRMED	Cache region contains object IDs customized by o.bin; this does not by itself prove production reachability
10035	39	51	2496	3264			SPAWNPK_STATIC_EVIDENCE	O_BIN_CUSTOM_OBJECT_PLACEMENTS	True	True	True	True	4225	0	CUSTOMIZED_CACHE_ONLY_UNCONFIRMED	Cache region contains object IDs customized by o.bin; this does not by itself prove production reachability
10036	39	52	2496	3328			SPAWNPK_STATIC_EVIDENCE	O_BIN_CUSTOM_OBJECT_PLACEMENTS	True	True	True	True	2372	0	CUSTOMIZED_CACHE_ONLY_UNCONFIRMED	Cache region contains object IDs customized by o.bin; this does not by itself prove production reachability
10037	39	53	2496	3392			SPAWNPK_STATIC_EVIDENCE	O_BIN_CUSTOM_OBJECT_PLACEMENTS	True	True	True	True	1983	0	CUSTOMIZED_CACHE_ONLY_UNCONFIRMED	Cache region contains object IDs customized by o.bin; this does not by itself prove production reachability
10038	39	54	2496	3456			SPAWNPK_STATIC_EVIDENCE	O_BIN_CUSTOM_OBJECT_PLACEMENTS	True	True	True	True	1928	0	CUSTOMIZED_CACHE_ONLY_UNCONFIRMED	Cache region contains object IDs customized by o.bin; this does not by itself prove production reachability
10039	39	55	2496	3520			SPAWNPK_STATIC_EVIDENCE	O_BIN_CUSTOM_OBJECT_PLACEMENTS	True	True	True	True	1919	0	CUSTOMIZED_CACHE_ONLY_UNCONFIRMED	Cache region contains object IDs customized by o.bin; this does not by itself prove production reachability
10040	39	56	2496	3584			SPAWNPK_STATIC_EVIDENCE	O_BIN_CUSTOM_OBJECT_PLACEMENTS	True	True	True	True	503	0	CUSTOMIZED_CACHE_ONLY_UNCONFIRMED	Cache region contains object IDs customized by o.bin; this does not by itself prove production reachability
10041	39	57	2496	3648			CACHE_PRESENT_UNCLASSIFIED		True	True	True	True	0	0	CACHE_ONLY_UNCONFIRMED	Present in current cache/index but no direct SpawnPK usage evidence in this static pass
10042	39	58	2496	3712			CACHE_PRESENT_UNCLASSIFIED		True	True	True	True	1029	0	CACHE_ONLY_UNCONFIRMED	Present in current cache/index but no direct SpawnPK usage evidence in this static pass
10043	39	59	2496	3776			CACHE_PRESENT_UNCLASSIFIED		True	True	True	True	95	0	CACHE_ONLY_UNCONFIRMED	Present in current cache/index but no direct SpawnPK usage evidence in this static pass
10044	39	60	2496	3840			SPAWNPK_STATIC_EVIDENCE	O_BIN_CUSTOM_OBJECT_PLACEMENTS	True	True	True	True	3425	0	CUSTOMIZED_CACHE_ONLY_UNCONFIRMED	Cache region contains object IDs customized by o.bin; this does not by itself prove production reachability
10045	39	61	2496	3904			CACHE_PRESENT_UNCLASSIFIED		True	True	True	True	0	0	CACHE_ONLY_UNCONFIRMED	Present in current cache/index but no direct SpawnPK usage evidence in this static pass
10046	39	62	2496	3968			CACHE_PRESENT_UNCLASSIFIED		True	True	True	True	0	0	CACHE_ONLY_UNCONFIRMED	Present in current cache/index but no direct SpawnPK usage evidence in this static pass
10047	39	63	2496	4032			CACHE_PRESENT_UNCLASSIFIED		True	True	True	True	0	0	CACHE_ONLY_UNCONFIRMED	Present in current cache/index but no direct SpawnPK usage evidence in this static pass
10048	39	64	2496	4096			CACHE_PRESENT_UNCLASSIFIED		True	True	True	True	0	0	CACHE_ONLY_UNCONFIRMED	Present in current cache/index but no direct SpawnPK usage evidence in this static pass
10055	39	71	2496	4544			CACHE_PRESENT_UNCLASSIFIED		True	True	True	True	1697	0	CACHE_ONLY_UNCONFIRMED	Present in current cache/index but no direct SpawnPK usage evidence in this static pass
10056	39	72	2496	4608			CACHE_PRESENT_UNCLASSIFIED		True	True	True	True	1483	0	CACHE_ONLY_UNCONFIRMED	Present in current cache/index but no direct SpawnPK usage evidence in this static pass
10057	39	73	2496	4672		mage_bank	SPAWNPK_STATIC_EVIDENCE	M_BIN_EXPLICIT_REGION;NAMED_OR_GROUPED	True	True	True	True	3140	0	CLIENT_EXPLICIT_CUSTOM_REGION	Explicit configs/m.bin region; static existence is proven, live use may still vary by content lifecycle
10058	39	74	2496	4736			CACHE_PRESENT_UNCLASSIFIED		True	True	True	True	1176	0	CACHE_ONLY_UNCONFIRMED	Present in current cache/index but no direct SpawnPK usage evidence in this static pass
10059	39	75	2496	4800			CACHE_PRESENT_UNCLASSIFIED		True	True	True	True	2296	0	CACHE_ONLY_UNCONFIRMED	Present in current cache/index but no direct SpawnPK usage evidence in this static pass
10061	39	77	2496	4928			CACHE_PRESENT_UNCLASSIFIED		True	True	True	True	1339	0	CACHE_ONLY_UNCONFIRMED	Present in current cache/index but no direct SpawnPK usage evidence in this static pass
10062	39	78	2496	4992			CACHE_PRESENT_UNCLASSIFIED		True	True	True	True	6739	0	CACHE_ONLY_UNCONFIRMED	Present in current cache/index but no direct SpawnPK usage evidence in this static pass
10064	39	80	2496	5120			CACHE_PRESENT_UNCLASSIFIED		True	True	True	True	0	0	CACHE_ONLY_UNCONFIRMED	Present in current cache/index but no direct SpawnPK usage evidence in this static pass
10065	39	81	2496	5184			SPAWNPK_STATIC_EVIDENCE	O_BIN_CUSTOM_OBJECT_PLACEMENTS	True	True	True	True	3076	0	CUSTOMIZED_CACHE_ONLY_UNCONFIRMED	Cache region contains object IDs customized by o.bin; this does not by itself prove production reachability
10066	39	82	2496	5248			CACHE_PRESENT_UNCLASSIFIED		True	True	True	True	5090	0	CACHE_ONLY_UNCONFIRMED	Present in current cache/index but no direct SpawnPK usage evidence in this static pass
10068	39	84	2496	5376			CACHE_PRESENT_UNCLASSIFIED		True	True	True	True	2492	0	CACHE_ONLY_UNCONFIRMED	Present in current cache/index but no direct SpawnPK usage evidence in this static pass
10069	39	85	2496	5440			CACHE_PRESENT_UNCLASSIFIED		True	True	True	True	6	0	CACHE_ONLY_UNCONFIRMED	Present in current cache/index but no direct SpawnPK usage evidence in this static pass
10070	39	86	2496	5504			CACHE_PRESENT_UNCLASSIFIED		True	True	True	True	0	0	CACHE_ONLY_UNCONFIRMED	Present in current cache/index but no direct SpawnPK usage evidence in this static pass
10071	39	87	2496	5568			CACHE_PRESENT_UNCLASSIFIED		True	True	True	True	0	0	CACHE_ONLY_UNCONFIRMED	Present in current cache/index but no direct SpawnPK usage evidence in this static pass
10073	39	89	2496	5696			CACHE_PRESENT_UNCLASSIFIED		False	False	False	False	0	0	CACHE_ONLY_UNCONFIRMED	Present in current cache/index but no direct SpawnPK usage evidence in this static pass
10074	39	90	2496	5760			CACHE_PRESENT_UNCLASSIFIED		False	False	False	False	0	0	CACHE_ONLY_UNCONFIRMED	Present in current cache/index but no direct SpawnPK usage evidence in this static pass
10075	39	91	2496	5824			CACHE_PRESENT_UNCLASSIFIED		False	False	False	False	0	0	CACHE_ONLY_UNCONFIRMED	Present in current cache/index but no direct SpawnPK usage evidence in this static pass
10129	39	145	2496	9280			CACHE_PRESENT_UNCLASSIFIED		True	True	True	True	0	0	CACHE_ONLY_UNCONFIRMED	Present in current cache/index but no direct SpawnPK usage evidence in this static pass
10130	39	146	2496	9344			CACHE_PRESENT_UNCLASSIFIED		True	True	True	True	0	0	CACHE_ONLY_UNCONFIRMED	Present in current cache/index but no direct SpawnPK usage evidence in this static pass
10131	39	147	2496	9408			SPAWNPK_STATIC_EVIDENCE	O_BIN_CUSTOM_OBJECT_PLACEMENTS	True	True	True	True	2914	0	CUSTOMIZED_CACHE_ONLY_UNCONFIRMED	Cache region contains object IDs customized by o.bin; this does not by itself prove production reachability
10132	39	148	2496	9472			CACHE_PRESENT_UNCLASSIFIED		True	True	True	True	1192	0	CACHE_ONLY_UNCONFIRMED	Present in current cache/index but no direct SpawnPK usage evidence in this static pass
10133	39	149	2496	9536			SPAWNPK_STATIC_EVIDENCE	O_BIN_CUSTOM_OBJECT_PLACEMENTS	True	True	True	True	3583	0	CUSTOMIZED_CACHE_ONLY_UNCONFIRMED	Cache region contains object IDs customized by o.bin; this does not by itself prove production reachability
10134	39	150	2496	9600			SPAWNPK_STATIC_EVIDENCE	O_BIN_CUSTOM_OBJECT_PLACEMENTS	True	True	True	True	416	0	CUSTOMIZED_CACHE_ONLY_UNCONFIRMED	Cache region contains object IDs customized by o.bin; this does not by itself prove production reachability
10135	39	151	2496	9664			SPAWNPK_STATIC_EVIDENCE	O_BIN_CUSTOM_OBJECT_PLACEMENTS	True	True	True	True	857	0	CUSTOMIZED_CACHE_ONLY_UNCONFIRMED	Cache region contains object IDs customized by o.bin; this does not by itself prove production reachability
10136	39	152	2496	9728			CACHE_PRESENT_UNCLASSIFIED		True	True	True	True	396	0	CACHE_ONLY_UNCONFIRMED	Present in current cache/index but no direct SpawnPK usage evidence in this static pass
10137	39	153	2496	9792			SPAWNPK_STATIC_EVIDENCE	O_BIN_CUSTOM_OBJECT_PLACEMENTS	True	True	True	True	2309	0	CUSTOMIZED_CACHE_ONLY_UNCONFIRMED	Cache region contains object IDs customized by o.bin; this does not by itself prove production reachability
10138	39	154	2496	9856			SPAWNPK_STATIC_EVIDENCE	O_BIN_CUSTOM_OBJECT_PLACEMENTS	True	True	True	True	3209	0	CUSTOMIZED_CACHE_ONLY_UNCONFIRMED	Cache region contains object IDs customized by o.bin; this does not by itself prove production reachability
10139	39	155	2496	9920			SPAWNPK_STATIC_EVIDENCE	O_BIN_CUSTOM_OBJECT_PLACEMENTS	True	True	True	True	779	0	CUSTOMIZED_CACHE_ONLY_UNCONFIRMED	Cache region contains object IDs customized by o.bin; this does not by itself prove production reachability
10140	39	156	2496	9984			CACHE_PRESENT_UNCLASSIFIED		True	True	True	True	1483	0	CACHE_ONLY_UNCONFIRMED	Present in current cache/index but no direct SpawnPK usage evidence in this static pass
10142	39	158	2496	10112			CACHE_PRESENT_UNCLASSIFIED		True	True	True	True	2083	0	CACHE_ONLY_UNCONFIRMED	Present in current cache/index but no direct SpawnPK usage evidence in this static pass
10144	39	160	2496	10240			CACHE_PRESENT_UNCLASSIFIED		True	True	True	True	5741	0	CACHE_ONLY_UNCONFIRMED	Present in current cache/index but no direct SpawnPK usage evidence in this static pass
10279	40	39	2560	2496			CACHE_PRESENT_UNCLASSIFIED		True	True	True	True	0	0	CACHE_ONLY_UNCONFIRMED	Present in current cache/index but no direct SpawnPK usage evidence in this static pass
10280	40	40	2560	2560			CACHE_PRESENT_UNCLASSIFIED		True	True	True	True	0	0	CACHE_ONLY_UNCONFIRMED	Present in current cache/index but no direct SpawnPK usage evidence in this static pass
10281	40	41	2560	2624			CACHE_PRESENT_UNCLASSIFIED		True	True	True	True	0	0	CACHE_ONLY_UNCONFIRMED	Present in current cache/index but no direct SpawnPK usage evidence in this static pass
10282	40	42	2560	2688			CACHE_PRESENT_UNCLASSIFIED		True	True	True	True	0	0	CACHE_ONLY_UNCONFIRMED	Present in current cache/index but no direct SpawnPK usage evidence in this static pass
10283	40	43	2560	2752			CACHE_PRESENT_UNCLASSIFIED		True	True	True	True	0	0	CACHE_ONLY_UNCONFIRMED	Present in current cache/index but no direct SpawnPK usage evidence in this static pass
10284	40	44	2560	2816			CACHE_PRESENT_UNCLASSIFIED		True	True	True	True	3132	0	CACHE_ONLY_UNCONFIRMED	Present in current cache/index but no direct SpawnPK usage evidence in this static pass
10285	40	45	2560	2880			CACHE_PRESENT_UNCLASSIFIED		True	True	True	True	1889	0	CACHE_ONLY_UNCONFIRMED	Present in current cache/index but no direct SpawnPK usage evidence in this static pass
10286	40	46	2560	2944			SPAWNPK_STATIC_EVIDENCE	O_BIN_CUSTOM_OBJECT_PLACEMENTS	True	True	True	True	1305	0	CUSTOMIZED_CACHE_ONLY_UNCONFIRMED	Cache region contains object IDs customized by o.bin; this does not by itself prove production reachability
10287	40	47	2560	3008			SPAWNPK_STATIC_EVIDENCE	O_BIN_CUSTOM_OBJECT_PLACEMENTS	True	True	True	True	1137	0	CUSTOMIZED_CACHE_ONLY_UNCONFIRMED	Cache region contains object IDs customized by o.bin; this does not by itself prove production reachability
10288	40	48	2560	3072			SPAWNPK_STATIC_EVIDENCE	O_BIN_CUSTOM_OBJECT_PLACEMENTS	True	True	True	True	4438	0	CUSTOMIZED_CACHE_ONLY_UNCONFIRMED	Cache region contains object IDs customized by o.bin; this does not by itself prove production reachability
10289	40	49	2560	3136			SPAWNPK_STATIC_EVIDENCE	O_BIN_CUSTOM_OBJECT_PLACEMENTS	True	True	True	True	4027	0	CUSTOMIZED_CACHE_ONLY_UNCONFIRMED	Cache region contains object IDs customized by o.bin; this does not by itself prove production reachability
10290	40	50	2560	3200			SPAWNPK_STATIC_EVIDENCE	O_BIN_CUSTOM_OBJECT_PLACEMENTS	True	True	True	True	2744	0	CUSTOMIZED_CACHE_ONLY_UNCONFIRMED	Cache region contains object IDs customized by o.bin; this does not by itself prove production reachability
10291	40	51	2560	3264			SPAWNPK_STATIC_EVIDENCE	O_BIN_CUSTOM_OBJECT_PLACEMENTS	True	True	True	True	5370	0	CUSTOMIZED_CACHE_ONLY_UNCONFIRMED	Cache region contains object IDs customized by o.bin; this does not by itself prove production reachability
10292	40	52	2560	3328			SPAWNPK_STATIC_EVIDENCE	O_BIN_CUSTOM_OBJECT_PLACEMENTS	True	True	True	True	3299	0	CUSTOMIZED_CACHE_ONLY_UNCONFIRMED	Cache region contains object IDs customized by o.bin; this does not by itself prove production reachability
10293	40	53	2560	3392			SPAWNPK_STATIC_EVIDENCE	O_BIN_CUSTOM_OBJECT_PLACEMENTS	True	True	True	True	2336	0	CUSTOMIZED_CACHE_ONLY_UNCONFIRMED	Cache region contains object IDs customized by o.bin; this does not by itself prove production reachability
10294	40	54	2560	3456			SPAWNPK_STATIC_EVIDENCE	O_BIN_CUSTOM_OBJECT_PLACEMENTS	True	True	True	True	1684	0	CUSTOMIZED_CACHE_ONLY_UNCONFIRMED	Cache region contains object IDs customized by o.bin; this does not by itself prove production reachability
10295	40	55	2560	3520			CACHE_PRESENT_UNCLASSIFIED		True	True	True	True	0	0	CACHE_ONLY_UNCONFIRMED	Present in current cache/index but no direct SpawnPK usage evidence in this static pass
10296	40	56	2560	3584			SPAWNPK_STATIC_EVIDENCE	O_BIN_CUSTOM_OBJECT_PLACEMENTS	True	True	True	True	776	0	CUSTOMIZED_CACHE_ONLY_UNCONFIRMED	Cache region contains object IDs customized by o.bin; this does not by itself prove production reachability
10297	40	57	2560	3648			CACHE_PRESENT_UNCLASSIFIED		True	True	True	True	450	0	CACHE_ONLY_UNCONFIRMED	Present in current cache/index but no direct SpawnPK usage evidence in this static pass
10298	40	58	2560	3712			CACHE_PRESENT_UNCLASSIFIED		True	True	True	True	0	0	CACHE_ONLY_UNCONFIRMED	Present in current cache/index but no direct SpawnPK usage evidence in this static pass
10299	40	59	2560	3776			CACHE_PRESENT_UNCLASSIFIED		True	True	True	True	0	0	CACHE_ONLY_UNCONFIRMED	Present in current cache/index but no direct SpawnPK usage evidence in this static pass
10300	40	60	2560	3840			SPAWNPK_STATIC_EVIDENCE	O_BIN_CUSTOM_OBJECT_PLACEMENTS	True	True	True	True	2565	0	CUSTOMIZED_CACHE_ONLY_UNCONFIRMED	Cache region contains object IDs customized by o.bin; this does not by itself prove production reachability
10301	40	61	2560	3904			CACHE_PRESENT_UNCLASSIFIED		True	True	True	True	78	0	CACHE_ONLY_UNCONFIRMED	Present in current cache/index but no direct SpawnPK usage evidence in this static pass
10302	40	62	2560	3968			CACHE_PRESENT_UNCLASSIFIED		True	True	True	True	0	0	CACHE_ONLY_UNCONFIRMED	Present in current cache/index but no direct SpawnPK usage evidence in this static pass
10304	40	64	2560	4096			CACHE_PRESENT_UNCLASSIFIED		True	True	True	True	0	0	CACHE_ONLY_UNCONFIRMED	Present in current cache/index but no direct SpawnPK usage evidence in this static pass
10305	40	65	2560	4160			SPAWNPK_STATIC_EVIDENCE	O_BIN_CUSTOM_OBJECT_PLACEMENTS	True	True	True	True	853	0	CUSTOMIZED_CACHE_ONLY_UNCONFIRMED	Cache region contains object IDs customized by o.bin; this does not by itself prove production reachability
10307	40	67	2560	4288			CACHE_PRESENT_UNCLASSIFIED		True	True	True	True	0	0	CACHE_ONLY_UNCONFIRMED	Present in current cache/index but no direct SpawnPK usage evidence in this static pass
10309	40	69	2560	4416			SPAWNPK_STATIC_EVIDENCE	O_BIN_CUSTOM_OBJECT_PLACEMENTS	True	True	True	True	3582	0	CUSTOMIZED_CACHE_ONLY_UNCONFIRMED	Cache region contains object IDs customized by o.bin; this does not by itself prove production reachability
10310	40	70	2560	4480			SPAWNPK_STATIC_EVIDENCE	O_BIN_CUSTOM_OBJECT_PLACEMENTS	True	True	True	True	4732	0	CUSTOMIZED_CACHE_ONLY_UNCONFIRMED	Cache region contains object IDs customized by o.bin; this does not by itself prove production reachability
10311	40	71	2560	4544			CACHE_PRESENT_UNCLASSIFIED		True	True	True	True	1294	0	CACHE_ONLY_UNCONFIRMED	Present in current cache/index but no direct SpawnPK usage evidence in this static pass
10312	40	72	2560	4608			SPAWNPK_STATIC_EVIDENCE	O_BIN_CUSTOM_OBJECT_PLACEMENTS	True	True	True	True	20	0	CUSTOMIZED_CACHE_ONLY_UNCONFIRMED	Cache region contains object IDs customized by o.bin; this does not by itself prove production reachability
10313	40	73	2560	4672			CACHE_PRESENT_UNCLASSIFIED		True	True	True	True	0	0	CACHE_ONLY_UNCONFIRMED	Present in current cache/index but no direct SpawnPK usage evidence in this static pass
10314	40	74	2560	4736			CACHE_PRESENT_UNCLASSIFIED		True	True	True	True	1487	0	CACHE_ONLY_UNCONFIRMED	Present in current cache/index but no direct SpawnPK usage evidence in this static pass
10315	40	75	2560	4800			SPAWNPK_STATIC_EVIDENCE	O_BIN_CUSTOM_OBJECT_PLACEMENTS	True	True	True	True	1558	0	CUSTOMIZED_CACHE_ONLY_UNCONFIRMED	Cache region contains object IDs customized by o.bin; this does not by itself prove production reachability
10317	40	77	2560	4928			CACHE_PRESENT_UNCLASSIFIED		True	True	True	True	1331	0	CACHE_ONLY_UNCONFIRMED	Present in current cache/index but no direct SpawnPK usage evidence in this static pass
10318	40	78	2560	4992			SPAWNPK_STATIC_EVIDENCE	O_BIN_CUSTOM_OBJECT_PLACEMENTS	True	True	True	True	573	0	CUSTOMIZED_CACHE_ONLY_UNCONFIRMED	Cache region contains object IDs customized by o.bin; this does not by itself prove production reachability
10321	40	81	2560	5184			CACHE_PRESENT_UNCLASSIFIED		True	True	True	True	704	0	CACHE_ONLY_UNCONFIRMED	Present in current cache/index but no direct SpawnPK usage evidence in this static pass
10322	40	82	2560	5248			SPAWNPK_STATIC_EVIDENCE	O_BIN_CUSTOM_OBJECT_PLACEMENTS	True	True	True	True	2909	0	CUSTOMIZED_CACHE_ONLY_UNCONFIRMED	Cache region contains object IDs customized by o.bin; this does not by itself prove production reachability
10324	40	84	2560	5376			CACHE_PRESENT_UNCLASSIFIED		True	True	True	True	486	0	CACHE_ONLY_UNCONFIRMED	Present in current cache/index but no direct SpawnPK usage evidence in this static pass
10326	40	86	2560	5504			CACHE_PRESENT_UNCLASSIFIED		True	True	True	True	0	0	CACHE_ONLY_UNCONFIRMED	Present in current cache/index but no direct SpawnPK usage evidence in this static pass
10329	40	89	2560	5696			CACHE_PRESENT_UNCLASSIFIED		False	False	False	False	0	0	CACHE_ONLY_UNCONFIRMED	Present in current cache/index but no direct SpawnPK usage evidence in this static pass
10330	40	90	2560	5760			CACHE_PRESENT_UNCLASSIFIED		False	False	False	False	0	0	CACHE_ONLY_UNCONFIRMED	Present in current cache/index but no direct SpawnPK usage evidence in this static pass
10331	40	91	2560	5824			CACHE_PRESENT_UNCLASSIFIED		False	False	False	False	0	0	CACHE_ONLY_UNCONFIRMED	Present in current cache/index but no direct SpawnPK usage evidence in this static pass
10386	40	146	2560	9344			CACHE_PRESENT_UNCLASSIFIED		True	True	True	True	114	0	CACHE_ONLY_UNCONFIRMED	Present in current cache/index but no direct SpawnPK usage evidence in this static pass
10387	40	147	2560	9408			SPAWNPK_STATIC_EVIDENCE	O_BIN_CUSTOM_OBJECT_PLACEMENTS	True	True	True	True	3318	0	CUSTOMIZED_CACHE_ONLY_UNCONFIRMED	Cache region contains object IDs customized by o.bin; this does not by itself prove production reachability
10388	40	148	2560	9472			SPAWNPK_STATIC_EVIDENCE	O_BIN_CUSTOM_OBJECT_PLACEMENTS	True	True	True	True	4253	0	CUSTOMIZED_CACHE_ONLY_UNCONFIRMED	Cache region contains object IDs customized by o.bin; this does not by itself prove production reachability
10389	40	149	2560	9536			SPAWNPK_STATIC_EVIDENCE	O_BIN_CUSTOM_OBJECT_PLACEMENTS	True	True	True	True	2012	0	CUSTOMIZED_CACHE_ONLY_UNCONFIRMED	Cache region contains object IDs customized by o.bin; this does not by itself prove production reachability
10390	40	150	2560	9600			SPAWNPK_STATIC_EVIDENCE	O_BIN_CUSTOM_OBJECT_PLACEMENTS	True	True	True	True	2662	0	CUSTOMIZED_CACHE_ONLY_UNCONFIRMED	Cache region contains object IDs customized by o.bin; this does not by itself prove production reachability
10391	40	151	2560	9664			SPAWNPK_STATIC_EVIDENCE	O_BIN_CUSTOM_OBJECT_PLACEMENTS	True	True	True	True	1256	0	CUSTOMIZED_CACHE_ONLY_UNCONFIRMED	Cache region contains object IDs customized by o.bin; this does not by itself prove production reachability
10392	40	152	2560	9728			SPAWNPK_STATIC_EVIDENCE	O_BIN_CUSTOM_OBJECT_PLACEMENTS	True	True	True	True	1840	0	CUSTOMIZED_CACHE_ONLY_UNCONFIRMED	Cache region contains object IDs customized by o.bin; this does not by itself prove production reachability
10393	40	153	2560	9792			SPAWNPK_STATIC_EVIDENCE	O_BIN_CUSTOM_OBJECT_PLACEMENTS	True	True	True	True	4057	0	CUSTOMIZED_CACHE_ONLY_UNCONFIRMED	Cache region contains object IDs customized by o.bin; this does not by itself prove production reachability
10394	40	154	2560	9856			SPAWNPK_STATIC_EVIDENCE	O_BIN_CUSTOM_OBJECT_PLACEMENTS	True	True	True	True	3833	0	CUSTOMIZED_CACHE_ONLY_UNCONFIRMED	Cache region contains object IDs customized by o.bin; this does not by itself prove production reachability
10395	40	155	2560	9920			CACHE_PRESENT_UNCLASSIFIED		True	True	True	True	986	0	CACHE_ONLY_UNCONFIRMED	Present in current cache/index but no direct SpawnPK usage evidence in this static pass
10396	40	156	2560	9984			CACHE_PRESENT_UNCLASSIFIED		True	True	True	True	1152	0	CACHE_ONLY_UNCONFIRMED	Present in current cache/index but no direct SpawnPK usage evidence in this static pass
10400	40	160	2560	10240			CACHE_PRESENT_UNCLASSIFIED		True	True	True	True	5159	0	CACHE_ONLY_UNCONFIRMED	Present in current cache/index but no direct SpawnPK usage evidence in this static pass
10535	41	39	2624	2496			CACHE_PRESENT_UNCLASSIFIED		True	True	True	True	0	0	CACHE_ONLY_UNCONFIRMED	Present in current cache/index but no direct SpawnPK usage evidence in this static pass
10536	41	40	2624	2560			CACHE_PRESENT_UNCLASSIFIED		True	True	True	True	1079	0	CACHE_ONLY_UNCONFIRMED	Present in current cache/index but no direct SpawnPK usage evidence in this static pass
10537	41	41	2624	2624			CACHE_PRESENT_UNCLASSIFIED		True	True	True	True	915	0	CACHE_ONLY_UNCONFIRMED	Present in current cache/index but no direct SpawnPK usage evidence in this static pass
10538	41	42	2624	2688			CACHE_PRESENT_UNCLASSIFIED		True	True	True	True	0	0	CACHE_ONLY_UNCONFIRMED	Present in current cache/index but no direct SpawnPK usage evidence in this static pass
10539	41	43	2624	2752			CACHE_PRESENT_UNCLASSIFIED		True	True	True	True	0	0	CACHE_ONLY_UNCONFIRMED	Present in current cache/index but no direct SpawnPK usage evidence in this static pass
10540	41	44	2624	2816			CACHE_PRESENT_UNCLASSIFIED		True	True	True	True	121	0	CACHE_ONLY_UNCONFIRMED	Present in current cache/index but no direct SpawnPK usage evidence in this static pass
10541	41	45	2624	2880			CACHE_PRESENT_UNCLASSIFIED		True	True	True	True	0	0	CACHE_ONLY_UNCONFIRMED	Present in current cache/index but no direct SpawnPK usage evidence in this static pass
10542	41	46	2624	2944			CACHE_PRESENT_UNCLASSIFIED		True	True	True	True	400	0	CACHE_ONLY_UNCONFIRMED	Present in current cache/index but no direct SpawnPK usage evidence in this static pass
10543	41	47	2624	3008			CACHE_PRESENT_UNCLASSIFIED		True	True	True	True	0	0	CACHE_ONLY_UNCONFIRMED	Present in current cache/index but no direct SpawnPK usage evidence in this static pass
10544	41	48	2624	3072			SPAWNPK_STATIC_EVIDENCE	O_BIN_CUSTOM_OBJECT_PLACEMENTS	True	True	True	True	773	0	CUSTOMIZED_CACHE_ONLY_UNCONFIRMED	Cache region contains object IDs customized by o.bin; this does not by itself prove production reachability
10545	41	49	2624	3136			SPAWNPK_STATIC_EVIDENCE	O_BIN_CUSTOM_OBJECT_PLACEMENTS	True	True	True	True	1941	0	CUSTOMIZED_CACHE_ONLY_UNCONFIRMED	Cache region contains object IDs customized by o.bin; this does not by itself prove production reachability
10546	41	50	2624	3200			SPAWNPK_STATIC_EVIDENCE	O_BIN_CUSTOM_OBJECT_PLACEMENTS	True	True	True	True	1132	0	CUSTOMIZED_CACHE_ONLY_UNCONFIRMED	Cache region contains object IDs customized by o.bin; this does not by itself prove production reachability
10547	41	51	2624	3264			SPAWNPK_STATIC_EVIDENCE	O_BIN_CUSTOM_OBJECT_PLACEMENTS	True	True	True	True	4636	0	CUSTOMIZED_CACHE_ONLY_UNCONFIRMED	Cache region contains object IDs customized by o.bin; this does not by itself prove production reachability
10548	41	52	2624	3328			SPAWNPK_STATIC_EVIDENCE	O_BIN_CUSTOM_OBJECT_PLACEMENTS	True	True	True	True	3476	0	CUSTOMIZED_CACHE_ONLY_UNCONFIRMED	Cache region contains object IDs customized by o.bin; this does not by itself prove production reachability
10549	41	53	2624	3392			SPAWNPK_STATIC_EVIDENCE	O_BIN_CUSTOM_OBJECT_PLACEMENTS	True	True	True	True	3248	0	CUSTOMIZED_CACHE_ONLY_UNCONFIRMED	Cache region contains object IDs customized by o.bin; this does not by itself prove production reachability
10550	41	54	2624	3456			SPAWNPK_STATIC_EVIDENCE	O_BIN_CUSTOM_OBJECT_PLACEMENTS	True	True	True	True	2513	0	CUSTOMIZED_CACHE_ONLY_UNCONFIRMED	Cache region contains object IDs customized by o.bin; this does not by itself prove production reachability
10551	41	55	2624	3520			SPAWNPK_STATIC_EVIDENCE	O_BIN_CUSTOM_OBJECT_PLACEMENTS	True	True	True	True	1449	0	CUSTOMIZED_CACHE_ONLY_UNCONFIRMED	Cache region contains object IDs customized by o.bin; this does not by itself prove production reachability
10552	41	56	2624	3584			SPAWNPK_STATIC_EVIDENCE	O_BIN_CUSTOM_OBJECT_PLACEMENTS	True	True	True	True	1557	0	CUSTOMIZED_CACHE_ONLY_UNCONFIRMED	Cache region contains object IDs customized by o.bin; this does not by itself prove production reachability
10553	41	57	2624	3648			SPAWNPK_STATIC_EVIDENCE	O_BIN_CUSTOM_OBJECT_PLACEMENTS	True	True	True	True	4388	0	CUSTOMIZED_CACHE_ONLY_UNCONFIRMED	Cache region contains object IDs customized by o.bin; this does not by itself prove production reachability
10554	41	58	2624	3712			CACHE_PRESENT_UNCLASSIFIED		True	True	True	True	200	0	CACHE_ONLY_UNCONFIRMED	Present in current cache/index but no direct SpawnPK usage evidence in this static pass
10555	41	59	2624	3776			CACHE_PRESENT_UNCLASSIFIED		True	True	True	True	0	0	CACHE_ONLY_UNCONFIRMED	Present in current cache/index but no direct SpawnPK usage evidence in this static pass
10556	41	60	2624	3840			CACHE_PRESENT_UNCLASSIFIED		True	True	True	True	0	0	CACHE_ONLY_UNCONFIRMED	Present in current cache/index but no direct SpawnPK usage evidence in this static pass
10557	41	61	2624	3904			CACHE_PRESENT_UNCLASSIFIED		True	True	True	True	0	0	CACHE_ONLY_UNCONFIRMED	Present in current cache/index but no direct SpawnPK usage evidence in this static pass
10558	41	62	2624	3968			CACHE_PRESENT_UNCLASSIFIED		True	True	True	True	2503	0	CACHE_ONLY_UNCONFIRMED	Present in current cache/index but no direct SpawnPK usage evidence in this static pass
10559	41	63	2624	4032			CACHE_PRESENT_UNCLASSIFIED		True	True	True	True	3279	0	CACHE_ONLY_UNCONFIRMED	Present in current cache/index but no direct SpawnPK usage evidence in this static pass
10560	41	64	2624	4096			CACHE_PRESENT_UNCLASSIFIED		True	True	True	True	0	0	CACHE_ONLY_UNCONFIRMED	Present in current cache/index but no direct SpawnPK usage evidence in this static pass
10564	41	68	2624	4352			CACHE_PRESENT_UNCLASSIFIED		True	True	True	True	0	0	CACHE_ONLY_UNCONFIRMED	Present in current cache/index but no direct SpawnPK usage evidence in this static pass
10566	41	70	2624	4480			SPAWNPK_STATIC_EVIDENCE	O_BIN_CUSTOM_OBJECT_PLACEMENTS	True	True	True	True	4545	0	CUSTOMIZED_CACHE_ONLY_UNCONFIRMED	Cache region contains object IDs customized by o.bin; this does not by itself prove production reachability
10567	41	71	2624	4544			CACHE_PRESENT_UNCLASSIFIED		True	True	True	True	6009	0	CACHE_ONLY_UNCONFIRMED	Present in current cache/index but no direct SpawnPK usage evidence in this static pass
10568	41	72	2624	4608			CACHE_PRESENT_UNCLASSIFIED		True	True	True	True	0	0	CACHE_ONLY_UNCONFIRMED	Present in current cache/index but no direct SpawnPK usage evidence in this static pass
10569	41	73	2624	4672			SPAWNPK_STATIC_EVIDENCE	O_BIN_CUSTOM_OBJECT_PLACEMENTS	True	True	True	True	2408	0	CUSTOMIZED_CACHE_ONLY_UNCONFIRMED	Cache region contains object IDs customized by o.bin; this does not by itself prove production reachability
10570	41	74	2624	4736			CACHE_PRESENT_UNCLASSIFIED		True	True	True	True	0	0	CACHE_ONLY_UNCONFIRMED	Present in current cache/index but no direct SpawnPK usage evidence in this static pass
10571	41	75	2624	4800			SPAWNPK_STATIC_EVIDENCE	O_BIN_CUSTOM_OBJECT_PLACEMENTS	True	True	True	True	4416	0	CUSTOMIZED_CACHE_ONLY_UNCONFIRMED	Cache region contains object IDs customized by o.bin; this does not by itself prove production reachability
10572	41	76	2624	4864			CACHE_PRESENT_UNCLASSIFIED		True	True	True	True	1997	0	CACHE_ONLY_UNCONFIRMED	Present in current cache/index but no direct SpawnPK usage evidence in this static pass
10574	41	78	2624	4992			CACHE_PRESENT_UNCLASSIFIED		True	True	True	True	0	0	CACHE_ONLY_UNCONFIRMED	Present in current cache/index but no direct SpawnPK usage evidence in this static pass
10575	41	79	2624	5056			SPAWNPK_STATIC_EVIDENCE	O_BIN_CUSTOM_OBJECT_PLACEMENTS	True	True	True	True	3486	0	CUSTOMIZED_CACHE_ONLY_UNCONFIRMED	Cache region contains object IDs customized by o.bin; this does not by itself prove production reachability
10577	41	81	2624	5184			CACHE_PRESENT_UNCLASSIFIED		True	True	True	True	2659	0	CACHE_ONLY_UNCONFIRMED	Present in current cache/index but no direct SpawnPK usage evidence in this static pass
10578	41	82	2624	5248			SPAWNPK_STATIC_EVIDENCE	O_BIN_CUSTOM_OBJECT_PLACEMENTS	True	True	True	True	1623	0	CUSTOMIZED_CACHE_ONLY_UNCONFIRMED	Cache region contains object IDs customized by o.bin; this does not by itself prove production reachability
10579	41	83	2624	5312			CACHE_PRESENT_UNCLASSIFIED		False	False	False	False	0	0	CACHE_ONLY_UNCONFIRMED	Present in current cache/index but no direct SpawnPK usage evidence in this static pass
10583	41	87	2624	5568			CACHE_PRESENT_UNCLASSIFIED		True	True	True	True	0	0	CACHE_ONLY_UNCONFIRMED	Present in current cache/index but no direct SpawnPK usage evidence in this static pass
10638	41	142	2624	9088			CACHE_PRESENT_UNCLASSIFIED		True	True	True	True	320	0	CACHE_ONLY_UNCONFIRMED	Present in current cache/index but no direct SpawnPK usage evidence in this static pass
10639	41	143	2624	9152			CACHE_PRESENT_UNCLASSIFIED		True	True	True	True	768	0	CACHE_ONLY_UNCONFIRMED	Present in current cache/index but no direct SpawnPK usage evidence in this static pass
10640	41	144	2624	9216			CACHE_PRESENT_UNCLASSIFIED		True	True	True	True	0	0	CACHE_ONLY_UNCONFIRMED	Present in current cache/index but no direct SpawnPK usage evidence in this static pass
10642	41	146	2624	9344			SPAWNPK_STATIC_EVIDENCE	O_BIN_CUSTOM_OBJECT_PLACEMENTS	True	True	True	True	2215	0	CUSTOMIZED_CACHE_ONLY_UNCONFIRMED	Cache region contains object IDs customized by o.bin; this does not by itself prove production reachability
10644	41	148	2624	9472			SPAWNPK_STATIC_EVIDENCE	O_BIN_CUSTOM_OBJECT_PLACEMENTS	True	True	True	True	4403	0	CUSTOMIZED_CACHE_ONLY_UNCONFIRMED	Cache region contains object IDs customized by o.bin; this does not by itself prove production reachability
10645	41	149	2624	9536			SPAWNPK_STATIC_EVIDENCE	O_BIN_CUSTOM_OBJECT_PLACEMENTS	True	True	True	True	4448	0	CUSTOMIZED_CACHE_ONLY_UNCONFIRMED	Cache region contains object IDs customized by o.bin; this does not by itself prove production reachability
10646	41	150	2624	9600			SPAWNPK_STATIC_EVIDENCE	O_BIN_CUSTOM_OBJECT_PLACEMENTS	True	True	True	True	1509	0	CUSTOMIZED_CACHE_ONLY_UNCONFIRMED	Cache region contains object IDs customized by o.bin; this does not by itself prove production reachability
10647	41	151	2624	9664			SPAWNPK_STATIC_EVIDENCE	O_BIN_CUSTOM_OBJECT_PLACEMENTS	True	True	True	True	3926	0	CUSTOMIZED_CACHE_ONLY_UNCONFIRMED	Cache region contains object IDs customized by o.bin; this does not by itself prove production reachability
10648	41	152	2624	9728			SPAWNPK_STATIC_EVIDENCE	O_BIN_CUSTOM_OBJECT_PLACEMENTS	True	True	True	True	1956	0	CUSTOMIZED_CACHE_ONLY_UNCONFIRMED	Cache region contains object IDs customized by o.bin; this does not by itself prove production reachability
10649	41	153	2624	9792			SPAWNPK_STATIC_EVIDENCE	O_BIN_CUSTOM_OBJECT_PLACEMENTS	True	True	True	True	3574	0	CUSTOMIZED_CACHE_ONLY_UNCONFIRMED	Cache region contains object IDs customized by o.bin; this does not by itself prove production reachability
10650	41	154	2624	9856			SPAWNPK_STATIC_EVIDENCE	O_BIN_CUSTOM_OBJECT_PLACEMENTS	True	True	True	True	4110	0	CUSTOMIZED_CACHE_ONLY_UNCONFIRMED	Cache region contains object IDs customized by o.bin; this does not by itself prove production reachability
10652	41	156	2624	9984			SPAWNPK_STATIC_EVIDENCE	O_BIN_CUSTOM_OBJECT_PLACEMENTS	True	True	True	True	3120	0	CUSTOMIZED_CACHE_ONLY_UNCONFIRMED	Cache region contains object IDs customized by o.bin; this does not by itself prove production reachability
10653	41	157	2624	10048			SPAWNPK_STATIC_EVIDENCE	O_BIN_CUSTOM_OBJECT_PLACEMENTS	True	True	True	True	3934	0	CUSTOMIZED_CACHE_ONLY_UNCONFIRMED	Cache region contains object IDs customized by o.bin; this does not by itself prove production reachability
10658	41	162	2624	10368			CACHE_PRESENT_UNCLASSIFIED		True	True	True	True	0	0	CACHE_ONLY_UNCONFIRMED	Present in current cache/index but no direct SpawnPK usage evidence in this static pass
10791	42	39	2688	2496			CACHE_PRESENT_UNCLASSIFIED		True	True	True	True	0	0	CACHE_ONLY_UNCONFIRMED	Present in current cache/index but no direct SpawnPK usage evidence in this static pass
10792	42	40	2688	2560			CACHE_PRESENT_UNCLASSIFIED		True	True	True	True	0	0	CACHE_ONLY_UNCONFIRMED	Present in current cache/index but no direct SpawnPK usage evidence in this static pass
10793	42	41	2688	2624			CACHE_PRESENT_UNCLASSIFIED		True	True	True	True	0	0	CACHE_ONLY_UNCONFIRMED	Present in current cache/index but no direct SpawnPK usage evidence in this static pass
10794	42	42	2688	2688			CACHE_PRESENT_UNCLASSIFIED		True	True	True	True	1608	0	CACHE_ONLY_UNCONFIRMED	Present in current cache/index but no direct SpawnPK usage evidence in this static pass
10795	42	43	2688	2752			CACHE_PRESENT_UNCLASSIFIED		True	True	True	True	1938	0	CACHE_ONLY_UNCONFIRMED	Present in current cache/index but no direct SpawnPK usage evidence in this static pass
10796	42	44	2688	2816			CACHE_PRESENT_UNCLASSIFIED		True	True	True	True	0	0	CACHE_ONLY_UNCONFIRMED	Present in current cache/index but no direct SpawnPK usage evidence in this static pass
10797	42	45	2688	2880			CACHE_PRESENT_UNCLASSIFIED		True	True	True	True	0	0	CACHE_ONLY_UNCONFIRMED	Present in current cache/index but no direct SpawnPK usage evidence in this static pass
10798	42	46	2688	2944			CACHE_PRESENT_UNCLASSIFIED		True	True	True	True	0	0	CACHE_ONLY_UNCONFIRMED	Present in current cache/index but no direct SpawnPK usage evidence in this static pass
10799	42	47	2688	3008			CACHE_PRESENT_UNCLASSIFIED		True	True	True	True	0	0	CACHE_ONLY_UNCONFIRMED	Present in current cache/index but no direct SpawnPK usage evidence in this static pass
10800	42	48	2688	3072			CACHE_PRESENT_UNCLASSIFIED		True	True	True	True	0	0	CACHE_ONLY_UNCONFIRMED	Present in current cache/index but no direct SpawnPK usage evidence in this static pass
10801	42	49	2688	3136			CACHE_PRESENT_UNCLASSIFIED		True	True	True	True	992	0	CACHE_ONLY_UNCONFIRMED	Present in current cache/index but no direct SpawnPK usage evidence in this static pass
10802	42	50	2688	3200			CACHE_PRESENT_UNCLASSIFIED		True	True	True	True	703	0	CACHE_ONLY_UNCONFIRMED	Present in current cache/index but no direct SpawnPK usage evidence in this static pass
10803	42	51	2688	3264			SPAWNPK_STATIC_EVIDENCE	O_BIN_CUSTOM_OBJECT_PLACEMENTS	True	True	True	True	621	0	CUSTOMIZED_CACHE_ONLY_UNCONFIRMED	Cache region contains object IDs customized by o.bin; this does not by itself prove production reachability
10804	42	52	2688	3328			SPAWNPK_STATIC_EVIDENCE	O_BIN_CUSTOM_OBJECT_PLACEMENTS	True	True	True	True	2673	0	CUSTOMIZED_CACHE_ONLY_UNCONFIRMED	Cache region contains object IDs customized by o.bin; this does not by itself prove production reachability
10805	42	53	2688	3392			SPAWNPK_STATIC_EVIDENCE	O_BIN_CUSTOM_OBJECT_PLACEMENTS	True	True	True	True	1934	0	CUSTOMIZED_CACHE_ONLY_UNCONFIRMED	Cache region contains object IDs customized by o.bin; this does not by itself prove production reachability
10806	42	54	2688	3456			SPAWNPK_STATIC_EVIDENCE	O_BIN_CUSTOM_OBJECT_PLACEMENTS	True	True	True	True	4872	0	CUSTOMIZED_CACHE_ONLY_UNCONFIRMED	Cache region contains object IDs customized by o.bin; this does not by itself prove production reachability
10807	42	55	2688	3520			SPAWNPK_STATIC_EVIDENCE	O_BIN_CUSTOM_OBJECT_PLACEMENTS	True	True	True	True	2333	0	CUSTOMIZED_CACHE_ONLY_UNCONFIRMED	Cache region contains object IDs customized by o.bin; this does not by itself prove production reachability
10808	42	56	2688	3584			SPAWNPK_STATIC_EVIDENCE	O_BIN_CUSTOM_OBJECT_PLACEMENTS	True	True	True	True	1426	0	CUSTOMIZED_CACHE_ONLY_UNCONFIRMED	Cache region contains object IDs customized by o.bin; this does not by itself prove production reachability
10809	42	57	2688	3648			SPAWNPK_STATIC_EVIDENCE	O_BIN_CUSTOM_OBJECT_PLACEMENTS	True	True	True	True	1290	0	CUSTOMIZED_CACHE_ONLY_UNCONFIRMED	Cache region contains object IDs customized by o.bin; this does not by itself prove production reachability
10810	42	58	2688	3712			CACHE_PRESENT_UNCLASSIFIED		True	True	True	True	571	0	CACHE_ONLY_UNCONFIRMED	Present in current cache/index but no direct SpawnPK usage evidence in this static pass
10811	42	59	2688	3776			CACHE_PRESENT_UNCLASSIFIED		True	True	True	True	2567	0	CACHE_ONLY_UNCONFIRMED	Present in current cache/index but no direct SpawnPK usage evidence in this static pass
10812	42	60	2688	3840			CACHE_PRESENT_UNCLASSIFIED		True	True	True	True	0	0	CACHE_ONLY_UNCONFIRMED	Present in current cache/index but no direct SpawnPK usage evidence in this static pass
10813	42	61	2688	3904			CACHE_PRESENT_UNCLASSIFIED		True	True	True	True	0	0	CACHE_ONLY_UNCONFIRMED	Present in current cache/index but no direct SpawnPK usage evidence in this static pass
10814	42	62	2688	3968			CACHE_PRESENT_UNCLASSIFIED		True	True	True	True	0	0	CACHE_ONLY_UNCONFIRMED	Present in current cache/index but no direct SpawnPK usage evidence in this static pass
10815	42	63	2688	4032			CACHE_PRESENT_UNCLASSIFIED		True	True	True	True	0	0	CACHE_ONLY_UNCONFIRMED	Present in current cache/index but no direct SpawnPK usage evidence in this static pass
10816	42	64	2688	4096			CACHE_PRESENT_UNCLASSIFIED		True	True	True	True	0	0	CACHE_ONLY_UNCONFIRMED	Present in current cache/index but no direct SpawnPK usage evidence in this static pass
10819	42	67	2688	4288			CACHE_PRESENT_UNCLASSIFIED		False	False	False	False	0	0	CACHE_ONLY_UNCONFIRMED	Present in current cache/index but no direct SpawnPK usage evidence in this static pass
10820	42	68	2688	4352			CACHE_PRESENT_UNCLASSIFIED		False	False	False	False	0	0	CACHE_ONLY_UNCONFIRMED	Present in current cache/index but no direct SpawnPK usage evidence in this static pass
10821	42	69	2688	4416			CACHE_PRESENT_UNCLASSIFIED		True	True	True	True	3729	0	CACHE_ONLY_UNCONFIRMED	Present in current cache/index but no direct SpawnPK usage evidence in this static pass
10822	42	70	2688	4480			CACHE_PRESENT_UNCLASSIFIED		True	True	True	True	4090	0	CACHE_ONLY_UNCONFIRMED	Present in current cache/index but no direct SpawnPK usage evidence in this static pass
10823	42	71	2688	4544			CACHE_PRESENT_UNCLASSIFIED		True	True	True	True	1732	0	CACHE_ONLY_UNCONFIRMED	Present in current cache/index but no direct SpawnPK usage evidence in this static pass
10824	42	72	2688	4608			CACHE_PRESENT_UNCLASSIFIED		True	True	True	True	0	0	CACHE_ONLY_UNCONFIRMED	Present in current cache/index but no direct SpawnPK usage evidence in this static pass
10825	42	73	2688	4672			CACHE_PRESENT_UNCLASSIFIED		True	True	True	True	0	0	CACHE_ONLY_UNCONFIRMED	Present in current cache/index but no direct SpawnPK usage evidence in this static pass
10826	42	74	2688	4736			CACHE_PRESENT_UNCLASSIFIED		True	True	True	True	0	0	CACHE_ONLY_UNCONFIRMED	Present in current cache/index but no direct SpawnPK usage evidence in this static pass
10827	42	75	2688	4800			CACHE_PRESENT_UNCLASSIFIED		True	True	True	True	780	0	CACHE_ONLY_UNCONFIRMED	Present in current cache/index but no direct SpawnPK usage evidence in this static pass
10828	42	76	2688	4864			CACHE_PRESENT_UNCLASSIFIED		True	True	True	True	1032	0	CACHE_ONLY_UNCONFIRMED	Present in current cache/index but no direct SpawnPK usage evidence in this static pass
10830	42	78	2688	4992			CACHE_PRESENT_UNCLASSIFIED		True	True	True	True	0	0	CACHE_ONLY_UNCONFIRMED	Present in current cache/index but no direct SpawnPK usage evidence in this static pass
10831	42	79	2688	5056			SPAWNPK_STATIC_EVIDENCE	O_BIN_CUSTOM_OBJECT_PLACEMENTS	True	True	True	True	3189	0	CUSTOMIZED_CACHE_ONLY_UNCONFIRMED	Cache region contains object IDs customized by o.bin; this does not by itself prove production reachability
10832	42	80	2688	5120			CACHE_PRESENT_UNCLASSIFIED		True	True	True	True	0	0	CACHE_ONLY_UNCONFIRMED	Present in current cache/index but no direct SpawnPK usage evidence in this static pass
10833	42	81	2688	5184			CACHE_PRESENT_UNCLASSIFIED		True	True	True	True	10073	0	CACHE_ONLY_UNCONFIRMED	Present in current cache/index but no direct SpawnPK usage evidence in this static pass
10834	42	82	2688	5248			CACHE_PRESENT_UNCLASSIFIED		True	True	True	True	0	0	CACHE_ONLY_UNCONFIRMED	Present in current cache/index but no direct SpawnPK usage evidence in this static pass
10835	42	83	2688	5312			SPAWNPK_STATIC_EVIDENCE	O_BIN_CUSTOM_OBJECT_PLACEMENTS	True	True	True	True	7827	0	CUSTOMIZED_CACHE_ONLY_UNCONFIRMED	Cache region contains object IDs customized by o.bin; this does not by itself prove production reachability
10836	42	84	2688	5376			CACHE_PRESENT_UNCLASSIFIED		False	False	False	False	0	0	CACHE_ONLY_UNCONFIRMED	Present in current cache/index but no direct SpawnPK usage evidence in this static pass
10838	42	86	2688	5504			CACHE_PRESENT_UNCLASSIFIED		False	False	False	False	0	0	CACHE_ONLY_UNCONFIRMED	Present in current cache/index but no direct SpawnPK usage evidence in this static pass
10839	42	87	2688	5568			CACHE_PRESENT_UNCLASSIFIED		False	False	False	False	0	0	CACHE_ONLY_UNCONFIRMED	Present in current cache/index but no direct SpawnPK usage evidence in this static pass
10840	42	88	2688	5632			SPAWNPK_STATIC_EVIDENCE	O_BIN_CUSTOM_OBJECT_PLACEMENTS;STATIC_TRAVEL_OBJECT_PLACEMENTS	True	True	True	True	817	1	CUSTOMIZED_CACHE_ONLY_UNCONFIRMED	Cache region contains object IDs customized by o.bin; this does not by itself prove production reachability
10841	42	89	2688	5696			CACHE_PRESENT_UNCLASSIFIED		True	True	True	True	4237	0	CACHE_ONLY_UNCONFIRMED	Present in current cache/index but no direct SpawnPK usage evidence in this static pass
10842	42	90	2688	5760			CACHE_PRESENT_UNCLASSIFIED		True	True	True	True	4010	0	CACHE_ONLY_UNCONFIRMED	Present in current cache/index but no direct SpawnPK usage evidence in this static pass
10893	42	141	2688	9024			CACHE_PRESENT_UNCLASSIFIED		True	True	True	True	384	0	CACHE_ONLY_UNCONFIRMED	Present in current cache/index but no direct SpawnPK usage evidence in this static pass
10894	42	142	2688	9088			SPAWNPK_STATIC_EVIDENCE	O_BIN_CUSTOM_OBJECT_PLACEMENTS	True	True	True	True	5244	0	CUSTOMIZED_CACHE_ONLY_UNCONFIRMED	Cache region contains object IDs customized by o.bin; this does not by itself prove production reachability
10895	42	143	2688	9152			CACHE_PRESENT_UNCLASSIFIED		True	True	True	True	6873	0	CACHE_ONLY_UNCONFIRMED	Present in current cache/index but no direct SpawnPK usage evidence in this static pass
10896	42	144	2688	9216			CACHE_PRESENT_UNCLASSIFIED		True	True	True	True	0	0	CACHE_ONLY_UNCONFIRMED	Present in current cache/index but no direct SpawnPK usage evidence in this static pass
10897	42	145	2688	9280			CACHE_PRESENT_UNCLASSIFIED		True	True	True	True	0	0	CACHE_ONLY_UNCONFIRMED	Present in current cache/index but no direct SpawnPK usage evidence in this static pass
10898	42	146	2688	9344			CACHE_PRESENT_UNCLASSIFIED		True	True	True	True	1329	0	CACHE_ONLY_UNCONFIRMED	Present in current cache/index but no direct SpawnPK usage evidence in this static pass
10899	42	147	2688	9408			CACHE_PRESENT_UNCLASSIFIED		True	True	True	True	2703	0	CACHE_ONLY_UNCONFIRMED	Present in current cache/index but no direct SpawnPK usage evidence in this static pass
10900	42	148	2688	9472			SPAWNPK_STATIC_EVIDENCE	O_BIN_CUSTOM_OBJECT_PLACEMENTS	True	True	True	True	3585	0	CUSTOMIZED_CACHE_ONLY_UNCONFIRMED	Cache region contains object IDs customized by o.bin; this does not by itself prove production reachability
10901	42	149	2688	9536			SPAWNPK_STATIC_EVIDENCE	O_BIN_CUSTOM_OBJECT_PLACEMENTS	True	True	True	True	1880	0	CUSTOMIZED_CACHE_ONLY_UNCONFIRMED	Cache region contains object IDs customized by o.bin; this does not by itself prove production reachability
10902	42	150	2688	9600			CACHE_PRESENT_UNCLASSIFIED		True	True	True	True	47	0	CACHE_ONLY_UNCONFIRMED	Present in current cache/index but no direct SpawnPK usage evidence in this static pass
10903	42	151	2688	9664			SPAWNPK_STATIC_EVIDENCE	O_BIN_CUSTOM_OBJECT_PLACEMENTS	True	True	True	True	3466	0	CUSTOMIZED_CACHE_ONLY_UNCONFIRMED	Cache region contains object IDs customized by o.bin; this does not by itself prove production reachability
10904	42	152	2688	9728			SPAWNPK_STATIC_EVIDENCE	O_BIN_CUSTOM_OBJECT_PLACEMENTS	True	True	True	True	3676	0	CUSTOMIZED_CACHE_ONLY_UNCONFIRMED	Cache region contains object IDs customized by o.bin; this does not by itself prove production reachability
10905	42	153	2688	9792			SPAWNPK_STATIC_EVIDENCE	O_BIN_CUSTOM_OBJECT_PLACEMENTS	True	True	True	True	3288	0	CUSTOMIZED_CACHE_ONLY_UNCONFIRMED	Cache region contains object IDs customized by o.bin; this does not by itself prove production reachability
10906	42	154	2688	9856			SPAWNPK_STATIC_EVIDENCE	O_BIN_CUSTOM_OBJECT_PLACEMENTS	True	True	True	True	3818	0	CUSTOMIZED_CACHE_ONLY_UNCONFIRMED	Cache region contains object IDs customized by o.bin; this does not by itself prove production reachability
10907	42	155	2688	9920			CACHE_PRESENT_UNCLASSIFIED		True	True	True	True	960	0	CACHE_ONLY_UNCONFIRMED	Present in current cache/index but no direct SpawnPK usage evidence in this static pass
10908	42	156	2688	9984			CACHE_PRESENT_UNCLASSIFIED		True	True	True	True	4306	0	CACHE_ONLY_UNCONFIRMED	Present in current cache/index but no direct SpawnPK usage evidence in this static pass
10909	42	157	2688	10048			CACHE_PRESENT_UNCLASSIFIED		True	True	True	True	4096	0	CACHE_ONLY_UNCONFIRMED	Present in current cache/index but no direct SpawnPK usage evidence in this static pass
10910	42	158	2688	10112			CACHE_PRESENT_UNCLASSIFIED		True	True	True	True	2806	0	CACHE_ONLY_UNCONFIRMED	Present in current cache/index but no direct SpawnPK usage evidence in this static pass
10911	42	159	2688	10176			CACHE_PRESENT_UNCLASSIFIED		True	True	True	True	0	0	CACHE_ONLY_UNCONFIRMED	Present in current cache/index but no direct SpawnPK usage evidence in this static pass
11047	43	39	2752	2496			CACHE_PRESENT_UNCLASSIFIED		True	True	True	True	0	0	CACHE_ONLY_UNCONFIRMED	Present in current cache/index but no direct SpawnPK usage evidence in this static pass
11048	43	40	2752	2560			CACHE_PRESENT_UNCLASSIFIED		True	True	True	True	0	0	CACHE_ONLY_UNCONFIRMED	Present in current cache/index but no direct SpawnPK usage evidence in this static pass
11049	43	41	2752	2624			CACHE_PRESENT_UNCLASSIFIED		True	True	True	True	0	0	CACHE_ONLY_UNCONFIRMED	Present in current cache/index but no direct SpawnPK usage evidence in this static pass
11050	43	42	2752	2688			SPAWNPK_STATIC_EVIDENCE	O_BIN_CUSTOM_OBJECT_PLACEMENTS	True	True	True	True	1515	0	CUSTOMIZED_CACHE_ONLY_UNCONFIRMED	Cache region contains object IDs customized by o.bin; this does not by itself prove production reachability
11051	43	43	2752	2752			SPAWNPK_STATIC_EVIDENCE	O_BIN_CUSTOM_OBJECT_PLACEMENTS	True	True	True	True	4057	0	CUSTOMIZED_CACHE_ONLY_UNCONFIRMED	Cache region contains object IDs customized by o.bin; this does not by itself prove production reachability
11052	43	44	2752	2816			CACHE_PRESENT_UNCLASSIFIED		True	True	True	True	0	0	CACHE_ONLY_UNCONFIRMED	Present in current cache/index but no direct SpawnPK usage evidence in this static pass
11053	43	45	2752	2880			CACHE_PRESENT_UNCLASSIFIED		True	True	True	True	1936	0	CACHE_ONLY_UNCONFIRMED	Present in current cache/index but no direct SpawnPK usage evidence in this static pass
11054	43	46	2752	2944			CACHE_PRESENT_UNCLASSIFIED		True	True	True	True	1304	0	CACHE_ONLY_UNCONFIRMED	Present in current cache/index but no direct SpawnPK usage evidence in this static pass
11055	43	47	2752	3008			CACHE_PRESENT_UNCLASSIFIED		True	True	True	True	2324	0	CACHE_ONLY_UNCONFIRMED	Present in current cache/index but no direct SpawnPK usage evidence in this static pass
11056	43	48	2752	3072			CACHE_PRESENT_UNCLASSIFIED		True	True	True	True	2498	0	CACHE_ONLY_UNCONFIRMED	Present in current cache/index but no direct SpawnPK usage evidence in this static pass
11057	43	49	2752	3136			SPAWNPK_STATIC_EVIDENCE	O_BIN_CUSTOM_OBJECT_PLACEMENTS	True	True	True	True	3624	0	CUSTOMIZED_CACHE_ONLY_UNCONFIRMED	Cache region contains object IDs customized by o.bin; this does not by itself prove production reachability
11058	43	50	2752	3200			SPAWNPK_STATIC_EVIDENCE	O_BIN_CUSTOM_OBJECT_PLACEMENTS	True	True	True	True	691	0	CUSTOMIZED_CACHE_ONLY_UNCONFIRMED	Cache region contains object IDs customized by o.bin; this does not by itself prove production reachability
11059	43	51	2752	3264			CACHE_PRESENT_UNCLASSIFIED		True	True	True	True	1384	0	CACHE_ONLY_UNCONFIRMED	Present in current cache/index but no direct SpawnPK usage evidence in this static pass
11060	43	52	2752	3328			SPAWNPK_STATIC_EVIDENCE	O_BIN_CUSTOM_OBJECT_PLACEMENTS	True	True	True	True	498	0	CUSTOMIZED_CACHE_ONLY_UNCONFIRMED	Cache region contains object IDs customized by o.bin; this does not by itself prove production reachability
11061	43	53	2752	3392			SPAWNPK_STATIC_EVIDENCE	O_BIN_CUSTOM_OBJECT_PLACEMENTS	True	True	True	True	2550	0	CUSTOMIZED_CACHE_ONLY_UNCONFIRMED	Cache region contains object IDs customized by o.bin; this does not by itself prove production reachability
11062	43	54	2752	3456			SPAWNPK_STATIC_EVIDENCE	O_BIN_CUSTOM_OBJECT_PLACEMENTS	True	True	True	True	3268	0	CUSTOMIZED_CACHE_ONLY_UNCONFIRMED	Cache region contains object IDs customized by o.bin; this does not by itself prove production reachability
11063	43	55	2752	3520			CACHE_PRESENT_UNCLASSIFIED		True	True	True	True	476	0	CACHE_ONLY_UNCONFIRMED	Present in current cache/index but no direct SpawnPK usage evidence in this static pass
11064	43	56	2752	3584			SPAWNPK_STATIC_EVIDENCE	O_BIN_CUSTOM_OBJECT_PLACEMENTS	True	True	True	True	1568	0	CUSTOMIZED_CACHE_ONLY_UNCONFIRMED	Cache region contains object IDs customized by o.bin; this does not by itself prove production reachability
11065	43	57	2752	3648			SPAWNPK_STATIC_EVIDENCE	O_BIN_CUSTOM_OBJECT_PLACEMENTS	True	True	True	True	1522	0	CUSTOMIZED_CACHE_ONLY_UNCONFIRMED	Cache region contains object IDs customized by o.bin; this does not by itself prove production reachability
11066	43	58	2752	3712			CACHE_PRESENT_UNCLASSIFIED		True	True	True	True	519	0	CACHE_ONLY_UNCONFIRMED	Present in current cache/index but no direct SpawnPK usage evidence in this static pass
11067	43	59	2752	3776			CACHE_PRESENT_UNCLASSIFIED		True	True	True	True	464	0	CACHE_ONLY_UNCONFIRMED	Present in current cache/index but no direct SpawnPK usage evidence in this static pass
11068	43	60	2752	3840			CACHE_PRESENT_UNCLASSIFIED		True	True	True	True	304	0	CACHE_ONLY_UNCONFIRMED	Present in current cache/index but no direct SpawnPK usage evidence in this static pass
11069	43	61	2752	3904			CACHE_PRESENT_UNCLASSIFIED		True	True	True	True	0	0	CACHE_ONLY_UNCONFIRMED	Present in current cache/index but no direct SpawnPK usage evidence in this static pass
11070	43	62	2752	3968			CACHE_PRESENT_UNCLASSIFIED		True	True	True	True	0	0	CACHE_ONLY_UNCONFIRMED	Present in current cache/index but no direct SpawnPK usage evidence in this static pass
11071	43	63	2752	4032			CACHE_PRESENT_UNCLASSIFIED		True	True	True	True	0	0	CACHE_ONLY_UNCONFIRMED	Present in current cache/index but no direct SpawnPK usage evidence in this static pass
11072	43	64	2752	4096			CACHE_PRESENT_UNCLASSIFIED		True	True	True	True	0	0	CACHE_ONLY_UNCONFIRMED	Present in current cache/index but no direct SpawnPK usage evidence in this static pass
11074	43	66	2752	4224			SPAWNPK_STATIC_EVIDENCE	O_BIN_CUSTOM_OBJECT_PLACEMENTS	True	True	True	True	365	0	CUSTOMIZED_CACHE_ONLY_UNCONFIRMED	Cache region contains object IDs customized by o.bin; this does not by itself prove production reachability
11075	43	67	2752	4288			CACHE_PRESENT_UNCLASSIFIED		True	True	True	True	0	0	CACHE_ONLY_UNCONFIRMED	Present in current cache/index but no direct SpawnPK usage evidence in this static pass
11076	43	68	2752	4352			CACHE_PRESENT_UNCLASSIFIED		True	True	True	True	0	0	CACHE_ONLY_UNCONFIRMED	Present in current cache/index but no direct SpawnPK usage evidence in this static pass
11077	43	69	2752	4416			CACHE_PRESENT_UNCLASSIFIED		True	True	True	True	4019	0	CACHE_ONLY_UNCONFIRMED	Present in current cache/index but no direct SpawnPK usage evidence in this static pass
11078	43	70	2752	4480			SPAWNPK_STATIC_EVIDENCE	O_BIN_CUSTOM_OBJECT_PLACEMENTS	True	True	True	True	3923	0	CUSTOMIZED_CACHE_ONLY_UNCONFIRMED	Cache region contains object IDs customized by o.bin; this does not by itself prove production reachability
11079	43	71	2752	4544			CACHE_PRESENT_UNCLASSIFIED		True	True	True	True	4141	0	CACHE_ONLY_UNCONFIRMED	Present in current cache/index but no direct SpawnPK usage evidence in this static pass
11080	43	72	2752	4608			CACHE_PRESENT_UNCLASSIFIED		True	True	True	True	0	0	CACHE_ONLY_UNCONFIRMED	Present in current cache/index but no direct SpawnPK usage evidence in this static pass
11081	43	73	2752	4672			SPAWNPK_STATIC_EVIDENCE	O_BIN_CUSTOM_OBJECT_PLACEMENTS	True	True	True	True	1653	0	CUSTOMIZED_CACHE_ONLY_UNCONFIRMED	Cache region contains object IDs customized by o.bin; this does not by itself prove production reachability
11082	43	74	2752	4736			CACHE_PRESENT_UNCLASSIFIED		True	True	True	True	0	0	CACHE_ONLY_UNCONFIRMED	Present in current cache/index but no direct SpawnPK usage evidence in this static pass
11083	43	75	2752	4800			CACHE_PRESENT_UNCLASSIFIED		True	True	True	True	615	0	CACHE_ONLY_UNCONFIRMED	Present in current cache/index but no direct SpawnPK usage evidence in this static pass
11085	43	77	2752	4928			CACHE_PRESENT_UNCLASSIFIED		True	True	True	True	2096	0	CACHE_ONLY_UNCONFIRMED	Present in current cache/index but no direct SpawnPK usage evidence in this static pass
11088	43	80	2752	5120			CACHE_PRESENT_UNCLASSIFIED		True	True	True	True	0	0	CACHE_ONLY_UNCONFIRMED	Present in current cache/index but no direct SpawnPK usage evidence in this static pass
11090	43	82	2752	5248			CACHE_PRESENT_UNCLASSIFIED		False	False	False	False	0	0	CACHE_ONLY_UNCONFIRMED	Present in current cache/index but no direct SpawnPK usage evidence in this static pass
11091	43	83	2752	5312			CACHE_PRESENT_UNCLASSIFIED		False	False	False	False	0	0	CACHE_ONLY_UNCONFIRMED	Present in current cache/index but no direct SpawnPK usage evidence in this static pass
11093	43	85	2752	5440			SPAWNPK_STATIC_EVIDENCE	O_BIN_CUSTOM_OBJECT_PLACEMENTS	True	True	True	True	2722	0	CUSTOMIZED_CACHE_ONLY_UNCONFIRMED	Cache region contains object IDs customized by o.bin; this does not by itself prove production reachability
11094	43	86	2752	5504			CACHE_PRESENT_UNCLASSIFIED		False	False	False	False	0	0	CACHE_ONLY_UNCONFIRMED	Present in current cache/index but no direct SpawnPK usage evidence in this static pass
11095	43	87	2752	5568			CACHE_PRESENT_UNCLASSIFIED		False	False	False	False	0	0	CACHE_ONLY_UNCONFIRMED	Present in current cache/index but no direct SpawnPK usage evidence in this static pass
11096	43	88	2752	5632			CACHE_PRESENT_UNCLASSIFIED		True	True	True	True	4175	0	CACHE_ONLY_UNCONFIRMED	Present in current cache/index but no direct SpawnPK usage evidence in this static pass
11097	43	89	2752	5696			CACHE_PRESENT_UNCLASSIFIED		True	True	True	True	4156	0	CACHE_ONLY_UNCONFIRMED	Present in current cache/index but no direct SpawnPK usage evidence in this static pass
11098	43	90	2752	5760			CACHE_PRESENT_UNCLASSIFIED		True	True	True	True	4236	0	CACHE_ONLY_UNCONFIRMED	Present in current cache/index but no direct SpawnPK usage evidence in this static pass
11149	43	141	2752	9024			CACHE_PRESENT_UNCLASSIFIED		True	True	True	True	384	0	CACHE_ONLY_UNCONFIRMED	Present in current cache/index but no direct SpawnPK usage evidence in this static pass
11150	43	142	2752	9088			SPAWNPK_STATIC_EVIDENCE	O_BIN_CUSTOM_OBJECT_PLACEMENTS	True	True	True	True	6065	0	CUSTOMIZED_CACHE_ONLY_UNCONFIRMED	Cache region contains object IDs customized by o.bin; this does not by itself prove production reachability
11151	43	143	2752	9152			SPAWNPK_STATIC_EVIDENCE	O_BIN_CUSTOM_OBJECT_PLACEMENTS	True	True	True	True	6101	0	CUSTOMIZED_CACHE_ONLY_UNCONFIRMED	Cache region contains object IDs customized by o.bin; this does not by itself prove production reachability
11152	43	144	2752	9216			CACHE_PRESENT_UNCLASSIFIED		True	True	True	True	0	0	CACHE_ONLY_UNCONFIRMED	Present in current cache/index but no direct SpawnPK usage evidence in this static pass
11153	43	145	2752	9280			SPAWNPK_STATIC_EVIDENCE	O_BIN_CUSTOM_OBJECT_PLACEMENTS	True	True	True	True	4061	0	CUSTOMIZED_CACHE_ONLY_UNCONFIRMED	Cache region contains object IDs customized by o.bin; this does not by itself prove production reachability
11154	43	146	2752	9344			CACHE_PRESENT_UNCLASSIFIED		True	True	True	True	1752	0	CACHE_ONLY_UNCONFIRMED	Present in current cache/index but no direct SpawnPK usage evidence in this static pass
11155	43	147	2752	9408			CACHE_PRESENT_UNCLASSIFIED		True	True	True	True	4096	0	CACHE_ONLY_UNCONFIRMED	Present in current cache/index but no direct SpawnPK usage evidence in this static pass
11156	43	148	2752	9472			SPAWNPK_STATIC_EVIDENCE	O_BIN_CUSTOM_OBJECT_PLACEMENTS	True	True	True	True	110	0	CUSTOMIZED_CACHE_ONLY_UNCONFIRMED	Cache region contains object IDs customized by o.bin; this does not by itself prove production reachability
11157	43	149	2752	9536			SPAWNPK_STATIC_EVIDENCE	O_BIN_CUSTOM_OBJECT_PLACEMENTS	True	True	True	True	3633	0	CUSTOMIZED_CACHE_ONLY_UNCONFIRMED	Cache region contains object IDs customized by o.bin; this does not by itself prove production reachability
11158	43	150	2752	9600			SPAWNPK_STATIC_EVIDENCE	O_BIN_CUSTOM_OBJECT_PLACEMENTS	True	True	True	True	184	0	CUSTOMIZED_CACHE_ONLY_UNCONFIRMED	Cache region contains object IDs customized by o.bin; this does not by itself prove production reachability
11161	43	153	2752	9792			SPAWNPK_STATIC_EVIDENCE	O_BIN_CUSTOM_OBJECT_PLACEMENTS	True	True	True	True	462	0	CUSTOMIZED_CACHE_ONLY_UNCONFIRMED	Cache region contains object IDs customized by o.bin; this does not by itself prove production reachability
11162	43	154	2752	9856			CACHE_PRESENT_UNCLASSIFIED		True	True	True	True	1602	0	CACHE_ONLY_UNCONFIRMED	Present in current cache/index but no direct SpawnPK usage evidence in this static pass
11163	43	155	2752	9920			SPAWNPK_STATIC_EVIDENCE	O_BIN_CUSTOM_OBJECT_PLACEMENTS	True	True	True	True	4173	0	CUSTOMIZED_CACHE_ONLY_UNCONFIRMED	Cache region contains object IDs customized by o.bin; this does not by itself prove production reachability
11164	43	156	2752	9984			CACHE_PRESENT_UNCLASSIFIED		True	True	True	True	4345	0	CACHE_ONLY_UNCONFIRMED	Present in current cache/index but no direct SpawnPK usage evidence in this static pass
11165	43	157	2752	10048			CACHE_PRESENT_UNCLASSIFIED		True	True	True	True	3478	0	CACHE_ONLY_UNCONFIRMED	Present in current cache/index but no direct SpawnPK usage evidence in this static pass
11166	43	158	2752	10112		vintage_dungeon_exit	SPAWNPK_STATIC_EVIDENCE	M_BIN_EXPLICIT_REGION;O_BIN_CUSTOM_OBJECT_PLACEMENTS;STATIC_TRAVEL_OBJECT_PLACEMENTS;NAMED_OR_GROUPED	True	True	True	True	2720	1	CLIENT_EXPLICIT_CUSTOM_REGION	Explicit configs/m.bin region; static existence is proven, live use may still vary by content lifecycle
11167	43	159	2752	10176			CACHE_PRESENT_UNCLASSIFIED		True	True	True	True	3392	0	CACHE_ONLY_UNCONFIRMED	Present in current cache/index but no direct SpawnPK usage evidence in this static pass
11303	44	39	2816	2496			CACHE_PRESENT_UNCLASSIFIED		True	True	True	True	0	0	CACHE_ONLY_UNCONFIRMED	Present in current cache/index but no direct SpawnPK usage evidence in this static pass
11304	44	40	2816	2560			CACHE_PRESENT_UNCLASSIFIED		True	True	True	True	0	0	CACHE_ONLY_UNCONFIRMED	Present in current cache/index but no direct SpawnPK usage evidence in this static pass
11305	44	41	2816	2624			CACHE_PRESENT_UNCLASSIFIED		True	True	True	True	0	0	CACHE_ONLY_UNCONFIRMED	Present in current cache/index but no direct SpawnPK usage evidence in this static pass
11306	44	42	2816	2688			CACHE_PRESENT_UNCLASSIFIED		True	True	True	True	87	0	CACHE_ONLY_UNCONFIRMED	Present in current cache/index but no direct SpawnPK usage evidence in this static pass
11307	44	43	2816	2752			CACHE_PRESENT_UNCLASSIFIED		True	True	True	True	0	0	CACHE_ONLY_UNCONFIRMED	Present in current cache/index but no direct SpawnPK usage evidence in this static pass
11308	44	44	2816	2816			CACHE_PRESENT_UNCLASSIFIED		True	True	True	True	0	0	CACHE_ONLY_UNCONFIRMED	Present in current cache/index but no direct SpawnPK usage evidence in this static pass
11309	44	45	2816	2880			CACHE_PRESENT_UNCLASSIFIED		True	True	True	True	2559	0	CACHE_ONLY_UNCONFIRMED	Present in current cache/index but no direct SpawnPK usage evidence in this static pass
11310	44	46	2816	2944			CACHE_PRESENT_UNCLASSIFIED		True	True	True	True	4361	0	CACHE_ONLY_UNCONFIRMED	Present in current cache/index but no direct SpawnPK usage evidence in this static pass
11311	44	47	2816	3008			CACHE_PRESENT_UNCLASSIFIED		True	True	True	True	3099	0	CACHE_ONLY_UNCONFIRMED	Present in current cache/index but no direct SpawnPK usage evidence in this static pass
11312	44	48	2816	3072			CACHE_PRESENT_UNCLASSIFIED		True	True	True	True	2309	0	CACHE_ONLY_UNCONFIRMED	Present in current cache/index but no direct SpawnPK usage evidence in this static pass
11313	44	49	2816	3136			SPAWNPK_STATIC_EVIDENCE	O_BIN_CUSTOM_OBJECT_PLACEMENTS	True	True	True	True	1204	0	CUSTOMIZED_CACHE_ONLY_UNCONFIRMED	Cache region contains object IDs customized by o.bin; this does not by itself prove production reachability
11314	44	50	2816	3200			SPAWNPK_STATIC_EVIDENCE	O_BIN_CUSTOM_OBJECT_PLACEMENTS	True	True	True	True	677	0	CUSTOMIZED_CACHE_ONLY_UNCONFIRMED	Cache region contains object IDs customized by o.bin; this does not by itself prove production reachability
11315	44	51	2816	3264			CACHE_PRESENT_UNCLASSIFIED		True	True	True	True	564	0	CACHE_ONLY_UNCONFIRMED	Present in current cache/index but no direct SpawnPK usage evidence in this static pass
11316	44	52	2816	3328			SPAWNPK_STATIC_EVIDENCE	O_BIN_CUSTOM_OBJECT_PLACEMENTS	True	True	True	True	2796	0	CUSTOMIZED_CACHE_ONLY_UNCONFIRMED	Cache region contains object IDs customized by o.bin; this does not by itself prove production reachability
11317	44	53	2816	3392			SPAWNPK_STATIC_EVIDENCE	O_BIN_CUSTOM_OBJECT_PLACEMENTS	True	True	True	True	1365	0	CUSTOMIZED_CACHE_ONLY_UNCONFIRMED	Cache region contains object IDs customized by o.bin; this does not by itself prove production reachability
11318	44	54	2816	3456			CACHE_PRESENT_UNCLASSIFIED		True	True	True	True	1766	0	CACHE_ONLY_UNCONFIRMED	Present in current cache/index but no direct SpawnPK usage evidence in this static pass
11319	44	55	2816	3520			SPAWNPK_STATIC_EVIDENCE	O_BIN_CUSTOM_OBJECT_PLACEMENTS	True	True	True	True	4370	0	CUSTOMIZED_CACHE_ONLY_UNCONFIRMED	Cache region contains object IDs customized by o.bin; this does not by itself prove production reachability
11320	44	56	2816	3584			SPAWNPK_STATIC_EVIDENCE	O_BIN_CUSTOM_OBJECT_PLACEMENTS	True	True	True	True	2426	0	CUSTOMIZED_CACHE_ONLY_UNCONFIRMED	Cache region contains object IDs customized by o.bin; this does not by itself prove production reachability
11321	44	57	2816	3648			SPAWNPK_STATIC_EVIDENCE	O_BIN_CUSTOM_OBJECT_PLACEMENTS	True	True	True	True	2244	0	CUSTOMIZED_CACHE_ONLY_UNCONFIRMED	Cache region contains object IDs customized by o.bin; this does not by itself prove production reachability
11322	44	58	2816	3712			CACHE_PRESENT_UNCLASSIFIED		True	True	True	True	954	0	CACHE_ONLY_UNCONFIRMED	Present in current cache/index but no direct SpawnPK usage evidence in this static pass
11323	44	59	2816	3776			CACHE_PRESENT_UNCLASSIFIED		True	True	True	True	2662	0	CACHE_ONLY_UNCONFIRMED	Present in current cache/index but no direct SpawnPK usage evidence in this static pass
11326	44	62	2816	3968			CACHE_PRESENT_UNCLASSIFIED		True	True	True	True	0	0	CACHE_ONLY_UNCONFIRMED	Present in current cache/index but no direct SpawnPK usage evidence in this static pass
11327	44	63	2816	4032			CACHE_PRESENT_UNCLASSIFIED		True	True	True	True	0	0	CACHE_ONLY_UNCONFIRMED	Present in current cache/index but no direct SpawnPK usage evidence in this static pass
11328	44	64	2816	4096			CACHE_PRESENT_UNCLASSIFIED		True	True	True	True	0	0	CACHE_ONLY_UNCONFIRMED	Present in current cache/index but no direct SpawnPK usage evidence in this static pass
11329	44	65	2816	4160			CACHE_PRESENT_UNCLASSIFIED		True	True	True	True	0	0	CACHE_ONLY_UNCONFIRMED	Present in current cache/index but no direct SpawnPK usage evidence in this static pass
11331	44	67	2816	4288			CACHE_PRESENT_UNCLASSIFIED		True	True	True	True	0	0	CACHE_ONLY_UNCONFIRMED	Present in current cache/index but no direct SpawnPK usage evidence in this static pass
11332	44	68	2816	4352			CACHE_PRESENT_UNCLASSIFIED		True	True	True	True	0	0	CACHE_ONLY_UNCONFIRMED	Present in current cache/index but no direct SpawnPK usage evidence in this static pass
11335	44	71	2816	4544			SPAWNPK_STATIC_EVIDENCE	O_BIN_CUSTOM_OBJECT_PLACEMENTS	True	True	True	True	420	0	CUSTOMIZED_CACHE_ONLY_UNCONFIRMED	Cache region contains object IDs customized by o.bin; this does not by itself prove production reachability
11339	44	75	2816	4800			SPAWNPK_STATIC_EVIDENCE	O_BIN_CUSTOM_OBJECT_PLACEMENTS	True	True	True	True	1589	0	CUSTOMIZED_CACHE_ONLY_UNCONFIRMED	Cache region contains object IDs customized by o.bin; this does not by itself prove production reachability
11341	44	77	2816	4928			CACHE_PRESENT_UNCLASSIFIED		True	True	True	True	1353	0	CACHE_ONLY_UNCONFIRMED	Present in current cache/index but no direct SpawnPK usage evidence in this static pass
11343	44	79	2816	5056			SPAWNPK_STATIC_EVIDENCE	O_BIN_CUSTOM_OBJECT_PLACEMENTS	True	True	True	True	3503	0	CUSTOMIZED_CACHE_ONLY_UNCONFIRMED	Cache region contains object IDs customized by o.bin; this does not by itself prove production reachability
11347	44	83	2816	5312			SPAWNPK_STATIC_EVIDENCE	O_BIN_CUSTOM_OBJECT_PLACEMENTS	True	True	True	True	2649	0	CUSTOMIZED_CACHE_ONLY_UNCONFIRMED	Cache region contains object IDs customized by o.bin; this does not by itself prove production reachability
11350	44	86	2816	5504			CACHE_PRESENT_UNCLASSIFIED		False	False	False	False	0	0	CACHE_ONLY_UNCONFIRMED	Present in current cache/index but no direct SpawnPK usage evidence in this static pass
11351	44	87	2816	5568			CACHE_PRESENT_UNCLASSIFIED		False	False	False	False	0	0	CACHE_ONLY_UNCONFIRMED	Present in current cache/index but no direct SpawnPK usage evidence in this static pass
11352	44	88	2816	5632			CACHE_PRESENT_UNCLASSIFIED		True	True	True	True	3443	0	CACHE_ONLY_UNCONFIRMED	Present in current cache/index but no direct SpawnPK usage evidence in this static pass
11353	44	89	2816	5696			CACHE_PRESENT_UNCLASSIFIED		True	True	True	True	4173	0	CACHE_ONLY_UNCONFIRMED	Present in current cache/index but no direct SpawnPK usage evidence in this static pass
11354	44	90	2816	5760			SPAWNPK_STATIC_EVIDENCE	O_BIN_CUSTOM_OBJECT_PLACEMENTS	True	True	True	True	76	0	CUSTOMIZED_CACHE_ONLY_UNCONFIRMED	Cache region contains object IDs customized by o.bin; this does not by itself prove production reachability
11356	44	92	2816	5888			CACHE_PRESENT_UNCLASSIFIED		False	False	False	False	0	0	CACHE_ONLY_UNCONFIRMED	Present in current cache/index but no direct SpawnPK usage evidence in this static pass
11406	44	142	2816	9088			CACHE_PRESENT_UNCLASSIFIED		True	True	True	True	384	0	CACHE_ONLY_UNCONFIRMED	Present in current cache/index but no direct SpawnPK usage evidence in this static pass
11409	44	145	2816	9280			CACHE_PRESENT_UNCLASSIFIED		True	True	True	True	768	0	CACHE_ONLY_UNCONFIRMED	Present in current cache/index but no direct SpawnPK usage evidence in this static pass
11410	44	146	2816	9344			CACHE_PRESENT_UNCLASSIFIED		True	True	True	True	0	0	CACHE_ONLY_UNCONFIRMED	Present in current cache/index but no direct SpawnPK usage evidence in this static pass
11412	44	148	2816	9472			SPAWNPK_STATIC_EVIDENCE	O_BIN_CUSTOM_OBJECT_PLACEMENTS	True	True	True	True	3947	0	CUSTOMIZED_CACHE_ONLY_UNCONFIRMED	Cache region contains object IDs customized by o.bin; this does not by itself prove production reachability
11413	44	149	2816	9536			SPAWNPK_STATIC_EVIDENCE	O_BIN_CUSTOM_OBJECT_PLACEMENTS	True	True	True	True	3866	0	CUSTOMIZED_CACHE_ONLY_UNCONFIRMED	Cache region contains object IDs customized by o.bin; this does not by itself prove production reachability
11414	44	150	2816	9600			SPAWNPK_STATIC_EVIDENCE	O_BIN_CUSTOM_OBJECT_PLACEMENTS	True	True	True	True	4266	0	CUSTOMIZED_CACHE_ONLY_UNCONFIRMED	Cache region contains object IDs customized by o.bin; this does not by itself prove production reachability
11415	44	151	2816	9664			CACHE_PRESENT_UNCLASSIFIED		True	True	True	True	588	0	CACHE_ONLY_UNCONFIRMED	Present in current cache/index but no direct SpawnPK usage evidence in this static pass
11416	44	152	2816	9728			SPAWNPK_STATIC_EVIDENCE	O_BIN_CUSTOM_OBJECT_PLACEMENTS	True	True	True	True	3838	0	CUSTOMIZED_CACHE_ONLY_UNCONFIRMED	Cache region contains object IDs customized by o.bin; this does not by itself prove production reachability
11417	44	153	2816	9792			SPAWNPK_STATIC_EVIDENCE	O_BIN_CUSTOM_OBJECT_PLACEMENTS	True	True	True	True	4288	0	CUSTOMIZED_CACHE_ONLY_UNCONFIRMED	Cache region contains object IDs customized by o.bin; this does not by itself prove production reachability
11418	44	154	2816	9856			SPAWNPK_STATIC_EVIDENCE	O_BIN_CUSTOM_OBJECT_PLACEMENTS	True	True	True	True	4161	0	CUSTOMIZED_CACHE_ONLY_UNCONFIRMED	Cache region contains object IDs customized by o.bin; this does not by itself prove production reachability
11419	44	155	2816	9920			CACHE_PRESENT_UNCLASSIFIED		True	True	True	True	3981	0	CACHE_ONLY_UNCONFIRMED	Present in current cache/index but no direct SpawnPK usage evidence in this static pass
11420	44	156	2816	9984			CACHE_PRESENT_UNCLASSIFIED		True	True	True	True	415	0	CACHE_ONLY_UNCONFIRMED	Present in current cache/index but no direct SpawnPK usage evidence in this static pass
11421	44	157	2816	10048			CACHE_PRESENT_UNCLASSIFIED		True	True	True	True	5911	0	CACHE_ONLY_UNCONFIRMED	Present in current cache/index but no direct SpawnPK usage evidence in this static pass
11422	44	158	2816	10112			CACHE_PRESENT_UNCLASSIFIED		True	True	True	True	2456	0	CACHE_ONLY_UNCONFIRMED	Present in current cache/index but no direct SpawnPK usage evidence in this static pass
11423	44	159	2816	10176			SPAWNPK_STATIC_EVIDENCE	O_BIN_CUSTOM_OBJECT_PLACEMENTS	True	True	True	True	4254	0	CUSTOMIZED_CACHE_ONLY_UNCONFIRMED	Cache region contains object IDs customized by o.bin; this does not by itself prove production reachability
11424	44	160	2816	10240			CACHE_PRESENT_UNCLASSIFIED		True	True	True	True	0	0	CACHE_ONLY_UNCONFIRMED	Present in current cache/index but no direct SpawnPK usage evidence in this static pass
11559	45	39	2880	2496			CACHE_PRESENT_UNCLASSIFIED		True	True	True	True	0	0	CACHE_ONLY_UNCONFIRMED	Present in current cache/index but no direct SpawnPK usage evidence in this static pass
11560	45	40	2880	2560			CACHE_PRESENT_UNCLASSIFIED		True	True	True	True	0	0	CACHE_ONLY_UNCONFIRMED	Present in current cache/index but no direct SpawnPK usage evidence in this static pass
11561	45	41	2880	2624			CACHE_PRESENT_UNCLASSIFIED		True	True	True	True	0	0	CACHE_ONLY_UNCONFIRMED	Present in current cache/index but no direct SpawnPK usage evidence in this static pass
11562	45	42	2880	2688			CACHE_PRESENT_UNCLASSIFIED		True	True	True	True	919	0	CACHE_ONLY_UNCONFIRMED	Present in current cache/index but no direct SpawnPK usage evidence in this static pass
11563	45	43	2880	2752			CACHE_PRESENT_UNCLASSIFIED		True	True	True	True	0	0	CACHE_ONLY_UNCONFIRMED	Present in current cache/index but no direct SpawnPK usage evidence in this static pass
11564	45	44	2880	2816			CACHE_PRESENT_UNCLASSIFIED		True	True	True	True	0	0	CACHE_ONLY_UNCONFIRMED	Present in current cache/index but no direct SpawnPK usage evidence in this static pass
11565	45	45	2880	2880			CACHE_PRESENT_UNCLASSIFIED		True	True	True	True	2368	0	CACHE_ONLY_UNCONFIRMED	Present in current cache/index but no direct SpawnPK usage evidence in this static pass
11566	45	46	2880	2944			SPAWNPK_STATIC_EVIDENCE	O_BIN_CUSTOM_OBJECT_PLACEMENTS	True	True	True	True	2609	0	CUSTOMIZED_CACHE_ONLY_UNCONFIRMED	Cache region contains object IDs customized by o.bin; this does not by itself prove production reachability
11567	45	47	2880	3008			CACHE_PRESENT_UNCLASSIFIED		True	True	True	True	2963	0	CACHE_ONLY_UNCONFIRMED	Present in current cache/index but no direct SpawnPK usage evidence in this static pass
11568	45	48	2880	3072			CACHE_PRESENT_UNCLASSIFIED		True	True	True	True	1700	0	CACHE_ONLY_UNCONFIRMED	Present in current cache/index but no direct SpawnPK usage evidence in this static pass
11569	45	49	2880	3136			SPAWNPK_STATIC_EVIDENCE	O_BIN_CUSTOM_OBJECT_PLACEMENTS	True	True	True	True	1853	0	CUSTOMIZED_CACHE_ONLY_UNCONFIRMED	Cache region contains object IDs customized by o.bin; this does not by itself prove production reachability
11570	45	50	2880	3200			SPAWNPK_STATIC_EVIDENCE	O_BIN_CUSTOM_OBJECT_PLACEMENTS	True	True	True	True	2832	0	CUSTOMIZED_CACHE_ONLY_UNCONFIRMED	Cache region contains object IDs customized by o.bin; this does not by itself prove production reachability
11571	45	51	2880	3264			SPAWNPK_STATIC_EVIDENCE	O_BIN_CUSTOM_OBJECT_PLACEMENTS	True	True	True	True	2366	0	CUSTOMIZED_CACHE_ONLY_UNCONFIRMED	Cache region contains object IDs customized by o.bin; this does not by itself prove production reachability
11572	45	52	2880	3328			SPAWNPK_STATIC_EVIDENCE	O_BIN_CUSTOM_OBJECT_PLACEMENTS	True	True	True	True	2925	0	CUSTOMIZED_CACHE_ONLY_UNCONFIRMED	Cache region contains object IDs customized by o.bin; this does not by itself prove production reachability
11573	45	53	2880	3392			SPAWNPK_STATIC_EVIDENCE	O_BIN_CUSTOM_OBJECT_PLACEMENTS	True	True	True	True	2849	0	CUSTOMIZED_CACHE_ONLY_UNCONFIRMED	Cache region contains object IDs customized by o.bin; this does not by itself prove production reachability
11574	45	54	2880	3456			SPAWNPK_STATIC_EVIDENCE	O_BIN_CUSTOM_OBJECT_PLACEMENTS	True	True	True	True	2943	0	CUSTOMIZED_CACHE_ONLY_UNCONFIRMED	Cache region contains object IDs customized by o.bin; this does not by itself prove production reachability
11575	45	55	2880	3520			SPAWNPK_STATIC_EVIDENCE	O_BIN_CUSTOM_OBJECT_PLACEMENTS	True	True	True	True	3529	0	CUSTOMIZED_CACHE_ONLY_UNCONFIRMED	Cache region contains object IDs customized by o.bin; this does not by itself prove production reachability
11576	45	56	2880	3584			CACHE_PRESENT_UNCLASSIFIED		True	True	True	True	1770	0	CACHE_ONLY_UNCONFIRMED	Present in current cache/index but no direct SpawnPK usage evidence in this static pass
11577	45	57	2880	3648			CACHE_PRESENT_UNCLASSIFIED		True	True	True	True	1824	0	CACHE_ONLY_UNCONFIRMED	Present in current cache/index but no direct SpawnPK usage evidence in this static pass
11578	45	58	2880	3712			CACHE_PRESENT_UNCLASSIFIED		True	True	True	True	723	0	CACHE_ONLY_UNCONFIRMED	Present in current cache/index but no direct SpawnPK usage evidence in this static pass
11579	45	59	2880	3776			CACHE_PRESENT_UNCLASSIFIED		True	True	True	True	66	0	CACHE_ONLY_UNCONFIRMED	Present in current cache/index but no direct SpawnPK usage evidence in this static pass
11582	45	62	2880	3968			CACHE_PRESENT_UNCLASSIFIED		True	True	True	True	0	0	CACHE_ONLY_UNCONFIRMED	Present in current cache/index but no direct SpawnPK usage evidence in this static pass
11583	45	63	2880	4032			CACHE_PRESENT_UNCLASSIFIED		True	True	True	True	0	0	CACHE_ONLY_UNCONFIRMED	Present in current cache/index but no direct SpawnPK usage evidence in this static pass
11584	45	64	2880	4096			CACHE_PRESENT_UNCLASSIFIED		True	True	True	True	0	0	CACHE_ONLY_UNCONFIRMED	Present in current cache/index but no direct SpawnPK usage evidence in this static pass
11585	45	65	2880	4160			CACHE_PRESENT_UNCLASSIFIED		True	True	True	True	0	0	CACHE_ONLY_UNCONFIRMED	Present in current cache/index but no direct SpawnPK usage evidence in this static pass
11586	45	66	2880	4224			CACHE_PRESENT_UNCLASSIFIED		True	True	True	True	0	0	CACHE_ONLY_UNCONFIRMED	Present in current cache/index but no direct SpawnPK usage evidence in this static pass
11587	45	67	2880	4288			CACHE_PRESENT_UNCLASSIFIED		True	True	True	True	0	0	CACHE_ONLY_UNCONFIRMED	Present in current cache/index but no direct SpawnPK usage evidence in this static pass
11588	45	68	2880	4352			CACHE_PRESENT_UNCLASSIFIED		True	True	True	True	0	0	CACHE_ONLY_UNCONFIRMED	Present in current cache/index but no direct SpawnPK usage evidence in this static pass
11589	45	69	2880	4416			CACHE_PRESENT_UNCLASSIFIED		True	True	True	True	664	0	CACHE_ONLY_UNCONFIRMED	Present in current cache/index but no direct SpawnPK usage evidence in this static pass
11591	45	71	2880	4544			CACHE_PRESENT_UNCLASSIFIED		True	True	True	True	3943	0	CACHE_ONLY_UNCONFIRMED	Present in current cache/index but no direct SpawnPK usage evidence in this static pass
11593	45	73	2880	4672			SPAWNPK_STATIC_EVIDENCE	O_BIN_CUSTOM_OBJECT_PLACEMENTS	True	True	True	True	2822	0	CUSTOMIZED_CACHE_ONLY_UNCONFIRMED	Cache region contains object IDs customized by o.bin; this does not by itself prove production reachability
11594	45	74	2880	4736			CACHE_PRESENT_UNCLASSIFIED		True	True	True	True	0	0	CACHE_ONLY_UNCONFIRMED	Present in current cache/index but no direct SpawnPK usage evidence in this static pass
11595	45	75	2880	4800			SPAWNPK_STATIC_EVIDENCE	O_BIN_CUSTOM_OBJECT_PLACEMENTS	True	True	True	True	4640	0	CUSTOMIZED_CACHE_ONLY_UNCONFIRMED	Cache region contains object IDs customized by o.bin; this does not by itself prove production reachability
11597	45	77	2880	4928			CACHE_PRESENT_UNCLASSIFIED		True	True	True	True	728	0	CACHE_ONLY_UNCONFIRMED	Present in current cache/index but no direct SpawnPK usage evidence in this static pass
11599	45	79	2880	5056			CACHE_PRESENT_UNCLASSIFIED		True	True	True	True	710	0	CACHE_ONLY_UNCONFIRMED	Present in current cache/index but no direct SpawnPK usage evidence in this static pass
11601	45	81	2880	5184		nex_lair	SPAWNPK_STATIC_EVIDENCE	M_BIN_EXPLICIT_REGION;CLIENT_HARDCODED_REGION_PATCH;NAMED_OR_GROUPED	True	True	True	True	6533	0	CLIENT_EXPLICIT_CUSTOM_REGION	Explicit configs/m.bin region; static existence is proven, live use may still vary by content lifecycle
11603	45	83	2880	5312			CACHE_PRESENT_UNCLASSIFIED		True	True	True	True	4209	0	CACHE_ONLY_UNCONFIRMED	Present in current cache/index but no direct SpawnPK usage evidence in this static pass
11605	45	85	2880	5440			CACHE_PRESENT_UNCLASSIFIED		True	True	True	True	3309	0	CACHE_ONLY_UNCONFIRMED	Present in current cache/index but no direct SpawnPK usage evidence in this static pass
11606	45	86	2880	5504			CACHE_PRESENT_UNCLASSIFIED		False	False	False	False	0	0	CACHE_ONLY_UNCONFIRMED	Present in current cache/index but no direct SpawnPK usage evidence in this static pass
11608	45	88	2880	5632			CACHE_PRESENT_UNCLASSIFIED		False	False	False	False	0	0	CACHE_ONLY_UNCONFIRMED	Present in current cache/index but no direct SpawnPK usage evidence in this static pass
11609	45	89	2880	5696			CACHE_PRESENT_UNCLASSIFIED		False	False	False	False	0	0	CACHE_ONLY_UNCONFIRMED	Present in current cache/index but no direct SpawnPK usage evidence in this static pass
11612	45	92	2880	5888			CACHE_PRESENT_UNCLASSIFIED		False	False	False	False	0	0	CACHE_ONLY_UNCONFIRMED	Present in current cache/index but no direct SpawnPK usage evidence in this static pass
11664	45	144	2880	9216			SPAWNPK_STATIC_EVIDENCE	O_BIN_CUSTOM_OBJECT_PLACEMENTS	True	True	True	True	741	0	CUSTOMIZED_CACHE_ONLY_UNCONFIRMED	Cache region contains object IDs customized by o.bin; this does not by itself prove production reachability
11665	45	145	2880	9280			SPAWNPK_STATIC_EVIDENCE	O_BIN_CUSTOM_OBJECT_PLACEMENTS	True	True	True	True	3563	0	CUSTOMIZED_CACHE_ONLY_UNCONFIRMED	Cache region contains object IDs customized by o.bin; this does not by itself prove production reachability
11666	45	146	2880	9344			SPAWNPK_STATIC_EVIDENCE	O_BIN_CUSTOM_OBJECT_PLACEMENTS	True	True	True	True	2667	0	CUSTOMIZED_CACHE_ONLY_UNCONFIRMED	Cache region contains object IDs customized by o.bin; this does not by itself prove production reachability
11667	45	147	2880	9408			CACHE_PRESENT_UNCLASSIFIED		True	True	True	True	0	0	CACHE_ONLY_UNCONFIRMED	Present in current cache/index but no direct SpawnPK usage evidence in this static pass
11668	45	148	2880	9472			SPAWNPK_STATIC_EVIDENCE	O_BIN_CUSTOM_OBJECT_PLACEMENTS	True	True	True	True	5038	0	CUSTOMIZED_CACHE_ONLY_UNCONFIRMED	Cache region contains object IDs customized by o.bin; this does not by itself prove production reachability
11669	45	149	2880	9536			CACHE_PRESENT_UNCLASSIFIED		True	True	True	True	0	0	CACHE_ONLY_UNCONFIRMED	Present in current cache/index but no direct SpawnPK usage evidence in this static pass
11670	45	150	2880	9600			SPAWNPK_STATIC_EVIDENCE	O_BIN_CUSTOM_OBJECT_PLACEMENTS	True	True	True	True	421	0	CUSTOMIZED_CACHE_ONLY_UNCONFIRMED	Cache region contains object IDs customized by o.bin; this does not by itself prove production reachability
11671	45	151	2880	9664			SPAWNPK_STATIC_EVIDENCE	O_BIN_CUSTOM_OBJECT_PLACEMENTS	True	True	True	True	3309	0	CUSTOMIZED_CACHE_ONLY_UNCONFIRMED	Cache region contains object IDs customized by o.bin; this does not by itself prove production reachability
11672	45	152	2880	9728			SPAWNPK_STATIC_EVIDENCE	O_BIN_CUSTOM_OBJECT_PLACEMENTS	True	True	True	True	3983	0	CUSTOMIZED_CACHE_ONLY_UNCONFIRMED	Cache region contains object IDs customized by o.bin; this does not by itself prove production reachability
11673	45	153	2880	9792			SPAWNPK_STATIC_EVIDENCE	O_BIN_CUSTOM_OBJECT_PLACEMENTS	True	True	True	True	3609	0	CUSTOMIZED_CACHE_ONLY_UNCONFIRMED	Cache region contains object IDs customized by o.bin; this does not by itself prove production reachability
11674	45	154	2880	9856			SPAWNPK_STATIC_EVIDENCE	O_BIN_CUSTOM_OBJECT_PLACEMENTS	True	True	True	True	4227	0	CUSTOMIZED_CACHE_ONLY_UNCONFIRMED	Cache region contains object IDs customized by o.bin; this does not by itself prove production reachability
11675	45	155	2880	9920			CACHE_PRESENT_UNCLASSIFIED		True	True	True	True	2415	0	CACHE_ONLY_UNCONFIRMED	Present in current cache/index but no direct SpawnPK usage evidence in this static pass
11676	45	156	2880	9984			CACHE_PRESENT_UNCLASSIFIED		True	True	True	True	1714	0	CACHE_ONLY_UNCONFIRMED	Present in current cache/index but no direct SpawnPK usage evidence in this static pass
11677	45	157	2880	10048			SPAWNPK_STATIC_EVIDENCE	O_BIN_CUSTOM_OBJECT_PLACEMENTS	True	True	True	True	3985	0	CUSTOMIZED_CACHE_ONLY_UNCONFIRMED	Cache region contains object IDs customized by o.bin; this does not by itself prove production reachability
11678	45	158	2880	10112			SPAWNPK_STATIC_EVIDENCE	O_BIN_CUSTOM_OBJECT_PLACEMENTS	True	True	True	True	1669	0	CUSTOMIZED_CACHE_ONLY_UNCONFIRMED	Cache region contains object IDs customized by o.bin; this does not by itself prove production reachability
11679	45	159	2880	10176			SPAWNPK_STATIC_EVIDENCE	O_BIN_CUSTOM_OBJECT_PLACEMENTS	True	True	True	True	4447	0	CUSTOMIZED_CACHE_ONLY_UNCONFIRMED	Cache region contains object IDs customized by o.bin; this does not by itself prove production reachability
11680	45	160	2880	10240			CACHE_PRESENT_UNCLASSIFIED		True	True	True	True	0	0	CACHE_ONLY_UNCONFIRMED	Present in current cache/index but no direct SpawnPK usage evidence in this static pass
11815	46	39	2944	2496			CACHE_PRESENT_UNCLASSIFIED		True	True	True	True	0	0	CACHE_ONLY_UNCONFIRMED	Present in current cache/index but no direct SpawnPK usage evidence in this static pass
11816	46	40	2944	2560			CACHE_PRESENT_UNCLASSIFIED		True	True	True	True	0	0	CACHE_ONLY_UNCONFIRMED	Present in current cache/index but no direct SpawnPK usage evidence in this static pass
11817	46	41	2944	2624			CACHE_PRESENT_UNCLASSIFIED		True	True	True	True	0	0	CACHE_ONLY_UNCONFIRMED	Present in current cache/index but no direct SpawnPK usage evidence in this static pass
11818	46	42	2944	2688			CACHE_PRESENT_UNCLASSIFIED		True	True	True	True	0	0	CACHE_ONLY_UNCONFIRMED	Present in current cache/index but no direct SpawnPK usage evidence in this static pass
11819	46	43	2944	2752			CACHE_PRESENT_UNCLASSIFIED		True	True	True	True	0	0	CACHE_ONLY_UNCONFIRMED	Present in current cache/index but no direct SpawnPK usage evidence in this static pass
11820	46	44	2944	2816			CACHE_PRESENT_UNCLASSIFIED		True	True	True	True	0	0	CACHE_ONLY_UNCONFIRMED	Present in current cache/index but no direct SpawnPK usage evidence in this static pass
11821	46	45	2944	2880			CACHE_PRESENT_UNCLASSIFIED		True	True	True	True	410	0	CACHE_ONLY_UNCONFIRMED	Present in current cache/index but no direct SpawnPK usage evidence in this static pass
11822	46	46	2944	2944			CACHE_PRESENT_UNCLASSIFIED		True	True	True	True	215	0	CACHE_ONLY_UNCONFIRMED	Present in current cache/index but no direct SpawnPK usage evidence in this static pass
11823	46	47	2944	3008			CACHE_PRESENT_UNCLASSIFIED		True	True	True	True	1290	0	CACHE_ONLY_UNCONFIRMED	Present in current cache/index but no direct SpawnPK usage evidence in this static pass
11824	46	48	2944	3072			CACHE_PRESENT_UNCLASSIFIED		True	True	True	True	148	0	CACHE_ONLY_UNCONFIRMED	Present in current cache/index but no direct SpawnPK usage evidence in this static pass
11825	46	49	2944	3136			SPAWNPK_STATIC_EVIDENCE	O_BIN_CUSTOM_OBJECT_PLACEMENTS	True	True	True	True	1606	0	CUSTOMIZED_CACHE_ONLY_UNCONFIRMED	Cache region contains object IDs customized by o.bin; this does not by itself prove production reachability
11826	46	50	2944	3200			SPAWNPK_STATIC_EVIDENCE	O_BIN_CUSTOM_OBJECT_PLACEMENTS	True	True	True	True	3906	0	CUSTOMIZED_CACHE_ONLY_UNCONFIRMED	Cache region contains object IDs customized by o.bin; this does not by itself prove production reachability
11827	46	51	2944	3264			SPAWNPK_STATIC_EVIDENCE	O_BIN_CUSTOM_OBJECT_PLACEMENTS	True	True	True	True	2801	0	CUSTOMIZED_CACHE_ONLY_UNCONFIRMED	Cache region contains object IDs customized by o.bin; this does not by itself prove production reachability
11828	46	52	2944	3328			SPAWNPK_STATIC_EVIDENCE	O_BIN_CUSTOM_OBJECT_PLACEMENTS	True	True	True	True	5932	0	CUSTOMIZED_CACHE_ONLY_UNCONFIRMED	Cache region contains object IDs customized by o.bin; this does not by itself prove production reachability
11829	46	53	2944	3392			SPAWNPK_STATIC_EVIDENCE	O_BIN_CUSTOM_OBJECT_PLACEMENTS	True	True	True	True	3531	0	CUSTOMIZED_CACHE_ONLY_UNCONFIRMED	Cache region contains object IDs customized by o.bin; this does not by itself prove production reachability
11830	46	54	2944	3456			SPAWNPK_STATIC_EVIDENCE	O_BIN_CUSTOM_OBJECT_PLACEMENTS	True	True	True	True	1626	0	CUSTOMIZED_CACHE_ONLY_UNCONFIRMED	Cache region contains object IDs customized by o.bin; this does not by itself prove production reachability
11831	46	55	2944	3520			SPAWNPK_STATIC_EVIDENCE	O_BIN_CUSTOM_OBJECT_PLACEMENTS	True	True	True	True	1514	0	CUSTOMIZED_CACHE_ONLY_UNCONFIRMED	Cache region contains object IDs customized by o.bin; this does not by itself prove production reachability
11832	46	56	2944	3584			CACHE_PRESENT_UNCLASSIFIED		True	True	True	True	2398	0	CACHE_ONLY_UNCONFIRMED	Present in current cache/index but no direct SpawnPK usage evidence in this static pass
11833	46	57	2944	3648			SPAWNPK_STATIC_EVIDENCE	O_BIN_CUSTOM_OBJECT_PLACEMENTS	True	True	True	True	2902	0	CUSTOMIZED_CACHE_ONLY_UNCONFIRMED	Cache region contains object IDs customized by o.bin; this does not by itself prove production reachability
11834	46	58	2944	3712			CACHE_PRESENT_UNCLASSIFIED		True	True	True	True	2544	0	CACHE_ONLY_UNCONFIRMED	Present in current cache/index but no direct SpawnPK usage evidence in this static pass
11835	46	59	2944	3776			SPAWNPK_STATIC_EVIDENCE	O_BIN_CUSTOM_OBJECT_PLACEMENTS	True	True	True	True	2958	0	CUSTOMIZED_CACHE_ONLY_UNCONFIRMED	Cache region contains object IDs customized by o.bin; this does not by itself prove production reachability
11836	46	60	2944	3840			CACHE_PRESENT_UNCLASSIFIED		True	True	True	True	2319	0	CACHE_ONLY_UNCONFIRMED	Present in current cache/index but no direct SpawnPK usage evidence in this static pass
11837	46	61	2944	3904			CACHE_PRESENT_UNCLASSIFIED		True	True	True	True	2438	0	CACHE_ONLY_UNCONFIRMED	Present in current cache/index but no direct SpawnPK usage evidence in this static pass
11838	46	62	2944	3968			CACHE_PRESENT_UNCLASSIFIED		True	True	True	True	0	0	CACHE_ONLY_UNCONFIRMED	Present in current cache/index but no direct SpawnPK usage evidence in this static pass
11839	46	63	2944	4032			CACHE_PRESENT_UNCLASSIFIED		True	True	True	True	0	0	CACHE_ONLY_UNCONFIRMED	Present in current cache/index but no direct SpawnPK usage evidence in this static pass
11840	46	64	2944	4096			CACHE_PRESENT_UNCLASSIFIED		True	True	True	True	0	0	CACHE_ONLY_UNCONFIRMED	Present in current cache/index but no direct SpawnPK usage evidence in this static pass
11841	46	65	2944	4160			CACHE_PRESENT_UNCLASSIFIED		True	True	True	True	0	0	CACHE_ONLY_UNCONFIRMED	Present in current cache/index but no direct SpawnPK usage evidence in this static pass
11842	46	66	2944	4224			CACHE_PRESENT_UNCLASSIFIED		True	True	True	True	0	0	CACHE_ONLY_UNCONFIRMED	Present in current cache/index but no direct SpawnPK usage evidence in this static pass
11843	46	67	2944	4288			CACHE_PRESENT_UNCLASSIFIED		True	True	True	True	1365	0	CACHE_ONLY_UNCONFIRMED	Present in current cache/index but no direct SpawnPK usage evidence in this static pass
11844	46	68	2944	4352			CACHE_PRESENT_UNCLASSIFIED		True	True	True	True	0	0	CACHE_ONLY_UNCONFIRMED	Present in current cache/index but no direct SpawnPK usage evidence in this static pass
11851	46	75	2944	4800			CACHE_PRESENT_UNCLASSIFIED		True	True	True	True	0	0	CACHE_ONLY_UNCONFIRMED	Present in current cache/index but no direct SpawnPK usage evidence in this static pass
11854	46	78	2944	4992			CACHE_PRESENT_UNCLASSIFIED		True	True	True	True	5617	0	CACHE_ONLY_UNCONFIRMED	Present in current cache/index but no direct SpawnPK usage evidence in this static pass
11855	46	79	2944	5056			CACHE_PRESENT_UNCLASSIFIED		True	True	True	True	5768	0	CACHE_ONLY_UNCONFIRMED	Present in current cache/index but no direct SpawnPK usage evidence in this static pass
11862	46	86	2944	5504			CACHE_PRESENT_UNCLASSIFIED		False	False	False	False	0	0	CACHE_ONLY_UNCONFIRMED	Present in current cache/index but no direct SpawnPK usage evidence in this static pass
11863	46	87	2944	5568			CACHE_PRESENT_UNCLASSIFIED		False	False	False	False	0	0	CACHE_ONLY_UNCONFIRMED	Present in current cache/index but no direct SpawnPK usage evidence in this static pass
11864	46	88	2944	5632			SPAWNPK_STATIC_EVIDENCE	O_BIN_CUSTOM_OBJECT_PLACEMENTS	True	True	True	True	415	0	CUSTOMIZED_CACHE_ONLY_UNCONFIRMED	Cache region contains object IDs customized by o.bin; this does not by itself prove production reachability
11865	46	89	2944	5696			CACHE_PRESENT_UNCLASSIFIED		True	True	True	True	4235	0	CACHE_ONLY_UNCONFIRMED	Present in current cache/index but no direct SpawnPK usage evidence in this static pass
11866	46	90	2944	5760			CACHE_PRESENT_UNCLASSIFIED		True	True	True	True	4010	0	CACHE_ONLY_UNCONFIRMED	Present in current cache/index but no direct SpawnPK usage evidence in this static pass
11877	46	101	2944	6464			SPAWNPK_STATIC_EVIDENCE	CLIENT_HARDCODED_REGION_PATCH	True	True	True	True	602	0	CLIENT_HARDCODED_REGION	Exact client applies a region mapping patch; live reachability not proven by this fact alone
11920	46	144	2944	9216			CACHE_PRESENT_UNCLASSIFIED		True	True	True	True	4318	0	CACHE_ONLY_UNCONFIRMED	Present in current cache/index but no direct SpawnPK usage evidence in this static pass
11921	46	145	2944	9280			CACHE_PRESENT_UNCLASSIFIED		True	True	True	True	0	0	CACHE_ONLY_UNCONFIRMED	Present in current cache/index but no direct SpawnPK usage evidence in this static pass
11922	46	146	2944	9344			CACHE_PRESENT_UNCLASSIFIED		True	True	True	True	0	0	CACHE_ONLY_UNCONFIRMED	Present in current cache/index but no direct SpawnPK usage evidence in this static pass
11924	46	148	2944	9472			CACHE_PRESENT_UNCLASSIFIED		True	True	True	True	3631	0	CACHE_ONLY_UNCONFIRMED	Present in current cache/index but no direct SpawnPK usage evidence in this static pass
11925	46	149	2944	9536			SPAWNPK_STATIC_EVIDENCE	O_BIN_CUSTOM_OBJECT_PLACEMENTS	True	True	True	True	3924	0	CUSTOMIZED_CACHE_ONLY_UNCONFIRMED	Cache region contains object IDs customized by o.bin; this does not by itself prove production reachability
11926	46	150	2944	9600			SPAWNPK_STATIC_EVIDENCE	O_BIN_CUSTOM_OBJECT_PLACEMENTS	True	True	True	True	2544	0	CUSTOMIZED_CACHE_ONLY_UNCONFIRMED	Cache region contains object IDs customized by o.bin; this does not by itself prove production reachability
11928	46	152	2944	9728			SPAWNPK_STATIC_EVIDENCE	O_BIN_CUSTOM_OBJECT_PLACEMENTS	True	True	True	True	1797	0	CUSTOMIZED_CACHE_ONLY_UNCONFIRMED	Cache region contains object IDs customized by o.bin; this does not by itself prove production reachability
11929	46	153	2944	9792			SPAWNPK_STATIC_EVIDENCE	O_BIN_CUSTOM_OBJECT_PLACEMENTS	True	True	True	True	3921	0	CUSTOMIZED_CACHE_ONLY_UNCONFIRMED	Cache region contains object IDs customized by o.bin; this does not by itself prove production reachability
11930	46	154	2944	9856			CACHE_PRESENT_UNCLASSIFIED		True	True	True	True	784	0	CACHE_ONLY_UNCONFIRMED	Present in current cache/index but no direct SpawnPK usage evidence in this static pass
11934	46	158	2944	10112			CACHE_PRESENT_UNCLASSIFIED		True	True	True	True	0	0	CACHE_ONLY_UNCONFIRMED	Present in current cache/index but no direct SpawnPK usage evidence in this static pass
11935	46	159	2944	10176			CACHE_PRESENT_UNCLASSIFIED		True	True	True	True	0	0	CACHE_ONLY_UNCONFIRMED	Present in current cache/index but no direct SpawnPK usage evidence in this static pass
11937	46	161	2944	10304			SPAWNPK_STATIC_EVIDENCE	O_BIN_CUSTOM_OBJECT_PLACEMENTS	True	True	True	True	733	0	CUSTOMIZED_CACHE_ONLY_UNCONFIRMED	Cache region contains object IDs customized by o.bin; this does not by itself prove production reachability
12071	47	39	3008	2496			CACHE_PRESENT_UNCLASSIFIED		True	True	True	True	0	0	CACHE_ONLY_UNCONFIRMED	Present in current cache/index but no direct SpawnPK usage evidence in this static pass
12072	47	40	3008	2560			CACHE_PRESENT_UNCLASSIFIED		True	True	True	True	0	0	CACHE_ONLY_UNCONFIRMED	Present in current cache/index but no direct SpawnPK usage evidence in this static pass
12073	47	41	3008	2624			CACHE_PRESENT_UNCLASSIFIED		True	True	True	True	0	0	CACHE_ONLY_UNCONFIRMED	Present in current cache/index but no direct SpawnPK usage evidence in this static pass
12074	47	42	3008	2688			CACHE_PRESENT_UNCLASSIFIED		True	True	True	True	0	0	CACHE_ONLY_UNCONFIRMED	Present in current cache/index but no direct SpawnPK usage evidence in this static pass
12075	47	43	3008	2752			CACHE_PRESENT_UNCLASSIFIED		True	True	True	True	0	0	CACHE_ONLY_UNCONFIRMED	Present in current cache/index but no direct SpawnPK usage evidence in this static pass
12076	47	44	3008	2816			CACHE_PRESENT_UNCLASSIFIED		True	True	True	True	0	0	CACHE_ONLY_UNCONFIRMED	Present in current cache/index but no direct SpawnPK usage evidence in this static pass
12077	47	45	3008	2880			CACHE_PRESENT_UNCLASSIFIED		True	True	True	True	0	0	CACHE_ONLY_UNCONFIRMED	Present in current cache/index but no direct SpawnPK usage evidence in this static pass
12078	47	46	3008	2944			CACHE_PRESENT_UNCLASSIFIED		True	True	True	True	0	0	CACHE_ONLY_UNCONFIRMED	Present in current cache/index but no direct SpawnPK usage evidence in this static pass
12079	47	47	3008	3008			CACHE_PRESENT_UNCLASSIFIED		True	True	True	True	150	0	CACHE_ONLY_UNCONFIRMED	Present in current cache/index but no direct SpawnPK usage evidence in this static pass
12080	47	48	3008	3072			CACHE_PRESENT_UNCLASSIFIED		True	True	True	True	470	0	CACHE_ONLY_UNCONFIRMED	Present in current cache/index but no direct SpawnPK usage evidence in this static pass
12081	47	49	3008	3136			SPAWNPK_STATIC_EVIDENCE	O_BIN_CUSTOM_OBJECT_PLACEMENTS	True	True	True	True	1374	0	CUSTOMIZED_CACHE_ONLY_UNCONFIRMED	Cache region contains object IDs customized by o.bin; this does not by itself prove production reachability
12082	47	50	3008	3200			SPAWNPK_STATIC_EVIDENCE	O_BIN_CUSTOM_OBJECT_PLACEMENTS	True	True	True	True	4630	0	CUSTOMIZED_CACHE_ONLY_UNCONFIRMED	Cache region contains object IDs customized by o.bin; this does not by itself prove production reachability
12083	47	51	3008	3264			SPAWNPK_STATIC_EVIDENCE	O_BIN_CUSTOM_OBJECT_PLACEMENTS	True	True	True	True	3391	0	CUSTOMIZED_CACHE_ONLY_UNCONFIRMED	Cache region contains object IDs customized by o.bin; this does not by itself prove production reachability
12084	47	52	3008	3328			SPAWNPK_STATIC_EVIDENCE	O_BIN_CUSTOM_OBJECT_PLACEMENTS	True	True	True	True	5792	0	CUSTOMIZED_CACHE_ONLY_UNCONFIRMED	Cache region contains object IDs customized by o.bin; this does not by itself prove production reachability
12085	47	53	3008	3392			SPAWNPK_STATIC_EVIDENCE	O_BIN_CUSTOM_OBJECT_PLACEMENTS	True	True	True	True	3472	0	CUSTOMIZED_CACHE_ONLY_UNCONFIRMED	Cache region contains object IDs customized by o.bin; this does not by itself prove production reachability
12086	47	54	3008	3456			SPAWNPK_STATIC_EVIDENCE	O_BIN_CUSTOM_OBJECT_PLACEMENTS	True	True	True	True	2557	0	CUSTOMIZED_CACHE_ONLY_UNCONFIRMED	Cache region contains object IDs customized by o.bin; this does not by itself prove production reachability
12087	47	55	3008	3520			SPAWNPK_STATIC_EVIDENCE	O_BIN_CUSTOM_OBJECT_PLACEMENTS	True	True	True	True	1354	0	CUSTOMIZED_CACHE_ONLY_UNCONFIRMED	Cache region contains object IDs customized by o.bin; this does not by itself prove production reachability
12088	47	56	3008	3584			SPAWNPK_STATIC_EVIDENCE	O_BIN_CUSTOM_OBJECT_PLACEMENTS	True	True	True	True	3090	0	CUSTOMIZED_CACHE_ONLY_UNCONFIRMED	Cache region contains object IDs customized by o.bin; this does not by itself prove production reachability
12089	47	57	3008	3648			SPAWNPK_STATIC_EVIDENCE	O_BIN_CUSTOM_OBJECT_PLACEMENTS	True	True	True	True	3198	0	CUSTOMIZED_CACHE_ONLY_UNCONFIRMED	Cache region contains object IDs customized by o.bin; this does not by itself prove production reachability
12090	47	58	3008	3712			CACHE_PRESENT_UNCLASSIFIED		True	True	True	True	2533	0	CACHE_ONLY_UNCONFIRMED	Present in current cache/index but no direct SpawnPK usage evidence in this static pass
12091	47	59	3008	3776			SPAWNPK_STATIC_EVIDENCE	O_BIN_CUSTOM_OBJECT_PLACEMENTS	True	True	True	True	2652	0	CUSTOMIZED_CACHE_ONLY_UNCONFIRMED	Cache region contains object IDs customized by o.bin; this does not by itself prove production reachability
12092	47	60	3008	3840			SPAWNPK_STATIC_EVIDENCE	O_BIN_CUSTOM_OBJECT_PLACEMENTS	True	True	True	True	3255	0	CUSTOMIZED_CACHE_ONLY_UNCONFIRMED	Cache region contains object IDs customized by o.bin; this does not by itself prove production reachability
12093	47	61	3008	3904			SPAWNPK_STATIC_EVIDENCE	O_BIN_CUSTOM_OBJECT_PLACEMENTS	True	True	True	True	2865	0	CUSTOMIZED_CACHE_ONLY_UNCONFIRMED	Cache region contains object IDs customized by o.bin; this does not by itself prove production reachability
12094	47	62	3008	3968			CACHE_PRESENT_UNCLASSIFIED		True	True	True	True	0	0	CACHE_ONLY_UNCONFIRMED	Present in current cache/index but no direct SpawnPK usage evidence in this static pass
12095	47	63	3008	4032			CACHE_PRESENT_UNCLASSIFIED		True	True	True	True	0	0	CACHE_ONLY_UNCONFIRMED	Present in current cache/index but no direct SpawnPK usage evidence in this static pass
12096	47	64	3008	4096			CACHE_PRESENT_UNCLASSIFIED		True	True	True	True	0	0	CACHE_ONLY_UNCONFIRMED	Present in current cache/index but no direct SpawnPK usage evidence in this static pass
12097	47	65	3008	4160			CACHE_PRESENT_UNCLASSIFIED		True	True	True	True	0	0	CACHE_ONLY_UNCONFIRMED	Present in current cache/index but no direct SpawnPK usage evidence in this static pass
12100	47	68	3008	4352			CACHE_PRESENT_UNCLASSIFIED		True	True	True	True	2507	0	CACHE_ONLY_UNCONFIRMED	Present in current cache/index but no direct SpawnPK usage evidence in this static pass
12102	47	70	3008	4480			CACHE_PRESENT_UNCLASSIFIED		True	True	True	True	0	0	CACHE_ONLY_UNCONFIRMED	Present in current cache/index but no direct SpawnPK usage evidence in this static pass
12105	47	73	3008	4672			CACHE_PRESENT_UNCLASSIFIED		True	True	True	True	653	0	CACHE_ONLY_UNCONFIRMED	Present in current cache/index but no direct SpawnPK usage evidence in this static pass
12106	47	74	3008	4736			CACHE_PRESENT_UNCLASSIFIED		True	True	True	True	960	0	CACHE_ONLY_UNCONFIRMED	Present in current cache/index but no direct SpawnPK usage evidence in this static pass
12107	47	75	3008	4800			CACHE_PRESENT_UNCLASSIFIED		True	True	True	True	3522	0	CACHE_ONLY_UNCONFIRMED	Present in current cache/index but no direct SpawnPK usage evidence in this static pass
12108	47	76	3008	4864			CACHE_PRESENT_UNCLASSIFIED		True	True	True	True	3266	0	CACHE_ONLY_UNCONFIRMED	Present in current cache/index but no direct SpawnPK usage evidence in this static pass
12109	47	77	3008	4928			SPAWNPK_STATIC_EVIDENCE	O_BIN_CUSTOM_OBJECT_PLACEMENTS	True	True	True	True	2246	0	CUSTOMIZED_CACHE_ONLY_UNCONFIRMED	Cache region contains object IDs customized by o.bin; this does not by itself prove production reachability
12110	47	78	3008	4992			SPAWNPK_STATIC_EVIDENCE	O_BIN_CUSTOM_OBJECT_PLACEMENTS	True	True	True	True	5028	0	CUSTOMIZED_CACHE_ONLY_UNCONFIRMED	Cache region contains object IDs customized by o.bin; this does not by itself prove production reachability
12111	47	79	3008	5056			CACHE_PRESENT_UNCLASSIFIED		True	True	True	True	5383	0	CACHE_ONLY_UNCONFIRMED	Present in current cache/index but no direct SpawnPK usage evidence in this static pass
12113	47	81	3008	5184			CACHE_PRESENT_UNCLASSIFIED		True	True	True	True	3196	0	CACHE_ONLY_UNCONFIRMED	Present in current cache/index but no direct SpawnPK usage evidence in this static pass
12115	47	83	3008	5312			CACHE_PRESENT_UNCLASSIFIED		True	True	True	True	0	0	CACHE_ONLY_UNCONFIRMED	Present in current cache/index but no direct SpawnPK usage evidence in this static pass
12117	47	85	3008	5440			CACHE_PRESENT_UNCLASSIFIED		True	True	True	True	1413	0	CACHE_ONLY_UNCONFIRMED	Present in current cache/index but no direct SpawnPK usage evidence in this static pass
12118	47	86	3008	5504			CACHE_PRESENT_UNCLASSIFIED		False	False	False	False	0	0	CACHE_ONLY_UNCONFIRMED	Present in current cache/index but no direct SpawnPK usage evidence in this static pass
12119	47	87	3008	5568			CACHE_PRESENT_UNCLASSIFIED		False	False	False	False	0	0	CACHE_ONLY_UNCONFIRMED	Present in current cache/index but no direct SpawnPK usage evidence in this static pass
12120	47	88	3008	5632			CACHE_PRESENT_UNCLASSIFIED		True	True	True	True	4175	0	CACHE_ONLY_UNCONFIRMED	Present in current cache/index but no direct SpawnPK usage evidence in this static pass
12121	47	89	3008	5696			CACHE_PRESENT_UNCLASSIFIED		True	True	True	True	4156	0	CACHE_ONLY_UNCONFIRMED	Present in current cache/index but no direct SpawnPK usage evidence in this static pass
12122	47	90	3008	5760			CACHE_PRESENT_UNCLASSIFIED		True	True	True	True	4236	0	CACHE_ONLY_UNCONFIRMED	Present in current cache/index but no direct SpawnPK usage evidence in this static pass
12180	47	148	3008	9472			CACHE_PRESENT_UNCLASSIFIED		True	True	True	True	987	0	CACHE_ONLY_UNCONFIRMED	Present in current cache/index but no direct SpawnPK usage evidence in this static pass
12181	47	149	3008	9536			SPAWNPK_STATIC_EVIDENCE	O_BIN_CUSTOM_OBJECT_PLACEMENTS	True	True	True	True	3575	0	CUSTOMIZED_CACHE_ONLY_UNCONFIRMED	Cache region contains object IDs customized by o.bin; this does not by itself prove production reachability
12182	47	150	3008	9600			CACHE_PRESENT_UNCLASSIFIED		True	True	True	True	733	0	CACHE_ONLY_UNCONFIRMED	Present in current cache/index but no direct SpawnPK usage evidence in this static pass
12184	47	152	3008	9728			SPAWNPK_STATIC_EVIDENCE	O_BIN_CUSTOM_OBJECT_PLACEMENTS	True	True	True	True	3794	0	CUSTOMIZED_CACHE_ONLY_UNCONFIRMED	Cache region contains object IDs customized by o.bin; this does not by itself prove production reachability
12185	47	153	3008	9792			SPAWNPK_STATIC_EVIDENCE	O_BIN_CUSTOM_OBJECT_PLACEMENTS	True	True	True	True	3089	0	CUSTOMIZED_CACHE_ONLY_UNCONFIRMED	Cache region contains object IDs customized by o.bin; this does not by itself prove production reachability
12186	47	154	3008	9856			CACHE_PRESENT_UNCLASSIFIED		False	False	False	False	0	0	CACHE_ONLY_UNCONFIRMED	Present in current cache/index but no direct SpawnPK usage evidence in this static pass
12187	47	155	3008	9920			CACHE_PRESENT_UNCLASSIFIED		True	True	True	True	0	0	CACHE_ONLY_UNCONFIRMED	Present in current cache/index but no direct SpawnPK usage evidence in this static pass
12188	47	156	3008	9984			CACHE_PRESENT_UNCLASSIFIED		False	False	False	False	0	0	CACHE_ONLY_UNCONFIRMED	Present in current cache/index but no direct SpawnPK usage evidence in this static pass
12189	47	157	3008	10048			CACHE_PRESENT_UNCLASSIFIED		False	False	False	False	0	0	CACHE_ONLY_UNCONFIRMED	Present in current cache/index but no direct SpawnPK usage evidence in this static pass
12192	47	160	3008	10240			SPAWNPK_STATIC_EVIDENCE	O_BIN_CUSTOM_OBJECT_PLACEMENTS	True	True	True	True	2392	0	CUSTOMIZED_CACHE_ONLY_UNCONFIRMED	Cache region contains object IDs customized by o.bin; this does not by itself prove production reachability
12193	47	161	3008	10304			SPAWNPK_STATIC_EVIDENCE	O_BIN_CUSTOM_OBJECT_PLACEMENTS	True	True	True	True	3049	0	CUSTOMIZED_CACHE_ONLY_UNCONFIRMED	Cache region contains object IDs customized by o.bin; this does not by itself prove production reachability
12333	48	45	3072	2880			CACHE_PRESENT_UNCLASSIFIED		True	True	True	True	0	0	CACHE_ONLY_UNCONFIRMED	Present in current cache/index but no direct SpawnPK usage evidence in this static pass
12334	48	46	3072	2944			CACHE_PRESENT_UNCLASSIFIED		True	True	True	True	0	0	CACHE_ONLY_UNCONFIRMED	Present in current cache/index but no direct SpawnPK usage evidence in this static pass
12335	48	47	3072	3008			CACHE_PRESENT_UNCLASSIFIED		True	True	True	True	482	0	CACHE_ONLY_UNCONFIRMED	Present in current cache/index but no direct SpawnPK usage evidence in this static pass
12336	48	48	3072	3072			SPAWNPK_STATIC_EVIDENCE	O_BIN_CUSTOM_OBJECT_PLACEMENTS	True	True	True	True	3783	0	CUSTOMIZED_CACHE_ONLY_UNCONFIRMED	Cache region contains object IDs customized by o.bin; this does not by itself prove production reachability
12337	48	49	3072	3136			SPAWNPK_STATIC_EVIDENCE	O_BIN_CUSTOM_OBJECT_PLACEMENTS	True	True	True	True	1119	0	CUSTOMIZED_CACHE_ONLY_UNCONFIRMED	Cache region contains object IDs customized by o.bin; this does not by itself prove production reachability
12338	48	50	3072	3200			SPAWNPK_STATIC_EVIDENCE	O_BIN_CUSTOM_OBJECT_PLACEMENTS	True	True	True	True	2513	0	CUSTOMIZED_CACHE_ONLY_UNCONFIRMED	Cache region contains object IDs customized by o.bin; this does not by itself prove production reachability
12339	48	51	3072	3264			SPAWNPK_STATIC_EVIDENCE	O_BIN_CUSTOM_OBJECT_PLACEMENTS	True	True	True	True	2855	0	CUSTOMIZED_CACHE_ONLY_UNCONFIRMED	Cache region contains object IDs customized by o.bin; this does not by itself prove production reachability
12340	48	52	3072	3328			SPAWNPK_STATIC_EVIDENCE	O_BIN_CUSTOM_OBJECT_PLACEMENTS	True	True	True	True	4307	0	CUSTOMIZED_CACHE_ONLY_UNCONFIRMED	Cache region contains object IDs customized by o.bin; this does not by itself prove production reachability
12341	48	53	3072	3392			SPAWNPK_STATIC_EVIDENCE	O_BIN_CUSTOM_OBJECT_PLACEMENTS	True	True	True	True	3168	0	CUSTOMIZED_CACHE_ONLY_UNCONFIRMED	Cache region contains object IDs customized by o.bin; this does not by itself prove production reachability
12342	48	54	3072	3456			SPAWNPK_STATIC_EVIDENCE	PRODUCTION_HOME_RECOVERED;O_BIN_CUSTOM_OBJECT_PLACEMENTS	True	True	True	True	3633	0	PRODUCTION_CONFIRMED	HOME recovered from production survey + client/cache
12343	48	55	3072	3520			SPAWNPK_STATIC_EVIDENCE	O_BIN_CUSTOM_OBJECT_PLACEMENTS	True	True	True	True	1324	0	CUSTOMIZED_CACHE_ONLY_UNCONFIRMED	Cache region contains object IDs customized by o.bin; this does not by itself prove production reachability
12344	48	56	3072	3584			CACHE_PRESENT_UNCLASSIFIED		True	True	True	True	2478	0	CACHE_ONLY_UNCONFIRMED	Present in current cache/index but no direct SpawnPK usage evidence in this static pass
12345	48	57	3072	3648			CACHE_PRESENT_UNCLASSIFIED		True	True	True	True	2896	0	CACHE_ONLY_UNCONFIRMED	Present in current cache/index but no direct SpawnPK usage evidence in this static pass
12346	48	58	3072	3712			CACHE_PRESENT_UNCLASSIFIED		True	True	True	True	2470	0	CACHE_ONLY_UNCONFIRMED	Present in current cache/index but no direct SpawnPK usage evidence in this static pass
12347	48	59	3072	3776			SPAWNPK_STATIC_EVIDENCE	O_BIN_CUSTOM_OBJECT_PLACEMENTS	True	True	True	True	3097	0	CUSTOMIZED_CACHE_ONLY_UNCONFIRMED	Cache region contains object IDs customized by o.bin; this does not by itself prove production reachability
12348	48	60	3072	3840			CACHE_PRESENT_UNCLASSIFIED		True	True	True	True	3352	0	CACHE_ONLY_UNCONFIRMED	Present in current cache/index but no direct SpawnPK usage evidence in this static pass
12349	48	61	3072	3904			SPAWNPK_STATIC_EVIDENCE	O_BIN_CUSTOM_OBJECT_PLACEMENTS	True	True	True	True	4437	0	CUSTOMIZED_CACHE_ONLY_UNCONFIRMED	Cache region contains object IDs customized by o.bin; this does not by itself prove production reachability
12350	48	62	3072	3968			CACHE_PRESENT_UNCLASSIFIED		True	True	True	True	0	0	CACHE_ONLY_UNCONFIRMED	Present in current cache/index but no direct SpawnPK usage evidence in this static pass
12351	48	63	3072	4032			CACHE_PRESENT_UNCLASSIFIED		True	True	True	True	0	0	CACHE_ONLY_UNCONFIRMED	Present in current cache/index but no direct SpawnPK usage evidence in this static pass
12352	48	64	3072	4096			CACHE_PRESENT_UNCLASSIFIED		True	True	True	True	0	0	CACHE_ONLY_UNCONFIRMED	Present in current cache/index but no direct SpawnPK usage evidence in this static pass
12353	48	65	3072	4160			CACHE_PRESENT_UNCLASSIFIED		True	True	True	True	0	0	CACHE_ONLY_UNCONFIRMED	Present in current cache/index but no direct SpawnPK usage evidence in this static pass
12354	48	66	3072	4224			CACHE_PRESENT_UNCLASSIFIED		True	True	True	True	1870	0	CACHE_ONLY_UNCONFIRMED	Present in current cache/index but no direct SpawnPK usage evidence in this static pass
12356	48	68	3072	4352			CACHE_PRESENT_UNCLASSIFIED		True	True	True	True	0	0	CACHE_ONLY_UNCONFIRMED	Present in current cache/index but no direct SpawnPK usage evidence in this static pass
12369	48	81	3072	5184			CACHE_PRESENT_UNCLASSIFIED		True	True	True	True	719	0	CACHE_ONLY_UNCONFIRMED	Present in current cache/index but no direct SpawnPK usage evidence in this static pass
12374	48	86	3072	5504			CACHE_PRESENT_UNCLASSIFIED		True	True	True	True	7301	0	CACHE_ONLY_UNCONFIRMED	Present in current cache/index but no direct SpawnPK usage evidence in this static pass
12376	48	88	3072	5632			CACHE_PRESENT_UNCLASSIFIED		True	True	True	True	3443	0	CACHE_ONLY_UNCONFIRMED	Present in current cache/index but no direct SpawnPK usage evidence in this static pass
12377	48	89	3072	5696			CACHE_PRESENT_UNCLASSIFIED		True	True	True	True	4174	0	CACHE_ONLY_UNCONFIRMED	Present in current cache/index but no direct SpawnPK usage evidence in this static pass
12378	48	90	3072	5760			CACHE_PRESENT_UNCLASSIFIED		True	True	True	True	4012	0	CACHE_ONLY_UNCONFIRMED	Present in current cache/index but no direct SpawnPK usage evidence in this static pass
12433	48	145	3072	9280			CACHE_PRESENT_UNCLASSIFIED		True	True	True	True	15833	0	CACHE_ONLY_UNCONFIRMED	Present in current cache/index but no direct SpawnPK usage evidence in this static pass
12434	48	146	3072	9344			CACHE_PRESENT_UNCLASSIFIED		True	True	True	True	0	0	CACHE_ONLY_UNCONFIRMED	Present in current cache/index but no direct SpawnPK usage evidence in this static pass
12436	48	148	3072	9472			SPAWNPK_STATIC_EVIDENCE	O_BIN_CUSTOM_OBJECT_PLACEMENTS	True	True	True	True	4193	0	CUSTOMIZED_CACHE_ONLY_UNCONFIRMED	Cache region contains object IDs customized by o.bin; this does not by itself prove production reachability
12437	48	149	3072	9536			SPAWNPK_STATIC_EVIDENCE	O_BIN_CUSTOM_OBJECT_PLACEMENTS	True	True	True	True	480	0	CUSTOMIZED_CACHE_ONLY_UNCONFIRMED	Cache region contains object IDs customized by o.bin; this does not by itself prove production reachability
12438	48	150	3072	9600			CACHE_PRESENT_UNCLASSIFIED		True	True	True	True	216	0	CACHE_ONLY_UNCONFIRMED	Present in current cache/index but no direct SpawnPK usage evidence in this static pass
12439	48	151	3072	9664			CACHE_PRESENT_UNCLASSIFIED		True	True	True	True	838	0	CACHE_ONLY_UNCONFIRMED	Present in current cache/index but no direct SpawnPK usage evidence in this static pass
12440	48	152	3072	9728			SPAWNPK_STATIC_EVIDENCE	O_BIN_CUSTOM_OBJECT_PLACEMENTS	True	True	True	True	999	0	CUSTOMIZED_CACHE_ONLY_UNCONFIRMED	Cache region contains object IDs customized by o.bin; this does not by itself prove production reachability
12441	48	153	3072	9792			SPAWNPK_STATIC_EVIDENCE	O_BIN_CUSTOM_OBJECT_PLACEMENTS	True	True	True	True	1537	0	CUSTOMIZED_CACHE_ONLY_UNCONFIRMED	Cache region contains object IDs customized by o.bin; this does not by itself prove production reachability
12442	48	154	3072	9856			SPAWNPK_STATIC_EVIDENCE	O_BIN_CUSTOM_OBJECT_PLACEMENTS	True	True	True	True	4475	0	CUSTOMIZED_CACHE_ONLY_UNCONFIRMED	Cache region contains object IDs customized by o.bin; this does not by itself prove production reachability
12443	48	155	3072	9920			SPAWNPK_STATIC_EVIDENCE	O_BIN_CUSTOM_OBJECT_PLACEMENTS	True	True	True	True	4105	0	CUSTOMIZED_CACHE_ONLY_UNCONFIRMED	Cache region contains object IDs customized by o.bin; this does not by itself prove production reachability
12444	48	156	3072	9984			SPAWNPK_STATIC_EVIDENCE	O_BIN_CUSTOM_OBJECT_PLACEMENTS	True	True	True	True	1626	0	CUSTOMIZED_CACHE_ONLY_UNCONFIRMED	Cache region contains object IDs customized by o.bin; this does not by itself prove production reachability
12589	49	45	3136	2880			CACHE_PRESENT_UNCLASSIFIED		True	True	True	True	2787	0	CACHE_ONLY_UNCONFIRMED	Present in current cache/index but no direct SpawnPK usage evidence in this static pass
12590	49	46	3136	2944			SPAWNPK_STATIC_EVIDENCE	O_BIN_CUSTOM_OBJECT_PLACEMENTS	True	True	True	True	1004	0	CUSTOMIZED_CACHE_ONLY_UNCONFIRMED	Cache region contains object IDs customized by o.bin; this does not by itself prove production reachability
12591	49	47	3136	3008			CACHE_PRESENT_UNCLASSIFIED		True	True	True	True	514	0	CACHE_ONLY_UNCONFIRMED	Present in current cache/index but no direct SpawnPK usage evidence in this static pass
12592	49	48	3136	3072			SPAWNPK_STATIC_EVIDENCE	O_BIN_CUSTOM_OBJECT_PLACEMENTS	True	True	True	True	984	0	CUSTOMIZED_CACHE_ONLY_UNCONFIRMED	Cache region contains object IDs customized by o.bin; this does not by itself prove production reachability
12593	49	49	3136	3136			SPAWNPK_STATIC_EVIDENCE	O_BIN_CUSTOM_OBJECT_PLACEMENTS	True	True	True	True	1736	0	CUSTOMIZED_CACHE_ONLY_UNCONFIRMED	Cache region contains object IDs customized by o.bin; this does not by itself prove production reachability
12594	49	50	3136	3200			SPAWNPK_STATIC_EVIDENCE	O_BIN_CUSTOM_OBJECT_PLACEMENTS	True	True	True	True	2497	0	CUSTOMIZED_CACHE_ONLY_UNCONFIRMED	Cache region contains object IDs customized by o.bin; this does not by itself prove production reachability
12595	49	51	3136	3264			SPAWNPK_STATIC_EVIDENCE	O_BIN_CUSTOM_OBJECT_PLACEMENTS	True	True	True	True	3051	0	CUSTOMIZED_CACHE_ONLY_UNCONFIRMED	Cache region contains object IDs customized by o.bin; this does not by itself prove production reachability
12596	49	52	3136	3328			SPAWNPK_STATIC_EVIDENCE	O_BIN_CUSTOM_OBJECT_PLACEMENTS	True	True	True	True	3357	0	CUSTOMIZED_CACHE_ONLY_UNCONFIRMED	Cache region contains object IDs customized by o.bin; this does not by itself prove production reachability
12597	49	53	3136	3392			SPAWNPK_STATIC_EVIDENCE	O_BIN_CUSTOM_OBJECT_PLACEMENTS	True	True	True	True	5389	0	CUSTOMIZED_CACHE_ONLY_UNCONFIRMED	Cache region contains object IDs customized by o.bin; this does not by itself prove production reachability
12598	49	54	3136	3456			SPAWNPK_STATIC_EVIDENCE	O_BIN_CUSTOM_OBJECT_PLACEMENTS	True	True	True	True	2471	0	CUSTOMIZED_CACHE_ONLY_UNCONFIRMED	Cache region contains object IDs customized by o.bin; this does not by itself prove production reachability
12599	49	55	3136	3520			SPAWNPK_STATIC_EVIDENCE	O_BIN_CUSTOM_OBJECT_PLACEMENTS	True	True	True	True	1293	0	CUSTOMIZED_CACHE_ONLY_UNCONFIRMED	Cache region contains object IDs customized by o.bin; this does not by itself prove production reachability
12600	49	56	3136	3584			CACHE_PRESENT_UNCLASSIFIED		True	True	True	True	1813	0	CACHE_ONLY_UNCONFIRMED	Present in current cache/index but no direct SpawnPK usage evidence in this static pass
12601	49	57	3136	3648			CACHE_PRESENT_UNCLASSIFIED		True	True	True	True	2372	0	CACHE_ONLY_UNCONFIRMED	Present in current cache/index but no direct SpawnPK usage evidence in this static pass
12602	49	58	3136	3712			CACHE_PRESENT_UNCLASSIFIED		True	True	True	True	2772	0	CACHE_ONLY_UNCONFIRMED	Present in current cache/index but no direct SpawnPK usage evidence in this static pass
12603	49	59	3136	3776			SPAWNPK_STATIC_EVIDENCE	O_BIN_CUSTOM_OBJECT_PLACEMENTS	True	True	True	True	2833	0	CUSTOMIZED_CACHE_ONLY_UNCONFIRMED	Cache region contains object IDs customized by o.bin; this does not by itself prove production reachability
12604	49	60	3136	3840			SPAWNPK_STATIC_EVIDENCE	O_BIN_CUSTOM_OBJECT_PLACEMENTS	True	True	True	True	2382	0	CUSTOMIZED_CACHE_ONLY_UNCONFIRMED	Cache region contains object IDs customized by o.bin; this does not by itself prove production reachability
12605	49	61	3136	3904			SPAWNPK_STATIC_EVIDENCE	O_BIN_CUSTOM_OBJECT_PLACEMENTS	True	True	True	True	2626	0	CUSTOMIZED_CACHE_ONLY_UNCONFIRMED	Cache region contains object IDs customized by o.bin; this does not by itself prove production reachability
12606	49	62	3136	3968			CACHE_PRESENT_UNCLASSIFIED		True	True	True	True	0	0	CACHE_ONLY_UNCONFIRMED	Present in current cache/index but no direct SpawnPK usage evidence in this static pass
12607	49	63	3136	4032			CACHE_PRESENT_UNCLASSIFIED		True	True	True	True	0	0	CACHE_ONLY_UNCONFIRMED	Present in current cache/index but no direct SpawnPK usage evidence in this static pass
12608	49	64	3136	4096			CACHE_PRESENT_UNCLASSIFIED		True	True	True	True	0	0	CACHE_ONLY_UNCONFIRMED	Present in current cache/index but no direct SpawnPK usage evidence in this static pass
12609	49	65	3136	4160			CACHE_PRESENT_UNCLASSIFIED		True	True	True	True	0	0	CACHE_ONLY_UNCONFIRMED	Present in current cache/index but no direct SpawnPK usage evidence in this static pass
12611	49	67	3136	4288	tob_verzik	tob_verzik	SPAWNPK_STATIC_EVIDENCE	M_BIN_EXPLICIT_REGION;O_BIN_CUSTOM_OBJECT_PLACEMENTS;NAMED_OR_GROUPED	True	True	True	True	1234	0	CLIENT_EXPLICIT_CUSTOM_REGION	Explicit configs/m.bin region; static existence is proven, live use may still vary by content lifecycle
12612	49	68	3136	4352	tob_xarpus	tob_xarpus	SPAWNPK_STATIC_EVIDENCE	M_BIN_EXPLICIT_REGION;O_BIN_CUSTOM_OBJECT_PLACEMENTS;NAMED_OR_GROUPED	True	True	True	True	1664	0	CLIENT_EXPLICIT_CUSTOM_REGION	Explicit configs/m.bin region; static existence is proven, live use may still vary by content lifecycle
12613	49	69	3136	4416	tob_maiden	tob_maiden	SPAWNPK_STATIC_EVIDENCE	M_BIN_EXPLICIT_REGION;O_BIN_CUSTOM_OBJECT_PLACEMENTS;NAMED_OR_GROUPED	True	True	True	True	1425	0	CLIENT_EXPLICIT_CUSTOM_REGION	Explicit configs/m.bin region; static existence is proven, live use may still vary by content lifecycle
12614	49	70	3136	4480			CACHE_PRESENT_UNCLASSIFIED		True	True	True	True	0	0	CACHE_ONLY_UNCONFIRMED	Present in current cache/index but no direct SpawnPK usage evidence in this static pass
12615	49	71	3136	4544			CACHE_PRESENT_UNCLASSIFIED		True	True	True	True	6323	0	CACHE_ONLY_UNCONFIRMED	Present in current cache/index but no direct SpawnPK usage evidence in this static pass
12616	49	72	3136	4608			CACHE_PRESENT_UNCLASSIFIED		True	True	True	True	0	0	CACHE_ONLY_UNCONFIRMED	Present in current cache/index but no direct SpawnPK usage evidence in this static pass
12617	49	73	3136	4672			CACHE_PRESENT_UNCLASSIFIED		True	True	True	True	0	0	CACHE_ONLY_UNCONFIRMED	Present in current cache/index but no direct SpawnPK usage evidence in this static pass
12619	49	75	3136	4800			CACHE_PRESENT_UNCLASSIFIED		True	True	True	True	2518	0	CACHE_ONLY_UNCONFIRMED	Present in current cache/index but no direct SpawnPK usage evidence in this static pass
12621	49	77	3136	4928	cwars3	clan_wars_3	SPAWNPK_STATIC_EVIDENCE	M_BIN_EXPLICIT_REGION;O_BIN_CUSTOM_OBJECT_PLACEMENTS;NAMED_OR_GROUPED	True	True	True	True	2649	0	CLIENT_EXPLICIT_CUSTOM_REGION	Explicit configs/m.bin region; static existence is proven, live use may still vary by content lifecycle
12622	49	78	3136	4992	cwars4a	clan_wars_4	SPAWNPK_STATIC_EVIDENCE	M_BIN_EXPLICIT_REGION;O_BIN_CUSTOM_OBJECT_PLACEMENTS;NAMED_OR_GROUPED	True	True	True	True	1745	0	CLIENT_EXPLICIT_CUSTOM_REGION	Explicit configs/m.bin region; static existence is proven, live use may still vary by content lifecycle
12623	49	79	3136	5056	cwars4b	clan_wars_4	SPAWNPK_STATIC_EVIDENCE	M_BIN_EXPLICIT_REGION;O_BIN_CUSTOM_OBJECT_PLACEMENTS;NAMED_OR_GROUPED	True	True	True	True	1713	0	CLIENT_EXPLICIT_CUSTOM_REGION	Explicit configs/m.bin region; static existence is proven, live use may still vary by content lifecycle
12624	49	80	3136	5120			SPAWNPK_STATIC_EVIDENCE	M_BIN_EXPLICIT_REGION	False	False	False	False	0	0	CLIENT_EXPLICIT_CUSTOM_REGION	Explicit configs/m.bin region; static existence is proven, live use may still vary by content lifecycle
12625	49	81	3136	5184			CACHE_PRESENT_UNCLASSIFIED		True	True	True	True	0	0	CACHE_ONLY_UNCONFIRMED	Present in current cache/index but no direct SpawnPK usage evidence in this static pass
12627	49	83	3136	5312			CACHE_PRESENT_UNCLASSIFIED		True	True	True	True	0	0	CACHE_ONLY_UNCONFIRMED	Present in current cache/index but no direct SpawnPK usage evidence in this static pass
12628	49	84	3136	5376			CACHE_PRESENT_UNCLASSIFIED		True	True	True	True	832	0	CACHE_ONLY_UNCONFIRMED	Present in current cache/index but no direct SpawnPK usage evidence in this static pass
12629	49	85	3136	5440			CACHE_PRESENT_UNCLASSIFIED		True	True	True	True	5157	0	CACHE_ONLY_UNCONFIRMED	Present in current cache/index but no direct SpawnPK usage evidence in this static pass
12630	49	86	3136	5504			CACHE_PRESENT_UNCLASSIFIED		True	True	True	True	5133	0	CACHE_ONLY_UNCONFIRMED	Present in current cache/index but no direct SpawnPK usage evidence in this static pass
12631	49	87	3136	5568			CACHE_PRESENT_UNCLASSIFIED		True	True	True	True	2456	0	CACHE_ONLY_UNCONFIRMED	Present in current cache/index but no direct SpawnPK usage evidence in this static pass
12688	49	144	3136	9216			CACHE_PRESENT_UNCLASSIFIED		True	True	True	True	156	0	CACHE_ONLY_UNCONFIRMED	Present in current cache/index but no direct SpawnPK usage evidence in this static pass
12689	49	145	3136	9280			CACHE_PRESENT_UNCLASSIFIED		True	True	True	True	4096	0	CACHE_ONLY_UNCONFIRMED	Present in current cache/index but no direct SpawnPK usage evidence in this static pass
12690	49	146	3136	9344			CACHE_PRESENT_UNCLASSIFIED		True	True	True	True	1536	0	CACHE_ONLY_UNCONFIRMED	Present in current cache/index but no direct SpawnPK usage evidence in this static pass
12691	49	147	3136	9408			CACHE_PRESENT_UNCLASSIFIED		True	True	True	True	0	0	CACHE_ONLY_UNCONFIRMED	Present in current cache/index but no direct SpawnPK usage evidence in this static pass
12693	49	149	3136	9536		vintage_dungeon	SPAWNPK_STATIC_EVIDENCE	M_BIN_EXPLICIT_REGION;O_BIN_CUSTOM_OBJECT_PLACEMENTS;NAMED_OR_GROUPED	True	True	True	True	5005	0	CLIENT_EXPLICIT_CUSTOM_REGION	Explicit configs/m.bin region; static existence is proven, live use may still vary by content lifecycle
12694	49	150	3136	9600			SPAWNPK_STATIC_EVIDENCE	O_BIN_CUSTOM_OBJECT_PLACEMENTS	True	True	True	True	4734	0	CUSTOMIZED_CACHE_ONLY_UNCONFIRMED	Cache region contains object IDs customized by o.bin; this does not by itself prove production reachability
12696	49	152	3136	9728			CACHE_PRESENT_UNCLASSIFIED		True	True	True	True	4342	0	CACHE_ONLY_UNCONFIRMED	Present in current cache/index but no direct SpawnPK usage evidence in this static pass
12697	49	153	3136	9792			SPAWNPK_STATIC_EVIDENCE	O_BIN_CUSTOM_OBJECT_PLACEMENTS	True	True	True	True	1096	0	CUSTOMIZED_CACHE_ONLY_UNCONFIRMED	Cache region contains object IDs customized by o.bin; this does not by itself prove production reachability
12698	49	154	3136	9856			SPAWNPK_STATIC_EVIDENCE	O_BIN_CUSTOM_OBJECT_PLACEMENTS	True	True	True	True	1443	0	CUSTOMIZED_CACHE_ONLY_UNCONFIRMED	Cache region contains object IDs customized by o.bin; this does not by itself prove production reachability
12699	49	155	3136	9920			CACHE_PRESENT_UNCLASSIFIED		True	True	True	True	1265	0	CACHE_ONLY_UNCONFIRMED	Present in current cache/index but no direct SpawnPK usage evidence in this static pass
12700	49	156	3136	9984			CACHE_PRESENT_UNCLASSIFIED		True	True	True	True	2080	0	CACHE_ONLY_UNCONFIRMED	Present in current cache/index but no direct SpawnPK usage evidence in this static pass
12701	49	157	3136	10048			SPAWNPK_STATIC_EVIDENCE	CLIENT_HARDCODED_REGION_PATCH	True	True	True	True	3970	0	CLIENT_HARDCODED_REGION	Exact client applies a region mapping patch; live reachability not proven by this fact alone
12702	49	158	3136	10112			SPAWNPK_STATIC_EVIDENCE	CLIENT_HARDCODED_REGION_PATCH	True	True	True	True	3225	0	CLIENT_HARDCODED_REGION	Exact client applies a region mapping patch; live reachability not proven by this fact alone
12703	49	159	3136	10176			SPAWNPK_STATIC_EVIDENCE	CLIENT_HARDCODED_REGION_PATCH	True	True	True	True	3350	0	CLIENT_HARDCODED_REGION	Exact client applies a region mapping patch; live reachability not proven by this fact alone
12843	50	43	3200	2752			CACHE_PRESENT_UNCLASSIFIED		True	True	True	True	1060	0	CACHE_ONLY_UNCONFIRMED	Present in current cache/index but no direct SpawnPK usage evidence in this static pass
12844	50	44	3200	2816			CACHE_PRESENT_UNCLASSIFIED		True	True	True	True	141	0	CACHE_ONLY_UNCONFIRMED	Present in current cache/index but no direct SpawnPK usage evidence in this static pass
12845	50	45	3200	2880			CACHE_PRESENT_UNCLASSIFIED		True	True	True	True	875	0	CACHE_ONLY_UNCONFIRMED	Present in current cache/index but no direct SpawnPK usage evidence in this static pass
12846	50	46	3200	2944			CACHE_PRESENT_UNCLASSIFIED		True	True	True	True	377	0	CACHE_ONLY_UNCONFIRMED	Present in current cache/index but no direct SpawnPK usage evidence in this static pass
12847	50	47	3200	3008			CACHE_PRESENT_UNCLASSIFIED		True	True	True	True	387	0	CACHE_ONLY_UNCONFIRMED	Present in current cache/index but no direct SpawnPK usage evidence in this static pass
12848	50	48	3200	3072			CACHE_PRESENT_UNCLASSIFIED		True	True	True	True	222	0	CACHE_ONLY_UNCONFIRMED	Present in current cache/index but no direct SpawnPK usage evidence in this static pass
12849	50	49	3200	3136			SPAWNPK_STATIC_EVIDENCE	O_BIN_CUSTOM_OBJECT_PLACEMENTS	True	True	True	True	1153	0	CUSTOMIZED_CACHE_ONLY_UNCONFIRMED	Cache region contains object IDs customized by o.bin; this does not by itself prove production reachability
12850	50	50	3200	3200			SPAWNPK_STATIC_EVIDENCE	O_BIN_CUSTOM_OBJECT_PLACEMENTS	True	True	True	True	4493	0	CUSTOMIZED_CACHE_ONLY_UNCONFIRMED	Cache region contains object IDs customized by o.bin; this does not by itself prove production reachability
12851	50	51	3200	3264			SPAWNPK_STATIC_EVIDENCE	O_BIN_CUSTOM_OBJECT_PLACEMENTS	True	True	True	True	2386	0	CUSTOMIZED_CACHE_ONLY_UNCONFIRMED	Cache region contains object IDs customized by o.bin; this does not by itself prove production reachability
12852	50	52	3200	3328			SPAWNPK_STATIC_EVIDENCE	O_BIN_CUSTOM_OBJECT_PLACEMENTS	True	True	True	True	4797	0	CUSTOMIZED_CACHE_ONLY_UNCONFIRMED	Cache region contains object IDs customized by o.bin; this does not by itself prove production reachability
12853	50	53	3200	3392			SPAWNPK_STATIC_EVIDENCE	O_BIN_CUSTOM_OBJECT_PLACEMENTS	True	True	True	True	6889	0	CUSTOMIZED_CACHE_ONLY_UNCONFIRMED	Cache region contains object IDs customized by o.bin; this does not by itself prove production reachability
12854	50	54	3200	3456			SPAWNPK_STATIC_EVIDENCE	O_BIN_CUSTOM_OBJECT_PLACEMENTS	True	True	True	True	6182	0	CUSTOMIZED_CACHE_ONLY_UNCONFIRMED	Cache region contains object IDs customized by o.bin; this does not by itself prove production reachability
12855	50	55	3200	3520			SPAWNPK_STATIC_EVIDENCE	O_BIN_CUSTOM_OBJECT_PLACEMENTS	True	True	True	True	936	0	CUSTOMIZED_CACHE_ONLY_UNCONFIRMED	Cache region contains object IDs customized by o.bin; this does not by itself prove production reachability
12856	50	56	3200	3584			CACHE_PRESENT_UNCLASSIFIED		True	True	True	True	2700	0	CACHE_ONLY_UNCONFIRMED	Present in current cache/index but no direct SpawnPK usage evidence in this static pass
12857	50	57	3200	3648			SPAWNPK_STATIC_EVIDENCE	O_BIN_CUSTOM_OBJECT_PLACEMENTS	True	True	True	True	2098	0	CUSTOMIZED_CACHE_ONLY_UNCONFIRMED	Cache region contains object IDs customized by o.bin; this does not by itself prove production reachability
12858	50	58	3200	3712			CACHE_PRESENT_UNCLASSIFIED		True	True	True	True	2514	0	CACHE_ONLY_UNCONFIRMED	Present in current cache/index but no direct SpawnPK usage evidence in this static pass
12859	50	59	3200	3776			SPAWNPK_STATIC_EVIDENCE	O_BIN_CUSTOM_OBJECT_PLACEMENTS	True	True	True	True	2707	0	CUSTOMIZED_CACHE_ONLY_UNCONFIRMED	Cache region contains object IDs customized by o.bin; this does not by itself prove production reachability
12860	50	60	3200	3840			SPAWNPK_STATIC_EVIDENCE	O_BIN_CUSTOM_OBJECT_PLACEMENTS	True	True	True	True	2665	0	CUSTOMIZED_CACHE_ONLY_UNCONFIRMED	Cache region contains object IDs customized by o.bin; this does not by itself prove production reachability
12861	50	61	3200	3904			CACHE_PRESENT_UNCLASSIFIED		True	True	True	True	2070	0	CACHE_ONLY_UNCONFIRMED	Present in current cache/index but no direct SpawnPK usage evidence in this static pass
12862	50	62	3200	3968			CACHE_PRESENT_UNCLASSIFIED		True	True	True	True	0	0	CACHE_ONLY_UNCONFIRMED	Present in current cache/index but no direct SpawnPK usage evidence in this static pass
12863	50	63	3200	4032			CACHE_PRESENT_UNCLASSIFIED		True	True	True	True	0	0	CACHE_ONLY_UNCONFIRMED	Present in current cache/index but no direct SpawnPK usage evidence in this static pass
12864	50	64	3200	4096			CACHE_PRESENT_UNCLASSIFIED		True	True	True	True	0	0	CACHE_ONLY_UNCONFIRMED	Present in current cache/index but no direct SpawnPK usage evidence in this static pass
12865	50	65	3200	4160			CACHE_PRESENT_UNCLASSIFIED		True	True	True	True	629	0	CACHE_ONLY_UNCONFIRMED	Present in current cache/index but no direct SpawnPK usage evidence in this static pass
12866	50	66	3200	4224			CACHE_PRESENT_UNCLASSIFIED		True	True	True	True	2176	0	CACHE_ONLY_UNCONFIRMED	Present in current cache/index but no direct SpawnPK usage evidence in this static pass
12867	50	67	3200	4288	tob_reward	tob_reward	SPAWNPK_STATIC_EVIDENCE	M_BIN_EXPLICIT_REGION;O_BIN_CUSTOM_OBJECT_PLACEMENTS;NAMED_OR_GROUPED	True	True	True	True	726	0	CLIENT_EXPLICIT_CUSTOM_REGION	Explicit configs/m.bin region; static existence is proven, live use may still vary by content lifecycle
12869	50	69	3200	4416	tob_maiden	tob_maiden	SPAWNPK_STATIC_EVIDENCE	M_BIN_EXPLICIT_REGION;NAMED_OR_GROUPED	True	True	True	True	286	0	CLIENT_EXPLICIT_CUSTOM_REGION	Explicit configs/m.bin region; static existence is proven, live use may still vary by content lifecycle
12870	50	70	3200	4480			CACHE_PRESENT_UNCLASSIFIED		False	False	False	False	0	0	CACHE_ONLY_UNCONFIRMED	Present in current cache/index but no direct SpawnPK usage evidence in this static pass
12884	50	84	3200	5376			CACHE_PRESENT_UNCLASSIFIED		True	True	True	True	896	0	CACHE_ONLY_UNCONFIRMED	Present in current cache/index but no direct SpawnPK usage evidence in this static pass
12885	50	85	3200	5440			CACHE_PRESENT_UNCLASSIFIED		True	True	True	True	5142	0	CACHE_ONLY_UNCONFIRMED	Present in current cache/index but no direct SpawnPK usage evidence in this static pass
12886	50	86	3200	5504			CACHE_PRESENT_UNCLASSIFIED		True	True	True	True	4903	0	CACHE_ONLY_UNCONFIRMED	Present in current cache/index but no direct SpawnPK usage evidence in this static pass
12887	50	87	3200	5568			CACHE_PRESENT_UNCLASSIFIED		True	True	True	True	0	0	CACHE_ONLY_UNCONFIRMED	Present in current cache/index but no direct SpawnPK usage evidence in this static pass
12888	50	88	3200	5632			CACHE_PRESENT_UNCLASSIFIED		True	True	True	True	0	0	CACHE_ONLY_UNCONFIRMED	Present in current cache/index but no direct SpawnPK usage evidence in this static pass
12889	50	89	3200	5696	Xeric olm	xeric	SPAWNPK_STATIC_EVIDENCE	M_BIN_EXPLICIT_REGION;O_BIN_CUSTOM_OBJECT_PLACEMENTS;NAMED_OR_GROUPED	True	True	True	True	4030	0	CLIENT_EXPLICIT_CUSTOM_REGION	Explicit configs/m.bin region; static existence is proven, live use may still vary by content lifecycle
12890	50	90	3200	5760			CACHE_PRESENT_UNCLASSIFIED		True	True	True	True	0	0	CACHE_ONLY_UNCONFIRMED	Present in current cache/index but no direct SpawnPK usage evidence in this static pass
12944	50	144	3200	9216			CACHE_PRESENT_UNCLASSIFIED		True	True	True	True	5094	0	CACHE_ONLY_UNCONFIRMED	Present in current cache/index but no direct SpawnPK usage evidence in this static pass
12945	50	145	3200	9280			CACHE_PRESENT_UNCLASSIFIED		True	True	True	True	2735	0	CACHE_ONLY_UNCONFIRMED	Present in current cache/index but no direct SpawnPK usage evidence in this static pass
12946	50	146	3200	9344	Blood slayer cave	bs_cave	SPAWNPK_STATIC_EVIDENCE	M_BIN_EXPLICIT_REGION;O_BIN_CUSTOM_OBJECT_PLACEMENTS;NAMED_OR_GROUPED	True	True	True	True	4955	0	CLIENT_EXPLICIT_CUSTOM_REGION	Explicit configs/m.bin region; static existence is proven, live use may still vary by content lifecycle
12947	50	147	3200	9408			CACHE_PRESENT_UNCLASSIFIED		True	True	True	True	0	0	CACHE_ONLY_UNCONFIRMED	Present in current cache/index but no direct SpawnPK usage evidence in this static pass
12948	50	148	3200	9472			CACHE_PRESENT_UNCLASSIFIED		True	True	True	True	2968	0	CACHE_ONLY_UNCONFIRMED	Present in current cache/index but no direct SpawnPK usage evidence in this static pass
12949	50	149	3200	9536	Vintage dungeon 2	vintage_dungeon	SPAWNPK_STATIC_EVIDENCE	M_BIN_EXPLICIT_REGION;O_BIN_CUSTOM_OBJECT_PLACEMENTS;NAMED_OR_GROUPED	True	True	True	True	5208	0	CLIENT_EXPLICIT_CUSTOM_REGION	Explicit configs/m.bin region; static existence is proven, live use may still vary by content lifecycle
12950	50	150	3200	9600			SPAWNPK_STATIC_EVIDENCE	O_BIN_CUSTOM_OBJECT_PLACEMENTS	True	True	True	True	5427	0	CUSTOMIZED_CACHE_ONLY_UNCONFIRMED	Cache region contains object IDs customized by o.bin; this does not by itself prove production reachability
12951	50	151	3200	9664			CACHE_PRESENT_UNCLASSIFIED		True	True	True	True	0	0	CACHE_ONLY_UNCONFIRMED	Present in current cache/index but no direct SpawnPK usage evidence in this static pass
12952	50	152	3200	9728			SPAWNPK_STATIC_EVIDENCE	O_BIN_CUSTOM_OBJECT_PLACEMENTS	True	True	True	True	559	0	CUSTOMIZED_CACHE_ONLY_UNCONFIRMED	Cache region contains object IDs customized by o.bin; this does not by itself prove production reachability
12953	50	153	3200	9792			SPAWNPK_STATIC_EVIDENCE	O_BIN_CUSTOM_OBJECT_PLACEMENTS	True	True	True	True	743	0	CUSTOMIZED_CACHE_ONLY_UNCONFIRMED	Cache region contains object IDs customized by o.bin; this does not by itself prove production reachability
12954	50	154	3200	9856			SPAWNPK_STATIC_EVIDENCE	O_BIN_CUSTOM_OBJECT_PLACEMENTS	True	True	True	True	1751	0	CUSTOMIZED_CACHE_ONLY_UNCONFIRMED	Cache region contains object IDs customized by o.bin; this does not by itself prove production reachability
12955	50	155	3200	9920			CACHE_PRESENT_UNCLASSIFIED		True	True	True	True	378	0	CACHE_ONLY_UNCONFIRMED	Present in current cache/index but no direct SpawnPK usage evidence in this static pass
12956	50	156	3200	9984			CACHE_PRESENT_UNCLASSIFIED		False	False	False	False	0	0	CACHE_ONLY_UNCONFIRMED	Present in current cache/index but no direct SpawnPK usage evidence in this static pass
12957	50	157	3200	10048			SPAWNPK_STATIC_EVIDENCE	CLIENT_HARDCODED_REGION_PATCH	True	True	True	True	3435	0	CLIENT_HARDCODED_REGION	Exact client applies a region mapping patch; live reachability not proven by this fact alone
12958	50	158	3200	10112			SPAWNPK_STATIC_EVIDENCE	CLIENT_HARDCODED_REGION_PATCH	True	True	True	True	2780	0	CLIENT_HARDCODED_REGION	Exact client applies a region mapping patch; live reachability not proven by this fact alone
12959	50	159	3200	10176			SPAWNPK_STATIC_EVIDENCE	CLIENT_HARDCODED_REGION_PATCH	True	True	True	True	3147	0	CLIENT_HARDCODED_REGION	Exact client applies a region mapping patch; live reachability not proven by this fact alone
13099	51	43	3264	2752			SPAWNPK_STATIC_EVIDENCE	O_BIN_CUSTOM_OBJECT_PLACEMENTS	True	True	True	True	3787	0	CUSTOMIZED_CACHE_ONLY_UNCONFIRMED	Cache region contains object IDs customized by o.bin; this does not by itself prove production reachability
13100	51	44	3264	2816			CACHE_PRESENT_UNCLASSIFIED		True	True	True	True	596	0	CACHE_ONLY_UNCONFIRMED	Present in current cache/index but no direct SpawnPK usage evidence in this static pass
13101	51	45	3264	2880			CACHE_PRESENT_UNCLASSIFIED		True	True	True	True	581	0	CACHE_ONLY_UNCONFIRMED	Present in current cache/index but no direct SpawnPK usage evidence in this static pass
13102	51	46	3264	2944			CACHE_PRESENT_UNCLASSIFIED		True	True	True	True	114	0	CACHE_ONLY_UNCONFIRMED	Present in current cache/index but no direct SpawnPK usage evidence in this static pass
13103	51	47	3264	3008			SPAWNPK_STATIC_EVIDENCE	O_BIN_CUSTOM_OBJECT_PLACEMENTS	True	True	True	True	776	0	CUSTOMIZED_CACHE_ONLY_UNCONFIRMED	Cache region contains object IDs customized by o.bin; this does not by itself prove production reachability
13104	51	48	3264	3072			CACHE_PRESENT_UNCLASSIFIED		True	True	True	True	340	0	CACHE_ONLY_UNCONFIRMED	Present in current cache/index but no direct SpawnPK usage evidence in this static pass
13105	51	49	3264	3136			SPAWNPK_STATIC_EVIDENCE	O_BIN_CUSTOM_OBJECT_PLACEMENTS	True	True	True	True	3122	0	CUSTOMIZED_CACHE_ONLY_UNCONFIRMED	Cache region contains object IDs customized by o.bin; this does not by itself prove production reachability
13106	51	50	3264	3200			SPAWNPK_STATIC_EVIDENCE	O_BIN_CUSTOM_OBJECT_PLACEMENTS	True	True	True	True	1247	0	CUSTOMIZED_CACHE_ONLY_UNCONFIRMED	Cache region contains object IDs customized by o.bin; this does not by itself prove production reachability
13107	51	51	3264	3264			CACHE_PRESENT_UNCLASSIFIED		True	True	True	True	639	0	CACHE_ONLY_UNCONFIRMED	Present in current cache/index but no direct SpawnPK usage evidence in this static pass
13108	51	52	3264	3328			SPAWNPK_STATIC_EVIDENCE	O_BIN_CUSTOM_OBJECT_PLACEMENTS	True	True	True	True	4423	0	CUSTOMIZED_CACHE_ONLY_UNCONFIRMED	Cache region contains object IDs customized by o.bin; this does not by itself prove production reachability
13109	51	53	3264	3392			SPAWNPK_STATIC_EVIDENCE	O_BIN_CUSTOM_OBJECT_PLACEMENTS	True	True	True	True	4045	0	CUSTOMIZED_CACHE_ONLY_UNCONFIRMED	Cache region contains object IDs customized by o.bin; this does not by itself prove production reachability
13110	51	54	3264	3456			SPAWNPK_STATIC_EVIDENCE	O_BIN_CUSTOM_OBJECT_PLACEMENTS	True	True	True	True	4559	0	CUSTOMIZED_CACHE_ONLY_UNCONFIRMED	Cache region contains object IDs customized by o.bin; this does not by itself prove production reachability
13111	51	55	3264	3520			SPAWNPK_STATIC_EVIDENCE	O_BIN_CUSTOM_OBJECT_PLACEMENTS	True	True	True	True	1197	0	CUSTOMIZED_CACHE_ONLY_UNCONFIRMED	Cache region contains object IDs customized by o.bin; this does not by itself prove production reachability
13112	51	56	3264	3584			CACHE_PRESENT_UNCLASSIFIED		True	True	True	True	2222	0	CACHE_ONLY_UNCONFIRMED	Present in current cache/index but no direct SpawnPK usage evidence in this static pass
13113	51	57	3264	3648			CACHE_PRESENT_UNCLASSIFIED		True	True	True	True	2315	0	CACHE_ONLY_UNCONFIRMED	Present in current cache/index but no direct SpawnPK usage evidence in this static pass
13114	51	58	3264	3712			CACHE_PRESENT_UNCLASSIFIED		True	True	True	True	2333	0	CACHE_ONLY_UNCONFIRMED	Present in current cache/index but no direct SpawnPK usage evidence in this static pass
13115	51	59	3264	3776			CACHE_PRESENT_UNCLASSIFIED		True	True	True	True	1788	0	CACHE_ONLY_UNCONFIRMED	Present in current cache/index but no direct SpawnPK usage evidence in this static pass
13116	51	60	3264	3840			SPAWNPK_STATIC_EVIDENCE	O_BIN_CUSTOM_OBJECT_PLACEMENTS	True	True	True	True	2761	0	CUSTOMIZED_CACHE_ONLY_UNCONFIRMED	Cache region contains object IDs customized by o.bin; this does not by itself prove production reachability
13117	51	61	3264	3904			SPAWNPK_STATIC_EVIDENCE	O_BIN_CUSTOM_OBJECT_PLACEMENTS	True	True	True	True	2094	0	CUSTOMIZED_CACHE_ONLY_UNCONFIRMED	Cache region contains object IDs customized by o.bin; this does not by itself prove production reachability
13118	51	62	3264	3968			CACHE_PRESENT_UNCLASSIFIED		True	True	True	True	0	0	CACHE_ONLY_UNCONFIRMED	Present in current cache/index but no direct SpawnPK usage evidence in this static pass
13119	51	63	3264	4032			CACHE_PRESENT_UNCLASSIFIED		True	True	True	True	0	0	CACHE_ONLY_UNCONFIRMED	Present in current cache/index but no direct SpawnPK usage evidence in this static pass
13120	51	64	3264	4096			CACHE_PRESENT_UNCLASSIFIED		True	True	True	True	0	0	CACHE_ONLY_UNCONFIRMED	Present in current cache/index but no direct SpawnPK usage evidence in this static pass
13121	51	65	3264	4160			CACHE_PRESENT_UNCLASSIFIED		False	False	False	False	0	0	CACHE_ONLY_UNCONFIRMED	Present in current cache/index but no direct SpawnPK usage evidence in this static pass
13122	51	66	3264	4224	tob_nylocas	tob_nylocas	SPAWNPK_STATIC_EVIDENCE	M_BIN_EXPLICIT_REGION;O_BIN_CUSTOM_OBJECT_PLACEMENTS;NAMED_OR_GROUPED	True	True	True	True	601	0	CLIENT_EXPLICIT_CUSTOM_REGION	Explicit configs/m.bin region; static existence is proven, live use may still vary by content lifecycle
13124	51	68	3264	4352			CACHE_PRESENT_UNCLASSIFIED		True	True	True	True	0	0	CACHE_ONLY_UNCONFIRMED	Present in current cache/index but no direct SpawnPK usage evidence in this static pass
13125	51	69	3264	4416	tob_bloat	tob_bloat	SPAWNPK_STATIC_EVIDENCE	M_BIN_EXPLICIT_REGION;O_BIN_CUSTOM_OBJECT_PLACEMENTS;NAMED_OR_GROUPED	True	True	True	True	1595	0	CLIENT_EXPLICIT_CUSTOM_REGION	Explicit configs/m.bin region; static existence is proven, live use may still vary by content lifecycle
13126	51	70	3264	4480			CACHE_PRESENT_UNCLASSIFIED		False	False	False	False	0	0	CACHE_ONLY_UNCONFIRMED	Present in current cache/index but no direct SpawnPK usage evidence in this static pass
13130	51	74	3264	4736		white_portal	SPAWNPK_STATIC_EVIDENCE	M_BIN_EXPLICIT_REGION;CLIENT_HARDCODED_REGION_PATCH;NAMED_OR_GROUPED	True	True	True	True	857	0	CLIENT_EXPLICIT_CUSTOM_REGION	Explicit configs/m.bin region; static existence is proven, live use may still vary by content lifecycle
13131	51	75	3264	4800		white_portal	SPAWNPK_STATIC_EVIDENCE	M_BIN_EXPLICIT_REGION;CLIENT_HARDCODED_REGION_PATCH;NAMED_OR_GROUPED	True	True	True	True	851	0	CLIENT_EXPLICIT_CUSTOM_REGION	Explicit configs/m.bin region; static existence is proven, live use may still vary by content lifecycle
13133	51	77	3264	4928	cwars7	clan_wars_7	SPAWNPK_STATIC_EVIDENCE	M_BIN_EXPLICIT_REGION;O_BIN_CUSTOM_OBJECT_PLACEMENTS;STATIC_TRAVEL_OBJECT_PLACEMENTS;NAMED_OR_GROUPED	True	True	True	True	1548	1	CLIENT_EXPLICIT_CUSTOM_REGION	Explicit configs/m.bin region; static existence is proven, live use may still vary by content lifecycle
13134	51	78	3264	4992			SPAWNPK_STATIC_EVIDENCE	CLIENT_HARDCODED_REGION_PATCH;O_BIN_CUSTOM_OBJECT_PLACEMENTS;STATIC_TRAVEL_OBJECT_PLACEMENTS	True	True	True	True	1613	1	CLIENT_HARDCODED_REGION	Exact client applies a region mapping patch; live reachability not proven by this fact alone
13135	51	79	3264	5056			SPAWNPK_STATIC_EVIDENCE	CLIENT_HARDCODED_REGION_PATCH;O_BIN_CUSTOM_OBJECT_PLACEMENTS	True	True	True	True	1623	0	CLIENT_HARDCODED_REGION	Exact client applies a region mapping patch; live reachability not proven by this fact alone
13137	51	81	3264	5184	Xeric	xeric	SPAWNPK_STATIC_EVIDENCE	M_BIN_EXPLICIT_REGION;NAMED_OR_GROUPED	True	True	True	True	6703	0	CLIENT_EXPLICIT_CUSTOM_REGION	Explicit configs/m.bin region; static existence is proven, live use may still vary by content lifecycle
13138	51	82	3264	5248	Xeric	xeric	SPAWNPK_STATIC_EVIDENCE	M_BIN_EXPLICIT_REGION;O_BIN_CUSTOM_OBJECT_PLACEMENTS;NAMED_OR_GROUPED	True	True	True	True	13161	0	CLIENT_EXPLICIT_CUSTOM_REGION	Explicit configs/m.bin region; static existence is proven, live use may still vary by content lifecycle
13139	51	83	3264	5312	Xeric	xeric	SPAWNPK_STATIC_EVIDENCE	M_BIN_EXPLICIT_REGION;O_BIN_CUSTOM_OBJECT_PLACEMENTS;NAMED_OR_GROUPED	True	True	True	True	10147	0	CLIENT_EXPLICIT_CUSTOM_REGION	Explicit configs/m.bin region; static existence is proven, live use may still vary by content lifecycle
13140	51	84	3264	5376	Xeric	xeric	SPAWNPK_STATIC_EVIDENCE	M_BIN_EXPLICIT_REGION;O_BIN_CUSTOM_OBJECT_PLACEMENTS;NAMED_OR_GROUPED	True	True	True	True	1889	0	CLIENT_EXPLICIT_CUSTOM_REGION	Explicit configs/m.bin region; static existence is proven, live use may still vary by content lifecycle
13141	51	85	3264	5440	Xeric	xeric	SPAWNPK_STATIC_EVIDENCE	M_BIN_EXPLICIT_REGION;O_BIN_CUSTOM_OBJECT_PLACEMENTS;NAMED_OR_GROUPED	True	True	True	True	4173	0	CLIENT_EXPLICIT_CUSTOM_REGION	Explicit configs/m.bin region; static existence is proven, live use may still vary by content lifecycle
13142	51	86	3264	5504			CACHE_PRESENT_UNCLASSIFIED		True	True	True	True	4705	0	CACHE_ONLY_UNCONFIRMED	Present in current cache/index but no direct SpawnPK usage evidence in this static pass
13143	51	87	3264	5568			CACHE_PRESENT_UNCLASSIFIED		True	True	True	True	0	0	CACHE_ONLY_UNCONFIRMED	Present in current cache/index but no direct SpawnPK usage evidence in this static pass
13144	51	88	3264	5632			CACHE_PRESENT_UNCLASSIFIED		True	True	True	True	0	0	CACHE_ONLY_UNCONFIRMED	Present in current cache/index but no direct SpawnPK usage evidence in this static pass
13145	51	89	3264	5696			CACHE_PRESENT_UNCLASSIFIED		True	True	True	True	0	0	CACHE_ONLY_UNCONFIRMED	Present in current cache/index but no direct SpawnPK usage evidence in this static pass
13146	51	90	3264	5760			CACHE_PRESENT_UNCLASSIFIED		True	True	True	True	0	0	CACHE_ONLY_UNCONFIRMED	Present in current cache/index but no direct SpawnPK usage evidence in this static pass
13199	51	143	3264	9152			CACHE_PRESENT_UNCLASSIFIED		True	True	True	True	1087	0	CACHE_ONLY_UNCONFIRMED	Present in current cache/index but no direct SpawnPK usage evidence in this static pass
13200	51	144	3264	9216			CACHE_PRESENT_UNCLASSIFIED		True	True	True	True	6897	0	CACHE_ONLY_UNCONFIRMED	Present in current cache/index but no direct SpawnPK usage evidence in this static pass
13201	51	145	3264	9280			CACHE_PRESENT_UNCLASSIFIED		True	True	True	True	2008	0	CACHE_ONLY_UNCONFIRMED	Present in current cache/index but no direct SpawnPK usage evidence in this static pass
13202	51	146	3264	9344	Blood slayer cave	bs_cave	SPAWNPK_STATIC_EVIDENCE	M_BIN_EXPLICIT_REGION;O_BIN_CUSTOM_OBJECT_PLACEMENTS;NAMED_OR_GROUPED	True	True	True	True	3138	0	CLIENT_EXPLICIT_CUSTOM_REGION	Explicit configs/m.bin region; static existence is proven, live use may still vary by content lifecycle
13203	51	147	3264	9408			SPAWNPK_STATIC_EVIDENCE	O_BIN_CUSTOM_OBJECT_PLACEMENTS	True	True	True	True	4569	0	CUSTOMIZED_CACHE_ONLY_UNCONFIRMED	Cache region contains object IDs customized by o.bin; this does not by itself prove production reachability
13205	51	149	3264	9536			CACHE_PRESENT_UNCLASSIFIED		True	True	True	True	194	0	CACHE_ONLY_UNCONFIRMED	Present in current cache/index but no direct SpawnPK usage evidence in this static pass
13206	51	150	3264	9600			SPAWNPK_STATIC_EVIDENCE	O_BIN_CUSTOM_OBJECT_PLACEMENTS	True	True	True	True	5625	0	CUSTOMIZED_CACHE_ONLY_UNCONFIRMED	Cache region contains object IDs customized by o.bin; this does not by itself prove production reachability
13209	51	153	3264	9792			CACHE_PRESENT_UNCLASSIFIED		True	True	True	True	3709	0	CACHE_ONLY_UNCONFIRMED	Present in current cache/index but no direct SpawnPK usage evidence in this static pass
13210	51	154	3264	9856			SPAWNPK_STATIC_EVIDENCE	O_BIN_CUSTOM_OBJECT_PLACEMENTS	True	True	True	True	672	0	CUSTOMIZED_CACHE_ONLY_UNCONFIRMED	Cache region contains object IDs customized by o.bin; this does not by itself prove production reachability
13211	51	155	3264	9920			CACHE_PRESENT_UNCLASSIFIED		True	True	True	True	81	0	CACHE_ONLY_UNCONFIRMED	Present in current cache/index but no direct SpawnPK usage evidence in this static pass
13354	52	42	3328	2688			CACHE_PRESENT_UNCLASSIFIED		True	True	True	True	0	0	CACHE_ONLY_UNCONFIRMED	Present in current cache/index but no direct SpawnPK usage evidence in this static pass
13355	52	43	3328	2752			CACHE_PRESENT_UNCLASSIFIED		True	True	True	True	1186	0	CACHE_ONLY_UNCONFIRMED	Present in current cache/index but no direct SpawnPK usage evidence in this static pass
13356	52	44	3328	2816			CACHE_PRESENT_UNCLASSIFIED		True	True	True	True	1106	0	CACHE_ONLY_UNCONFIRMED	Present in current cache/index but no direct SpawnPK usage evidence in this static pass
13357	52	45	3328	2880			CACHE_PRESENT_UNCLASSIFIED		True	True	True	True	216	0	CACHE_ONLY_UNCONFIRMED	Present in current cache/index but no direct SpawnPK usage evidence in this static pass
13358	52	46	3328	2944			SPAWNPK_STATIC_EVIDENCE	O_BIN_CUSTOM_OBJECT_PLACEMENTS	True	True	True	True	2847	0	CUSTOMIZED_CACHE_ONLY_UNCONFIRMED	Cache region contains object IDs customized by o.bin; this does not by itself prove production reachability
13359	52	47	3328	3008			CACHE_PRESENT_UNCLASSIFIED		True	True	True	True	27	0	CACHE_ONLY_UNCONFIRMED	Present in current cache/index but no direct SpawnPK usage evidence in this static pass
13360	52	48	3328	3072			SPAWNPK_STATIC_EVIDENCE	O_BIN_CUSTOM_OBJECT_PLACEMENTS	True	True	True	True	194	0	CUSTOMIZED_CACHE_ONLY_UNCONFIRMED	Cache region contains object IDs customized by o.bin; this does not by itself prove production reachability
13361	52	49	3328	3136			SPAWNPK_STATIC_EVIDENCE	CLIENT_HARDCODED_REGION_PATCH;O_BIN_CUSTOM_OBJECT_PLACEMENTS	True	True	True	True	925	0	CLIENT_HARDCODED_REGION	Exact client applies a region mapping patch; live reachability not proven by this fact alone
13362	52	50	3328	3200			CACHE_PRESENT_UNCLASSIFIED		True	True	True	True	4254	0	CACHE_ONLY_UNCONFIRMED	Present in current cache/index but no direct SpawnPK usage evidence in this static pass
13363	52	51	3328	3264			SPAWNPK_STATIC_EVIDENCE	O_BIN_CUSTOM_OBJECT_PLACEMENTS	True	True	True	True	1968	0	CUSTOMIZED_CACHE_ONLY_UNCONFIRMED	Cache region contains object IDs customized by o.bin; this does not by itself prove production reachability
13364	52	52	3328	3328			SPAWNPK_STATIC_EVIDENCE	O_BIN_CUSTOM_OBJECT_PLACEMENTS	True	True	True	True	2457	0	CUSTOMIZED_CACHE_ONLY_UNCONFIRMED	Cache region contains object IDs customized by o.bin; this does not by itself prove production reachability
13365	52	53	3328	3392			SPAWNPK_STATIC_EVIDENCE	O_BIN_CUSTOM_OBJECT_PLACEMENTS	True	True	True	True	3303	0	CUSTOMIZED_CACHE_ONLY_UNCONFIRMED	Cache region contains object IDs customized by o.bin; this does not by itself prove production reachability
13366	52	54	3328	3456			SPAWNPK_STATIC_EVIDENCE	O_BIN_CUSTOM_OBJECT_PLACEMENTS	True	True	True	True	741	0	CUSTOMIZED_CACHE_ONLY_UNCONFIRMED	Cache region contains object IDs customized by o.bin; this does not by itself prove production reachability
13367	52	55	3328	3520			CACHE_PRESENT_UNCLASSIFIED		True	True	True	True	655	0	CACHE_ONLY_UNCONFIRMED	Present in current cache/index but no direct SpawnPK usage evidence in this static pass
13368	52	56	3328	3584			CACHE_PRESENT_UNCLASSIFIED		True	True	True	True	369	0	CACHE_ONLY_UNCONFIRMED	Present in current cache/index but no direct SpawnPK usage evidence in this static pass
13369	52	57	3328	3648			CACHE_PRESENT_UNCLASSIFIED		True	True	True	True	881	0	CACHE_ONLY_UNCONFIRMED	Present in current cache/index but no direct SpawnPK usage evidence in this static pass
13370	52	58	3328	3712			CACHE_PRESENT_UNCLASSIFIED		True	True	True	True	641	0	CACHE_ONLY_UNCONFIRMED	Present in current cache/index but no direct SpawnPK usage evidence in this static pass
13371	52	59	3328	3776			CACHE_PRESENT_UNCLASSIFIED		True	True	True	True	432	0	CACHE_ONLY_UNCONFIRMED	Present in current cache/index but no direct SpawnPK usage evidence in this static pass
13372	52	60	3328	3840			CACHE_PRESENT_UNCLASSIFIED		True	True	True	True	999	0	CACHE_ONLY_UNCONFIRMED	Present in current cache/index but no direct SpawnPK usage evidence in this static pass
13373	52	61	3328	3904			CACHE_PRESENT_UNCLASSIFIED		True	True	True	True	1278	0	CACHE_ONLY_UNCONFIRMED	Present in current cache/index but no direct SpawnPK usage evidence in this static pass
13374	52	62	3328	3968			CACHE_PRESENT_UNCLASSIFIED		True	True	True	True	0	0	CACHE_ONLY_UNCONFIRMED	Present in current cache/index but no direct SpawnPK usage evidence in this static pass
13375	52	63	3328	4032			CACHE_PRESENT_UNCLASSIFIED		True	True	True	True	0	0	CACHE_ONLY_UNCONFIRMED	Present in current cache/index but no direct SpawnPK usage evidence in this static pass
13376	52	64	3328	4096			CACHE_PRESENT_UNCLASSIFIED		True	True	True	True	0	0	CACHE_ONLY_UNCONFIRMED	Present in current cache/index but no direct SpawnPK usage evidence in this static pass
13386	52	74	3328	4736		white_portal	SPAWNPK_STATIC_EVIDENCE	M_BIN_EXPLICIT_REGION;CLIENT_HARDCODED_REGION_PATCH;O_BIN_CUSTOM_OBJECT_PLACEMENTS;NAMED_OR_GROUPED	True	True	True	True	853	0	CLIENT_EXPLICIT_CUSTOM_REGION	Explicit configs/m.bin region; static existence is proven, live use may still vary by content lifecycle
13387	52	75	3328	4800		white_portal	SPAWNPK_STATIC_EVIDENCE	M_BIN_EXPLICIT_REGION;CLIENT_HARDCODED_REGION_PATCH;NAMED_OR_GROUPED	True	True	True	True	1071	0	CLIENT_EXPLICIT_CUSTOM_REGION	Explicit configs/m.bin region; static existence is proven, live use may still vary by content lifecycle
13393	52	81	3328	5184	Xeric	xeric	SPAWNPK_STATIC_EVIDENCE	M_BIN_EXPLICIT_REGION;NAMED_OR_GROUPED	True	True	True	True	3336	0	CLIENT_EXPLICIT_CUSTOM_REGION	Explicit configs/m.bin region; static existence is proven, live use may still vary by content lifecycle
13394	52	82	3328	5248	Xeric	xeric	SPAWNPK_STATIC_EVIDENCE	M_BIN_EXPLICIT_REGION;O_BIN_CUSTOM_OBJECT_PLACEMENTS;NAMED_OR_GROUPED	True	True	True	True	6532	0	CLIENT_EXPLICIT_CUSTOM_REGION	Explicit configs/m.bin region; static existence is proven, live use may still vary by content lifecycle
13395	52	83	3328	5312	Xeric	xeric	SPAWNPK_STATIC_EVIDENCE	M_BIN_EXPLICIT_REGION;O_BIN_CUSTOM_OBJECT_PLACEMENTS;NAMED_OR_GROUPED	True	True	True	True	5104	0	CLIENT_EXPLICIT_CUSTOM_REGION	Explicit configs/m.bin region; static existence is proven, live use may still vary by content lifecycle
13396	52	84	3328	5376			SPAWNPK_STATIC_EVIDENCE	CLIENT_HARDCODED_REGION_PATCH;O_BIN_CUSTOM_OBJECT_PLACEMENTS	True	True	True	True	935	0	CLIENT_HARDCODED_REGION	Exact client applies a region mapping patch; live reachability not proven by this fact alone
13397	52	85	3328	5440	Xeric	xeric	SPAWNPK_STATIC_EVIDENCE	M_BIN_EXPLICIT_REGION;O_BIN_CUSTOM_OBJECT_PLACEMENTS;NAMED_OR_GROUPED	True	True	True	True	2129	0	CLIENT_EXPLICIT_CUSTOM_REGION	Explicit configs/m.bin region; static existence is proven, live use may still vary by content lifecycle
13400	52	88	3328	5632			CACHE_PRESENT_UNCLASSIFIED		True	True	True	True	0	0	CACHE_ONLY_UNCONFIRMED	Present in current cache/index but no direct SpawnPK usage evidence in this static pass
13401	52	89	3328	5696			SPAWNPK_STATIC_EVIDENCE	O_BIN_CUSTOM_OBJECT_PLACEMENTS;STATIC_TRAVEL_OBJECT_PLACEMENTS	True	True	True	True	866	1	CUSTOMIZED_CACHE_ONLY_UNCONFIRMED	Cache region contains object IDs customized by o.bin; this does not by itself prove production reachability
13402	52	90	3328	5760			CACHE_PRESENT_UNCLASSIFIED		True	True	True	True	0	0	CACHE_ONLY_UNCONFIRMED	Present in current cache/index but no direct SpawnPK usage evidence in this static pass
13456	52	144	3328	9216			CACHE_PRESENT_UNCLASSIFIED		True	True	True	True	4246	0	CACHE_ONLY_UNCONFIRMED	Present in current cache/index but no direct SpawnPK usage evidence in this static pass
13457	52	145	3328	9280			CACHE_PRESENT_UNCLASSIFIED		True	True	True	True	1371	0	CACHE_ONLY_UNCONFIRMED	Present in current cache/index but no direct SpawnPK usage evidence in this static pass
13458	52	146	3328	9344			CACHE_PRESENT_UNCLASSIFIED		True	True	True	True	3748	0	CACHE_ONLY_UNCONFIRMED	Present in current cache/index but no direct SpawnPK usage evidence in this static pass
13459	52	147	3328	9408			CACHE_PRESENT_UNCLASSIFIED		True	True	True	True	0	0	CACHE_ONLY_UNCONFIRMED	Present in current cache/index but no direct SpawnPK usage evidence in this static pass
13460	52	148	3328	9472			CACHE_PRESENT_UNCLASSIFIED		True	True	True	True	634	0	CACHE_ONLY_UNCONFIRMED	Present in current cache/index but no direct SpawnPK usage evidence in this static pass
13461	52	149	3328	9536			CACHE_PRESENT_UNCLASSIFIED		True	True	True	True	3599	0	CACHE_ONLY_UNCONFIRMED	Present in current cache/index but no direct SpawnPK usage evidence in this static pass
13462	52	150	3328	9600			SPAWNPK_STATIC_EVIDENCE	O_BIN_CUSTOM_OBJECT_PLACEMENTS	True	True	True	True	3343	0	CUSTOMIZED_CACHE_ONLY_UNCONFIRMED	Cache region contains object IDs customized by o.bin; this does not by itself prove production reachability
13463	52	151	3328	9664			SPAWNPK_STATIC_EVIDENCE	O_BIN_CUSTOM_OBJECT_PLACEMENTS	True	True	True	True	5892	0	CUSTOMIZED_CACHE_ONLY_UNCONFIRMED	Cache region contains object IDs customized by o.bin; this does not by itself prove production reachability
13464	52	152	3328	9728			SPAWNPK_STATIC_EVIDENCE	O_BIN_CUSTOM_OBJECT_PLACEMENTS	True	True	True	True	4464	0	CUSTOMIZED_CACHE_ONLY_UNCONFIRMED	Cache region contains object IDs customized by o.bin; this does not by itself prove production reachability
13465	52	153	3328	9792			SPAWNPK_STATIC_EVIDENCE	O_BIN_CUSTOM_OBJECT_PLACEMENTS	True	True	True	True	4450	0	CUSTOMIZED_CACHE_ONLY_UNCONFIRMED	Cache region contains object IDs customized by o.bin; this does not by itself prove production reachability
13466	52	154	3328	9856			CACHE_PRESENT_UNCLASSIFIED		True	True	True	True	0	0	CACHE_ONLY_UNCONFIRMED	Present in current cache/index but no direct SpawnPK usage evidence in this static pass
13610	53	42	3392	2688			CACHE_PRESENT_UNCLASSIFIED		True	True	True	True	0	0	CACHE_ONLY_UNCONFIRMED	Present in current cache/index but no direct SpawnPK usage evidence in this static pass
13611	53	43	3392	2752			CACHE_PRESENT_UNCLASSIFIED		True	True	True	True	3267	0	CACHE_ONLY_UNCONFIRMED	Present in current cache/index but no direct SpawnPK usage evidence in this static pass
13612	53	44	3392	2816			CACHE_PRESENT_UNCLASSIFIED		True	True	True	True	3949	0	CACHE_ONLY_UNCONFIRMED	Present in current cache/index but no direct SpawnPK usage evidence in this static pass
13613	53	45	3392	2880			CACHE_PRESENT_UNCLASSIFIED		True	True	True	True	2938	0	CACHE_ONLY_UNCONFIRMED	Present in current cache/index but no direct SpawnPK usage evidence in this static pass
13614	53	46	3392	2944			CACHE_PRESENT_UNCLASSIFIED		True	True	True	True	123	0	CACHE_ONLY_UNCONFIRMED	Present in current cache/index but no direct SpawnPK usage evidence in this static pass
13615	53	47	3392	3008			CACHE_PRESENT_UNCLASSIFIED		True	True	True	True	47	0	CACHE_ONLY_UNCONFIRMED	Present in current cache/index but no direct SpawnPK usage evidence in this static pass
13616	53	48	3392	3072			CACHE_PRESENT_UNCLASSIFIED		True	True	True	True	351	0	CACHE_ONLY_UNCONFIRMED	Present in current cache/index but no direct SpawnPK usage evidence in this static pass
13617	53	49	3392	3136			SPAWNPK_STATIC_EVIDENCE	CLIENT_HARDCODED_REGION_PATCH	True	True	True	True	399	0	CLIENT_HARDCODED_REGION	Exact client applies a region mapping patch; live reachability not proven by this fact alone
13618	53	50	3392	3200			CACHE_PRESENT_UNCLASSIFIED		True	True	True	True	1046	0	CACHE_ONLY_UNCONFIRMED	Present in current cache/index but no direct SpawnPK usage evidence in this static pass
13619	53	51	3392	3264			SPAWNPK_STATIC_EVIDENCE	O_BIN_CUSTOM_OBJECT_PLACEMENTS	True	True	True	True	1651	0	CUSTOMIZED_CACHE_ONLY_UNCONFIRMED	Cache region contains object IDs customized by o.bin; this does not by itself prove production reachability
13620	53	52	3392	3328			SPAWNPK_STATIC_EVIDENCE	O_BIN_CUSTOM_OBJECT_PLACEMENTS	True	True	True	True	1521	0	CUSTOMIZED_CACHE_ONLY_UNCONFIRMED	Cache region contains object IDs customized by o.bin; this does not by itself prove production reachability
13621	53	53	3392	3392			SPAWNPK_STATIC_EVIDENCE	O_BIN_CUSTOM_OBJECT_PLACEMENTS	True	True	True	True	1572	0	CUSTOMIZED_CACHE_ONLY_UNCONFIRMED	Cache region contains object IDs customized by o.bin; this does not by itself prove production reachability
13622	53	54	3392	3456			SPAWNPK_STATIC_EVIDENCE	O_BIN_CUSTOM_OBJECT_PLACEMENTS	True	True	True	True	1388	0	CUSTOMIZED_CACHE_ONLY_UNCONFIRMED	Cache region contains object IDs customized by o.bin; this does not by itself prove production reachability
13623	53	55	3392	3520			SPAWNPK_STATIC_EVIDENCE	O_BIN_CUSTOM_OBJECT_PLACEMENTS	True	True	True	True	4475	0	CUSTOMIZED_CACHE_ONLY_UNCONFIRMED	Cache region contains object IDs customized by o.bin; this does not by itself prove production reachability
13624	53	56	3392	3584			CACHE_PRESENT_UNCLASSIFIED		True	True	True	True	0	0	CACHE_ONLY_UNCONFIRMED	Present in current cache/index but no direct SpawnPK usage evidence in this static pass
13625	53	57	3392	3648			CACHE_PRESENT_UNCLASSIFIED		True	True	True	True	0	0	CACHE_ONLY_UNCONFIRMED	Present in current cache/index but no direct SpawnPK usage evidence in this static pass
13626	53	58	3392	3712			CACHE_PRESENT_UNCLASSIFIED		True	True	True	True	0	0	CACHE_ONLY_UNCONFIRMED	Present in current cache/index but no direct SpawnPK usage evidence in this static pass
13627	53	59	3392	3776			CACHE_PRESENT_UNCLASSIFIED		True	True	True	True	0	0	CACHE_ONLY_UNCONFIRMED	Present in current cache/index but no direct SpawnPK usage evidence in this static pass
13628	53	60	3392	3840			CACHE_PRESENT_UNCLASSIFIED		True	True	True	True	0	0	CACHE_ONLY_UNCONFIRMED	Present in current cache/index but no direct SpawnPK usage evidence in this static pass
13629	53	61	3392	3904			CACHE_PRESENT_UNCLASSIFIED		True	True	True	True	0	0	CACHE_ONLY_UNCONFIRMED	Present in current cache/index but no direct SpawnPK usage evidence in this static pass
13630	53	62	3392	3968			CACHE_PRESENT_UNCLASSIFIED		True	True	True	True	0	0	CACHE_ONLY_UNCONFIRMED	Present in current cache/index but no direct SpawnPK usage evidence in this static pass
13631	53	63	3392	4032			CACHE_PRESENT_UNCLASSIFIED		True	True	True	True	0	0	CACHE_ONLY_UNCONFIRMED	Present in current cache/index but no direct SpawnPK usage evidence in this static pass
13632	53	64	3392	4096			CACHE_PRESENT_UNCLASSIFIED		True	True	True	True	0	0	CACHE_ONLY_UNCONFIRMED	Present in current cache/index but no direct SpawnPK usage evidence in this static pass
13639	53	71	3392	4544			SPAWNPK_STATIC_EVIDENCE	O_BIN_CUSTOM_OBJECT_PLACEMENTS	True	True	True	True	2280	0	CUSTOMIZED_CACHE_ONLY_UNCONFIRMED	Cache region contains object IDs customized by o.bin; this does not by itself prove production reachability
13641	53	73	3392	4672	cwars8a	clan_wars_8	SPAWNPK_STATIC_EVIDENCE	M_BIN_EXPLICIT_REGION;O_BIN_CUSTOM_OBJECT_PLACEMENTS;STATIC_TRAVEL_OBJECT_PLACEMENTS;NAMED_OR_GROUPED	True	True	True	True	866	1	CLIENT_EXPLICIT_CUSTOM_REGION	Explicit configs/m.bin region; static existence is proven, live use may still vary by content lifecycle
13642	53	74	3392	4736	cwars8b	clan_wars_8	SPAWNPK_STATIC_EVIDENCE	M_BIN_EXPLICIT_REGION;O_BIN_CUSTOM_OBJECT_PLACEMENTS;STATIC_TRAVEL_OBJECT_PLACEMENTS;NAMED_OR_GROUPED	True	True	True	True	817	1	CLIENT_EXPLICIT_CUSTOM_REGION	Explicit configs/m.bin region; static existence is proven, live use may still vary by content lifecycle
13643	53	75	3392	4800			CACHE_PRESENT_UNCLASSIFIED		True	True	True	True	0	0	CACHE_ONLY_UNCONFIRMED	Present in current cache/index but no direct SpawnPK usage evidence in this static pass
13644	53	76	3392	4864	cwars1	clan_wars_1	SPAWNPK_STATIC_EVIDENCE	M_BIN_EXPLICIT_REGION;O_BIN_CUSTOM_OBJECT_PLACEMENTS;NAMED_OR_GROUPED	True	True	True	True	1837	0	CLIENT_EXPLICIT_CUSTOM_REGION	Explicit configs/m.bin region; static existence is proven, live use may still vary by content lifecycle
13645	53	77	3392	4928	cwars2	clan_wars_2	SPAWNPK_STATIC_EVIDENCE	M_BIN_EXPLICIT_REGION;O_BIN_CUSTOM_OBJECT_PLACEMENTS;NAMED_OR_GROUPED	True	True	True	True	844	0	CLIENT_EXPLICIT_CUSTOM_REGION	Explicit configs/m.bin region; static existence is proven, live use may still vary by content lifecycle
13646	53	78	3392	4992	cwars6	clan_wars_6	SPAWNPK_STATIC_EVIDENCE	M_BIN_EXPLICIT_REGION;O_BIN_CUSTOM_OBJECT_PLACEMENTS;NAMED_OR_GROUPED	True	True	True	True	1546	0	CLIENT_EXPLICIT_CUSTOM_REGION	Explicit configs/m.bin region; static existence is proven, live use may still vary by content lifecycle
13647	53	79	3392	5056	cwars5	clan_wars_5	SPAWNPK_STATIC_EVIDENCE	M_BIN_EXPLICIT_REGION;O_BIN_CUSTOM_OBJECT_PLACEMENTS;NAMED_OR_GROUPED	True	True	True	True	983	0	CLIENT_EXPLICIT_CUSTOM_REGION	Explicit configs/m.bin region; static existence is proven, live use may still vary by content lifecycle
13650	53	82	3392	5248			CACHE_PRESENT_UNCLASSIFIED		True	True	True	True	0	0	CACHE_ONLY_UNCONFIRMED	Present in current cache/index but no direct SpawnPK usage evidence in this static pass
13658	53	90	3392	5760			SPAWNPK_STATIC_EVIDENCE	CLIENT_HARDCODED_REGION_PATCH;O_BIN_CUSTOM_OBJECT_PLACEMENTS	True	True	True	True	862	0	CLIENT_HARDCODED_REGION	Exact client applies a region mapping patch; live reachability not proven by this fact alone
13659	53	91	3392	5824			SPAWNPK_STATIC_EVIDENCE	CLIENT_HARDCODED_REGION_PATCH;O_BIN_CUSTOM_OBJECT_PLACEMENTS	True	True	True	True	741	0	CLIENT_HARDCODED_REGION	Exact client applies a region mapping patch; live reachability not proven by this fact alone
13660	53	92	3392	5888			SPAWNPK_STATIC_EVIDENCE	CLIENT_HARDCODED_REGION_PATCH	True	True	True	True	0	0	CLIENT_HARDCODED_REGION	Exact client applies a region mapping patch; live reachability not proven by this fact alone
13712	53	144	3392	9216			CACHE_PRESENT_UNCLASSIFIED		True	True	True	True	0	0	CACHE_ONLY_UNCONFIRMED	Present in current cache/index but no direct SpawnPK usage evidence in this static pass
13713	53	145	3392	9280			CACHE_PRESENT_UNCLASSIFIED		True	True	True	True	0	0	CACHE_ONLY_UNCONFIRMED	Present in current cache/index but no direct SpawnPK usage evidence in this static pass
13716	53	148	3392	9472			CACHE_PRESENT_UNCLASSIFIED		True	True	True	True	448	0	CACHE_ONLY_UNCONFIRMED	Present in current cache/index but no direct SpawnPK usage evidence in this static pass
13717	53	149	3392	9536			CACHE_PRESENT_UNCLASSIFIED		True	True	True	True	4122	0	CACHE_ONLY_UNCONFIRMED	Present in current cache/index but no direct SpawnPK usage evidence in this static pass
13718	53	150	3392	9600			CACHE_PRESENT_UNCLASSIFIED		True	True	True	True	4549	0	CACHE_ONLY_UNCONFIRMED	Present in current cache/index but no direct SpawnPK usage evidence in this static pass
13719	53	151	3392	9664			CACHE_PRESENT_UNCLASSIFIED		True	True	True	True	0	0	CACHE_ONLY_UNCONFIRMED	Present in current cache/index but no direct SpawnPK usage evidence in this static pass
13720	53	152	3392	9728			CACHE_PRESENT_UNCLASSIFIED		True	True	True	True	222	0	CACHE_ONLY_UNCONFIRMED	Present in current cache/index but no direct SpawnPK usage evidence in this static pass
13721	53	153	3392	9792			CACHE_PRESENT_UNCLASSIFIED		True	True	True	True	704	0	CACHE_ONLY_UNCONFIRMED	Present in current cache/index but no direct SpawnPK usage evidence in this static pass
13722	53	154	3392	9856			SPAWNPK_STATIC_EVIDENCE	O_BIN_CUSTOM_OBJECT_PLACEMENTS	True	True	True	True	2426	0	CUSTOMIZED_CACHE_ONLY_UNCONFIRMED	Cache region contains object IDs customized by o.bin; this does not by itself prove production reachability
13723	53	155	3392	9920			CACHE_PRESENT_UNCLASSIFIED		True	True	True	True	2286	0	CACHE_ONLY_UNCONFIRMED	Present in current cache/index but no direct SpawnPK usage evidence in this static pass
13866	54	42	3456	2688			CACHE_PRESENT_UNCLASSIFIED		True	True	True	True	0	0	CACHE_ONLY_UNCONFIRMED	Present in current cache/index but no direct SpawnPK usage evidence in this static pass
13867	54	43	3456	2752			CACHE_PRESENT_UNCLASSIFIED		True	True	True	True	0	0	CACHE_ONLY_UNCONFIRMED	Present in current cache/index but no direct SpawnPK usage evidence in this static pass
13868	54	44	3456	2816			CACHE_PRESENT_UNCLASSIFIED		True	True	True	True	0	0	CACHE_ONLY_UNCONFIRMED	Present in current cache/index but no direct SpawnPK usage evidence in this static pass
13872	54	48	3456	3072			CACHE_PRESENT_UNCLASSIFIED		True	True	True	True	732	0	CACHE_ONLY_UNCONFIRMED	Present in current cache/index but no direct SpawnPK usage evidence in this static pass
13873	54	49	3456	3136			CACHE_PRESENT_UNCLASSIFIED		True	True	True	True	533	0	CACHE_ONLY_UNCONFIRMED	Present in current cache/index but no direct SpawnPK usage evidence in this static pass
13874	54	50	3456	3200			SPAWNPK_STATIC_EVIDENCE	O_BIN_CUSTOM_OBJECT_PLACEMENTS	True	True	True	True	2993	0	CUSTOMIZED_CACHE_ONLY_UNCONFIRMED	Cache region contains object IDs customized by o.bin; this does not by itself prove production reachability
13875	54	51	3456	3264			SPAWNPK_STATIC_EVIDENCE	O_BIN_CUSTOM_OBJECT_PLACEMENTS	True	True	True	True	1917	0	CUSTOMIZED_CACHE_ONLY_UNCONFIRMED	Cache region contains object IDs customized by o.bin; this does not by itself prove production reachability
13876	54	52	3456	3328			SPAWNPK_STATIC_EVIDENCE	O_BIN_CUSTOM_OBJECT_PLACEMENTS	True	True	True	True	1704	0	CUSTOMIZED_CACHE_ONLY_UNCONFIRMED	Cache region contains object IDs customized by o.bin; this does not by itself prove production reachability
13877	54	53	3456	3392			SPAWNPK_STATIC_EVIDENCE	O_BIN_CUSTOM_OBJECT_PLACEMENTS	True	True	True	True	1828	0	CUSTOMIZED_CACHE_ONLY_UNCONFIRMED	Cache region contains object IDs customized by o.bin; this does not by itself prove production reachability
13878	54	54	3456	3456			SPAWNPK_STATIC_EVIDENCE	O_BIN_CUSTOM_OBJECT_PLACEMENTS	True	True	True	True	2815	0	CUSTOMIZED_CACHE_ONLY_UNCONFIRMED	Cache region contains object IDs customized by o.bin; this does not by itself prove production reachability
13879	54	55	3456	3520			SPAWNPK_STATIC_EVIDENCE	O_BIN_CUSTOM_OBJECT_PLACEMENTS	True	True	True	True	1415	0	CUSTOMIZED_CACHE_ONLY_UNCONFIRMED	Cache region contains object IDs customized by o.bin; this does not by itself prove production reachability
13880	54	56	3456	3584			CACHE_PRESENT_UNCLASSIFIED		True	True	True	True	0	0	CACHE_ONLY_UNCONFIRMED	Present in current cache/index but no direct SpawnPK usage evidence in this static pass
13897	54	73	3456	4672			SPAWNPK_STATIC_EVIDENCE	O_BIN_CUSTOM_OBJECT_PLACEMENTS	True	True	True	True	595	0	CUSTOMIZED_CACHE_ONLY_UNCONFIRMED	Cache region contains object IDs customized by o.bin; this does not by itself prove production reachability
13898	54	74	3456	4736			CACHE_PRESENT_UNCLASSIFIED		True	True	True	True	8207	0	CACHE_ONLY_UNCONFIRMED	Present in current cache/index but no direct SpawnPK usage evidence in this static pass
13899	54	75	3456	4800			SPAWNPK_STATIC_EVIDENCE	CLIENT_HARDCODED_REGION_PATCH;O_BIN_CUSTOM_OBJECT_PLACEMENTS	True	True	True	True	539	0	CLIENT_HARDCODED_REGION	Exact client applies a region mapping patch; live reachability not proven by this fact alone
13900	54	76	3456	4864			SPAWNPK_STATIC_EVIDENCE	CLIENT_HARDCODED_REGION_PATCH;O_BIN_CUSTOM_OBJECT_PLACEMENTS	True	True	True	True	365	0	CLIENT_HARDCODED_REGION	Exact client applies a region mapping patch; live reachability not proven by this fact alone
13913	54	89	3456	5696			SPAWNPK_STATIC_EVIDENCE	CLIENT_HARDCODED_REGION_PATCH	True	True	True	True	0	0	CLIENT_HARDCODED_REGION	Exact client applies a region mapping patch; live reachability not proven by this fact alone
13914	54	90	3456	5760			SPAWNPK_STATIC_EVIDENCE	CLIENT_HARDCODED_REGION_PATCH;O_BIN_CUSTOM_OBJECT_PLACEMENTS	True	True	True	True	780	0	CLIENT_HARDCODED_REGION	Exact client applies a region mapping patch; live reachability not proven by this fact alone
13915	54	91	3456	5824			SPAWNPK_STATIC_EVIDENCE	CLIENT_HARDCODED_REGION_PATCH;O_BIN_CUSTOM_OBJECT_PLACEMENTS	True	True	True	True	714	0	CLIENT_HARDCODED_REGION	Exact client applies a region mapping patch; live reachability not proven by this fact alone
13916	54	92	3456	5888			SPAWNPK_STATIC_EVIDENCE	CLIENT_HARDCODED_REGION_PATCH	True	True	True	True	3	0	CLIENT_HARDCODED_REGION	Exact client applies a region mapping patch; live reachability not proven by this fact alone
13968	54	144	3456	9216			CACHE_PRESENT_UNCLASSIFIED		True	True	True	True	0	0	CACHE_ONLY_UNCONFIRMED	Present in current cache/index but no direct SpawnPK usage evidence in this static pass
13972	54	148	3456	9472			CACHE_PRESENT_UNCLASSIFIED		True	True	True	True	7726	0	CACHE_ONLY_UNCONFIRMED	Present in current cache/index but no direct SpawnPK usage evidence in this static pass
13974	54	150	3456	9600			CACHE_PRESENT_UNCLASSIFIED		True	True	True	True	325	0	CACHE_ONLY_UNCONFIRMED	Present in current cache/index but no direct SpawnPK usage evidence in this static pass
13975	54	151	3456	9664			SPAWNPK_STATIC_EVIDENCE	O_BIN_CUSTOM_OBJECT_PLACEMENTS	True	True	True	True	2392	0	CUSTOMIZED_CACHE_ONLY_UNCONFIRMED	Cache region contains object IDs customized by o.bin; this does not by itself prove production reachability
13976	54	152	3456	9728			CACHE_PRESENT_UNCLASSIFIED		True	True	True	True	650	0	CACHE_ONLY_UNCONFIRMED	Present in current cache/index but no direct SpawnPK usage evidence in this static pass
13977	54	153	3456	9792			SPAWNPK_STATIC_EVIDENCE	O_BIN_CUSTOM_OBJECT_PLACEMENTS	True	True	True	True	5321	0	CUSTOMIZED_CACHE_ONLY_UNCONFIRMED	Cache region contains object IDs customized by o.bin; this does not by itself prove production reachability
13978	54	154	3456	9856			CACHE_PRESENT_UNCLASSIFIED		True	True	True	True	4096	0	CACHE_ONLY_UNCONFIRMED	Present in current cache/index but no direct SpawnPK usage evidence in this static pass
13979	54	155	3456	9920			SPAWNPK_STATIC_EVIDENCE	O_BIN_CUSTOM_OBJECT_PLACEMENTS	True	True	True	True	4066	0	CUSTOMIZED_CACHE_ONLY_UNCONFIRMED	Cache region contains object IDs customized by o.bin; this does not by itself prove production reachability
13980	54	156	3456	9984			CACHE_PRESENT_UNCLASSIFIED		True	True	True	True	0	0	CACHE_ONLY_UNCONFIRMED	Present in current cache/index but no direct SpawnPK usage evidence in this static pass
14128	55	48	3520	3072			CACHE_PRESENT_UNCLASSIFIED		True	True	True	True	0	0	CACHE_ONLY_UNCONFIRMED	Present in current cache/index but no direct SpawnPK usage evidence in this static pass
14129	55	49	3520	3136			CACHE_PRESENT_UNCLASSIFIED		True	True	True	True	1208	0	CACHE_ONLY_UNCONFIRMED	Present in current cache/index but no direct SpawnPK usage evidence in this static pass
14130	55	50	3520	3200			SPAWNPK_STATIC_EVIDENCE	O_BIN_CUSTOM_OBJECT_PLACEMENTS	True	True	True	True	2782	0	CUSTOMIZED_CACHE_ONLY_UNCONFIRMED	Cache region contains object IDs customized by o.bin; this does not by itself prove production reachability
14131	55	51	3520	3264			SPAWNPK_STATIC_EVIDENCE	O_BIN_CUSTOM_OBJECT_PLACEMENTS	True	True	True	True	2764	0	CUSTOMIZED_CACHE_ONLY_UNCONFIRMED	Cache region contains object IDs customized by o.bin; this does not by itself prove production reachability
14132	55	52	3520	3328			CACHE_PRESENT_UNCLASSIFIED		True	True	True	True	2766	0	CACHE_ONLY_UNCONFIRMED	Present in current cache/index but no direct SpawnPK usage evidence in this static pass
14133	55	53	3520	3392			SPAWNPK_STATIC_EVIDENCE	O_BIN_CUSTOM_OBJECT_PLACEMENTS	True	True	True	True	2430	0	CUSTOMIZED_CACHE_ONLY_UNCONFIRMED	Cache region contains object IDs customized by o.bin; this does not by itself prove production reachability
14134	55	54	3520	3456			SPAWNPK_STATIC_EVIDENCE	O_BIN_CUSTOM_OBJECT_PLACEMENTS	True	True	True	True	2016	0	CUSTOMIZED_CACHE_ONLY_UNCONFIRMED	Cache region contains object IDs customized by o.bin; this does not by itself prove production reachability
14135	55	55	3520	3520			SPAWNPK_STATIC_EVIDENCE	O_BIN_CUSTOM_OBJECT_PLACEMENTS	True	True	True	True	2564	0	CUSTOMIZED_CACHE_ONLY_UNCONFIRMED	Cache region contains object IDs customized by o.bin; this does not by itself prove production reachability
14136	55	56	3520	3584			CACHE_PRESENT_UNCLASSIFIED		True	True	True	True	0	0	CACHE_ONLY_UNCONFIRMED	Present in current cache/index but no direct SpawnPK usage evidence in this static pass
14155	55	75	3520	4800			SPAWNPK_STATIC_EVIDENCE	CLIENT_HARDCODED_REGION_PATCH;O_BIN_CUSTOM_OBJECT_PLACEMENTS	True	True	True	True	470	0	CLIENT_HARDCODED_REGION	Exact client applies a region mapping patch; live reachability not proven by this fact alone
14156	55	76	3520	4864			SPAWNPK_STATIC_EVIDENCE	CLIENT_HARDCODED_REGION_PATCH;O_BIN_CUSTOM_OBJECT_PLACEMENTS	True	True	True	True	537	0	CLIENT_HARDCODED_REGION	Exact client applies a region mapping patch; live reachability not proven by this fact alone
14157	55	77	3520	4928			CACHE_PRESENT_UNCLASSIFIED		False	False	False	False	0	0	CACHE_ONLY_UNCONFIRMED	Present in current cache/index but no direct SpawnPK usage evidence in this static pass
14167	55	87	3520	5568			CACHE_PRESENT_UNCLASSIFIED		False	False	False	False	0	0	CACHE_ONLY_UNCONFIRMED	Present in current cache/index but no direct SpawnPK usage evidence in this static pass
14169	55	89	3520	5696			SPAWNPK_STATIC_EVIDENCE	CLIENT_HARDCODED_REGION_PATCH	True	True	True	True	0	0	CLIENT_HARDCODED_REGION	Exact client applies a region mapping patch; live reachability not proven by this fact alone
14170	55	90	3520	5760			SPAWNPK_STATIC_EVIDENCE	CLIENT_HARDCODED_REGION_PATCH	True	True	True	False	0	0	CLIENT_HARDCODED_REGION	Exact client applies a region mapping patch; live reachability not proven by this fact alone
14230	55	150	3520	9600			CACHE_PRESENT_UNCLASSIFIED		True	True	True	True	24	0	CACHE_ONLY_UNCONFIRMED	Present in current cache/index but no direct SpawnPK usage evidence in this static pass
14231	55	151	3520	9664			SPAWNPK_STATIC_EVIDENCE	O_BIN_CUSTOM_OBJECT_PLACEMENTS	True	True	True	True	7908	0	CUSTOMIZED_CACHE_ONLY_UNCONFIRMED	Cache region contains object IDs customized by o.bin; this does not by itself prove production reachability
14232	55	152	3520	9728			CACHE_PRESENT_UNCLASSIFIED		True	True	True	True	3784	0	CACHE_ONLY_UNCONFIRMED	Present in current cache/index but no direct SpawnPK usage evidence in this static pass
14233	55	153	3520	9792			CACHE_PRESENT_UNCLASSIFIED		True	True	True	True	0	0	CACHE_ONLY_UNCONFIRMED	Present in current cache/index but no direct SpawnPK usage evidence in this static pass
14234	55	154	3520	9856			CACHE_PRESENT_UNCLASSIFIED		True	True	True	True	4644	0	CACHE_ONLY_UNCONFIRMED	Present in current cache/index but no direct SpawnPK usage evidence in this static pass
14235	55	155	3520	9920			SPAWNPK_STATIC_EVIDENCE	O_BIN_CUSTOM_OBJECT_PLACEMENTS	True	True	True	True	4484	0	CUSTOMIZED_CACHE_ONLY_UNCONFIRMED	Cache region contains object IDs customized by o.bin; this does not by itself prove production reachability
14236	55	156	3520	9984			CACHE_PRESENT_UNCLASSIFIED		True	True	True	True	0	0	CACHE_ONLY_UNCONFIRMED	Present in current cache/index but no direct SpawnPK usage evidence in this static pass
14379	56	43	3584	2752			CACHE_PRESENT_UNCLASSIFIED		True	True	True	True	0	0	CACHE_ONLY_UNCONFIRMED	Present in current cache/index but no direct SpawnPK usage evidence in this static pass
14380	56	44	3584	2816			CACHE_PRESENT_UNCLASSIFIED		True	True	True	True	0	0	CACHE_ONLY_UNCONFIRMED	Present in current cache/index but no direct SpawnPK usage evidence in this static pass
14381	56	45	3584	2880			CACHE_PRESENT_UNCLASSIFIED		True	True	True	True	0	0	CACHE_ONLY_UNCONFIRMED	Present in current cache/index but no direct SpawnPK usage evidence in this static pass
14382	56	46	3584	2944			CACHE_PRESENT_UNCLASSIFIED		True	True	True	True	1	0	CACHE_ONLY_UNCONFIRMED	Present in current cache/index but no direct SpawnPK usage evidence in this static pass
14383	56	47	3584	3008			CACHE_PRESENT_UNCLASSIFIED		True	True	True	True	0	0	CACHE_ONLY_UNCONFIRMED	Present in current cache/index but no direct SpawnPK usage evidence in this static pass
14384	56	48	3584	3072			CACHE_PRESENT_UNCLASSIFIED		True	True	True	True	0	0	CACHE_ONLY_UNCONFIRMED	Present in current cache/index but no direct SpawnPK usage evidence in this static pass
14385	56	49	3584	3136			CACHE_PRESENT_UNCLASSIFIED		True	True	True	True	1058	0	CACHE_ONLY_UNCONFIRMED	Present in current cache/index but no direct SpawnPK usage evidence in this static pass
14386	56	50	3584	3200			CACHE_PRESENT_UNCLASSIFIED		True	True	True	True	5807	0	CACHE_ONLY_UNCONFIRMED	Present in current cache/index but no direct SpawnPK usage evidence in this static pass
14387	56	51	3584	3264			CACHE_PRESENT_UNCLASSIFIED		True	True	True	True	3588	0	CACHE_ONLY_UNCONFIRMED	Present in current cache/index but no direct SpawnPK usage evidence in this static pass
14388	56	52	3584	3328			CACHE_PRESENT_UNCLASSIFIED		True	True	True	True	2118	0	CACHE_ONLY_UNCONFIRMED	Present in current cache/index but no direct SpawnPK usage evidence in this static pass
14390	56	54	3584	3456			CACHE_PRESENT_UNCLASSIFIED		True	True	True	True	1961	0	CACHE_ONLY_UNCONFIRMED	Present in current cache/index but no direct SpawnPK usage evidence in this static pass
14391	56	55	3584	3520			CACHE_PRESENT_UNCLASSIFIED		True	True	True	True	1830	0	CACHE_ONLY_UNCONFIRMED	Present in current cache/index but no direct SpawnPK usage evidence in this static pass
14392	56	56	3584	3584			CACHE_PRESENT_UNCLASSIFIED		True	True	True	True	0	0	CACHE_ONLY_UNCONFIRMED	Present in current cache/index but no direct SpawnPK usage evidence in this static pass
14486	56	150	3584	9600			CACHE_PRESENT_UNCLASSIFIED		True	True	True	True	745	0	CACHE_ONLY_UNCONFIRMED	Present in current cache/index but no direct SpawnPK usage evidence in this static pass
14487	56	151	3584	9664			CACHE_PRESENT_UNCLASSIFIED		True	True	True	True	1494	0	CACHE_ONLY_UNCONFIRMED	Present in current cache/index but no direct SpawnPK usage evidence in this static pass
14488	56	152	3584	9728			CACHE_PRESENT_UNCLASSIFIED		True	True	True	True	3756	0	CACHE_ONLY_UNCONFIRMED	Present in current cache/index but no direct SpawnPK usage evidence in this static pass
14490	56	154	3584	9856			CACHE_PRESENT_UNCLASSIFIED		True	True	True	True	0	0	CACHE_ONLY_UNCONFIRMED	Present in current cache/index but no direct SpawnPK usage evidence in this static pass
14491	56	155	3584	9920			CACHE_PRESENT_UNCLASSIFIED		True	True	True	True	0	0	CACHE_ONLY_UNCONFIRMED	Present in current cache/index but no direct SpawnPK usage evidence in this static pass
14492	56	156	3584	9984			CACHE_PRESENT_UNCLASSIFIED		True	True	True	True	0	0	CACHE_ONLY_UNCONFIRMED	Present in current cache/index but no direct SpawnPK usage evidence in this static pass
14635	57	43	3648	2752			CACHE_PRESENT_UNCLASSIFIED		True	True	True	True	0	0	CACHE_ONLY_UNCONFIRMED	Present in current cache/index but no direct SpawnPK usage evidence in this static pass
14636	57	44	3648	2816			CACHE_PRESENT_UNCLASSIFIED		True	True	True	True	0	0	CACHE_ONLY_UNCONFIRMED	Present in current cache/index but no direct SpawnPK usage evidence in this static pass
14637	57	45	3648	2880			CACHE_PRESENT_UNCLASSIFIED		True	True	True	True	223	0	CACHE_ONLY_UNCONFIRMED	Present in current cache/index but no direct SpawnPK usage evidence in this static pass
14638	57	46	3648	2944			CACHE_PRESENT_UNCLASSIFIED		True	True	True	True	4130	0	CACHE_ONLY_UNCONFIRMED	Present in current cache/index but no direct SpawnPK usage evidence in this static pass
14639	57	47	3648	3008			SPAWNPK_STATIC_EVIDENCE	O_BIN_CUSTOM_OBJECT_PLACEMENTS	True	True	True	True	2043	0	CUSTOMIZED_CACHE_ONLY_UNCONFIRMED	Cache region contains object IDs customized by o.bin; this does not by itself prove production reachability
14640	57	48	3648	3072			CACHE_PRESENT_UNCLASSIFIED		True	True	True	True	0	0	CACHE_ONLY_UNCONFIRMED	Present in current cache/index but no direct SpawnPK usage evidence in this static pass
14641	57	49	3648	3136			CACHE_PRESENT_UNCLASSIFIED		True	True	True	True	0	0	CACHE_ONLY_UNCONFIRMED	Present in current cache/index but no direct SpawnPK usage evidence in this static pass
14646	57	54	3648	3456			CACHE_PRESENT_UNCLASSIFIED		True	True	True	True	4129	0	CACHE_ONLY_UNCONFIRMED	Present in current cache/index but no direct SpawnPK usage evidence in this static pass
14647	57	55	3648	3520			CACHE_PRESENT_UNCLASSIFIED		True	True	True	True	817	0	CACHE_ONLY_UNCONFIRMED	Present in current cache/index but no direct SpawnPK usage evidence in this static pass
14648	57	56	3648	3584			CACHE_PRESENT_UNCLASSIFIED		True	True	True	True	0	0	CACHE_ONLY_UNCONFIRMED	Present in current cache/index but no direct SpawnPK usage evidence in this static pass
14746	57	154	3648	9856			CACHE_PRESENT_UNCLASSIFIED		True	True	True	True	1719	0	CACHE_ONLY_UNCONFIRMED	Present in current cache/index but no direct SpawnPK usage evidence in this static pass
14747	57	155	3648	9920			CACHE_PRESENT_UNCLASSIFIED		True	True	True	True	104	0	CACHE_ONLY_UNCONFIRMED	Present in current cache/index but no direct SpawnPK usage evidence in this static pass
14891	58	43	3712	2752			CACHE_PRESENT_UNCLASSIFIED		True	True	True	True	0	0	CACHE_ONLY_UNCONFIRMED	Present in current cache/index but no direct SpawnPK usage evidence in this static pass
14892	58	44	3712	2816			CACHE_PRESENT_UNCLASSIFIED		True	True	True	True	0	0	CACHE_ONLY_UNCONFIRMED	Present in current cache/index but no direct SpawnPK usage evidence in this static pass
14893	58	45	3712	2880			CACHE_PRESENT_UNCLASSIFIED		True	True	True	True	144	0	CACHE_ONLY_UNCONFIRMED	Present in current cache/index but no direct SpawnPK usage evidence in this static pass
14894	58	46	3712	2944			CACHE_PRESENT_UNCLASSIFIED		True	True	True	True	0	0	CACHE_ONLY_UNCONFIRMED	Present in current cache/index but no direct SpawnPK usage evidence in this static pass
14895	58	47	3712	3008			CACHE_PRESENT_UNCLASSIFIED		True	True	True	True	704	0	CACHE_ONLY_UNCONFIRMED	Present in current cache/index but no direct SpawnPK usage evidence in this static pass
14896	58	48	3712	3072			CACHE_PRESENT_UNCLASSIFIED		True	True	True	True	0	0	CACHE_ONLY_UNCONFIRMED	Present in current cache/index but no direct SpawnPK usage evidence in this static pass
14902	58	54	3712	3456			CACHE_PRESENT_UNCLASSIFIED		True	True	True	True	253	0	CACHE_ONLY_UNCONFIRMED	Present in current cache/index but no direct SpawnPK usage evidence in this static pass
14903	58	55	3712	3520			CACHE_PRESENT_UNCLASSIFIED		True	True	True	True	0	0	CACHE_ONLY_UNCONFIRMED	Present in current cache/index but no direct SpawnPK usage evidence in this static pass
14904	58	56	3712	3584			CACHE_PRESENT_UNCLASSIFIED		True	True	True	True	0	0	CACHE_ONLY_UNCONFIRMED	Present in current cache/index but no direct SpawnPK usage evidence in this static pass
14927	58	79	3712	5056			SPAWNPK_STATIC_EVIDENCE	CLIENT_HARDCODED_REGION_PATCH;O_BIN_CUSTOM_OBJECT_PLACEMENTS;STATIC_TRAVEL_OBJECT_PLACEMENTS	True	True	True	True	1548	1	CLIENT_HARDCODED_REGION	Exact client applies a region mapping patch; live reachability not proven by this fact alone
14994	58	146	3712	9344			CACHE_PRESENT_UNCLASSIFIED		True	True	True	True	144	0	CACHE_ONLY_UNCONFIRMED	Present in current cache/index but no direct SpawnPK usage evidence in this static pass
14995	58	147	3712	9408			CACHE_PRESENT_UNCLASSIFIED		True	True	True	True	768	0	CACHE_ONLY_UNCONFIRMED	Present in current cache/index but no direct SpawnPK usage evidence in this static pass
15147	59	43	3776	2752			CACHE_PRESENT_UNCLASSIFIED		True	True	True	True	0	0	CACHE_ONLY_UNCONFIRMED	Present in current cache/index but no direct SpawnPK usage evidence in this static pass
15148	59	44	3776	2816			CACHE_PRESENT_UNCLASSIFIED		True	True	True	True	2813	0	CACHE_ONLY_UNCONFIRMED	Present in current cache/index but no direct SpawnPK usage evidence in this static pass
15149	59	45	3776	2880			CACHE_PRESENT_UNCLASSIFIED		True	True	True	True	64	0	CACHE_ONLY_UNCONFIRMED	Present in current cache/index but no direct SpawnPK usage evidence in this static pass
15150	59	46	3776	2944			CACHE_PRESENT_UNCLASSIFIED		True	True	True	True	144	0	CACHE_ONLY_UNCONFIRMED	Present in current cache/index but no direct SpawnPK usage evidence in this static pass
15151	59	47	3776	3008			CACHE_PRESENT_UNCLASSIFIED		True	True	True	True	144	0	CACHE_ONLY_UNCONFIRMED	Present in current cache/index but no direct SpawnPK usage evidence in this static pass
15152	59	48	3776	3072			CACHE_PRESENT_UNCLASSIFIED		True	True	True	True	0	0	CACHE_ONLY_UNCONFIRMED	Present in current cache/index but no direct SpawnPK usage evidence in this static pass
15158	59	54	3776	3456			CACHE_PRESENT_UNCLASSIFIED		True	True	True	True	0	0	CACHE_ONLY_UNCONFIRMED	Present in current cache/index but no direct SpawnPK usage evidence in this static pass
15159	59	55	3776	3520			CACHE_PRESENT_UNCLASSIFIED		True	True	True	True	668	0	CACHE_ONLY_UNCONFIRMED	Present in current cache/index but no direct SpawnPK usage evidence in this static pass
15160	59	56	3776	3584			CACHE_PRESENT_UNCLASSIFIED		True	True	True	True	0	0	CACHE_ONLY_UNCONFIRMED	Present in current cache/index but no direct SpawnPK usage evidence in this static pass
15248	59	144	3776	9216			CACHE_PRESENT_UNCLASSIFIED		True	True	True	True	4909	0	CACHE_ONLY_UNCONFIRMED	Present in current cache/index but no direct SpawnPK usage evidence in this static pass
15251	59	147	3776	9408			CACHE_PRESENT_UNCLASSIFIED		True	True	True	True	0	0	CACHE_ONLY_UNCONFIRMED	Present in current cache/index but no direct SpawnPK usage evidence in this static pass
15259	59	155	3776	9920			CACHE_PRESENT_UNCLASSIFIED		True	True	True	True	0	0	CACHE_ONLY_UNCONFIRMED	Present in current cache/index but no direct SpawnPK usage evidence in this static pass
15403	60	43	3840	2752			CACHE_PRESENT_UNCLASSIFIED		True	True	True	True	0	0	CACHE_ONLY_UNCONFIRMED	Present in current cache/index but no direct SpawnPK usage evidence in this static pass
15404	60	44	3840	2816			CACHE_PRESENT_UNCLASSIFIED		True	True	True	True	0	0	CACHE_ONLY_UNCONFIRMED	Present in current cache/index but no direct SpawnPK usage evidence in this static pass
15405	60	45	3840	2880			CACHE_PRESENT_UNCLASSIFIED		True	True	True	True	0	0	CACHE_ONLY_UNCONFIRMED	Present in current cache/index but no direct SpawnPK usage evidence in this static pass
15406	60	46	3840	2944			CACHE_PRESENT_UNCLASSIFIED		True	True	True	True	64	0	CACHE_ONLY_UNCONFIRMED	Present in current cache/index but no direct SpawnPK usage evidence in this static pass
15407	60	47	3840	3008			CACHE_PRESENT_UNCLASSIFIED		True	True	True	True	0	0	CACHE_ONLY_UNCONFIRMED	Present in current cache/index but no direct SpawnPK usage evidence in this static pass
15408	60	48	3840	3072			CACHE_PRESENT_UNCLASSIFIED		True	True	True	True	0	0	CACHE_ONLY_UNCONFIRMED	Present in current cache/index but no direct SpawnPK usage evidence in this static pass
15414	60	54	3840	3456			CACHE_PRESENT_UNCLASSIFIED		True	True	True	True	0	0	CACHE_ONLY_UNCONFIRMED	Present in current cache/index but no direct SpawnPK usage evidence in this static pass
15415	60	55	3840	3520			CACHE_PRESENT_UNCLASSIFIED		True	True	True	True	0	0	CACHE_ONLY_UNCONFIRMED	Present in current cache/index but no direct SpawnPK usage evidence in this static pass
15416	60	56	3840	3584			CACHE_PRESENT_UNCLASSIFIED		True	True	True	True	0	0	CACHE_ONLY_UNCONFIRMED	Present in current cache/index but no direct SpawnPK usage evidence in this static pass
15911	62	39	3968	2496	Escape cave	esc_cave	SPAWNPK_STATIC_EVIDENCE	M_BIN_EXPLICIT_REGION;O_BIN_CUSTOM_OBJECT_PLACEMENTS;STATIC_TRAVEL_OBJECT_PLACEMENTS;NAMED_OR_GROUPED	True	True	True	True	3933	1	CLIENT_EXPLICIT_CUSTOM_REGION	Explicit configs/m.bin region; static existence is proven, live use may still vary by content lifecycle
16168	63	40	4032	2560	Vetion's Rest	vetion	SPAWNPK_STATIC_EVIDENCE	M_BIN_EXPLICIT_REGION;O_BIN_CUSTOM_OBJECT_PLACEMENTS;NAMED_OR_GROUPED	True	True	True	True	1492	0	CLIENT_EXPLICIT_CUSTOM_REGION	Explicit configs/m.bin region; static existence is proven, live use may still vary by content lifecycle
16170	63	42	4032	2688	Silk chasm	venenatis	SPAWNPK_STATIC_EVIDENCE	M_BIN_EXPLICIT_REGION;O_BIN_CUSTOM_OBJECT_PLACEMENTS;NAMED_OR_GROUPED	True	True	True	True	4264	0	CLIENT_EXPLICIT_CUSTOM_REGION	Explicit configs/m.bin region; static existence is proven, live use may still vary by content lifecycle
16172	63	44	4032	2816	Callisto's den	callisto	SPAWNPK_STATIC_EVIDENCE	M_BIN_EXPLICIT_REGION;O_BIN_CUSTOM_OBJECT_PLACEMENTS;NAMED_OR_GROUPED	True	True	True	True	1787	0	CLIENT_EXPLICIT_CUSTOM_REGION	Explicit configs/m.bin region; static existence is proven, live use may still vary by content lifecycle
16174	63	46	4032	2944	Cosmic Dzone	cosmic_zone	SPAWNPK_STATIC_EVIDENCE	M_BIN_EXPLICIT_REGION;O_BIN_CUSTOM_OBJECT_PLACEMENTS;NAMED_OR_GROUPED	True	True	True	True	2414	0	CLIENT_EXPLICIT_CUSTOM_REGION	Explicit configs/m.bin region; static existence is proven, live use may still vary by content lifecycle
16175	63	47	4032	3008	Mythic Dzone	mythic_zone	SPAWNPK_STATIC_EVIDENCE	M_BIN_EXPLICIT_REGION;O_BIN_CUSTOM_OBJECT_PLACEMENTS;NAMED_OR_GROUPED	True	True	True	True	905	0	CLIENT_EXPLICIT_CUSTOM_REGION	Explicit configs/m.bin region; static existence is proven, live use may still vary by content lifecycle
16176	63	48	4032	3072	Mythic Dzone	mythic_zone	SPAWNPK_STATIC_EVIDENCE	M_BIN_EXPLICIT_REGION;O_BIN_CUSTOM_OBJECT_PLACEMENTS;NAMED_OR_GROUPED	True	True	True	True	1866	0	CLIENT_EXPLICIT_CUSTOM_REGION	Explicit configs/m.bin region; static existence is proven, live use may still vary by content lifecycle
16177	63	49	4032	3136	Regular Dzone	dzone	SPAWNPK_STATIC_EVIDENCE	M_BIN_EXPLICIT_REGION;O_BIN_CUSTOM_OBJECT_PLACEMENTS;NAMED_OR_GROUPED	True	True	True	True	2271	0	CLIENT_EXPLICIT_CUSTOM_REGION	Explicit configs/m.bin region; static existence is proven, live use may still vary by content lifecycle
16178	63	50	4032	3200	Elite Dzone	ezone	SPAWNPK_STATIC_EVIDENCE	M_BIN_EXPLICIT_REGION;O_BIN_CUSTOM_OBJECT_PLACEMENTS;NAMED_OR_GROUPED	True	True	True	True	1470	0	CLIENT_EXPLICIT_CUSTOM_REGION	Explicit configs/m.bin region; static existence is proven, live use may still vary by content lifecycle
16179	63	51	4032	3264	VIP Dzone	vipzone	SPAWNPK_STATIC_EVIDENCE	M_BIN_EXPLICIT_REGION;O_BIN_CUSTOM_OBJECT_PLACEMENTS;NAMED_OR_GROUPED	True	True	True	True	154	0	CLIENT_EXPLICIT_CUSTOM_REGION	Explicit configs/m.bin region; static existence is proven, live use may still vary by content lifecycle
16180	63	52	4032	3328	Sponsor Dzone	sponsorzone	SPAWNPK_STATIC_EVIDENCE	M_BIN_EXPLICIT_REGION;O_BIN_CUSTOM_OBJECT_PLACEMENTS;NAMED_OR_GROUPED	True	True	True	True	1186	0	CLIENT_EXPLICIT_CUSTOM_REGION	Explicit configs/m.bin region; static existence is proven, live use may still vary by content lifecycle
16181	63	53	4032	3392	Vote boss	votelair	SPAWNPK_STATIC_EVIDENCE	M_BIN_EXPLICIT_REGION;O_BIN_CUSTOM_OBJECT_PLACEMENTS;NAMED_OR_GROUPED	True	True	True	True	6393	0	CLIENT_EXPLICIT_CUSTOM_REGION	Explicit configs/m.bin region; static existence is proven, live use may still vary by content lifecycle
16183	63	55	4032	3520	Mimic lair	mimic_lair	SPAWNPK_STATIC_EVIDENCE	M_BIN_EXPLICIT_REGION;O_BIN_CUSTOM_OBJECT_PLACEMENTS;NAMED_OR_GROUPED	True	True	True	True	592	0	CLIENT_EXPLICIT_CUSTOM_REGION	Explicit configs/m.bin region; static existence is proven, live use may still vary by content lifecycle
16185	63	57	4032	3648	Gamble	gamble	SPAWNPK_STATIC_EVIDENCE	M_BIN_EXPLICIT_REGION;NAMED_OR_GROUPED	True	True	True	True	2165	0	CLIENT_EXPLICIT_CUSTOM_REGION	Explicit configs/m.bin region; static existence is proven, live use may still vary by content lifecycle
16187	63	59	4032	3776	Cursed lair	c_mimic_lair	SPAWNPK_STATIC_EVIDENCE	M_BIN_EXPLICIT_REGION;O_BIN_CUSTOM_OBJECT_PLACEMENTS;NAMED_OR_GROUPED	True	True	True	True	592	0	CLIENT_EXPLICIT_CUSTOM_REGION	Explicit configs/m.bin region; static existence is proven, live use may still vary by content lifecycle
16189	63	61	4032	3904	Cursed lobby	c_mimic_lobby	SPAWNPK_STATIC_EVIDENCE	M_BIN_EXPLICIT_REGION;O_BIN_CUSTOM_OBJECT_PLACEMENTS;NAMED_OR_GROUPED	True	True	True	True	592	0	CLIENT_EXPLICIT_CUSTOM_REGION	Explicit configs/m.bin region; static existence is proven, live use may still vary by content lifecycle
16190	63	62	4032	3968	Falador chunk	osrs_falador	SPAWNPK_STATIC_EVIDENCE	M_BIN_EXPLICIT_REGION;O_BIN_CUSTOM_OBJECT_PLACEMENTS;NAMED_OR_GROUPED	True	True	True	True	5822	0	CLIENT_EXPLICIT_CUSTOM_REGION	Explicit configs/m.bin region; static existence is proven, live use may still vary by content lifecycle
16191	63	63	4032	4032	Falador chunk	osrs_falador	SPAWNPK_STATIC_EVIDENCE	M_BIN_EXPLICIT_REGION;O_BIN_CUSTOM_OBJECT_PLACEMENTS;NAMED_OR_GROUPED	True	True	True	True	3477	0	CLIENT_EXPLICIT_CUSTOM_REGION	Explicit configs/m.bin region; static existence is proven, live use may still vary by content lifecycle
16193	63	65	4032	4160	araxxor_lair	araxxor_lair	SPAWNPK_STATIC_EVIDENCE	M_BIN_EXPLICIT_REGION;O_BIN_CUSTOM_OBJECT_PLACEMENTS;NAMED_OR_GROUPED	True	True	True	True	4231	0	CLIENT_EXPLICIT_CUSTOM_REGION	Explicit configs/m.bin region; static existence is proven, live use may still vary by content lifecycle
16224	63	96	4032	6144	toa_akkha	toa_akkha	SPAWNPK_STATIC_EVIDENCE	M_BIN_EXPLICIT_REGION;O_BIN_CUSTOM_OBJECT_PLACEMENTS;NAMED_OR_GROUPED	True	True	True	True	4123	0	CLIENT_EXPLICIT_CUSTOM_REGION	Explicit configs/m.bin region; static existence is proven, live use may still vary by content lifecycle
16226	63	98	4032	6272	toa_lobby1	toa_lobby1	SPAWNPK_STATIC_EVIDENCE	M_BIN_EXPLICIT_REGION;O_BIN_CUSTOM_OBJECT_PLACEMENTS;NAMED_OR_GROUPED	True	True	True	True	4056	0	CLIENT_EXPLICIT_CUSTOM_REGION	Explicit configs/m.bin region; static existence is proven, live use may still vary by content lifecycle
16228	63	100	4032	6400	toa_baba	toa_baba	SPAWNPK_STATIC_EVIDENCE	M_BIN_EXPLICIT_REGION;O_BIN_CUSTOM_OBJECT_PLACEMENTS;NAMED_OR_GROUPED	True	True	True	True	3165	0	CLIENT_EXPLICIT_CUSTOM_REGION	Explicit configs/m.bin region; static existence is proven, live use may still vary by content lifecycle
16230	63	102	4032	6528	toa_kephri	toa_kephri	SPAWNPK_STATIC_EVIDENCE	M_BIN_EXPLICIT_REGION;O_BIN_CUSTOM_OBJECT_PLACEMENTS;NAMED_OR_GROUPED	True	True	True	True	3071	0	CLIENT_EXPLICIT_CUSTOM_REGION	Explicit configs/m.bin region; static existence is proven, live use may still vary by content lifecycle
16232	63	104	4032	6656	toa_zebak	toa_zebak	SPAWNPK_STATIC_EVIDENCE	M_BIN_EXPLICIT_REGION;O_BIN_CUSTOM_OBJECT_PLACEMENTS;NAMED_OR_GROUPED	True	True	True	True	1490	0	CLIENT_EXPLICIT_CUSTOM_REGION	Explicit configs/m.bin region; static existence is proven, live use may still vary by content lifecycle
16234	63	106	4032	6784	toa_eldinis	toa_eldinis	SPAWNPK_STATIC_EVIDENCE	M_BIN_EXPLICIT_REGION;O_BIN_CUSTOM_OBJECT_PLACEMENTS;NAMED_OR_GROUPED	True	True	True	True	9240	0	CLIENT_EXPLICIT_CUSTOM_REGION	Explicit configs/m.bin region; static existence is proven, live use may still vary by content lifecycle
16236	63	108	4032	6912	toa_tumeken	toa_tumeken	SPAWNPK_STATIC_EVIDENCE	M_BIN_EXPLICIT_REGION;O_BIN_CUSTOM_OBJECT_PLACEMENTS;NAMED_OR_GROUPED	True	True	True	True	1110	0	CLIENT_EXPLICIT_CUSTOM_REGION	Explicit configs/m.bin region; static existence is proven, live use may still vary by content lifecycle
16238	63	110	4032	7040	toa_reward	toa_reward	SPAWNPK_STATIC_EVIDENCE	M_BIN_EXPLICIT_REGION;O_BIN_CUSTOM_OBJECT_PLACEMENTS;NAMED_OR_GROUPED	True	True	True	True	8421	0	CLIENT_EXPLICIT_CUSTOM_REGION	Explicit configs/m.bin region; static existence is proven, live use may still vary by content lifecycle
16446	64	62	4096	3968	Falador chunk	osrs_falador	SPAWNPK_STATIC_EVIDENCE	M_BIN_EXPLICIT_REGION;O_BIN_CUSTOM_OBJECT_PLACEMENTS;NAMED_OR_GROUPED	True	True	True	True	4325	0	CLIENT_EXPLICIT_CUSTOM_REGION	Explicit configs/m.bin region; static existence is proven, live use may still vary by content lifecycle
16447	64	63	4096	4032	Falador chunk	osrs_falador	SPAWNPK_STATIC_EVIDENCE	M_BIN_EXPLICIT_REGION;O_BIN_CUSTOM_OBJECT_PLACEMENTS;NAMED_OR_GROUPED	True	True	True	True	3221	0	CLIENT_EXPLICIT_CUSTOM_REGION	Explicit configs/m.bin region; static existence is proven, live use may still vary by content lifecycle
